repo,entity,coupled,degree,average-revs
posx-comet-admin,src/routes/store-details/store-details-create/components/store-details-create-form/store-details-create-form.tsx,src/routes/store-details/store-details-create/constants.ts,85,7
posx-comet-admin,src/routes/campaign-coupons/coupon-create/components/basic-info-create-form/basic-info-create-form.tsx,src/routes/campaign-coupons/coupon-create/components/coupon-create-form/coupon-create-form.tsx,75,8
posx-comet-admin,src/components/layout/main-layout/main-layout.tsx,src/providers/router-provider/route-map.tsx,72,24
posx-comet-admin,src/routes/store-details/store-details-create/components/basic-info-create-form/basic-info-create-form.tsx,src/routes/store-details/store-details-create/constants.ts,70,9
posx-comet-admin,src/routes/store-details/store-edit/components/edit-store-form.tsx,src/routes/store-details/types.ts,70,9
posx-comet-admin,src/routes/employees/employee-create/components/basic-info-create-form/basic-info-create-form.tsx,src/routes/employees/employee-create/components/employee-create-form/employee-create-form.tsx,66,8
posx-comet-admin,src/routes/store-details/store-details-create/constants.ts,src/routes/store-details/types.ts,66,8
posx-comet-admin,.github/workflows/deploy-prod.yml,.github/workflows/deploy-uat.yml,66,8
posx-comet-admin,src/i18n/translations/$schema.json,src/i18n/translations/en.json,62,8
posx-comet-admin,src/hooks/api/auth.tsx,src/routes/employees/types.ts,59,14
posx-comet-admin,src/routes/employees/employee-create/components/basic-info-create-form/basic-info-create-form.tsx,src/routes/employees/employee-list/components/employee-list-table/employee-list-table.tsx,58,9
posx-comet-admin,src/hooks/api/employee.tsx,src/routes/employees/types.ts,57,11
posx-comet-admin,src/routes/campaign-coupons/coupon-create/components/store-allocation-form/store-allocation-form.tsx,src/routes/campaign-coupons/coupon-edit/components/edit-coupon-form.tsx,57,11
posx-comet-admin,src/routes/employees/employee-list/components/employee-list-table/employee-list-table.tsx,src/routes/employees/types.ts,57,11
posx-comet-admin,src/routes/store-details/store-details-create/constants.ts,src/routes/store-details/store-edit/components/edit-store-form.tsx,55,9
posx-comet-admin,src/routes/order-details/order-list/components/order-list-table/order-list-table.tsx,src/routes/order-details/types.ts,55,9
posx-comet-admin,src/routes/employees/employee-create/components/basic-info-create-form/basic-info-create-form.tsx,src/routes/employees/employee-edit/components/edit-employee-form/edit-employee-form.tsx,52,12
posx-comet-admin,src/routes/campaign-coupons/coupon-create/components/basic-info-create-form/basic-info-create-form.tsx,src/routes/campaign-coupons/coupon-edit/components/edit-coupon-form.tsx,50,12
posx-comet-admin,src/routes/employees/employee-create/components/basic-info-create-form/basic-info-create-form.tsx,src/routes/employees/types.ts,50,10
posx-comet-admin,src/routes/campaign-coupons/coupon-create/components/product-selection/product-selection.tsx,src/routes/campaign-coupons/coupon-edit/components/edit-coupon-form.tsx,46,13
posx-comet-admin,src/routes/employees/employee-edit/components/edit-employee-form/edit-employee-form.tsx,src/routes/employees/employee-edit/employee-edit.tsx,45,11
posx-comet-admin,src/routes/campaign-coupons/coupon-create/components/coupon-create-form/coupon-create-form.tsx,src/routes/campaign-coupons/coupon-edit/components/edit-coupon-form.tsx,45,11
posx-comet-admin,src/routes/employees/employee-create/components/employee-create-form/employee-create-form.tsx,src/routes/employees/employee-edit/components/edit-employee-form/edit-employee-form.tsx,45,11
posx-comet-admin,src/hooks/api/employee.tsx,src/routes/employees/employee-edit/components/edit-employee-form/edit-employee-form.tsx,41,12
posx-comet-admin,src/routes/employees/employee-edit/components/edit-employee-form/edit-employee-form.tsx,src/routes/employees/employee-list/components/employee-list-table/employee-list-table.tsx,41,12
posx-comet-admin,src/hooks/api/auth.tsx,src/hooks/api/employee.tsx,41,12
posx-comet-admin,src/hooks/api/auth.tsx,src/i18n/translations/en.json,38,13
posx-comet-admin,src/i18n/translations/en.json,src/providers/router-provider/route-map.tsx,37,19
posx-comet-admin,src/components/layout/main-layout/main-layout.tsx,src/i18n/translations/en.json,37,16
posx-comet-admin,src/routes/employees/employee-edit/components/edit-employee-form/edit-employee-form.tsx,src/routes/employees/types.ts,37,14
posx-comet-admin,src/hooks/api/auth.tsx,src/providers/router-provider/route-map.tsx,34,21
posx-comet-admin,src/i18n/translations/$schema.json,src/providers/router-provider/route-map.tsx,32,16
posx-comet-backend,src/workflows/cart/workflows/remove-campaign-coupon.ts,src/workflows/cart/workflows/remove-promotional-coupon.ts,100,6
posx-comet-backend,src/workflows/cart/apply-promotional-coupon.ts,src/workflows/cart/remove-from-cart.ts,100,5
posx-comet-backend,src/api/order-payment/route.ts,src/api/order-product/route.ts,100,5
posx-comet-backend,src/workflows/cart/apply-promotional-coupon.ts,src/workflows/cart/remove-promotional-coupon.ts,100,5
posx-comet-backend,src/workflows/cart/remove-from-cart.ts,src/workflows/cart/remove-promotional-coupon.ts,100,5
posx-comet-backend,package-lock.json,yarn.lock,93,37
posx-comet-backend,integration-tests/http/mokobara-gift-card/route.spec.ts,src/api/admin/mokobara-gift-card/route-utils.ts,93,8
posx-comet-backend,integration-tests/http/mokobara-gift-card/route.spec.ts,src/api/admin/mokobara-gift-card/validate/route.ts,93,8
posx-comet-backend,src/workflows/cart/workflows/apply-promotional-coupon.ts,src/workflows/cart/workflows/remove-promotional-coupon.ts,92,7
posx-comet-backend,src/workflows/cart/workflows/apply-promotional-coupon.ts,src/workflows/cart/workflows/remove-campaign-coupon.ts,92,7
posx-comet-backend,src/modules/comet-gift-card/__tests__/application.integration.spec.ts,src/modules/comet-gift-card/application-service.ts,90,16
posx-comet-backend,src/lib/promotion-engine/__tests__/evaluator.unit.spec.ts,src/lib/promotion-engine/evaluator.ts,90,11
posx-comet-backend,src/workflows/payment-detail/workflows/cancel-payment-detail.ts,src/workflows/payment-detail/workflows/create-payment-detail.ts,90,6
posx-comet-backend,src/modules/mokobara-gift-card/__tests__/policy.unit.spec.ts,src/modules/mokobara-gift-card/policy.ts,90,6
posx-comet-backend,src/modules/pos-inventory/migrations/.snapshot-medusa-pos-backend.json,src/modules/pos-inventory/models/inventory-tracking.ts,90,6
posx-comet-backend,src/modules/comet-gift-card/application-service.ts,src/modules/comet-gift-card/contracts.ts,85,14
posx-comet-backend,src/api/admin/mokobara-gift-card/route-utils.ts,src/api/admin/mokobara-gift-card/validate/route.ts,85,7
posx-comet-backend,src/lib/promotion-engine/__tests__/fixtures.ts,src/lib/promotion-engine/contracts.ts,85,7
posx-comet-backend,src/modules/mokobara-gift-card/__tests__/service.unit.spec.ts,src/modules/mokobara-gift-card/service.ts,84,26
posx-comet-backend,.github/pull_request_template_promotion_engine.md,docs/prd-implementation/plans/promotion-engine-plan.md,84,10
posx-comet-backend,src/lib/promotion-engine/contracts.ts,src/lib/promotion-engine/evaluator.ts,84,10
posx-comet-backend,src/lib/promotion-engine/__tests__/evaluator.unit.spec.ts,src/lib/promotion-engine/contracts.ts,84,10
posx-comet-backend,src/modules/comet-gift-card/contracts.ts,src/modules/comet-gift-card/store.ts,83,12
posx-comet-backend,src/modules/order-detail/migrations/.snapshot-new-comet-posx.json,src/modules/order-detail/models/gift-card.ts,83,6
posx-comet-backend,src/workflows/payment-detail/workflows/cancel-payment-detail.ts,src/workflows/payment-detail/workflows/verify-payment-detail.ts,83,6
posx-comet-backend,src/api/admin/mokobara-gift-card/redeem/route.ts,src/api/admin/mokobara-gift-card/route-utils.ts,83,6
posx-comet-backend,src/modules/mokobara-gift-card/migrations/Migration20260825000000.ts,src/modules/mokobara-gift-card/models/mokobara-gift-card-attempt.ts,82,9
posx-comet-backend,.github/pull_request_template/mokobara-gift-card.md,docs/prd-implementation/plans/mokobara-pos-gift-card-plan.md,81,19
posx-comet-backend,.github/pull_request_template/comet-gift-card.md,docs/prd-implementation/plans/comet-gift-card-plan.md,81,14
posx-comet-backend,src/modules/comet-gift-card/__tests__/application.integration.spec.ts,src/modules/comet-gift-card/contracts.ts,81,14
posx-comet-backend,src/modules/comet-gift-card/__tests__/application.integration.spec.ts,src/modules/comet-gift-card/store.ts,81,14
posx-comet-backend,src/workflows/shopify-product/create-shopify-product.ts,src/workflows/shopify-product/update-shopify-product.ts,80,10
posx-comet-backend,src/lib/promotion-engine/contracts.ts,src/lib/promotion-engine/guardrails.ts,80,8
posx-comet-backend,src/modules/comet-gift-card/application-service.ts,src/modules/comet-gift-card/store.ts,78,14
posx-comet-backend,src/lib/promotion-engine/evaluator.ts,src/lib/promotion-engine/guardrails.ts,77,9
posx-comet-backend,src/lib/promotion-engine/__tests__/evaluator.unit.spec.ts,src/lib/promotion-engine/guardrails.ts,77,9
posx-comet-backend,package-lock.json,package.json,76,37
posx-comet-backend,integration-tests/http/mokobara-gift-card/route.spec.ts,src/api/admin/mokobara-gift-card/redeem/route.ts,76,7
posx-comet-backend,src/workflows/payment-detail/workflows/create-payment-detail.ts,src/workflows/payment-detail/workflows/verify-payment-detail.ts,76,7
posx-comet-backend,src/modules/comet-gift-card/migrations/Migration20260825000000.ts,src/modules/comet-gift-card/models/gift-card-transaction.ts,76,7
posx-comet-backend,src/modules/comet-gift-card/migrations/Migration20260825000000.ts,src/modules/comet-gift-card/models/reconciliation-run.ts,76,7
posx-comet-backend,package.json,yarn.lock,75,37
posx-comet-backend,src/types/validators/store-details.ts,src/types/workflows/store-details.ts,75,8
posx-comet-backend,docs/prd-implementation/00-project-state-and-test-evidence.md,docs/prd-implementation/03-mokobara-pos-gift-card-redemption.md,74,38
posx-comet-backend,src/workflows/cart/workflows/add-to-cart.ts,src/workflows/cart/workflows/remove-from-cart.ts,72,13
posx-comet-backend,src/modules/mokobara-gift-card/__tests__/provider.unit.spec.ts,src/modules/mokobara-gift-card/provider.ts,71,7
posx-comet-backend,src/api/admin/mokobara-gift-card/validate/route.ts,src/modules/mokobara-gift-card/models/mokobara-gift-card-attempt.ts,71,7
posx-comet-backend,src/api/admin/mokobara-gift-card/route-utils.ts,src/modules/mokobara-gift-card/models/mokobara-gift-card-attempt.ts,71,7
posx-comet-backend,src/modules/store-details/models/store-details.ts,src/types/workflows/store-details.ts,71,7
posx-comet-backend,src/workflows/cart/steps/remove-campaign-coupon-step.ts,src/workflows/cart/workflows/remove-campaign-coupon.ts,71,7
posx-comet-backend,src/workflows/cart/steps/remove-campaign-coupon-step.ts,src/workflows/cart/workflows/remove-promotional-coupon.ts,71,7
posx-comet-backend,src/workflows/cart/steps/apply-campaign-coupon-step.ts,src/workflows/cart/workflows/apply-campaign-coupon.ts,70,16
posx-comet-backend,src/modules/mokobara-gift-card/migrations/Migration20260825000000.ts,src/modules/mokobara-gift-card/store.ts,70,10
posx-comet-backend,src/modules/comet-gift-card/contracts.ts,src/modules/comet-gift-card/migrations/Migration20260825000000.ts,70,10
posx-comet-backend,src/modules/comet-gift-card/migrations/Migration20260825000000.ts,src/modules/comet-gift-card/store.ts,70,10
posx-comet-backend,src/workflows/cart/workflows/apply-campaign-coupon.ts,src/workflows/cart/workflows/remove-campaign-coupon.ts,70,9
posx-comet-backend,src/workflows/cart/workflows/apply-campaign-coupon.ts,src/workflows/cart/workflows/remove-promotional-coupon.ts,70,9
posx-comet-backend,src/lib/promotion-engine/__tests__/evaluator.unit.spec.ts,src/lib/promotion-engine/__tests__/fixtures.ts,70,9
posx-comet-backend,src/modules/mokobara-gift-card/models/mokobara-gift-card-attempt.ts,src/modules/mokobara-gift-card/store.ts,70,9
posx-comet-backend,src/lib/promotion-engine/__tests__/fixtures.ts,src/lib/promotion-engine/evaluator.ts,70,9
posx-comet-backend,src/api/admin/mokobara-gift-card/validate/route.ts,src/modules/mokobara-gift-card/store.ts,70,9
posx-comet-backend,src/workflows/cart/steps/remove-item-from-shopify-cart-step.ts,src/workflows/cart/steps/remove-promotional-coupon-step.ts,69,13
posx-comet-backend,src/api/admin/order-return-and-exchange/[id]/exchange/route.ts,src/types/validators/order-return-exchange.ts,69,12
posx-comet-backend,src/workflows/cart/steps/apply-promotional-coupon-step.ts,src/workflows/cart/steps/remove-promotional-coupon-step.ts,68,18
posx-comet-backend,src/modules/comet-gift-card/application-service.ts,src/modules/comet-gift-card/migrations/Migration20260825000000.ts,66,12
posx-comet-backend,src/types/workflows/employee.ts,src/workflows/employee/steps/update-employee-step.ts,66,9
posx-comet-backend,src/workflows/cart/workflows/apply-campaign-coupon.ts,src/workflows/cart/workflows/apply-promotional-coupon.ts,66,9
posx-comet-backend,integration-tests/http/mokobara-gift-card/route.spec.ts,src/modules/mokobara-gift-card/store.ts,66,9
posx-comet-backend,src/workflows/cart/steps/remove-campaign-coupon-step.ts,src/workflows/cart/workflows/apply-promotional-coupon.ts,66,8
posx-comet-backend,src/lib/helpers/get-applicable-items.ts,src/workflows/campaign-coupon/workflows/calculate-coupon-discount.ts,66,8
posx-comet-backend,src/workflows/cart/workflows/remove-campaign-coupon.ts,src/workflows/cart/workflows/remove-from-cart.ts,66,8
posx-comet-backend,docs/prd-implementation/plans/promotion-engine-plan.md,src/lib/promotion-engine/guardrails.ts,66,8
posx-comet-backend,src/workflows/cart/workflows/remove-from-cart.ts,src/workflows/cart/workflows/remove-promotional-coupon.ts,66,8
posx-comet-backend,integration-tests/http/mokobara-gift-card/route.spec.ts,src/modules/mokobara-gift-card/models/mokobara-gift-card-attempt.ts,66,8
posx-comet-backend,docs/prd-implementation/plans/promotion-engine-plan.md,src/lib/promotion-engine/evaluator.ts,63,10
posx-comet-backend,docs/prd-implementation/plans/promotion-engine-plan.md,src/lib/promotion-engine/__tests__/evaluator.unit.spec.ts,63,10
posx-comet-backend,docs/prd-implementation/01-pos-promotion-engine-implementation.md,docs/prd-implementation/02-comet-gift-card-integration.md,63,10
posx-comet-backend,src/workflows/cart/steps/remove-promotional-coupon-step.ts,src/workflows/cart/workflows/apply-promotional-coupon.ts,63,10
posx-comet-backend,docs/prd-implementation/plans/mokobara-pos-gift-card-plan.md,src/modules/mokobara-gift-card/service.ts,62,24
posx-comet-backend,src/modules/mokobara-gift-card/__tests__/service.unit.spec.ts,src/modules/mokobara-gift-card/store.ts,62,16
posx-comet-backend,docs/prd-implementation/plans/promotion-engine-plan.md,src/lib/promotion-engine/contracts.ts,62,8
posx-comet-backend,src/workflows/cart/workflows/apply-promotional-coupon.ts,src/workflows/cart/workflows/remove-from-cart.ts,62,8
posx-comet-backend,src/types/workflows/employee.ts,src/workflows/user/steps/send-activation-link-step.ts,62,8
posx-comet-backend,src/modules/comet-gift-card/application-service.ts,src/modules/comet-gift-card/service.ts,61,13
posx-comet-backend,docs/prd-implementation/plans/mokobara-pos-gift-card-plan.md,src/modules/mokobara-gift-card/__tests__/service.unit.spec.ts,60,20
posx-comet-backend,src/modules/comet-gift-card/__tests__/application.integration.spec.ts,src/modules/comet-gift-card/migrations/Migration20260825000000.ts,60,12
posx-comet-backend,src/workflows/cart/workflows/apply-campaign-coupon.ts,src/workflows/cart/workflows/remove-from-cart.ts,60,10
posx-comet-backend,src/workflows/cart/steps/remove-campaign-coupon-step.ts,src/workflows/cart/steps/remove-promotional-coupon-step.ts,60,10
posx-comet-backend,docs/prd-implementation/plans/comet-gift-card-plan.md,src/modules/comet-gift-card/migrations/Migration20260825000000.ts,60,10
posx-comet-backend,src/modules/campaign-coupon/models/campaign-coupon.ts,src/types/validators/campaign-coupon.ts,58,17
posx-comet-backend,src/modules/payment-details/models/payment-details.ts,src/types/workflows/payment-detail.ts,58,17
posx-comet-backend,docs/prd-implementation/plans/comet-gift-card-plan.md,src/modules/comet-gift-card/store.ts,58,12
posx-comet-backend,docs/prd-implementation/plans/comet-gift-card-plan.md,src/modules/comet-gift-card/contracts.ts,58,12
posx-comet-backend,src/modules/comet-gift-card/contracts.ts,src/modules/comet-gift-card/models/reconciliation-run.ts,58,9
posx-comet-backend,integration-tests/http/mokobara-gift-card/route.spec.ts,src/modules/mokobara-gift-card/provider.ts,58,9
posx-comet-backend,src/api/admin/mokobara-gift-card/route-utils.ts,src/modules/mokobara-gift-card/store.ts,58,9
posx-comet-backend,src/api/admin/mokobara-gift-card/route-utils.ts,src/modules/mokobara-gift-card/migrations/Migration20260825000000.ts,58,9
posx-comet-backend,src/api/admin/mokobara-gift-card/validate/route.ts,src/modules/mokobara-gift-card/migrations/Migration20260825000000.ts,58,9
posx-comet-backend,src/workflows/cart/add-to-cart.ts,src/workflows/cart/apply-promotional-coupon.ts,58,9
posx-comet-backend,src/workflows/cart/add-to-cart.ts,src/workflows/cart/remove-promotional-coupon.ts,58,9
posx-comet-backend,src/modules/comet-gift-card/models/reconciliation-run.ts,src/modules/comet-gift-card/store.ts,58,9
posx-comet-backend,src/modules/comet-gift-card/models/gift-card-transaction.ts,src/modules/comet-gift-card/store.ts,58,9
posx-comet-backend,src/workflows/cart/add-to-cart.ts,src/workflows/cart/remove-from-cart.ts,58,9
posx-comet-backend,src/modules/comet-gift-card/contracts.ts,src/modules/comet-gift-card/models/gift-card-transaction.ts,58,9
posx-comet-backend,.github/pull_request_template/mokobara-gift-card.md,src/modules/mokobara-gift-card/service.ts,57,25
posx-comet-backend,docs/prd-implementation/plans/comet-gift-card-plan.md,src/modules/comet-gift-card/application-service.ts,57,14
posx-comet-backend,src/api/admin/order-return-and-exchange/[id]/exchange/forward/route.ts,src/workflows/order-return-and-exchange/steps/associate-exchanged-and-parent-order.ts,57,14
posx-comet-backend,src/modules/mokobara-gift-card/__tests__/service.unit.spec.ts,src/modules/mokobara-gift-card/migrations/Migration20260825000000.ts,56,16
posx-comet-backend,src/types/validators/employee.ts,src/types/workflows/employee.ts,56,13
posx-comet-backend,src/modules/comet-gift-card/__tests__/application.integration.spec.ts,src/modules/comet-gift-card/service.ts,56,13
posx-comet-backend,src/api/admin/cart/route.ts,src/types/validators/cart.ts,55,18
posx-comet-backend,src/modules/comet-gift-card/provider.ts,src/modules/comet-gift-card/store.ts,55,9
posx-comet-backend,src/workflows/cart/steps/remove-promotional-coupon-step.ts,src/workflows/cart/workflows/remove-campaign-coupon.ts,55,9
posx-comet-backend,.github/pull_request_template_promotion_engine.md,src/lib/promotion-engine/guardrails.ts,55,9
posx-comet-backend,integration-tests/http/mokobara-gift-card/route.spec.ts,src/modules/mokobara-gift-card/migrations/Migration20260825000000.ts,55,9
posx-comet-backend,src/workflows/cart/steps/remove-promotional-coupon-step.ts,src/workflows/cart/workflows/remove-promotional-coupon.ts,55,9
posx-comet-backend,src/workflows/cart/steps/apply-promotional-coupon-step.ts,src/workflows/cart/steps/remove-item-from-shopify-cart-step.ts,54,19
posx-comet-backend,.github/pull_request_template_promotion_engine.md,src/lib/promotion-engine/evaluator.ts,54,11
posx-comet-backend,.github/pull_request_template_promotion_engine.md,src/lib/promotion-engine/__tests__/evaluator.unit.spec.ts,54,11
posx-comet-backend,src/types/validators/payment-detail.ts,src/types/workflows/payment-detail.ts,53,23
posx-comet-backend,.github/pull_request_template/mokobara-gift-card.md,src/modules/mokobara-gift-card/__tests__/service.unit.spec.ts,53,21
posx-comet-backend,.github/pull_request_template/comet-gift-card.md,src/modules/comet-gift-card/__tests__/application.integration.spec.ts,53,15
posx-comet-backend,src/api/admin/order-return-and-exchange/[id]/exchange/forward/route.ts,src/api/admin/order-return-and-exchange/[id]/exchange/route.ts,53,13
posx-comet-backend,src/workflows/order-detail/steps/generate-and-send-file-step.ts,src/workflows/order-detail/steps/generate-receipt-step.ts,53,13
posx-comet-backend,.github/pull_request_template/mokobara-gift-card.md,docs/prd-implementation/03-mokobara-pos-gift-card-redemption.md,52,27
posx-comet-backend,.github/pull_request_template/comet-gift-card.md,src/modules/comet-gift-card/migrations/Migration20260825000000.ts,52,12
posx-comet-backend,src/workflows/payment-detail/steps/resend-payment-details-step.ts,src/workflows/payment-detail/steps/verify-payment-details-step.ts,52,12
posx-comet-backend,src/workflows/shopify-product/steps/create-shopify-product-variant-step.ts,src/workflows/shopify-product/steps/update-product-variant-steps.ts,52,12
posx-comet-backend,src/workflows/cart/steps/add-to-cart-step.ts,src/workflows/cart/workflows/remove-from-cart.ts,52,12
posx-comet-backend,src/workflows/cart/steps/remove-campaign-coupon-step.ts,src/workflows/cart/workflows/apply-campaign-coupon.ts,52,10
posx-comet-backend,src/workflows/order-return-and-exchange/steps/associate-exchanged-and-parent-order.ts,src/workflows/payment-detail/steps/exchange-payment-adjustment-step.ts,52,10
posx-comet-backend,.github/pull_request_template_promotion_engine.md,src/lib/promotion-engine/contracts.ts,52,10
posx-comet-backend,src/modules/mokobara-gift-card/provider.ts,src/modules/mokobara-gift-card/store.ts,52,10
posx-comet-backend,.github/pull_request_template/comet-gift-card.md,src/modules/comet-gift-card/application-service.ts,51,16
posx-comet-backend,.github/pull_request_template/comet-gift-card.md,src/modules/comet-gift-card/store.ts,51,14
posx-comet-backend,src/api/admin/order-return-and-exchange/[id]/exchange/forward/route.ts,src/workflows/order-return-and-exchange/workflows/exchange-order-payment.ts,51,14
posx-comet-backend,docs/prd-implementation/plans/comet-gift-card-plan.md,src/modules/comet-gift-card/__tests__/application.integration.spec.ts,51,14
posx-comet-backend,docs/prd-implementation/03-mokobara-pos-gift-card-redemption.md,docs/prd-implementation/plans/mokobara-pos-gift-card-plan.md,50,26
posx-comet-backend,src/modules/mokobara-gift-card/migrations/Migration20260825000000.ts,src/modules/mokobara-gift-card/service.ts,50,20
posx-comet-backend,src/modules/mokobara-gift-card/service.ts,src/modules/mokobara-gift-card/store.ts,50,20
posx-comet-backend,src/types/validators/order-return-exchange.ts,src/workflows/order-return-and-exchange/workflows/confirm-exchange-order.ts,50,18
posx-comet-backend,docs/prd-implementation/plans/mokobara-pos-gift-card-plan.md,src/modules/mokobara-gift-card/store.ts,50,14
posx-comet-backend,src/workflows/cart/steps/add-to-cart-step.ts,src/workflows/cart/steps/remove-item-from-shopify-cart-step.ts,50,14
posx-comet-backend,src/modules/order-detail/migrations/.snapshot-medusa-pos-backend.json,src/modules/order-detail/models/order-detail.ts,50,14
posx-comet-backend,src/workflows/campaign-coupon/steps/calculate-coupon-discount-step.ts,src/workflows/campaign-coupon/steps/validate-coupon-step.ts,50,14
posx-comet-backend,src/api/admin/order-return-and-exchange/[id]/exchange/route.ts,src/workflows/order-return-and-exchange/steps/associate-exchanged-and-parent-order.ts,50,12
posx-comet-backend,src/api/admin/order-return-and-exchange/[id]/exchange/type/route.ts,src/workflows/order-return-and-exchange/steps/associate-exchanged-and-parent-order.ts,50,10
posx-comet-backend,src/api/admin/employee/route.ts,src/workflows/employee/steps/create-employee-step.ts,48,15
posx-comet-backend,src/modules/mokobara-gift-card/__tests__/service.unit.spec.ts,src/modules/mokobara-gift-card/models/mokobara-gift-card-attempt.ts,48,15
posx-comet-backend,.github/pull_request_template/mokobara-gift-card.md,src/modules/mokobara-gift-card/store.ts,48,15
posx-comet-backend,src/types/workflows/campaign-coupon.ts,src/workflows/campaign-coupon/steps/calculate-coupon-discount-step.ts,48,13
posx-comet-backend,src/workflows/order-return-and-exchange/steps/associate-exchanged-and-parent-order.ts,src/workflows/order-return-and-exchange/workflows/exchange-order-payment.ts,48,13
posx-comet-backend,src/types/workflows/payment-detail.ts,src/workflows/payment-detail/steps/resend-payment-details-step.ts,48,13
posx-comet-backend,src/workflows/campaign-coupon/steps/calculate-coupon-discount-step.ts,src/workflows/cart/steps/apply-campaign-coupon-step.ts,47,19
posx-comet-backend,src/api/admin/cart/route.ts,src/workflows/cart/add-to-cart.ts,47,17
posx-comet-backend,src/modules/comet-gift-card/application-service.ts,src/modules/comet-gift-card/models/reconciliation-run.ts,47,11
posx-comet-backend,src/modules/comet-gift-card/application-service.ts,src/modules/comet-gift-card/models/gift-card-transaction.ts,47,11
posx-comet-backend,.github/pull_request_template/comet-gift-card.md,src/modules/comet-gift-card/provider.ts,47,11
posx-comet-backend,src/modules/comet-gift-card/__tests__/application.integration.spec.ts,src/modules/comet-gift-card/provider.ts,47,11
posx-comet-backend,src/workflows/cart/steps/remove-promotional-coupon-step.ts,src/workflows/cart/workflows/remove-from-cart.ts,47,11
posx-comet-backend,src/workflows/shopify-product/steps/validate-product-for-pos-system-step.ts,src/workflows/shopify-product/update-shopify-product.ts,47,11
posx-comet-backend,docs/prd-implementation/03-mokobara-pos-gift-card-redemption.md,src/modules/mokobara-gift-card/service.ts,46,32
posx-comet-backend,src/workflows/cart/steps/apply-campaign-coupon-step.ts,src/workflows/cart/steps/apply-promotional-coupon-step.ts,46,22
posx-comet-backend,src/workflows/cart/steps/add-to-cart-step.ts,src/workflows/cart/workflows/add-to-cart.ts,46,15
posx-comet-backend,src/types/workflows/payment-detail.ts,src/workflows/payment-detail/steps/verify-payment-details-step.ts,46,15
posx-comet-backend,src/workflows/cart/steps/apply-campaign-coupon-step.ts,src/workflows/cart/workflows/remove-promotional-coupon.ts,46,13
posx-comet-backend,src/workflows/cart/steps/apply-campaign-coupon-step.ts,src/workflows/cart/workflows/remove-campaign-coupon.ts,46,13
posx-comet-backend,src/workflows/online-order/steps/confirm-online-order-step.ts,src/workflows/order-detail/steps/handle-shopify-operations-step.ts,45,22
posx-comet-backend,src/api/admin/campaign-coupon/route.ts,src/types/validators/campaign-coupon.ts,45,18
posx-comet-backend,src/api/admin/order-return-and-exchange/[id]/exchange/route.ts,src/workflows/order-return-and-exchange/workflows/confirm-exchange-order.ts,45,18
posx-comet-backend,src/workflows/cart/workflows/add-to-cart.ts,src/workflows/cart/workflows/remove-campaign-coupon.ts,45,11
posx-comet-backend,src/modules/comet-gift-card/contracts.ts,src/modules/comet-gift-card/service.ts,45,11
posx-comet-backend,src/api/admin/employee/route.ts,src/types/workflows/employee.ts,45,11
posx-comet-backend,src/api/admin/order-return-and-exchange/[id]/exchange/forward/route.ts,src/api/admin/order-return-and-exchange/[id]/exchange/type/route.ts,45,11
posx-comet-backend,src/modules/comet-gift-card/application-service.ts,src/modules/comet-gift-card/provider.ts,45,11
posx-comet-backend,src/api/admin/order-return-and-exchange/[id]/return/route.ts,src/types/validators/order-return-exchange.ts,45,11
posx-comet-backend,src/workflows/cart/workflows/add-to-cart.ts,src/workflows/cart/workflows/remove-promotional-coupon.ts,45,11
posx-comet-backend,src/modules/pdf-client/invoice.ejs,src/modules/pdf-client/service.ts,44,25
posx-comet-backend,src/workflows/payment-detail/steps/cancel-payment-details-step.ts,src/workflows/payment-detail/steps/create-payment-detail.ts,44,25
posx-comet-backend,src/workflows/cart/workflows/add-to-cart.ts,src/workflows/cart/workflows/apply-campaign-coupon.ts,44,14
posx-comet-backend,src/api/admin/employee/route.ts,src/types/validators/employee.ts,44,14
posx-comet-backend,src/types/workflows/employee.ts,src/workflows/employee/steps/create-employee-step.ts,44,14
posx-comet-backend,.github/pull_request_template/mokobara-gift-card.md,integration-tests/http/mokobara-gift-card/route.spec.ts,44,14
posx-comet-backend,src/workflows/cart/steps/apply-campaign-coupon-step.ts,src/workflows/cart/workflows/apply-promotional-coupon.ts,44,14
posx-comet-backend,.github/pull_request_template/comet-gift-card.md,src/modules/comet-gift-card/contracts.ts,44,14
posx-comet-backend,src/workflows/campaign-coupon/steps/calculate-coupon-discount-step.ts,src/workflows/campaign-coupon/workflows/calculate-coupon-discount.ts,44,14
posx-comet-backend,src/api/admin/employee/[id]/route.ts,src/types/workflows/employee.ts,44,14
posx-comet-backend,src/workflows/online-order/steps/create-online-order-step.ts,src/workflows/order-detail/steps/create-order-detail-step.ts,43,23
posx-comet-backend,src/workflows/order-return-and-exchange/steps/associate-exchanged-and-parent-order.ts,src/workflows/order-return-and-exchange/workflows/confirm-exchange-order.ts,43,19
posx-comet-backend,src/modules/payment-details/models/payment-details.ts,src/workflows/payment-detail/steps/verify-payment-details-step.ts,43,16
posx-comet-backend,src/types/validators/employee.ts,src/workflows/employee/steps/create-employee-step.ts,43,16
posx-comet-backend,src/workflows/cart/workflows/add-to-cart.ts,src/workflows/cart/workflows/apply-promotional-coupon.ts,43,12
posx-comet-backend,src/workflows/cart/steps/remove-promotional-coupon-step.ts,src/workflows/cart/workflows/apply-campaign-coupon.ts,43,12
posx-comet-backend,src/workflows/cart/steps/remove-item-from-shopify-cart-step.ts,src/workflows/cart/workflows/remove-from-cart.ts,43,12
posx-comet-backend,docs/prd-implementation/00-project-state-and-test-evidence.md,docs/prd-implementation/02-comet-gift-card-integration.md,42,26
posx-comet-backend,integration-tests/http/mokobara-gift-card/route.spec.ts,src/modules/mokobara-gift-card/service.ts,42,19
posx-comet-backend,src/subscribers/exchange-order-post-effects.ts,src/subscribers/return-order-confirmed.ts,42,17
posx-comet-backend,src/api/admin/cart/route.ts,src/workflows/cart/workflows/apply-campaign-coupon.ts,42,17
posx-comet-backend,src/types/validators/online-order.ts,src/workflows/online-order/steps/create-online-order-step.ts,42,17
posx-comet-backend,docs/prd-implementation/plans/mokobara-pos-gift-card-plan.md,src/modules/mokobara-gift-card/migrations/Migration20260825000000.ts,42,14
posx-comet-backend,.github/pull_request_template/mokobara-gift-card.md,src/modules/mokobara-gift-card/provider.ts,42,14
posx-comet-backend,src/api/admin/order-return-and-exchange/[id]/return/route.ts,src/workflows/order-return-and-exchange/workflows/confirm-return-order.ts,41,17
posx-comet-backend,src/api/admin/mokobara-gift-card/validate/route.ts,src/modules/mokobara-gift-card/__tests__/service.unit.spec.ts,41,15
posx-comet-backend,src/workflows/campaign-coupon/workflows/calculate-coupon-discount.ts,src/workflows/cart/steps/apply-campaign-coupon-step.ts,41,15
posx-comet-backend,src/workflows/cart/steps/apply-campaign-coupon-step.ts,src/workflows/cart/workflows/remove-from-cart.ts,41,15
posx-comet-backend,.github/pull_request_template/mokobara-gift-card.md,src/modules/mokobara-gift-card/migrations/Migration20260825000000.ts,41,15
posx-comet-backend,src/api/admin/employee/[id]/route.ts,src/api/admin/employee/route.ts,41,15
posx-comet-backend,src/api/admin/pos-inventory/route.ts,src/types/validators/pos-inventory.ts,41,12
posx-comet-backend,src/modules/payment-details/migrations/.snapshot-medusa-pos-backend.json,src/modules/payment-details/models/payment-details.ts,41,12
posx-comet-backend,.github/pull_request_template/mokobara-gift-card.md,src/api/admin/mokobara-gift-card/redeem/route.ts,41,12
posx-comet-backend,src/lib/helpers/get-applicable-items.ts,src/workflows/campaign-coupon/steps/calculate-coupon-discount-step.ts,41,12
posx-comet-backend,docs/prd-implementation/plans/mokobara-pos-gift-card-plan.md,src/modules/mokobara-gift-card/policy.ts,41,12
posx-comet-backend,.github/pull_request_template/mokobara-gift-card.md,docs/prd-implementation/00-project-state-and-test-evidence.md,40,30
posx-comet-backend,src/modules/pdf-client/service.ts,src/workflows/order-detail/steps/generate-and-send-file-step.ts,40,25
posx-comet-backend,src/workflows/order-return-and-exchange/steps/adjust-returned-order-as-per-order-product-step.ts,src/workflows/payment-detail/steps/create-refund-payment-step.ts,40,18
posx-comet-backend,src/workflows/payment-detail/steps/cancel-payment-details-step.ts,src/workflows/payment-detail/steps/verify-payment-details-step.ts,40,18
posx-comet-backend,integration-tests/http/mokobara-gift-card/route.spec.ts,src/modules/mokobara-gift-card/__tests__/service.unit.spec.ts,40,15
posx-comet-backend,src/workflows/cart/steps/remove-item-from-shopify-cart-step.ts,src/workflows/cart/workflows/add-to-cart.ts,40,15
posx-comet-backend,src/workflows/cart/steps/apply-promotional-coupon-step.ts,src/workflows/cart/workflows/apply-promotional-coupon.ts,40,15
posx-comet-backend,src/workflows/payment-detail/steps/cancel-payment-details-step.ts,src/workflows/payment-detail/steps/resend-payment-details-step.ts,40,15
posx-comet-backend,src/api/admin/campaign-coupon/route.ts,src/modules/campaign-coupon/models/campaign-coupon.ts,40,13
posx-comet-backend,src/workflows/cart/steps/get-medusa-product-variant-step.ts,src/workflows/cart/steps/remove-item-from-shopify-cart-step.ts,40,13
posx-comet-backend,src/types/validators/order-return-exchange.ts,src/workflows/order-return-and-exchange/steps/associate-exchanged-and-parent-order.ts,40,13
posx-comet-backend,docs/prd-implementation/plans/mokobara-pos-gift-card-plan.md,src/api/admin/mokobara-gift-card/validate/route.ts,40,13
posx-comet-backend,.github/pull_request_template/mokobara-gift-card.md,src/modules/mokobara-gift-card/policy.ts,40,13
posx-comet-backend,src/modules/payment-details/models/payment-details.ts,src/workflows/payment-detail/steps/create-payment-detail.ts,38,24
posx-comet-backend,src/workflows/cart/steps/apply-promotional-coupon-step.ts,src/workflows/cart/steps/remove-campaign-coupon-step.ts,38,16
posx-comet-backend,.github/pull_request_template/mokobara-gift-card.md,src/api/admin/mokobara-gift-card/route-utils.ts,38,13
posx-comet-backend,src/api/admin/order-return-and-exchange/[id]/return/route.ts,src/types/workflows/payment-detail.ts,38,13
posx-comet-backend,src/workflows/shopify-product/steps/update-product-variant-steps.ts,src/workflows/shopify-product/update-shopify-product.ts,38,13
posx-comet-backend,src/lib/helpers/get-applicable-items.ts,src/workflows/cart/steps/apply-campaign-coupon-step.ts,38,13
posx-comet-backend,docs/prd-implementation/plans/mokobara-pos-gift-card-plan.md,integration-tests/http/mokobara-gift-card/route.spec.ts,38,13
posx-comet-backend,src/types/validators/cart.ts,src/workflows/cart/add-to-cart.ts,38,13
posx-comet-backend,.github/pull_request_template/mokobara-gift-card.md,src/api/admin/mokobara-gift-card/validate/route.ts,38,13
posx-comet-backend,src/types/validators/cart.ts,src/workflows/cart/steps/remove-promotional-coupon-step.ts,38,13
posx-comet-backend,src/types/validators/payment-detail.ts,src/workflows/payment-detail/steps/verify-payment-details-step.ts,37,22
posx-comet-backend,src/workflows/payment-detail/steps/create-payment-detail.ts,src/workflows/payment-detail/steps/verify-payment-details-step.ts,37,22
posx-comet-backend,src/api/admin/mokobara-gift-card/validate/route.ts,src/modules/mokobara-gift-card/service.ts,37,19
posx-comet-backend,src/api/admin/mokobara-gift-card/route-utils.ts,src/modules/mokobara-gift-card/service.ts,37,19
posx-comet-backend,src/modules/mokobara-gift-card/models/mokobara-gift-card-attempt.ts,src/modules/mokobara-gift-card/service.ts,37,19
posx-comet-backend,src/types/workflows/payment-detail.ts,src/workflows/payment-detail/steps/cancel-payment-details-step.ts,37,19
posx-comet-backend,src/workflows/cart/steps/apply-promotional-coupon-step.ts,src/workflows/cart/workflows/remove-from-cart.ts,37,16
posx-comet-backend,src/api/admin/employee/[id]/route.ts,src/types/validators/employee.ts,37,16
posx-comet-backend,src/workflows/order-return-and-exchange/steps/check-order-product-returnable-step.ts,src/workflows/order-return-and-exchange/workflows/confirm-return-order.ts,37,16
posx-comet-backend,src/modules/payment-details/models/payment-details.ts,src/workflows/payment-detail/steps/resend-payment-details-step.ts,37,14
posx-comet-backend,src/workflows/online-order/steps/create-online-order-step.ts,src/workflows/online-order/steps/validate-order-product.ts,37,14
posx-comet-backend,docs/prd-implementation/plans/mokobara-pos-gift-card-plan.md,src/modules/mokobara-gift-card/provider.ts,37,14
posx-comet-backend,src/workflows/order-return-and-exchange/steps/credit-gift-card-on-return-step.ts,src/workflows/order-return-and-exchange/workflows/confirm-return-order.ts,36,17
posx-comet-backend,docs/prd-implementation/02-comet-gift-card-integration.md,docs/prd-implementation/03-mokobara-pos-gift-card-redemption.md,35,23
posx-comet-backend,src/api/admin/cart/route.ts,src/workflows/cart/steps/apply-promotional-coupon-step.ts,35,23
posx-comet-backend,src/workflows/order-detail/steps/create-exchange-order-detail-step.ts,src/workflows/order-return-and-exchange/workflows/confirm-exchange-order.ts,35,20
posx-comet-backend,src/modules/mokobara-gift-card/provider.ts,src/modules/mokobara-gift-card/service.ts,35,20
posx-comet-backend,src/workflows/cart/steps/apply-promotional-coupon-step.ts,src/workflows/cart/workflows/apply-campaign-coupon.ts,35,17
posx-comet-backend,src/modules/order-detail/migrations/.snapshot-comet-pos.json,src/modules/order-detail/models/order-product-detail.ts,35,14
posx-comet-backend,src/workflows/cart/steps/remove-promotional-coupon-step.ts,src/workflows/cart/workflows/add-to-cart.ts,35,14
posx-comet-backend,src/types/validators/order-return-exchange.ts,src/types/workflows/payment-detail.ts,35,14
posx-comet-backend,src/workflows/cart/steps/apply-campaign-coupon-step.ts,src/workflows/cart/steps/remove-campaign-coupon-step.ts,35,14
posx-comet-backend,src/modules/mokobara-gift-card/__tests__/service.unit.spec.ts,src/modules/mokobara-gift-card/policy.ts,35,14
posx-comet-backend,src/workflows/cart/add-to-cart.ts,src/workflows/cart/steps/get-sku-from-unicommerce-step.ts,35,14
posx-comet-backend,src/lib/helpers/build-summary.ts,src/workflows/cart/steps/apply-campaign-coupon-step.ts,34,26
posx-comet-backend,src/modules/payment-details/models/payment-details.ts,src/types/validators/payment-detail.ts,34,24
posx-comet-backend,src/api/admin/mokobara-gift-card/route-utils.ts,src/modules/mokobara-gift-card/__tests__/service.unit.spec.ts,34,15
posx-comet-backend,src/workflows/cart/steps/apply-promotional-coupon-step.ts,src/workflows/cart/workflows/remove-promotional-coupon.ts,34,15
posx-comet-backend,src/workflows/campaign-coupon/steps/calculate-coupon-discount-step.ts,src/workflows/cart/workflows/apply-campaign-coupon.ts,34,15
posx-comet-backend,src/types/validators/campaign-coupon.ts,src/workflows/campaign-coupon/steps/create-campaign-coupon-step.ts,34,15
posx-comet-backend,src/workflows/cart/steps/apply-promotional-coupon-step.ts,src/workflows/cart/workflows/remove-campaign-coupon.ts,34,15
posx-comet-backend,src/workflows/order-return-and-exchange/workflows/confirm-exchange-order.ts,src/workflows/order-return-and-exchange/workflows/confirm-return-order.ts,33,24
posx-comet-backend,src/lib/helpers/build-summary.ts,src/workflows/cart/workflows/add-to-cart.ts,33,24
posx-comet-backend,src/api/admin/cart/route.ts,src/workflows/cart/steps/apply-campaign-coupon-step.ts,33,21
posx-comet-backend,src/workflows/cart/steps/apply-campaign-coupon-step.ts,src/workflows/cart/workflows/add-to-cart.ts,33,18
posx-comet-backend,src/workflows/campaign-coupon/steps/validate-coupon-step.ts,src/workflows/cart/steps/apply-campaign-coupon-step.ts,33,15
posx-comet-backend,src/modules/order-detail/models/order-product-detail.ts,src/workflows/order-return-and-exchange/steps/associate-exchanged-and-parent-order.ts,33,15
posx-comet-backend,src/modules/order-detail/migrations/.snapshot-comet-pos.json,src/workflows/online-order/steps/create-online-order-step.ts,33,15
posx-comet-backend,src/api/admin/cart/route.ts,src/workflows/cart/steps/remove-campaign-coupon-step.ts,33,15
posx-comet-backend,src/workflows/online-order/steps/confirm-online-order-step.ts,src/workflows/order-detail/steps/confirm-order-detail-step.ts,32,37
posx-comet-backend,src/modules/order-detail/models/order-detail.ts,src/types/validators/order-detail.ts,32,31
posx-comet-backend,docs/prd-implementation/03-mokobara-pos-gift-card-redemption.md,src/modules/mokobara-gift-card/__tests__/service.unit.spec.ts,32,28
posx-comet-backend,src/lib/helpers/build-summary.ts,src/workflows/cart/steps/apply-promotional-coupon-step.ts,32,28
posx-comet-backend,docs/prd-implementation/00-project-state-and-test-evidence.md,docs/prd-implementation/01-pos-promotion-engine-implementation.md,32,25
posx-comet-backend,src/workflows/order-return-and-exchange/workflows/confirm-exchange-order.ts,src/workflows/payment-detail/steps/create-refund-payment-step.ts,32,25
posx-comet-backend,src/types/validators/payment-detail.ts,src/workflows/payment-detail/steps/cancel-payment-details-step.ts,32,25
posx-comet-backend,src/workflows/order-return-and-exchange/workflows/confirm-return-order.ts,src/workflows/payment-detail/steps/create-refund-payment-step.ts,32,25
posx-comet-backend,src/lib/helpers/build-summary.ts,src/lib/helpers/calculate-promotional-discount.ts,32,22
posx-comet-backend,src/modules/order-detail/migrations/.snapshot-comet-pos.json,src/modules/order-detail/models/order-detail.ts,32,16
posx-comet-backend,src/modules/mokobara-gift-card/__tests__/service.unit.spec.ts,src/modules/mokobara-gift-card/provider.ts,32,16
posx-comet-backend,src/api/admin/cart/route.ts,src/workflows/cart/workflows/remove-from-cart.ts,32,16
posx-comet-backend,docs/prd-implementation/03-mokobara-pos-gift-card-redemption.md,docs/prd-implementation/impact-matrix.md,31,29
posx-comet-backend,src/types/workflows/payment-detail.ts,src/workflows/payment-detail/steps/create-payment-detail.ts,31,23
posx-comet-backend,src/modules/pdf-client/service.ts,src/workflows/order-detail/steps/generate-receipt-step.ts,31,22
posx-comet-backend,src/types/validators/payment-detail.ts,src/workflows/payment-detail/steps/resend-payment-details-step.ts,31,19
posx-comet-backend,src/workflows/payment-detail/steps/create-payment-detail.ts,src/workflows/payment-detail/steps/resend-payment-details-step.ts,31,19
posx-comet-backend,src/workflows/payment-detail/steps/create-refund-payment-step.ts,src/workflows/payment-detail/steps/verify-refund-payment-step.ts,31,16
posx-comet-backend,src/workflows/cart/steps/apply-campaign-coupon-step.ts,src/workflows/cart/steps/remove-promotional-coupon-step.ts,31,16
posx-comet-backend,src/api/admin/cart/route.ts,src/api/admin/online-cart/route.ts,31,16
posx-comet-backend,docs/prd-implementation/00-project-state-and-test-evidence.md,docs/prd-implementation/plans/mokobara-pos-gift-card-plan.md,30,30
posx-comet-backend,src/modules/unicommerce/service.ts,src/workflows/cart/steps/get-sku-from-unicommerce-step.ts,30,23
posx-comet-backend,src/workflows/cart/steps/apply-promotional-coupon-step.ts,src/workflows/cart/workflows/add-to-cart.ts,30,20
posx-comet-backend,src/modules/payment-details/models/payment-details.ts,src/workflows/payment-detail/steps/cancel-payment-details-step.ts,30,20
posx-comet-backend,src/types/workflows/payment-detail.ts,src/workflows/order-return-and-exchange/workflows/confirm-exchange-order.ts,30,20
posx-comet-backend,src/types/workflows/payment-detail.ts,src/workflows/order-return-and-exchange/workflows/confirm-return-order.ts,30,20
posx-comet-backend,src/workflows/order-return-and-exchange/steps/credit-gift-card-on-return-step.ts,src/workflows/order-return-and-exchange/workflows/confirm-exchange-order.ts,30,17
posx-comet-backend,src/workflows/order-return-and-exchange/steps/calculate-refund-amount-step.ts,src/workflows/order-return-and-exchange/workflows/confirm-return-order.ts,30,17
posx-comet-store,src/pages/gift-card/top-up/razorpay-form.tsx,src/pages/gift-card/top-up/razorpay-pos-form.tsx,100,6
posx-comet-store,src/pages/gift-card/top-up/cash-form.tsx,src/pages/gift-card/top-up/razorpay-form.tsx,92,7
posx-comet-store,src/components/auth/forgot-password-form/index.tsx,src/components/auth/reset-password-form/index.tsx,92,7
posx-comet-store,src/pages/gift-card/top-up/cash-form.tsx,src/pages/gift-card/top-up/razorpay-pos-form.tsx,92,7
posx-comet-store,src/components/app/payments/shared/order-transactions-table.tsx,src/components/app/transactions/order-transaction-card.tsx,90,17
posx-comet-store,src/components/app/order/steps/payment-details/single-payment.tsx,src/components/app/order/steps/payment-details/split-payment.tsx,88,14
posx-comet-store,src/components/app/online-orders/payments/single-payment.tsx,src/components/app/online-orders/payments/split-payment.tsx,84,10
posx-comet-store,src/store/actions/index.ts,src/store/middlewares/index.ts,82,20
posx-comet-store,src/components/exchange/OrderProductCard.tsx,src/types/exchange.ts,80,8
posx-comet-store,package.json,pnpm-lock.yaml,76,32
posx-comet-store,src/store/apis/report.request.ts,src/store/reducers/report.reducer.ts,71,7
posx-comet-store,src/components/app/order/steps/payment-details/razorpay-form/index.tsx,src/components/app/order/steps/payment-details/razorpay-pos-form/index.tsx,71,7
posx-comet-store,src/store/actions/index.ts,src/store/index.ts,70,20
posx-comet-store,src/store/middlewares/return.middleware.ts,src/store/reducers/return.reducer.ts,70,10
posx-comet-store,src/store/apis/report.request.ts,src/store/middlewares/report.middleware.ts,70,10
posx-comet-store,src/store/actions/cart.action.ts,src/store/apis/cart.request.ts,70,9
posx-comet-store,src/store/actions/return.action.ts,src/store/reducers/return.reducer.ts,70,9
posx-comet-store,src/components/app/order/steps/payment-details/cash-form/index.tsx,src/components/app/order/steps/payment-details/razorpay-form/index.tsx,70,9
posx-comet-store,src/store/actions/return.action.ts,src/store/middlewares/return.middleware.ts,66,11
posx-comet-store,src/pages/gift-card/top-up.tsx,src/pages/gift-card/top-up/list.tsx,66,9
posx-comet-store,src/store/apis/customer.request.ts,src/types/customer.ts,66,9
posx-comet-store,src/components/app/employees/employees-table.tsx,src/components/app/stores/stores-table.tsx,66,8
posx-comet-store,src/components/auth/reset-password-form/index.tsx,src/components/auth/sign-in-form/index.tsx,66,8
posx-comet-store,src/components/app/order/steps/payment-details/cash-form/index.tsx,src/components/app/order/steps/payment-details/razorpay-pos-form/index.tsx,66,8
posx-comet-store,src/components/app/loss-of-sales/create-loss-of-sales-form.tsx,src/components/app/loss-of-sales/product-variant-selector.tsx,66,8
posx-comet-store,src/components/app/loss-of-sales/loss-of-sales-table.tsx,src/store/middlewares/loss-of-sales.middleware.ts,66,8
posx-comet-store,src/components/primitives/button.tsx,src/components/primitives/input.tsx,66,8
posx-comet-store,src/libs/configs/protected-routes.ts,src/libs/pathbuilder.ts,65,26
posx-comet-store,src/store/index.ts,src/store/middlewares/index.ts,65,22
posx-comet-store,src/components/app/home/campaign-coupon/index.tsx,src/components/app/home/promotional-coupon/index.tsx,64,14
posx-comet-store,src/pages/gift-card/top-up.tsx,src/pages/gift-card/top-up/details.tsx,63,10
posx-comet-store,src/store/middlewares/transaction.middleware.ts,src/store/reducers/transaction.reducer.ts,63,10
posx-comet-store,src/pages/loss-of-sales/index.tsx,src/store/middlewares/loss-of-sales.middleware.ts,62,8
posx-comet-store,src/components/auth/forgot-password-form/index.tsx,src/components/auth/sign-in-form/index.tsx,62,8
posx-comet-store,src/store/actions/cart.action.ts,src/store/reducers/cart.reducer.ts,62,8
posx-comet-store,src/pages/customer/orders/details.tsx,src/pages/orders/details/order-details.tsx,61,31
posx-comet-store,src/store/actions/transaction.action.ts,src/store/middlewares/transaction.middleware.ts,58,9
posx-comet-store,src/components/app/online-orders/payments/index.tsx,src/components/app/online-orders/payments/single-payment.tsx,55,9
posx-comet-store,src/components/app/inventory/inventory-table.tsx,src/types/inventory.ts,55,9
posx-comet-store,src/store/apis/product.request.ts,src/types/product.ts,55,9
posx-comet-store,src/components/app/loss-of-sales/create-loss-of-sales-form.tsx,src/pages/loss-of-sales/index.tsx,55,9
posx-comet-store,src/store/middlewares/report.middleware.ts,src/store/reducers/report.reducer.ts,55,9
posx-comet-store,src/store/apis/transaction.request.ts,src/store/middlewares/transaction.middleware.ts,53,15
posx-comet-store,src/pages/employees/index.tsx,src/pages/stores/index.tsx,53,13
posx-comet-store,src/store/apis/cart.request.ts,src/store/middlewares/cart.middleware.ts,52,10
posx-comet-store,src/store/apis/cart.request.ts,src/store/reducers/cart.reducer.ts,52,10
posx-comet-store,src/pages/gift-card/top-up.tsx,src/pages/gift-card/top-up/cash-form.tsx,52,10
posx-comet-store,src/store/middlewares/auth.middleware.ts,src/store/reducers/auth.reducer.ts,51,22
posx-comet-store,src/pages/coupons/index.tsx,src/pages/employees/index.tsx,51,18
posx-comet-store,src/pages/orders/details/customer-details.tsx,src/pages/orders/details/payment-details.tsx,50,16
posx-comet-store,src/components/app/coupons/coupons-table.tsx,src/store/apis/campaign-coupon.request.ts,50,10
posx-comet-store,src/components/app/online-orders/payments/split-payment.tsx,src/components/app/order/steps/payment-details/split-payment.tsx,50,10
posx-comet-store,src/pages/coupons/index.tsx,src/pages/stores/index.tsx,48,15
posx-comet-store,src/store/apis/transaction.request.ts,src/store/reducers/transaction.reducer.ts,48,13
posx-comet-store,src/components/layouts/app/bottom-nav.tsx,src/components/layouts/app/mobile-menu.tsx,48,13
posx-comet-store,src/pages/employees/index.tsx,src/types/employee.ts,48,13
posx-comet-store,src/store/apis/auth.request.ts,src/store/reducers/auth.reducer.ts,47,11
posx-comet-store,src/components/filters.tsx,src/libs/filter.ts,47,11
posx-comet-store,src/components/app/loss-of-sales/loss-of-sales-table.tsx,src/pages/loss-of-sales/index.tsx,47,11
posx-comet-store,src/store/apis/transaction.request.ts,src/types/transaction.ts,46,15
posx-comet-store,src/components/layouts/app/sidebar.tsx,src/libs/configs/protected-routes.ts,45,31
posx-comet-store,src/components/app/order/order-card.tsx,src/types/order.ts,45,22
posx-comet-store,src/store/apis/order.request.ts,src/store/reducers/order.reducer.ts,45,11
posx-comet-store,src/libs/constants.ts,src/types/transaction.ts,45,11
posx-comet-store,src/pages/exchanges/details.tsx,src/store/actions/exchange.actions.ts,44,18
posx-comet-store,src/components/app/online-orders/payments/split-payment.tsx,src/components/app/order/steps/payment-details/single-payment.tsx,43,12
posx-comet-store,src/components/app/online-orders/payments/single-payment.tsx,src/components/app/order/steps/payment-details/split-payment.tsx,43,12
posx-comet-store,src/components/app/customer/customer-login/index.tsx,src/components/app/customer/customer-login/schema.ts,43,12
posx-comet-store,src/components/layouts/app/header.tsx,src/components/layouts/app/index.tsx,41,27
posx-comet-store,src/components/layouts/app/bottom-nav.tsx,src/components/layouts/app/index.tsx,41,20
posx-comet-store,src/components/app/order/steps/payment-details/split-payment.tsx,src/types/transaction.ts,41,12
posx-comet-store,src/components/app/online-orders/address-details.tsx,src/pages/online-orders/details/customer-details.tsx,38,13
posx-comet-store,src/components/app/online-orders/payments/single-payment.tsx,src/components/app/order/steps/payment-details/single-payment.tsx,38,13
posx-comet-store,src/components/app/home/campaign-coupon/index.tsx,src/store/apis/cart.request.ts,38,13
posx-comet-store,src/store/apis/order.request.ts,src/types/order.ts,37,19
posx-comet-store,src/components/app/transactions/order-transaction-card.tsx,src/types/transaction.ts,37,14
posx-comet-store,src/components/app/order/steps/payment-details/single-payment.tsx,src/types/transaction.ts,37,14
posx-comet-store,src/components/app/order/steps/payment-details/index.tsx,src/components/app/order/steps/payment-details/single-payment.tsx,36,17
posx-comet-store,src/pages/coupons/index.tsx,src/types/coupon.ts,35,14
posx-comet-store,src/components/app/order/order-card.tsx,src/components/app/order/order-details.tsx,34,18
posx-comet-store,src/libs/calculate-product-discount.ts,src/pages/exchanges/details.tsx,33,18
posx-comet-store,src/components/app/order/steps/payment-details/index.tsx,src/components/app/order/steps/payment-details/split-payment.tsx,33,15
posx-comet-store,src/components/app/payments/shared/order-transactions-table.tsx,src/types/transaction.ts,33,15
posx-comet-store,src/components/exchange/OrderProductCard.tsx,src/pages/exchanges/details.tsx,32,19
posx-comet-store,src/pages/customer/orders/details.tsx,src/pages/online-orders/details/order-details.tsx,32,19
posx-comet-store,src/components/app/order/order-card.tsx,src/components/app/order/order-summary.tsx,32,16
posx-comet-store,src/pages/exchanges/details.tsx,src/pages/returns/details.tsx,31,32
posx-comet-store,src/pages/returns/details.tsx,src/store/actions/return.action.ts,31,22
posx-comet-store,src/store/apis/auth.request.ts,src/store/middlewares/auth.middleware.ts,31,19
posx-comet-store,src/components/layouts/app/sidebar.tsx,src/libs/pathbuilder.ts,30,26
posx-comet-store,src/store/middlewares/auth.middleware.ts,src/store/middlewares/init.middleware.ts,30,20
posx-comet-store,src/components/app/transactions/order-transaction-card.tsx,src/store/apis/transaction.request.ts,30,17
posx-eume-admin,src/routes/employees/employee-create/components/employee-create-form/employee-create-form.tsx,src/routes/employees/types.ts,100,7
posx-eume-admin,src/routes/store-coupons/coupon-create/components/coupon-create-form/coupon-create-form.tsx,src/routes/store-coupons/coupon-edit/components/edit-coupon-form.tsx,100,6
posx-eume-admin,src/routes/store-coupons/coupon-edit/components/edit-coupon-form.tsx,src/routes/store-coupons/types.ts,100,6
posx-eume-admin,src/routes/store-coupons/coupon-detail/components/discount-info-section.tsx,src/routes/store-coupons/types.ts,100,6
posx-eume-admin,src/routes/store-coupons/coupon-detail/components/discount-info-section.tsx,src/routes/store-coupons/coupon-edit/components/edit-coupon-form.tsx,100,6
posx-eume-admin,src/routes/store-coupons/coupon-create/components/discount-configuration-form/discount-configuration-form.tsx,src/routes/store-coupons/types.ts,100,6
posx-eume-admin,src/routes/store-coupons/coupon-create/components/discount-configuration-form/discount-configuration-form.tsx,src/routes/store-coupons/coupon-edit/components/edit-coupon-form.tsx,100,6
posx-eume-admin,src/routes/store-coupons/coupon-create/components/coupon-create-form/coupon-create-form.tsx,src/routes/store-coupons/types.ts,100,6
posx-eume-admin,src/routes/store-coupons/coupon-create/components/coupon-create-form/coupon-create-form.tsx,src/routes/store-coupons/coupon-create/components/discount-configuration-form/discount-configuration-form.tsx,100,6
posx-eume-admin,src/routes/store-coupons/coupon-create/components/discount-configuration-form/discount-configuration-form.tsx,src/routes/store-coupons/coupon-detail/components/discount-info-section.tsx,100,6
posx-eume-admin,src/routes/store-coupons/coupon-create/components/coupon-create-form/coupon-create-form.tsx,src/routes/store-coupons/coupon-detail/components/discount-info-section.tsx,100,6
posx-eume-admin,src/routes/employees/employee-create/components/basic-info-create-form/basic-info-create-form.tsx,src/routes/employees/employee-create/constants.ts,94,10
posx-eume-admin,src/routes/store-details/store-edit/components/edit-store-form.tsx,src/routes/store-details/types.ts,92,13
posx-eume-admin,src/routes/employees/employee-create/constants.ts,src/routes/employees/employee-edit/components/edit-employee-form/edit-employee-form.tsx,90,10
posx-eume-admin,src/routes/employees/employee-create/components/employee-create-form/employee-create-form.tsx,src/routes/employees/employee-create/constants.ts,87,8
posx-eume-admin,src/routes/employees/employee-create/constants.ts,src/routes/employees/types.ts,87,8
posx-eume-admin,src/routes/employees/employee-create/components/basic-info-create-form/basic-info-create-form.tsx,src/routes/employees/employee-edit/components/edit-employee-form/edit-employee-form.tsx,85,11
posx-eume-admin,src/routes/store-coupons/coupon-create/constants.ts,src/routes/store-coupons/coupon-detail/components/discount-info-section.tsx,85,7
posx-eume-admin,src/routes/store-coupons/coupon-create/components/discount-configuration-form/discount-configuration-form.tsx,src/routes/store-coupons/coupon-create/constants.ts,85,7
posx-eume-admin,src/routes/store-coupons/coupon-create/constants.ts,src/routes/store-coupons/coupon-edit/components/edit-coupon-form.tsx,85,7
posx-eume-admin,src/routes/store-coupons/coupon-create/components/coupon-create-form/coupon-create-form.tsx,src/routes/store-coupons/coupon-create/constants.ts,85,7
posx-eume-admin,src/routes/store-coupons/coupon-create/constants.ts,src/routes/store-coupons/types.ts,85,7
posx-eume-admin,src/routes/store-details/store-details-create/constants.ts,src/routes/store-details/store-edit/components/edit-store-form.tsx,83,16
posx-eume-admin,src/routes/store-details/store-details-create/constants.ts,src/routes/store-details/types.ts,82,15
posx-eume-admin,src/routes/employees/employee-create/components/basic-info-create-form/basic-info-create-form.tsx,src/routes/employees/employee-create/components/employee-create-form/employee-create-form.tsx,82,9
posx-eume-admin,src/routes/employees/employee-create/components/basic-info-create-form/basic-info-create-form.tsx,src/routes/employees/types.ts,82,9
posx-eume-admin,src/components/layout/main-layout/main-layout.tsx,src/providers/router-provider/route-map.tsx,80,10
posx-eume-admin,src/routes/employees/employee-edit/components/edit-employee-form/edit-employee-form.tsx,src/routes/employees/types.ts,77,9
posx-eume-admin,src/routes/employees/employee-create/components/employee-create-form/employee-create-form.tsx,src/routes/employees/employee-edit/components/edit-employee-form/edit-employee-form.tsx,77,9
posx-eume-admin,src/hooks/api/gift-card.tsx,src/routes/gift-card-config/gift-card-config-list/gift-card-config-list.tsx,76,7
posx-eume-admin,src/routes/store-details/store-details-create/components/store-details-create-form/store-details-create-form.tsx,src/routes/store-details/store-details-create/constants.ts,52,12
posx-eume-admin,src/routes/store-details/store-details-create/components/basic-info-create-form/basic-info-create-form.tsx,src/routes/store-details/store-details-create/constants.ts,52,12
posx-eume-admin,src/i18n/translations/en.json,src/routes/store-details/types.ts,51,14
posx-eume-admin,src/routes/store-details/store-details-create/components/store-details-create-form/store-details-create-form.tsx,src/routes/store-details/store-edit/components/edit-store-form.tsx,50,10
posx-eume-admin,src/i18n/translations/en.json,src/routes/store-details/store-edit/components/edit-store-form.tsx,48,15
posx-eume-admin,src/routes/store-details/store-details-create/components/payment-create-form/payment-create-form.tsx,src/routes/store-details/store-details-create/components/store-details-create-form/store-details-create-form.tsx,47,11
posx-eume-admin,src/routes/store-details/store-details-create/components/payment-create-form/payment-create-form.tsx,src/routes/store-details/store-details-create/constants.ts,43,16
posx-eume-admin,src/i18n/translations/en.json,src/routes/store-details/store-details-create/constants.ts,43,16
posx-eume-admin,src/routes/store-details/store-details-create/components/payment-create-form/payment-create-form.tsx,src/routes/store-details/store-edit/components/edit-store-form.tsx,41,15
posx-eume-admin,src/routes/store-details/store-details-create/components/payment-create-form/payment-create-form.tsx,src/routes/store-details/types.ts,37,14
posx-eume-backend,src/lib/helpers/return-approval/email-template.ts,test/return-approval/email-template.unit.spec.ts,100,6
posx-eume-backend,src/workflows/return-approval/steps/prepare-return-otp-step.ts,test/return-approval/email-template.unit.spec.ts,100,6
posx-eume-backend,src/lib/helpers/return-approval/email-template.ts,src/workflows/return-approval/steps/prepare-return-otp-step.ts,100,6
posx-eume-backend,src/workflows/cart/steps/remove-custom-discount-step.ts,src/workflows/cart/steps/remove-online-coupon-step.ts,100,6
posx-eume-backend,src/modules/employee/migrations/.snapshot-employee.json,src/modules/employee/models/employee.ts,100,5
posx-eume-backend,src/modules/employee/migrations/.snapshot-employee.json,src/types/validators/employee.ts,100,5
posx-eume-backend,src/modules/employee/models/employee.ts,src/types/validators/employee.ts,100,5
posx-eume-backend,docs/regenerate-invoices.md,src/lib/helpers/regenerate-invoices.ts,100,5
posx-eume-backend,src/modules/payment-details/models/payment-details.ts,src/types/workflows/payment-detail.ts,95,11
posx-eume-backend,src/api/admin/return-approval/route.ts,src/lib/helpers/return-approval/rules.ts,94,9
posx-eume-backend,src/workflows/cart/steps/remove-online-coupon-step.ts,src/workflows/cart/steps/remove-store-coupon-step.ts,92,7
posx-eume-backend,src/workflows/cart/steps/remove-custom-discount-step.ts,src/workflows/cart/steps/remove-store-coupon-step.ts,92,7
posx-eume-backend,src/lib/helpers/discount-pin/email-template.ts,src/types/validators/discount-pin.ts,90,11
posx-eume-backend,src/types/workflows/store-coupon.ts,src/workflows/online-order/workflows/calculate-store-coupon-discount-for-order.ts,90,6
posx-eume-backend,src/workflows/order-return-and-exchange/steps/verify-return-approval-step.ts,test/return-approval/send-cap.unit.spec.ts,88,9
posx-eume-backend,src/lib/helpers/return-approval/rules.ts,test/return-approval/email-template.unit.spec.ts,85,7
posx-eume-backend,src/lib/helpers/return-approval/rules.ts,test/return-approval/rules.unit.spec.ts,85,7
posx-eume-backend,src/workflows/online-order/steps/validate-store-coupon-step.ts,src/workflows/store-coupon/steps/calculate-store-coupon-discount-step.ts,85,7
posx-eume-backend,src/workflows/online-order/steps/calculate-store-coupon-discount-for-order-step.ts,src/workflows/online-order/steps/validate-store-coupon-step.ts,85,7
posx-eume-backend,src/lib/helpers/return-approval/email-template.ts,src/lib/helpers/return-approval/rules.ts,85,7
posx-eume-backend,src/api/admin/discount-pin/route.ts,src/modules/discount-approval/service.ts,85,7
posx-eume-backend,src/lib/helpers/return-approval/rules.ts,src/workflows/return-approval/steps/prepare-return-otp-step.ts,85,7
posx-eume-backend,src/modules/store-details/models/store-details.ts,src/types/validators/store-details.ts,84,13
posx-eume-backend,src/workflows/cart/steps/apply-custom-discount-step.ts,src/workflows/cart/steps/apply-store-coupon-step.ts,84,10
posx-eume-backend,src/workflows/cart/steps/apply-online-coupon-step.ts,src/workflows/cart/steps/apply-store-coupon-step.ts,84,10
posx-eume-backend,src/workflows/online-order/steps/validate-store-coupon-step.ts,src/workflows/store-coupon/steps/validate-store-coupon-step.ts,83,6
posx-eume-backend,src/workflows/online-order/steps/calculate-store-coupon-discount-for-order-step.ts,src/workflows/store-coupon/steps/validate-store-coupon-step.ts,83,6
posx-eume-backend,src/workflows/store-coupon/steps/calculate-store-coupon-discount-step.ts,src/workflows/store-coupon/steps/validate-store-coupon-step.ts,83,6
posx-eume-backend,src/modules/payment-details/models/payment-details.ts,src/types/validators/payment-detail.ts,81,11
posx-eume-backend,src/api/admin/order-return-and-exchange/[id]/exchange/route.ts,src/types/validators/order-return-exchange.ts,80,13
posx-eume-backend,src/lib/helpers/discount-pin/email-template.ts,src/subscribers/discount-pin-email.ts,80,10
posx-eume-backend,src/api/admin/discount-pin/route.ts,src/workflows/discount-pin/steps/prepare-discount-pin-step.ts,80,10
posx-eume-backend,src/api/admin/return-approval/route.ts,test/return-approval/email-template.unit.spec.ts,80,8
posx-eume-backend,src/api/admin/return-approval/route.ts,src/workflows/return-approval/steps/prepare-return-otp-step.ts,80,8
posx-eume-backend,src/api/admin/return-approval/route.ts,test/return-approval/rules.unit.spec.ts,80,8
posx-eume-backend,src/api/admin/return-approval/route.ts,src/lib/helpers/return-approval/email-template.ts,80,8
posx-eume-backend,src/types/validators/payment-detail.ts,src/types/workflows/payment-detail.ts,78,12
posx-eume-backend,src/api/admin/order-return-and-exchange/[id]/return/route.ts,src/types/validators/order-return-exchange.ts,78,12
posx-eume-backend,src/types/validators/store-details.ts,src/types/workflows/store-details.ts,76,13
posx-eume-backend,src/workflows/online-order/steps/validate-store-coupon-step.ts,src/workflows/online-order/workflows/calculate-store-coupon-discount-for-order.ts,76,7
posx-eume-backend,src/modules/store-details/models/store-details.ts,src/types/workflows/store-details.ts,75,12
posx-eume-backend,src/workflows/return-approval/steps/send-return-otp-email-step.ts,test/return-approval/email-template.unit.spec.ts,75,8
posx-eume-backend,src/api/admin/discount-pin/route.ts,src/subscribers/discount-pin-email.ts,75,8
posx-eume-backend,src/workflows/return-approval/steps/prepare-return-otp-step.ts,src/workflows/return-approval/steps/send-return-otp-email-step.ts,75,8
posx-eume-backend,src/lib/helpers/return-approval/email-template.ts,src/workflows/return-approval/steps/send-return-otp-email-step.ts,75,8
posx-eume-backend,src/workflows/return-approval/steps/create-return-approval-step.ts,test/return-approval/send-cap.unit.spec.ts,75,8
posx-eume-backend,src/modules/return-approval/service.ts,src/workflows/return-approval/steps/create-return-approval-step.ts,75,8
posx-eume-backend,src/types/validators/order-return-exchange.ts,src/workflows/order-return-and-exchange/steps/return-order-product-step-v2.ts,74,14
posx-eume-backend,src/workflows/order-return-and-exchange/workflows/confirm-exchange-order-v2.ts,src/workflows/order-return-and-exchange/workflows/confirm-return-order-v2.ts,73,37
posx-eume-backend,src/types/validators/order-return-exchange.ts,src/workflows/order-detail/steps/create-exchange-order-detail-step-v2.ts,72,17
posx-eume-backend,src/api/admin/order-return-and-exchange/[id]/return/route.ts,src/workflows/order-return-and-exchange/steps/return-order-product-step-v2.ts,72,11
posx-eume-backend,src/types/validators/discount-pin.ts,src/workflows/discount-pin/steps/prepare-discount-pin-step.ts,72,11
posx-eume-backend,src/api/admin/return-approval/route.ts,src/lib/helpers/return-approval/otp.ts,71,7
posx-eume-backend,src/workflows/cart/steps/add-to-cart-step.ts,src/workflows/online-cart/steps/add-to-online-cart-step.ts,71,7
posx-eume-backend,src/workflows/online-order/steps/calculate-store-coupon-discount-for-order-step.ts,src/workflows/store-coupon/steps/calculate-store-coupon-discount-step.ts,71,7
posx-eume-backend,src/api/admin/cart/route.ts,src/types/validators/cart.ts,70,19
posx-eume-backend,src/api/admin/online-cart/route.ts,src/types/validators/cart.ts,70,17
posx-eume-backend,src/workflows/cart/steps/apply-custom-discount-step.ts,src/workflows/cart/steps/apply-online-coupon-step.ts,70,10
posx-eume-backend,src/api/admin/order-return-and-exchange/[id]/exchange/route.ts,src/api/admin/order-return-and-exchange/[id]/return/route.ts,70,10
posx-eume-backend,src/workflows/online-order/steps/create-online-order-step.ts,src/workflows/order-detail/steps/create-order-detail-step.ts,69,33
posx-eume-backend,src/workflows/order-detail/steps/create-exchange-order-detail-step-v2.ts,src/workflows/order-return-and-exchange/steps/return-order-product-step-v2.ts,68,16
posx-eume-backend,src/types/validators/payment-detail.ts,src/workflows/payment-detail/steps/create-payment-detail.ts,68,15
posx-eume-backend,src/api/admin/order-return-and-exchange/[id]/exchange/route.ts,src/workflows/order-detail/steps/create-exchange-order-detail-step-v2.ts,66,15
posx-eume-backend,src/api/admin/cart/route.ts,src/api/admin/online-cart/route.ts,66,14
posx-eume-backend,src/lib/helpers/discount-pin/email-template.ts,src/workflows/discount-pin/steps/prepare-discount-pin-step.ts,66,12
posx-eume-backend,src/workflows/return-approval/steps/send-return-otp-email-step.ts,test/return-approval/send-cap.unit.spec.ts,66,9
posx-eume-backend,src/api/admin/discount-pin/route.ts,src/types/validators/discount-pin.ts,66,9
posx-eume-backend,src/workflows/return-approval/steps/create-return-approval-step.ts,src/workflows/return-approval/steps/send-return-otp-email-step.ts,66,9
posx-eume-backend,src/lib/helpers/return-approval/rules.ts,src/workflows/return-approval/steps/send-return-otp-email-step.ts,66,9
posx-eume-backend,src/modules/discount-approval/service.ts,src/workflows/discount-pin/steps/prepare-discount-pin-step.ts,66,9
posx-eume-backend,src/subscribers/discount-pin-email.ts,src/types/validators/discount-pin.ts,66,9
posx-eume-backend,src/workflows/order-return-and-exchange/steps/verify-return-approval-step.ts,src/workflows/return-approval/steps/create-return-approval-step.ts,66,9
posx-eume-backend,src/modules/return-approval/service.ts,src/workflows/return-approval/steps/send-return-otp-email-step.ts,66,9
posx-eume-backend,src/workflows/cart/steps/add-to-cart-step.ts,src/workflows/cart/steps/remove-item-from-shopify-cart-step.ts,66,8
posx-eume-backend,src/workflows/cart/steps/add-to-cart-step.ts,src/workflows/cart/steps/change-quantity-step.ts,66,8
posx-eume-backend,src/workflows/cart/steps/apply-gift-card-step.ts,src/workflows/cart/steps/apply-store-coupon-step.ts,66,8
posx-eume-backend,src/workflows/order-return-and-exchange/steps/return-order-product-step-v2.ts,test/return-approval/mode.unit.spec.ts,63,10
posx-eume-backend,src/api/admin/order-return-and-exchange/[id]/return/route.ts,test/return-approval/validators.unit.spec.ts,63,10
posx-eume-backend,src/api/admin/return-approval/route.ts,src/workflows/return-approval/steps/send-return-otp-email-step.ts,63,10
posx-eume-backend,src/workflows/cart/steps/apply-custom-discount-step.ts,src/workflows/cart/steps/apply-gift-card-step.ts,62,8
posx-eume-backend,src/subscribers/discount-pin-email.ts,src/workflows/discount-pin/steps/prepare-discount-pin-step.ts,60,10
posx-eume-backend,src/workflows/order-return-and-exchange/steps/verify-return-approval-step.ts,test/return-approval/validators.unit.spec.ts,60,10
posx-eume-backend,src/workflows/order-return-and-exchange/steps/verify-return-approval-step.ts,src/workflows/return-approval/steps/send-return-otp-email-step.ts,60,10
posx-eume-backend,src/types/validators/order-return-exchange.ts,test/return-approval/mode.unit.spec.ts,60,10
posx-eume-backend,src/api/admin/discount-pin/route.ts,src/lib/helpers/discount-pin/email-template.ts,60,10
posx-eume-backend,src/modules/order-detail/migrations/.snapshot-order-detail.json,src/modules/order-detail/models/order-detail.ts,59,19
posx-eume-backend,src/modules/payment-details/models/payment-details.ts,src/workflows/payment-detail/steps/create-payment-detail.ts,59,14
posx-eume-backend,src/api/admin/order-return-and-exchange/[id]/exchange/route.ts,src/workflows/order-return-and-exchange/steps/return-order-product-step-v2.ts,58,12
posx-eume-backend,src/types/workflows/payment-detail.ts,src/workflows/payment-detail/steps/create-payment-detail.ts,57,14
posx-eume-backend,.github/workflows/deploy-prod.yml,.github/workflows/deploy-uat.yml,57,14
posx-eume-backend,src/api/admin/order-return-and-exchange/[id]/exchange/route.ts,test/return-approval/validators.unit.spec.ts,57,11
posx-eume-backend,.github/workflows/deploy-uat.yml,.github/workflows/deploy.yml,57,11
posx-eume-backend,src/lib/helpers/return-approval/rules.ts,src/workflows/order-return-and-exchange/steps/return-order-product-step-v2.ts,57,11
posx-eume-backend,src/api/admin/return-approval/route.ts,src/workflows/order-return-and-exchange/steps/return-order-product-step-v2.ts,54,11
posx-eume-backend,src/workflows/payment-detail/steps/cancel-payment-details-step.ts,src/workflows/payment-detail/steps/verify-payment-details-step.ts,54,11
posx-eume-backend,src/modules/pdf-client/invoice.ejs,src/modules/pdf-client/service.ts,52,35
posx-eume-backend,src/workflows/order-return-and-exchange/steps/return-order-product-step-v2.ts,src/workflows/order-return-and-exchange/steps/verify-return-approval-step.ts,52,12
posx-eume-backend,src/workflows/order-return-and-exchange/steps/return-order-product-step-v2.ts,test/return-approval/validators.unit.spec.ts,52,12
posx-eume-backend,src/modules/payment-details/migrations/.snapshot-payment-detail.json,src/workflows/payment-detail/steps/verify-payment-details-step.ts,52,10
posx-eume-backend,src/workflows/order-detail/steps/create-exchange-order-detail-step-v2.ts,src/workflows/order-return-and-exchange/workflows/confirm-exchange-order-v2.ts,51,27
posx-eume-backend,src/modules/order-detail/migrations/.snapshot-order-detail.json,src/types/validators/order-detail.ts,51,20
posx-eume-backend,src/api/admin/order-return-and-exchange/[id]/exchange/route.ts,src/modules/order-detail/models/order-detail.ts,51,16
posx-eume-backend,src/api/admin/order-detail/export/route.ts,src/workflows/exports/steps/generate-order-export-csv-step.ts,50,26
posx-eume-backend,src/api/admin/order-return-and-exchange/[id]/return/route.ts,src/workflows/order-detail/steps/create-exchange-order-detail-step-v2.ts,50,14
posx-eume-backend,src/types/validators/order-return-exchange.ts,test/return-approval/validators.unit.spec.ts,50,12
posx-eume-backend,src/types/validators/order-return-exchange.ts,src/workflows/order-return-and-exchange/steps/verify-return-approval-step.ts,50,12
posx-eume-backend,src/modules/order-detail/migrations/.snapshot-order-detail.json,src/modules/order-detail/models/order-product-detail.ts,50,12
posx-eume-backend,src/lib/helpers/build-summary.ts,src/workflows/online-order/steps/create-online-order-step.ts,48,38
posx-eume-backend,src/lib/helpers/build-summary.ts,src/workflows/order-detail/steps/create-order-detail-step.ts,48,38
posx-eume-backend,src/types/validators/order-return-exchange.ts,src/workflows/order-return-and-exchange/workflows/confirm-exchange-order-v2.ts,48,25
posx-eume-backend,src/api/admin/order-return-and-exchange/[id]/return/route.ts,src/modules/order-detail/models/order-detail.ts,48,15
posx-eume-backend,src/workflows/order-detail/steps/create-exchange-order-detail-step-v2.ts,test/return-approval/mode.unit.spec.ts,48,13
posx-eume-backend,src/workflows/order-return-and-exchange/steps/return-order-product-step-v2.ts,src/workflows/order-return-and-exchange/workflows/confirm-return-order-v2.ts,47,26
posx-eume-backend,src/modules/order-detail/models/order-detail.ts,src/types/validators/order-return-exchange.ts,47,17
posx-eume-backend,src/types/validators/online-order.ts,src/types/validators/order-detail.ts,47,17
posx-eume-backend,src/modules/order-detail/models/order-detail.ts,src/workflows/order-detail/steps/create-exchange-order-detail-step-v2.ts,46,20
posx-eume-backend,src/workflows/order-return-and-exchange/steps/return-order-product-step-v2.ts,src/workflows/order-return-and-exchange/workflows/confirm-exchange-order-v2.ts,45,24
posx-eume-backend,src/types/validators/cart.ts,src/workflows/cart/steps/add-to-cart-step.ts,45,16
posx-eume-backend,src/modules/payment-details/models/payment-details.ts,src/workflows/payment-detail/steps/verify-payment-details-step.ts,45,11
posx-eume-backend,src/types/validators/online-order.ts,src/workflows/online-order/steps/create-online-order-step.ts,44,23
posx-eume-backend,src/lib/helpers/return-approval/rules.ts,src/workflows/order-detail/steps/create-exchange-order-detail-step-v2.ts,44,14
posx-eume-backend,src/types/workflows/payment-detail.ts,src/workflows/payment-detail/steps/verify-payment-details-step.ts,43,12
posx-eume-backend,src/types/validators/order-return-exchange.ts,src/workflows/order-return-and-exchange/workflows/confirm-return-order-v2.ts,42,26
posx-eume-backend,src/modules/order-detail/models/order-detail.ts,src/workflows/order-return-and-exchange/steps/return-order-product-step-v2.ts,42,17
posx-eume-backend,src/api/admin/return-approval/route.ts,src/workflows/order-detail/steps/create-exchange-order-detail-step-v2.ts,42,14
posx-eume-backend,src/workflows/order-detail/steps/create-exchange-order-detail-step-v2.ts,test/return-approval/validators.unit.spec.ts,41,15
posx-eume-backend,src/workflows/order-detail/steps/create-exchange-order-detail-step-v2.ts,src/workflows/order-return-and-exchange/steps/verify-return-approval-step.ts,41,15
posx-eume-backend,src/workflows/payment-detail/steps/create-payment-detail.ts,src/workflows/payment-detail/steps/verify-payment-details-step.ts,41,15
posx-eume-backend,src/modules/store-details/models/store-details.ts,src/workflows/payment-detail/steps/create-payment-detail.ts,41,15
posx-eume-backend,src/modules/payment-details/migrations/.snapshot-payment-detail.json,src/workflows/payment-detail/steps/create-payment-detail.ts,41,12
posx-eume-backend,src/types/validators/payment-detail.ts,src/workflows/payment-detail/steps/verify-payment-details-step.ts,41,12
posx-eume-backend,src/modules/order-detail/models/order-detail.ts,test/return-approval/validators.unit.spec.ts,40,15
posx-eume-backend,src/api/admin/order-return-and-exchange/[id]/exchange/route.ts,src/workflows/order-return-and-exchange/workflows/confirm-exchange-order-v2.ts,39,23
posx-eume-backend,src/workflows/order-detail/steps/create-exchange-order-detail-step-v2.ts,src/workflows/order-return-and-exchange/workflows/confirm-return-order-v2.ts,38,29
posx-eume-backend,src/api/admin/order-return-and-exchange/[id]/return/route.ts,src/workflows/order-return-and-exchange/workflows/confirm-return-order-v2.ts,38,24
posx-eume-backend,src/modules/order-detail/models/order-detail.ts,src/types/validators/order-detail.ts,38,21
posx-eume-backend,src/types/validators/store-details.ts,src/workflows/payment-detail/steps/create-payment-detail.ts,38,16
posx-eume-backend,src/modules/order-detail/models/order-detail.ts,src/types/validators/online-order.ts,37,16
posx-eume-backend,src/subscribers/order-detail-order-confirmed.ts,src/workflows/online-order/steps/confirm-online-order-step.ts,37,14
posx-eume-backend,src/workflows/payment-detail/steps/cancel-payment-details-step.ts,src/workflows/payment-detail/steps/create-payment-detail.ts,37,14
posx-eume-backend,src/api/admin/order-return-and-exchange/[id]/return/route.ts,src/workflows/order-return-and-exchange/workflows/confirm-exchange-order-v2.ts,36,22
posx-eume-backend,src/workflows/online-order/steps/confirm-online-order-step.ts,src/workflows/order-detail/steps/confirm-order-detail-step.ts,35,29
posx-eume-backend,src/types/validators/cart.ts,src/workflows/cart/steps/change-quantity-step.ts,35,14
posx-eume-backend,src/types/validators/cart.ts,src/workflows/cart/workflows/add-to-cart.ts,35,14
posx-eume-backend,src/lib/helpers/build-summary.ts,src/types/validators/cart.ts,34,32
posx-eume-backend,src/lib/helpers/build-summary.ts,src/workflows/cart/steps/apply-custom-discount-step.ts,34,26
posx-eume-backend,src/modules/order-detail/migrations/.snapshot-order-detail.json,src/types/validators/online-order.ts,34,15
posx-eume-backend,src/types/workflows/store-details.ts,src/workflows/payment-detail/steps/create-payment-detail.ts,34,15
posx-eume-backend,src/modules/order-detail/models/order-detail.ts,src/workflows/order-return-and-exchange/workflows/confirm-exchange-order-v2.ts,32,28
posx-eume-backend,src/api/admin/order-detail/export/route.ts,src/api/adsr/order-payment/route.ts,32,16
posx-eume-backend,src/api/admin/cart/route.ts,src/lib/helpers/build-summary.ts,31,29
posx-eume-backend,src/types/validators/cart.ts,src/workflows/cart/steps/apply-custom-discount-step.ts,31,16
posx-eume-backend,src/modules/order-detail/models/order-detail.ts,src/workflows/online-order/steps/create-online-order-step.ts,30,27
posx-eume-backend,src/lib/helpers/build-summary.ts,src/workflows/cart/steps/apply-online-coupon-step.ts,30,26
posx-eume-store,src/components/app/order/steps/payment-details/single-payment.tsx,src/components/app/order/steps/payment-details/split-payment.tsx,100,10
posx-eume-store,src/components/app/online-orders/payments/single-payment.tsx,src/components/app/online-orders/payments/split-payment.tsx,100,9
posx-eume-store,src/pages/customer/orders/details.tsx,src/pages/online-orders/details/order-details.tsx,93,8
posx-eume-store,src/components/app/online-orders/payments/pinelabs-form/index.tsx,src/components/app/order/steps/payment-details/pinelabs-form/index.tsx,90,6
posx-eume-store,src/store/actions/return.action.ts,src/store/middlewares/return.middleware.ts,87,8
posx-eume-store,src/components/app/order/steps/payment-details/split-payment.tsx,src/types/transaction.ts,85,11
posx-eume-store,src/components/app/order/steps/payment-details/single-payment.tsx,src/types/transaction.ts,85,11
posx-eume-store,src/components/app/online-orders/payments/split-payment.tsx,src/components/app/order/steps/payment-details/single-payment.tsx,84,10
posx-eume-store,src/components/app/online-orders/payments/split-payment.tsx,src/components/app/order/steps/payment-details/split-payment.tsx,84,10
posx-eume-store,src/components/app/home/online-coupon/index.tsx,src/components/app/home/retail-coupon/index.tsx,84,10
posx-eume-store,src/components/app/online-orders/payments/single-payment.tsx,src/components/app/order/steps/payment-details/split-payment.tsx,84,10
posx-eume-store,src/components/app/online-orders/payments/single-payment.tsx,src/components/app/order/steps/payment-details/single-payment.tsx,84,10
posx-eume-store,src/store/actions/exchange.actions.ts,src/store/apis/exchange.request.ts,82,9
posx-eume-store,src/store/apis/exchange.request.ts,src/store/middlewares/exchange.middleware.ts,82,9
posx-eume-store,src/pages/customer/orders/details.tsx,src/pages/orders/details/order-details.tsx,80,8
posx-eume-store,src/store/middlewares/exchange.middleware.ts,src/store/middlewares/return.middleware.ts,77,9
posx-eume-store,src/components/app/inventory/stn-detail/index.tsx,src/store/apis/stn.request.ts,76,7
posx-eume-store,src/pages/online-orders/details/order-details.tsx,src/pages/orders/details/order-details.tsx,75,8
posx-eume-store,src/libs/store-coupon-eligibility.ts,src/types/coupon.ts,75,8
posx-eume-store,src/components/app/product/customer-verification-modal.tsx,src/store/apis/return-approval.request.ts,72,11
posx-eume-store,src/components/app/online-orders/payments/single-payment.tsx,src/types/transaction.ts,70,10
posx-eume-store,src/components/app/online-orders/payments/split-payment.tsx,src/types/transaction.ts,70,10
posx-eume-store,src/components/app/home/online-coupon/index.tsx,src/components/app/product/online-coupon-product/index.tsx,70,10
posx-eume-store,src/libs/online-orders.ts,src/libs/order.ts,66,15
posx-eume-store,src/components/app/home/retail-coupon/index.tsx,src/components/app/product/online-retail-coupon/index.tsx,66,11
posx-eume-store,src/store/actions/exchange.actions.ts,src/store/middlewares/exchange.middleware.ts,66,9
posx-eume-store,src/components/exchange/ExchangeOrderDetails.tsx,src/libs/calculate-product-exchange-value.ts,66,9
posx-eume-store,src/components/app/product/customer-verification-modal.tsx,src/libs/redact.ts,66,9
posx-eume-store,src/store/actions/online-cart.action.ts,src/store/middlewares/online-cart.middleware.ts,66,8
posx-eume-store,src/store/actions/return.action.ts,src/store/apis/exchange.request.ts,66,8
posx-eume-store,src/components/app/home/index.tsx,src/components/app/product/cart-panel.tsx,65,40
posx-eume-store,src/store/middlewares/cart.middleware.ts,src/store/reducers/cart.reducer.ts,65,20
posx-eume-store,src/components/app/product/online-coupon-product/index.tsx,src/components/app/product/online-retail-coupon/index.tsx,63,11
posx-eume-store,src/components/app/product/customer-verification-modal.tsx,src/libs/customer-verification-error.ts,63,10
posx-eume-store,src/store/actions/cart.action.ts,src/store/middlewares/cart.middleware.ts,62,15
posx-eume-store,src/store/middlewares/cart.middleware.ts,src/store/middlewares/online-cart.middleware.ts,62,15
posx-eume-store,src/store/actions/return.action.ts,src/store/middlewares/exchange.middleware.ts,62,8
posx-eume-store,src/store/actions/exchange.actions.ts,src/store/actions/return.action.ts,62,8
posx-eume-store,src/store/apis/cart.request.ts,src/types/cart.ts,60,22
posx-eume-store,src/store/apis/cart.request.ts,src/store/apis/online-cart.request.ts,60,20
posx-eume-store,src/store/apis/online-cart.request.ts,src/types/cart.ts,59,24
posx-eume-store,src/store/apis/cart.request.ts,src/store/middlewares/cart.middleware.ts,59,19
posx-eume-store,src/pages/online-orders/details/customer-details.tsx,src/pages/orders/details/customer-details.tsx,59,14
posx-eume-store,src/store/reducers/cart.reducer.ts,src/store/reducers/online-cart.reducer.ts,58,21
posx-eume-store,src/store/apis/exchange.request.ts,src/store/middlewares/return.middleware.ts,58,9
posx-eume-store,src/components/app/product/AddToCartModal.tsx,src/pages/products/details.tsx,55,20
posx-eume-store,src/libs/online-orders.ts,src/types/cart.ts,55,20
posx-eume-store,src/store/actions/exchange.actions.ts,src/store/middlewares/return.middleware.ts,55,9
posx-eume-store,src/components/app/home/online-coupon/index.tsx,src/components/app/product/online-retail-coupon/index.tsx,54,11
posx-eume-store,src/pages/exchanges/details.tsx,src/pages/returns/details.tsx,53,34
posx-eume-store,src/components/app/home/index.tsx,src/store/reducers/cart.reducer.ts,52,29
posx-eume-store,src/libs/order.ts,src/store/middlewares/cart.middleware.ts,52,17
posx-eume-store,src/components/app/home/retail-coupon/index.tsx,src/components/app/product/online-coupon-product/index.tsx,52,10
posx-eume-store,src/store/actions/cart.action.ts,src/store/reducers/cart.reducer.ts,51,16
posx-eume-store,src/components/app/product/cart-panel.tsx,src/store/reducers/online-cart.reducer.ts,50,32
posx-eume-store,src/libs/order.ts,src/types/cart.ts,50,20
posx-eume-store,src/store/apis/online-cart.request.ts,src/store/middlewares/online-cart.middleware.ts,50,16
posx-eume-store,src/store/actions/cart.action.ts,src/store/apis/cart.request.ts,50,14
posx-eume-store,src/components/app/home/online-coupon/index.tsx,src/store/apis/cart.request.ts,50,14
posx-eume-store,src/components/app/home/employee-selector.tsx,src/components/app/product/approval-modal.tsx,50,12
posx-eume-store,src/components/app/product/online-card.tsx,src/pages/online-orders/details/customer-details.tsx,50,12
posx-eume-store,src/pages/online-orders/details/customer-details.tsx,src/pages/online-orders/details/review-order.tsx,50,10
posx-eume-store,src/components/app/home/online-coupon/index.tsx,src/store/middlewares/online-cart.middleware.ts,50,10
posx-eume-store,src/hooks/useAutoApplyStoreCoupon.ts,src/libs/store-coupon-eligibility.ts,50,10
posx-eume-store,src/components/app/home/index.tsx,src/types/cart.ts,49,31
posx-eume-store,src/components/app/home/online-coupon/index.tsx,src/store/middlewares/cart.middleware.ts,48,15
posx-eume-store,src/libs/online-orders.ts,src/store/middlewares/online-cart.middleware.ts,48,13
posx-eume-store,src/store/apis/cart.request.ts,src/store/reducers/online-cart.reducer.ts,47,19
posx-eume-store,src/components/app/product/online-retail-coupon/index.tsx,src/store/apis/online-cart.request.ts,47,17
posx-eume-store,src/store/apis/cart.request.ts,src/store/reducers/cart.reducer.ts,46,20
posx-eume-store,src/store/middlewares/cart.middleware.ts,src/types/cart.ts,45,22
posx-eume-store,src/components/app/product/cart-checkout.tsx,src/libs/online-orders.ts,45,11
posx-eume-store,src/components/app/product/cart-panel.tsx,src/types/cart.ts,44,34
posx-eume-store,src/libs/order.ts,src/store/reducers/cart.reducer.ts,44,18
posx-eume-store,src/components/app/home/retail-coupon/index.tsx,src/store/apis/cart.request.ts,44,14
posx-eume-store,src/components/app/product/cart-panel.tsx,src/store/apis/online-cart.request.ts,43,33
posx-eume-store,src/components/app/product/online-coupon-product/index.tsx,src/store/apis/online-cart.request.ts,43,16
posx-eume-store,src/components/app/product/cart-panel.tsx,src/store/apis/cart.request.ts,42,31
posx-eume-store,src/store/apis/online-cart.request.ts,src/store/reducers/online-cart.reducer.ts,42,21
posx-eume-store,src/components/app/home/retail-coupon/index.tsx,src/store/middlewares/cart.middleware.ts,42,14
posx-eume-store,src/components/app/product/online-coupon-product/index.tsx,src/store/apis/cart.request.ts,42,14
posx-eume-store,src/store/apis/cart.request.ts,src/store/middlewares/online-cart.middleware.ts,42,14
posx-eume-store,src/libs/online-orders.ts,src/store/middlewares/cart.middleware.ts,41,17
posx-eume-store,src/components/app/home/index.tsx,src/store/middlewares/cart.middleware.ts,40,28
posx-eume-store,src/components/app/home/index.tsx,src/store/apis/cart.request.ts,40,27
posx-eume-store,src/store/actions/cart.action.ts,src/types/cart.ts,40,18
posx-eume-store,src/store/middlewares/online-cart.middleware.ts,src/types/cart.ts,40,18
posx-eume-store,src/components/app/product/online-retail-coupon/index.tsx,src/store/apis/cart.request.ts,40,15
posx-eume-store,src/components/app/product/cart-checkout.tsx,src/store/apis/cart.request.ts,40,13
posx-eume-store,src/libs/order.ts,src/store/actions/cart.action.ts,40,13
posx-eume-store,src/store/actions/online-cart.action.ts,src/store/reducers/online-cart.reducer.ts,40,13
posx-eume-store,src/components/app/home/index.tsx,src/libs/order.ts,39,26
posx-eume-store,src/store/reducers/cart.reducer.ts,src/types/cart.ts,39,23
posx-eume-store,src/store/apis/online-cart.request.ts,src/store/middlewares/cart.middleware.ts,39,21
posx-eume-store,src/pages/returns/details.tsx,src/store/apis/return-approval.request.ts,38,21
posx-eume-store,src/store/middlewares/online-cart.middleware.ts,src/store/reducers/cart.reducer.ts,38,16
posx-eume-store,src/components/app/home/online-coupon/index.tsx,src/store/reducers/cart.reducer.ts,38,16
posx-eume-store,src/components/app/product/cart-panel.tsx,src/store/reducers/cart.reducer.ts,37,32
posx-eume-store,src/components/app/product/cart-panel.tsx,src/libs/online-orders.ts,37,29
posx-eume-store,src/components/app/product/cart-panel.tsx,src/components/app/product/online-coupon-product/index.tsx,37,27
posx-eume-store,src/components/app/product/approval-modal.tsx,src/store/reducers/online-cart.reducer.ts,37,19
posx-eume-store,src/components/app/product/custom-discount/index.tsx,src/store/apis/online-cart.request.ts,37,16
posx-eume-store,src/components/app/home/online-coupon/index.tsx,src/store/apis/online-cart.request.ts,37,16
posx-eume-store,src/components/app/product/cart-checkout.tsx,src/types/cart.ts,37,16
posx-eume-store,src/store/actions/online-cart.action.ts,src/store/apis/online-cart.request.ts,37,14
posx-eume-store,src/components/app/product/cart-panel.tsx,src/store/apis/discount-pin-snapshot.ts,36,28
posx-eume-store,src/components/app/product/cart-panel.tsx,src/components/app/product/online-retail-coupon/index.tsx,36,28
posx-eume-store,src/components/app/product/customer-verification-modal.tsx,src/pages/returns/details.tsx,36,22
posx-eume-store,src/libs/online-orders.ts,src/store/apis/cart.request.ts,36,17
posx-eume-store,src/libs/order.ts,src/store/apis/cart.request.ts,36,17
posx-eume-store,src/components/app/home/index.tsx,src/libs/online-orders.ts,35,26
posx-eume-store,src/pages/exchanges/details.tsx,src/store/apis/return-approval.request.ts,35,23
posx-eume-store,src/components/app/home/retail-coupon/index.tsx,src/types/cart.ts,35,17
posx-eume-store,src/components/app/product/customer-verification-modal.tsx,src/pages/exchanges/details.tsx,34,24
posx-eume-store,src/pages/returns/details.tsx,src/store/middlewares/return.middleware.ts,34,21
posx-eume-store,src/components/app/product/custom-discount/index.tsx,src/types/cart.ts,34,18
posx-eume-store,src/components/app/product/approval-modal.tsx,src/components/app/product/cart-panel.tsx,33,30
posx-eume-store,src/components/app/home/index.tsx,src/store/apis/discount-pin-snapshot.ts,33,24
posx-eume-store,src/libs/online-orders.ts,src/store/reducers/cart.reducer.ts,33,18
posx-eume-store,src/components/app/home/online-coupon/index.tsx,src/store/reducers/online-cart.reducer.ts,33,15
posx-eume-store,src/store/middlewares/online-cart.middleware.ts,src/store/reducers/online-cart.reducer.ts,33,15
posx-eume-store,src/components/app/home/retail-coupon/index.tsx,src/store/reducers/cart.reducer.ts,33,15
posx-eume-store,src/components/app/home/index.tsx,src/store/reducers/online-cart.reducer.ts,32,28
posx-eume-store,src/components/app/product/online-retail-coupon/index.tsx,src/types/cart.ts,32,19
posx-eume-store,src/components/app/product/online-retail-coupon/index.tsx,src/store/middlewares/cart.middleware.ts,32,16
posx-eume-store,src/components/app/home/retail-coupon/index.tsx,src/store/apis/online-cart.request.ts,32,16
posx-eume-store,src/store/reducers/online-cart.reducer.ts,src/types/cart.ts,31,23
posx-eume-store,src/components/app/home/index.tsx,src/components/app/home/retail-coupon/index.tsx,31,23
posx-eume-store,src/components/app/product/cart-panel.tsx,src/store/middlewares/online-cart.middleware.ts,30,27
posx-eume-store,src/components/app/home/online-coupon/index.tsx,src/components/app/product/cart-panel.tsx,30,27
posx-eume-store,src/components/app/home/index.tsx,src/libs/store-coupon-eligibility.ts,30,23
posx-eume-store,src/components/app/home/index.tsx,src/components/app/home/online-coupon/index.tsx,30,23
posx-eume-store,src/store/middlewares/cart.middleware.ts,src/store/reducers/online-cart.reducer.ts,30,20
posx-eume-store,src/components/app/product/online-cart-card.tsx,src/store/apis/online-cart.request.ts,30,17
posx-frido-admin,src/routes/employees/employee-create/components/employee-create-form/employee-create-form.tsx,src/routes/employees/employee-create/constants.ts,100,9
posx-frido-admin,src/routes/csat/csat-analytics/components/analytics-filters.tsx,src/routes/csat/csat-analytics/components/analytics-report-cards.tsx,100,8
posx-frido-admin,.github/workflows/deploy-prod.yml,.github/workflows/deploy-uat.yml,100,8
posx-frido-admin,src/routes/csat/csat-analytics/components/analytics-filters.tsx,src/routes/csat/csat-analytics/index.tsx,100,8
posx-frido-admin,src/routes/csat/csat-analytics/components/analytics-report-cards.tsx,src/routes/csat/csat-analytics/index.tsx,100,8
posx-frido-admin,src/routes/csat/csat-detail/csat-detail.tsx,src/routes/csat/csat-list/components/csat-list-table/csat-list-table.tsx,100,7
posx-frido-admin,src/routes/csat/csat-analytics/components/analytics-gauge.tsx,src/routes/csat/csat-analytics/components/feedback-logs-table.tsx,100,6
posx-frido-admin,src/routes/store-details/store-details-create/constants.ts,src/routes/store-details/types.ts,94,10
posx-frido-admin,src/routes/employees/employee-create/components/employee-create-form/employee-create-form.tsx,src/routes/employees/types.ts,94,10
posx-frido-admin,src/routes/employees/employee-create/constants.ts,src/routes/employees/types.ts,94,10
posx-frido-admin,src/routes/csat/csat-create/components/csat-create-form.tsx,src/routes/csat/csat-list/components/csat-list-table/csat-list-table.tsx,93,8
posx-frido-admin,src/routes/csat/csat-create/components/csat-create-form.tsx,src/routes/csat/csat-detail/csat-detail.tsx,93,8
posx-frido-admin,src/routes/store-details/store-details-create/components/store-details-create-form/store-details-create-form.tsx,src/routes/store-details/store-details-create/constants.ts,90,10
posx-frido-admin,src/routes/store-details/store-details-create/constants.ts,src/routes/store-details/store-edit/components/edit-store-form.tsx,85,11
posx-frido-admin,src/routes/store-details/store-details-create/components/store-details-create-form/store-details-create-form.tsx,src/routes/store-details/store-edit/components/edit-store-form.tsx,85,11
posx-frido-admin,src/routes/csat/csat-analytics/components/analytics-gauge.tsx,src/routes/csat/csat-analytics/components/analytics-report-cards.tsx,85,7
posx-frido-admin,src/routes/csat/csat-analytics/components/analytics-report-cards.tsx,src/routes/csat/csat-analytics/types.ts,85,7
posx-frido-admin,src/routes/csat/csat-analytics/index.tsx,src/routes/csat/csat-analytics/types.ts,85,7
posx-frido-admin,src/routes/csat/csat-analytics/components/analytics-gauge.tsx,src/routes/csat/csat-analytics/components/breakdown-table.tsx,85,7
posx-frido-admin,src/routes/csat/csat-analytics/components/analytics-filters.tsx,src/routes/csat/csat-analytics/types.ts,85,7
posx-frido-admin,src/routes/csat/csat-analytics/components/analytics-filters.tsx,src/routes/csat/csat-analytics/components/analytics-gauge.tsx,85,7
posx-frido-admin,src/routes/csat/csat-analytics/components/breakdown-table.tsx,src/routes/csat/csat-analytics/components/feedback-logs-table.tsx,85,7
posx-frido-admin,src/routes/csat/csat-analytics/components/analytics-report-cards.tsx,src/routes/csat/csat-analytics/components/feedback-logs-table.tsx,85,7
posx-frido-admin,src/routes/csat/csat-analytics/components/analytics-gauge.tsx,src/routes/csat/csat-analytics/index.tsx,85,7
posx-frido-admin,src/routes/csat/csat-analytics/components/feedback-logs-table.tsx,src/routes/csat/csat-analytics/index.tsx,85,7
posx-frido-admin,src/routes/csat/csat-analytics/components/analytics-filters.tsx,src/routes/csat/csat-analytics/components/feedback-logs-table.tsx,85,7
posx-frido-admin,src/routes/store-details/store-details-create/components/store-details-create-form/store-details-create-form.tsx,src/routes/store-details/types.ts,84,10
posx-frido-admin,src/routes/employees/employee-create/components/basic-info-create-form/basic-info-create-form.tsx,src/routes/employees/employee-edit/components/edit-employee-form/edit-employee-form.tsx,83,16
posx-frido-admin,src/components/layout/main-layout/main-layout.tsx,src/providers/router-provider/route-map.tsx,82,20
posx-frido-admin,src/routes/store-details/store-edit/components/edit-store-form.tsx,src/routes/store-details/types.ts,80,10
posx-frido-admin,src/routes/employees/employee-create/components/basic-info-create-form/basic-info-create-form.tsx,src/routes/employees/employee-create/components/employee-create-form/employee-create-form.tsx,78,12
posx-frido-admin,src/routes/employees/employee-create/components/basic-info-create-form/basic-info-create-form.tsx,src/routes/employees/employee-create/constants.ts,78,12
posx-frido-admin,src/routes/employees/employee-create/components/basic-info-create-form/basic-info-create-form.tsx,src/routes/employees/types.ts,75,12
posx-frido-admin,src/routes/csat/csat-analytics/components/analytics-filters.tsx,src/routes/csat/csat-analytics/components/breakdown-table.tsx,75,8
posx-frido-admin,src/routes/csat/csat-analytics/components/analytics-report-cards.tsx,src/routes/csat/csat-analytics/components/breakdown-table.tsx,75,8
posx-frido-admin,src/routes/csat/csat-analytics/components/breakdown-table.tsx,src/routes/csat/csat-analytics/index.tsx,75,8
posx-frido-admin,src/routes/employees/employee-edit/components/edit-employee-form/edit-employee-form.tsx,src/routes/employees/types.ts,74,14
posx-frido-admin,src/hooks/api/csat.tsx,src/routes/csat/csat-list/components/csat-list-table/csat-list-table.tsx,71,7
posx-frido-admin,src/hooks/api/csat.tsx,src/routes/csat/csat-detail/csat-detail.tsx,71,7
posx-frido-admin,src/routes/employees/employee-create/components/employee-create-form/employee-create-form.tsx,src/routes/employees/employee-list/components/employee-list-table/employee-list-table.tsx,70,10
posx-frido-admin,src/routes/employees/employee-create/constants.ts,src/routes/employees/employee-list/components/employee-list-table/employee-list-table.tsx,70,10
posx-frido-admin,package-lock.json,src/hooks/api/csat.tsx,70,10
posx-frido-admin,src/routes/store-details/store-details-create/components/payment-create-form/payment-create-form.tsx,src/routes/store-details/store-details-create/components/store-details-create-form/store-details-create-form.tsx,70,10
posx-frido-admin,src/routes/employees/employee-create/components/employee-create-form/employee-create-form.tsx,src/routes/employees/employee-edit/components/edit-employee-form/edit-employee-form.tsx,69,13
posx-frido-admin,src/routes/employees/employee-create/constants.ts,src/routes/employees/employee-edit/components/edit-employee-form/edit-employee-form.tsx,69,13
posx-frido-admin,src/routes/employees/employee-list/components/employee-list-table/employee-list-table.tsx,src/routes/employees/types.ts,66,11
posx-frido-admin,.github/workflows/deploy-dev.yml,.github/workflows/deploy-prod.yml,66,9
posx-frido-admin,.github/workflows/deploy-dev.yml,.github/workflows/deploy-uat.yml,66,9
posx-frido-admin,src/hooks/api/csat.tsx,src/routes/csat/csat-create/components/csat-create-form.tsx,66,8
posx-frido-admin,src/routes/store-details/store-details-create/components/payment-create-form/payment-create-form.tsx,src/routes/store-details/types.ts,63,10
posx-frido-admin,src/routes/store-details/store-details-create/components/payment-create-form/payment-create-form.tsx,src/routes/store-details/store-details-create/constants.ts,60,10
posx-frido-admin,src/hooks/api/order-details.tsx,src/routes/order-details/types.ts,59,24
posx-frido-admin,package-lock.json,package.json,59,14
posx-frido-admin,src/routes/employees/employee-edit/components/edit-employee-form/edit-employee-form.tsx,src/routes/employees/employee-list/components/employee-list-table/employee-list-table.tsx,57,14
posx-frido-admin,src/routes/store-details/store-details-create/components/payment-create-form/payment-create-form.tsx,src/routes/store-details/store-edit/components/edit-store-form.tsx,57,11
posx-frido-admin,src/hooks/api/order-details.tsx,src/routes/order-details/order-list/components/store-report-table.tsx,56,20
posx-frido-admin,src/routes/employees/employee-create/components/basic-info-create-form/basic-info-create-form.tsx,src/routes/employees/employee-list/components/employee-list-table/employee-list-table.tsx,56,13
posx-frido-admin,src/providers/router-provider/route-map.tsx,src/routes/csat/csat-detail/csat-detail.tsx,53,13
posx-frido-admin,src/providers/router-provider/route-map.tsx,src/routes/csat/csat-list/components/csat-list-table/csat-list-table.tsx,53,13
posx-frido-admin,src/hooks/api/csat.tsx,src/providers/router-provider/route-map.tsx,53,13
posx-frido-admin,src/components/layout/main-layout/main-layout.tsx,src/routes/csat/csat-list/components/csat-list-table/csat-list-table.tsx,51,14
posx-frido-admin,src/providers/router-provider/route-map.tsx,src/routes/csat/csat-create/components/csat-create-form.tsx,51,14
posx-frido-admin,src/components/layout/main-layout/main-layout.tsx,src/routes/csat/csat-detail/csat-detail.tsx,51,14
posx-frido-admin,src/components/layout/main-layout/main-layout.tsx,src/hooks/api/csat.tsx,51,14
posx-frido-admin,package-lock.json,src/providers/router-provider/route-map.tsx,50,16
posx-frido-admin,src/components/layout/main-layout/main-layout.tsx,src/routes/csat/csat-create/components/csat-create-form.tsx,50,14
posx-frido-admin,package-lock.json,src/routes/csat/csat-list/components/csat-list-table/csat-list-table.tsx,50,10
posx-frido-admin,package-lock.json,src/routes/csat/csat-detail/csat-detail.tsx,50,10
posx-frido-admin,src/routes/order-details/order-list/components/store-report-table.tsx,src/routes/order-details/types.ts,48,27
posx-frido-admin,package-lock.json,src/components/layout/main-layout/main-layout.tsx,48,17
posx-frido-admin,src/i18n/translations/en.json,src/routes/employees/employee-create/components/employee-create-form/employee-create-form.tsx,47,11
posx-frido-admin,package-lock.json,src/routes/csat/csat-create/components/csat-create-form.tsx,47,11
posx-frido-admin,src/i18n/translations/en.json,src/routes/employees/employee-create/constants.ts,47,11
posx-frido-admin,src/i18n/translations/en.json,src/routes/store-details/types.ts,47,11
posx-frido-admin,src/i18n/translations/en.json,src/routes/employees/types.ts,45,11
posx-frido-admin,src/i18n/translations/en.json,src/routes/store-details/store-details-create/constants.ts,45,11
posx-frido-admin,src/i18n/translations/en.json,src/routes/employees/employee-create/components/basic-info-create-form/basic-info-create-form.tsx,38,13
posx-frido-admin,src/routes/order-details/order-list/components/order-list-table/order-list-table.tsx,src/routes/order-details/types.ts,34,21
posx-frido-admin,src/i18n/translations/en.json,src/routes/employees/employee-edit/components/edit-employee-form/edit-employee-form.tsx,34,15
posx-frido-admin,src/i18n/translations/en.json,src/routes/order-details/types.ts,32,22
posx-frido-b2b-backend,src/jobs/inventory-snapshot.ts,src/workflows/pos-inventory/steps/batch-update-inventory-step.ts,56,13
posx-frido-b2b-backend,src/jobs/inventory-snapshot.ts,src/modules/pos-inventory/service.ts,50,10
posx-frido-b2b-store,src/components/app/online-orders/payments/cash-form/index.tsx,src/components/app/online-orders/payments/qr-payment-form/index.tsx,83,6
posx-frido-b2b-store,src/pages/online-orders/details/customer-details.tsx,src/pages/online-orders/details/payment-details.tsx,70,9
posx-frido-backend,src/api/admin/petty-cash/requests/[id]/route.ts,src/api/admin/petty-cash/requests/route.ts,100,6
posx-frido-backend,src/modules/petty-cash/migrations/.snapshot-frido.json,src/modules/petty-cash/models/petty-cash-transaction.ts,100,6
posx-frido-backend,src/types/validators/volume-discount.ts,src/workflows/cart/steps/fetch-tectonic-volume-discounts-step.ts,100,5
posx-frido-backend,src/lib/helpers/tectonic-volume-discount-helper.ts,src/workflows/cart/steps/fetch-tectonic-volume-discounts-step.ts,100,5
posx-frido-backend,src/lib/helpers/tectonic-volume-discount-helper.ts,src/types/validators/volume-discount.ts,100,5
posx-frido-backend,src/api/admin/petty-cash/export/route.ts,src/types/validators/petty-cash.ts,94,9
posx-frido-backend,src/lib/helpers/handle-employee-updation.ts,src/types/workflows/employee.ts,93,8
posx-frido-backend,src/modules/store-details/models/store-details.ts,src/types/validators/store-details.ts,88,13
posx-frido-backend,src/types/validators/employee.ts,src/types/workflows/employee.ts,88,9
posx-frido-backend,src/api/admin/petty-cash/categories/[id]/route.ts,src/api/admin/petty-cash/categories/route.ts,88,9
posx-frido-backend,src/lib/helpers/handle-employee-updation.ts,src/workflows/employee/steps/create-employee-step.ts,87,8
posx-frido-backend,src/modules/employee/models/employee.ts,src/types/workflows/employee.ts,87,8
posx-frido-backend,src/modules/payment-details/models/payment-details.ts,src/types/workflows/payment-detail.ts,86,12
posx-frido-backend,package-lock.json,package.json,85,25
posx-frido-backend,src/modules/petty-cash/migrations/.snapshot-frido.json,src/types/validators/petty-cash.ts,85,7
posx-frido-backend,src/api/admin/petty-cash/[id]/route.ts,src/api/admin/petty-cash/deleted/route.ts,85,7
posx-frido-backend,src/modules/amazon-pay/service.ts,src/scripts/amazon-pay-smoke.ts,85,7
posx-frido-backend,src/modules/petty-cash/models/petty-cash-transaction.ts,src/types/validators/petty-cash.ts,85,7
posx-frido-backend,src/types/validators/payment-detail.ts,src/types/workflows/payment-detail.ts,83,12
posx-frido-backend,src/modules/quotation/migrations/.snapshot-postgres.json,src/modules/quotation/models/quotation_product.ts,83,6
posx-frido-backend,src/modules/quotation/migrations/.snapshot-postgres.json,src/modules/quotation/models/quotation.ts,83,6
posx-frido-backend,src/lib/helpers/handle-employee-updation.ts,src/types/validators/employee.ts,82,9
posx-frido-backend,src/types/workflows/employee.ts,src/workflows/employee/steps/create-employee-step.ts,82,9
posx-frido-backend,src/api/admin/petty-cash/export/route.ts,src/modules/petty-cash/migrations/.snapshot-frido.json,80,8
posx-frido-backend,src/lib/helpers/handle-employee-updation.ts,src/modules/employee/models/employee.ts,80,8
posx-frido-backend,src/api/admin/petty-cash/export/route.ts,src/modules/petty-cash/models/petty-cash-transaction.ts,80,8
posx-frido-backend,src/modules/employee/models/employee.ts,src/types/validators/employee.ts,77,9
posx-frido-backend,src/workflows/payment-detail/steps/cancel-payment-details-step.ts,src/workflows/payment-detail/steps/resend-payment-details-step.ts,76,7
posx-frido-backend,src/api/admin/monthly-store-list/route.ts,src/jobs/monthly-store-list-slack.ts,75,8
posx-frido-backend,src/api/admin/petty-cash/[id]/route.ts,src/api/admin/petty-cash/categories/[id]/route.ts,75,8
posx-frido-backend,src/modules/petty-cash/models/petty-cash-transaction.ts,src/modules/petty-cash/service.ts,75,8
posx-frido-backend,src/modules/petty-cash/migrations/.snapshot-frido.json,src/workflows/petty-cash/steps/create-petty-cash-transaction-step.ts,75,8
posx-frido-backend,src/modules/petty-cash/models/petty-cash-transaction.ts,src/workflows/petty-cash/steps/create-petty-cash-transaction-step.ts,75,8
posx-frido-backend,src/modules/petty-cash/migrations/.snapshot-frido.json,src/modules/petty-cash/service.ts,75,8
posx-frido-backend,src/modules/payment-details/models/payment-details.ts,src/types/validators/payment-detail.ts,74,14
posx-frido-backend,src/subscribers/order-detail-online-order-confirmed.ts,src/subscribers/order-detail-order-confirmed.ts,73,25
posx-frido-backend,src/types/validators/employee.ts,src/workflows/employee/steps/create-employee-step.ts,73,10
posx-frido-backend,src/types/validators/store-details.ts,src/types/workflows/store-details.ts,70,10
posx-frido-backend,src/modules/employee/models/employee.ts,src/workflows/employee/steps/create-employee-step.ts,70,9
posx-frido-backend,src/workflows/payment-detail/steps/cancel-payment-details-step.ts,src/workflows/payment-detail/steps/verify-payment-details-step.ts,69,12
posx-frido-backend,src/modules/petty-cash/service.ts,src/types/validators/petty-cash.ts,66,9
posx-frido-backend,src/modules/fallback-order/models/fallback-order-payment.ts,src/types/validators/fallback-order.ts,66,9
posx-frido-backend,src/api/admin/petty-cash/deleted/route.ts,src/api/admin/petty-cash/route.ts,66,9
posx-frido-backend,src/types/validators/petty-cash.ts,src/workflows/petty-cash/steps/create-petty-cash-transaction-step.ts,66,9
posx-frido-backend,src/api/admin/petty-cash/requests/[id]/route.ts,src/api/admin/petty-cash/route.ts,66,9
posx-frido-backend,src/types/workflows/payment-detail.ts,src/workflows/payment-detail/steps/cancel-payment-details-step.ts,66,9
posx-frido-backend,src/api/admin/petty-cash/requests/route.ts,src/api/admin/petty-cash/route.ts,66,9
posx-frido-backend,src/api/admin/petty-cash/[id]/route.ts,src/api/admin/petty-cash/categories/route.ts,66,9
posx-frido-backend,src/api/admin/products/[id]/route.ts,src/types/validators/volume-discount.ts,66,8
posx-frido-backend,src/api/admin/products/[id]/route.ts,src/workflows/cart/steps/fetch-tectonic-volume-discounts-step.ts,66,8
posx-frido-backend,src/api/admin/products/[id]/route.ts,src/lib/helpers/tectonic-volume-discount-helper.ts,66,8
posx-frido-backend,src/types/workflows/payment-detail.ts,src/workflows/payment-detail/steps/resend-payment-details-step.ts,66,8
posx-frido-backend,src/modules/payment-details/models/payment-details.ts,src/workflows/payment-detail/steps/create-payment-detail.ts,64,16
posx-frido-backend,src/types/workflows/payment-detail.ts,src/workflows/payment-detail/steps/create-payment-detail.ts,64,14
posx-frido-backend,src/api/admin/petty-cash/export/route.ts,src/workflows/petty-cash/steps/create-petty-cash-transaction-step.ts,63,10
posx-frido-backend,src/api/admin/petty-cash/export/route.ts,src/modules/petty-cash/service.ts,63,10
posx-frido-backend,src/modules/store-details/models/store-details.ts,src/types/workflows/store-details.ts,63,10
posx-frido-backend,src/api/admin/online-cart/route.ts,src/types/validators/cart.ts,62,24
posx-frido-backend,src/api/shopify/webhooks/middlewares.ts,src/api/shopify/webhooks/order/cancelled/route.ts,62,8
posx-frido-backend,src/workflows/payment-detail/steps/cancel-payment-details-step.ts,src/workflows/payment-detail/steps/create-payment-detail.ts,61,13
posx-frido-backend,src/modules/order-detail/migrations/.snapshot-postgres.json,src/modules/order-detail/models/order-detail.ts,60,17
posx-frido-backend,src/modules/store-details/migrations/.snapshot-postgres.json,src/modules/store-details/models/store-details.ts,60,10
posx-frido-backend,src/api/admin/petty-cash/[id]/route.ts,src/api/admin/petty-cash/route.ts,60,10
posx-frido-backend,src/api/admin/petty-cash/route.ts,src/types/validators/petty-cash.ts,60,10
posx-frido-backend,src/modules/petty-cash/service.ts,src/workflows/petty-cash/steps/create-petty-cash-transaction-step.ts,60,10
posx-frido-backend,.github/workflows/deploy-prod.yml,.github/workflows/deploy-uat.yml,58,12
posx-frido-backend,src/modules/fallback-order/models/fallback-order.ts,src/types/validators/fallback-order.ts,58,9
posx-frido-backend,src/api/admin/petty-cash/export/route.ts,src/api/admin/petty-cash/route.ts,57,11
posx-frido-backend,src/modules/store-details/migrations/.snapshot-postgres.json,src/types/validators/store-details.ts,57,11
posx-frido-backend,src/modules/payment-details/models/payment-details.ts,src/workflows/payment-detail/steps/cancel-payment-details-step.ts,57,11
posx-frido-backend,src/types/validators/payment-detail.ts,src/workflows/payment-detail/steps/create-payment-detail.ts,56,16
posx-frido-backend,src/workflows/cart/steps/apply-campaign-coupon-step.ts,src/workflows/cart/steps/apply-custom-coupon-step.ts,56,13
posx-frido-backend,src/types/validators/payment-detail.ts,src/workflows/payment-detail/steps/verify-payment-details-step.ts,55,15
posx-frido-backend,src/modules/payment-details/models/payment-details.ts,src/workflows/payment-detail/steps/resend-payment-details-step.ts,55,9
posx-frido-backend,src/workflows/payment-detail/steps/create-payment-detail.ts,src/workflows/payment-detail/steps/verify-payment-details-step.ts,54,17
posx-frido-backend,src/types/validators/payment-detail.ts,src/workflows/payment-detail/steps/cancel-payment-details-step.ts,54,11
posx-frido-backend,src/modules/order-detail/models/order-detail.ts,src/types/validators/order-detail.ts,53,23
posx-frido-backend,src/api/admin/cart/route.ts,src/api/admin/online-cart/route.ts,52,21
posx-frido-backend,src/workflows/cart/steps/add-to-cart-step.ts,src/workflows/online-cart/steps/add-to-online-cart-step.ts,52,12
posx-frido-backend,src/workflows/order-detail/steps/create-exchange-order-detail-step.ts,src/workflows/quotation/steps/create-online-order-from-quotation-step.ts,52,12
posx-frido-backend,src/types/validators/payment-detail.ts,src/workflows/payment-detail/steps/resend-payment-details-step.ts,52,10
posx-frido-backend,src/workflows/cart/steps/apply-combo-discount-to-cart-step.ts,src/workflows/cart/workflows/apply-combo-discount.ts,52,10
posx-frido-backend,src/workflows/online-order/steps/confirm-online-order-step.ts,src/workflows/order-detail/steps/confirm-order-detail-step.ts,50,34
posx-frido-backend,src/modules/payment-details/models/payment-details.ts,src/workflows/payment-detail/steps/verify-payment-details-step.ts,50,14
posx-frido-backend,src/modules/quotation/models/quotation.ts,src/types/validators/quotation.ts,50,10
posx-frido-backend,src/workflows/payment-detail/steps/resend-payment-details-step.ts,src/workflows/payment-detail/steps/verify-payment-details-step.ts,50,10
posx-frido-backend,src/workflows/cart/steps/apply-campaign-coupon-step.ts,src/workflows/cart/steps/apply-promotional-coupon-step.ts,50,10
posx-frido-backend,src/workflows/online-order/steps/create-online-order-step.ts,src/workflows/order-detail/steps/create-order-detail-step.ts,49,29
posx-frido-backend,src/types/workflows/payment-detail.ts,src/workflows/payment-detail/steps/verify-payment-details-step.ts,48,13
posx-frido-backend,src/lib/helpers/build-summary.ts,src/types/validators/cart.ts,47,26
posx-frido-backend,src/types/validators/quotation.ts,src/workflows/quotation/steps/update-quotation-step.ts,47,11
posx-frido-backend,src/api/shopify/webhooks/order/cancelled/route.ts,src/api/shopify/webhooks/order/updated/route.ts,46,15
posx-frido-backend,src/modules/quotation/migrations/.snapshot-postgres.json,src/types/validators/quotation.ts,45,11
posx-frido-backend,src/types/validators/cart.ts,src/workflows/online-cart/steps/adjust-cart-item-price-step.ts,44,18
posx-frido-backend,src/api/admin/online-cart/route.ts,src/workflows/online-cart/steps/adjust-cart-item-price-step.ts,44,18
posx-frido-backend,src/workflows/cart/steps/apply-combo-discount-to-cart-step.ts,src/workflows/online-cart/steps/adjust-cart-item-price-step.ts,43,12
posx-frido-backend,src/workflows/payment-detail/steps/create-payment-detail.ts,src/workflows/payment-detail/steps/resend-payment-details-step.ts,43,12
posx-frido-backend,src/api/admin/cart/route.ts,src/types/validators/cart.ts,42,21
posx-frido-backend,src/modules/order-detail/migrations/.snapshot-postgres.json,src/modules/order-detail/models/order-product-detail.ts,42,17
posx-frido-backend,src/types/validators/quotation.ts,src/workflows/quotation/steps/create-quotation-step.ts,42,14
posx-frido-backend,src/lib/helpers/build-summary.ts,src/workflows/online-cart/steps/adjust-cart-item-price-step.ts,41,20
posx-frido-backend,.github/workflows/deploy-prod.yml,.github/workflows/deploy.yml,41,12
posx-frido-backend,src/modules/pdf-client/service.ts,src/workflows/quotation/steps/generate-and-send-quotation-step.ts,41,12
posx-frido-backend,src/workflows/online-cart/steps/adjust-cart-item-price-step.ts,src/workflows/online-cart/workflows/adjust-cart-item-price.ts,41,12
posx-frido-backend,src/api/admin/online-cart/route.ts,src/workflows/online-cart/steps/add-to-online-cart-step.ts,40,18
posx-frido-backend,src/api/admin/online-cart/route.ts,src/workflows/cart/workflows/add-to-cart.ts,40,18
posx-frido-backend,src/api/admin/monthly-store-list/route.ts,src/api/middlewares.ts,40,15
posx-frido-backend,src/modules/order-detail/models/order-detail.ts,src/modules/order-detail/models/order-product-detail.ts,40,15
posx-frido-backend,src/modules/order-detail/migrations/.snapshot-postgres.json,src/types/validators/online-order.ts,40,15
posx-frido-backend,src/workflows/cart/steps/apply-campaign-coupon-step.ts,src/workflows/cart/steps/apply-combo-discount-to-cart-step.ts,40,13
posx-frido-backend,src/api/admin/online-cart/route.ts,src/lib/helpers/build-summary.ts,39,26
posx-frido-backend,src/lib/helpers/build-summary.ts,src/workflows/cart/steps/apply-campaign-coupon-step.ts,39,21
posx-frido-backend,src/modules/order-detail/migrations/.snapshot-postgres.json,src/workflows/online-order/steps/create-online-order-step.ts,38,24
posx-frido-backend,src/workflows/cart/steps/apply-campaign-coupon-step.ts,src/workflows/online-cart/steps/adjust-cart-item-price-step.ts,38,13
posx-frido-backend,src/modules/order-detail/migrations/.snapshot-postgres.json,src/types/validators/order-detail.ts,37,24
posx-frido-backend,src/lib/helpers/build-summary.ts,src/workflows/cart/steps/apply-combo-discount-to-cart-step.ts,36,19
posx-frido-backend,src/modules/order-detail/models/order-product-detail.ts,src/types/validators/order-detail.ts,35,23
posx-frido-backend,medusa-config.ts,src/api/middlewares.ts,35,20
posx-frido-backend,src/api/middlewares.ts,src/modules/petty-cash/service.ts,35,17
posx-frido-backend,src/api/middlewares.ts,src/jobs/monthly-store-list-slack.ts,35,17
posx-frido-backend,src/api/shopify/webhooks/middlewares.ts,src/api/shopify/webhooks/order/updated/route.ts,35,14
posx-frido-backend,src/modules/order-detail/migrations/.snapshot-postgres.json,src/workflows/order-detail/steps/create-order-detail-step.ts,34,23
posx-frido-backend,src/api/admin/cart/route.ts,src/workflows/cart/workflows/add-to-cart.ts,34,15
posx-frido-backend,src/api/admin/online-cart/route.ts,src/workflows/online-cart/workflows/adjust-cart-item-price.ts,33,18
posx-frido-backend,src/api/admin/cart/route.ts,src/workflows/online-cart/steps/adjust-cart-item-price-step.ts,33,15
posx-frido-backend,medusa-config.ts,src/workflows/payment-detail/steps/verify-payment-details-step.ts,33,15
posx-frido-backend,src/modules/order-detail/models/order-product-detail.ts,src/workflows/order-detail/steps/create-order-detail-step.ts,32,22
posx-frido-backend,src/modules/order-detail/models/order-detail.ts,src/workflows/order-detail/steps/create-order-detail-step.ts,32,22
posx-frido-backend,src/types/validators/order-detail.ts,src/workflows/order-detail/steps/create-order-detail-step.ts,31,29
posx-frido-backend,src/api/admin/products/[id]/route.ts,src/workflows/order-detail/steps/create-order-detail-step.ts,31,19
posx-frido-backend,src/lib/helpers/build-summary.ts,src/workflows/online-cart/steps/add-to-online-cart-step.ts,31,19
posx-frido-backend,src/lib/helpers/build-summary.ts,src/workflows/cart/steps/apply-custom-coupon-step.ts,31,19
posx-frido-backend,src/api/admin/order-detail/export/route.ts,src/workflows/exports/steps/generate-order-export-csv-step.ts,31,16
posx-frido-backend,src/lib/helpers/build-summary.ts,src/workflows/cart/steps/add-to-cart-step.ts,30,20
posx-frido-backend,src/types/validators/volume-discount.ts,src/workflows/order-detail/steps/create-order-detail-step.ts,30,17
posx-frido-backend,package.json,src/jobs/monthly-store-list-slack.ts,30,17
posx-frido-backend,src/lib/helpers/build-summary.ts,src/workflows/cart/steps/apply-promotional-coupon-step.ts,30,17
posx-frido-backend,src/lib/helpers/tectonic-volume-discount-helper.ts,src/workflows/order-detail/steps/create-order-detail-step.ts,30,17
posx-frido-backend,src/workflows/cart/steps/fetch-tectonic-volume-discounts-step.ts,src/workflows/order-detail/steps/create-order-detail-step.ts,30,17
posx-frido-mobility-backend,src/subscribers/order-detail-online-order-confirmed.ts,src/subscribers/order-detail-order-confirmed.ts,100,10
posx-frido-mobility-store,src/components/app/online-orders/payments/bank-transfer-form/index.tsx,src/components/app/order/steps/payment-details/bank-transfer-form/index.tsx,100,6
posx-frido-store,src/components/app/petty-cash/add-expense/index.tsx,src/components/app/petty-cash/add-expense/schema.ts,100,8
posx-frido-store,src/components/app/petty-cash/add-expense/index.tsx,src/types/petty-cash.ts,100,8
posx-frido-store,src/components/app/petty-cash/add-expense/schema.ts,src/types/petty-cash.ts,100,8
posx-frido-store,src/components/app/online-orders/payments/single-payment.tsx,src/components/app/online-orders/payments/split-payment.tsx,100,7
posx-frido-store,src/components/app/online-orders/payments/qr-payment-form/schema.ts,src/components/app/order/steps/payment-details/qr-payment-form/schema.ts,100,7
posx-frido-store,src/components/app/online-orders/payments/index.tsx,src/components/app/order/steps/payment-details/index.tsx,100,5
posx-frido-store,src/pages/online-orders/details/_layout.tsx,src/pages/orders/details/_layout.tsx,93,8
posx-frido-store,src/components/app/order/steps/payment-details/single-payment.tsx,src/components/app/order/steps/payment-details/split-payment.tsx,93,8
posx-frido-store,src/components/app/online-orders/payments/qr-payment-form/index.tsx,src/components/app/order/steps/payment-details/qr-payment-form/index.tsx,92,7
posx-frido-store,src/components/app/customer/customer-login/index.tsx,src/components/app/customer/customer-login/schema.ts,90,10
posx-frido-store,src/store/actions/index.ts,src/store/index.ts,88,14
posx-frido-store,src/store/middlewares/customer.middleware.ts,src/types/customer.ts,88,9
posx-frido-store,src/components/app/petty-cash/add-expense/index.tsx,src/store/apis/petty-cash.request.ts,85,7
posx-frido-store,src/components/app/petty-cash/add-expense/index.tsx,src/components/app/petty-cash/petty-cash-filter.tsx,85,7
posx-frido-store,src/components/app/online-orders/payments/split-payment.tsx,src/components/app/order/steps/payment-details/split-payment.tsx,85,7
posx-frido-store,src/components/app/petty-cash/add-expense/schema.ts,src/components/app/petty-cash/petty-cash-filter.tsx,85,7
posx-frido-store,src/store/apis/petty-cash.request.ts,src/types/petty-cash.ts,85,7
posx-frido-store,src/components/app/online-orders/payments/single-payment.tsx,src/components/app/order/steps/payment-details/split-payment.tsx,85,7
posx-frido-store,src/components/app/product/online-campaign-coupon/index.tsx,src/components/app/product/online-promotional-coupon/index.tsx,85,7
posx-frido-store,src/components/app/petty-cash/add-expense/schema.ts,src/store/apis/petty-cash.request.ts,85,7
posx-frido-store,.github/workflows/deploy-prod.yml,.github/workflows/deploy-uat.yml,85,7
posx-frido-store,src/components/app/petty-cash/petty-cash-filter.tsx,src/types/petty-cash.ts,85,7
posx-frido-store,src/components/app/petty-cash/petty-cash-filter.tsx,src/pages/petty-cash/index.tsx,85,7
posx-frido-store,src/pages/online-orders/details/confirm-order.tsx,src/pages/online-orders/details/payment-details.tsx,83,12
posx-frido-store,src/components/app/fallback-order/fallback-order-form.tsx,src/types/fallback-order.ts,82,9
posx-frido-store,src/components/app/order/frido-connect-modal.tsx,src/pages/frido-connect/index.tsx,80,15
posx-frido-store,src/components/app/online-orders/payments/split-payment.tsx,src/components/app/order/steps/payment-details/single-payment.tsx,80,8
posx-frido-store,src/components/app/online-orders/payments/single-payment.tsx,src/components/app/order/steps/payment-details/single-payment.tsx,80,8
posx-frido-store,src/components/app/home/campaign-coupon/index.tsx,src/components/app/home/promotional-coupon/index.tsx,80,8
posx-frido-store,src/store/reducers/cart.reducer.ts,src/store/reducers/online-cart.reducer.ts,77,9
posx-frido-store,src/components/app/product/AddToCartModal.tsx,src/pages/products/details.tsx,76,25
posx-frido-store,src/libs/configs/protected-routes.ts,src/store/actions/index.ts,76,13
posx-frido-store,src/components/app/order/steps/payment-details/qr-payment-form/index.tsx,src/components/app/order/steps/payment-details/qr-payment-form/schema.ts,76,7
posx-frido-store,src/components/app/online-orders/payments/qr-payment-form/schema.ts,src/components/app/order/steps/payment-details/qr-payment-form/index.tsx,76,7
posx-frido-store,package.json,pnpm-lock.yaml,75,12
posx-frido-store,src/components/app/online-orders/payments/single-payment.tsx,src/types/transaction.ts,75,8
posx-frido-store,src/components/app/petty-cash/add-expense/index.tsx,src/pages/petty-cash/index.tsx,75,8
posx-frido-store,src/components/app/petty-cash/add-expense/schema.ts,src/pages/petty-cash/index.tsx,75,8
posx-frido-store,src/pages/petty-cash/index.tsx,src/types/petty-cash.ts,75,8
posx-frido-store,src/components/app/online-orders/payments/split-payment.tsx,src/types/transaction.ts,75,8
posx-frido-store,src/store/actions/index.ts,src/store/middlewares/index.ts,73,10
posx-frido-store,src/pages/customer/quotations/details.tsx,src/pages/quotations/details.tsx,73,10
posx-frido-store,src/libs/configs/protected-routes.ts,src/libs/pathbuilder.ts,72,11
posx-frido-store,src/components/app/petty-cash/petty-cash-transactions-table.tsx,src/types/petty-cash.ts,72,11
posx-frido-store,src/components/app/petty-cash/petty-cash-transactions-table.tsx,src/pages/petty-cash/index.tsx,72,11
posx-frido-store,src/components/app/petty-cash/add-expense/index.tsx,src/components/app/petty-cash/petty-cash-transactions-table.tsx,72,11
posx-frido-store,src/components/app/petty-cash/add-expense/schema.ts,src/components/app/petty-cash/petty-cash-transactions-table.tsx,72,11
posx-frido-store,src/components/app/online-orders/payments/qr-payment-form/index.tsx,src/components/app/online-orders/payments/qr-payment-form/schema.ts,71,7
posx-frido-store,src/components/app/online-orders/payments/qr-payment-form/index.tsx,src/components/app/order/steps/payment-details/qr-payment-form/schema.ts,71,7
posx-frido-store,src/components/app/customer/customer-login/index.tsx,src/store/middlewares/customer.middleware.ts,70,9
posx-frido-store,src/libs/configs/protected-routes.ts,src/store/index.ts,68,15
posx-frido-store,src/pages/online-orders/details/confirm-order.tsx,src/pages/online-orders/details/review-order.tsx,66,12
posx-frido-store,src/pages/online-orders/details/order-details.tsx,src/pages/orders/details/order-details.tsx,66,11
posx-frido-store,src/store/apis/online-cart.request.ts,src/store/reducers/online-cart.reducer.ts,66,11
posx-frido-store,src/store/apis/cart.request.ts,src/store/reducers/cart.reducer.ts,66,9
posx-frido-store,src/pages/online-orders/details/payment-details.tsx,src/pages/orders/details/payment-details.tsx,64,13
posx-frido-store,src/store/index.ts,src/store/middlewares/index.ts,63,11
posx-frido-store,src/libs/quotation.ts,src/types/quotation.ts,63,11
posx-frido-store,src/components/app/customer/customer-login/schema.ts,src/store/middlewares/customer.middleware.ts,63,10
posx-frido-store,src/components/app/customer/customer-login/index.tsx,src/types/customer.ts,63,10
posx-frido-store,src/store/apis/online-cart.request.ts,src/types/cart.ts,62,15
posx-frido-store,src/components/app/customer/customer-login/schema.ts,src/components/app/customer/customer-survey-form.tsx,62,8
posx-frido-store,src/components/app/order/steps/payment-details/split-payment.tsx,src/types/transaction.ts,62,8
posx-frido-store,src/components/app/petty-cash/petty-cash-transactions-table.tsx,src/store/apis/petty-cash.request.ts,60,10
posx-frido-store,src/components/app/petty-cash/petty-cash-filter.tsx,src/components/app/petty-cash/petty-cash-transactions-table.tsx,60,10
posx-frido-store,src/components/app/payments/shared/order-transactions-table.tsx,src/types/transaction.ts,58,12
posx-frido-store,src/components/app/order/steps/payment-details/single-payment.tsx,src/types/transaction.ts,58,9
posx-frido-store,src/components/app/home/index.tsx,src/components/app/product/cart-panel.tsx,57,28
posx-frido-store,src/components/app/product/cart-panel.tsx,src/components/app/product/online-cart-card.tsx,57,25
posx-frido-store,src/components/app/product/online-cart-card.tsx,src/store/apis/online-cart.request.ts,57,14
posx-frido-store,src/store/apis/cart.request.ts,src/store/apis/online-cart.request.ts,57,11
posx-frido-store,src/components/app/customer/customer-login/schema.ts,src/types/customer.ts,57,11
posx-frido-store,src/libs/configs/protected-routes.ts,src/store/middlewares/index.ts,57,11
posx-frido-store,src/pages/online-orders/details/confirm-order.tsx,src/pages/orders/details/payment-details.tsx,56,13
posx-frido-store,src/store/reducers/quotation.reducer.ts,src/types/quotation.ts,55,9
posx-frido-store,src/store/reducers/online-cart.reducer.ts,src/types/cart.ts,53,13
posx-frido-store,src/components/app/product/cart-panel.tsx,src/types/cart.ts,52,25
posx-frido-store,src/components/app/home/cart-card.tsx,src/components/app/product/online-cart-card.tsx,52,17
posx-frido-store,src/pages/online-orders/details/order-details.tsx,src/pages/orders/details/payment-details.tsx,52,12
posx-frido-store,src/store/apis/online-cart.request.ts,src/store/middlewares/online-cart.middleware.ts,52,10
posx-frido-store,src/libs/online-orders.ts,src/libs/order.ts,50,24
posx-frido-store,src/components/layouts/app/sidebar.tsx,src/libs/configs/protected-routes.ts,50,16
posx-frido-store,src/pages/online-orders/details/payment-details.tsx,src/pages/online-orders/details/review-order.tsx,50,12
posx-frido-store,src/pages/orders/details/order-details.tsx,src/pages/orders/details/payment-details.tsx,50,12
posx-frido-store,src/libs/pathbuilder.ts,src/store/actions/index.ts,50,10
posx-frido-store,src/pages/online-orders/details/customer-details.tsx,src/pages/online-orders/details/review-order.tsx,48,19
posx-frido-store,src/components/app/product/online-cart-card.tsx,src/types/cart.ts,48,17
posx-frido-store,src/components/app/product/adjust-price-modal.tsx,src/components/app/product/online-cart-card.tsx,48,13
posx-frido-store,src/components/layouts/app/sidebar.tsx,src/store/middlewares/index.ts,48,13
posx-frido-store,src/components/app/product/online-cart-card.tsx,src/store/apis/cart.request.ts,48,13
posx-frido-store,src/pages/orders/details/customer-details.tsx,src/pages/orders/details/payment-details.tsx,47,11
posx-frido-store,src/store/apis/online-cart.request.ts,src/store/reducers/cart.reducer.ts,47,11
posx-frido-store,src/components/app/product/adjust-price-modal.tsx,src/store/apis/online-cart.request.ts,47,11
posx-frido-store,src/components/app/product/online-card.tsx,src/pages/online-orders/details/review-order.tsx,47,11
posx-frido-store,src/components/app/home/cart-card.tsx,src/pages/online-orders/details/review-order.tsx,46,15
posx-frido-store,src/components/layouts/app/sidebar.tsx,src/store/actions/index.ts,46,15
posx-frido-store,src/store/reducers/cart.reducer.ts,src/types/cart.ts,46,13
posx-frido-store,src/store/apis/cart.request.ts,src/types/cart.ts,46,13
posx-frido-store,src/components/app/home/index.tsx,src/types/cart.ts,45,20
posx-frido-store,src/pages/online-orders/details/order-details.tsx,src/pages/online-orders/details/payment-details.tsx,45,11
posx-frido-store,src/pages/online-orders/details/confirm-order.tsx,src/pages/online-orders/details/order-details.tsx,45,11
posx-frido-store,src/components/app/home/cart-card.tsx,src/components/app/product/cart-panel.tsx,43,26
posx-frido-store,src/pages/customer/quotations/details.tsx,src/types/quotation.ts,43,12
posx-frido-store,src/libs/pathbuilder.ts,src/store/index.ts,43,12
posx-frido-store,src/components/layouts/app/sidebar.tsx,src/store/index.ts,42,17
posx-frido-store,src/components/app/home/index.tsx,src/components/app/product/online-cart-card.tsx,41,20
posx-frido-store,src/components/app/product/online-card.tsx,src/pages/online-orders/details/customer-details.tsx,41,17
posx-frido-store,src/libs/online-orders.ts,src/types/cart.ts,40,22
posx-frido-store,src/components/app/product/online-cart-card.tsx,src/store/reducers/cart.reducer.ts,40,13
posx-frido-store,src/components/app/product/online-cart-card.tsx,src/store/reducers/online-cart.reducer.ts,40,13
posx-frido-store,src/libs/online-orders.ts,src/types/order.ts,39,23
posx-frido-store,src/components/app/home/cart-card.tsx,src/components/app/home/index.tsx,39,21
posx-frido-store,src/components/app/product/adjust-price-modal.tsx,src/components/app/product/cart-panel.tsx,38,21
posx-frido-store,src/components/app/product/adjust-price-modal.tsx,src/types/cart.ts,38,13
posx-frido-store,src/components/app/product/cart-panel.tsx,src/libs/order.ts,37,27
posx-frido-store,src/pages/online-orders/details/confirm-order.tsx,src/pages/online-orders/details/customer-details.tsx,37,19
posx-frido-store,src/components/app/home/index.tsx,src/store/apis/cart.request.ts,37,16
posx-frido-store,src/store/middlewares/customer.middleware.ts,src/types/order.ts,37,14
posx-frido-store,src/components/app/home/cart-card.tsx,src/components/app/product/online-card.tsx,37,14
posx-frido-store,src/components/app/product/cart-panel.tsx,src/store/apis/online-cart.request.ts,35,23
posx-frido-store,src/components/app/home/index.tsx,src/store/apis/online-cart.request.ts,34,18
posx-frido-store,src/types/customer.ts,src/types/order.ts,34,15
posx-frido-store,src/components/app/product/cart-panel.tsx,src/libs/online-orders.ts,33,30
posx-frido-store,src/components/app/product/cart-checkout.tsx,src/components/app/product/cart-panel.tsx,33,21
posx-frido-store,src/components/app/product/cart-panel.tsx,src/store/reducers/online-cart.reducer.ts,33,21
posx-frido-store,src/libs/online-orders.ts,src/store/reducers/cart.reducer.ts,33,18
posx-frido-store,src/components/app/order/order-summary.tsx,src/types/order.ts,33,15
posx-frido-store,src/components/app/home/campaign-coupon/index.tsx,src/components/app/home/index.tsx,33,15
posx-frido-store,src/components/app/home/cart-card.tsx,src/pages/online-orders/details/confirm-order.tsx,33,15
posx-frido-store,src/components/app/product/online-cart-card.tsx,src/libs/online-orders.ts,32,22
posx-frido-store,src/components/app/home/cart-card.tsx,src/pages/online-orders/details/customer-details.tsx,32,22
posx-frido-store,src/pages/online-orders/details/customer-details.tsx,src/pages/online-orders/details/payment-details.tsx,32,19
posx-frido-store,src/components/app/home/index.tsx,src/components/app/home/promotional-coupon/index.tsx,32,16
posx-frido-store,src/components/app/product/cart-panel.tsx,src/pages/online-orders/details/customer-details.tsx,31,29
posx-frido-store,src/pages/online-orders/details/customer-details.tsx,src/types/order.ts,31,22
posx-frido-store,src/components/app/home/index.tsx,src/libs/order.ts,31,22
posx-frido-store,src/libs/order.ts,src/types/cart.ts,31,19
posx-frido-store,src/components/app/home/index.tsx,src/store/reducers/cart.reducer.ts,31,16
posx-frido-store,src/components/app/home/index.tsx,src/store/reducers/online-cart.reducer.ts,31,16
posx-frido-store,src/types/order.ts,src/types/quotation.ts,31,16
posx-frido-store,src/components/app/home/cart-card.tsx,src/libs/order.ts,30,20
posx-frido-store,src/pages/online-orders/details/customer-details.tsx,src/pages/orders/details/customer-details.tsx,30,17
posx-mokobara-admin,src/routes/products/product-detail/components/product-shopify-section/product-shopify-section.tsx,src/routes/products/product-detail/product-detail.tsx,100,6
posx-mokobara-admin,src/routes/inventory/rfid-list/components/rfid-list-table.tsx,src/routes/inventory/rfid-list/components/use-rfid-list-api.tsx,100,5
posx-mokobara-admin,src/routes/product-variants/product-variant-detail/components/variant-shopify-section/variant-shopify-section.tsx,src/routes/products/product-detail/components/product-shopify-section/product-shopify-section.tsx,92,7
posx-mokobara-admin,src/routes/product-variants/product-variant-detail/components/variant-general-section/variant-general-section.tsx,src/routes/product-variants/product-variant-detail/components/variant-shopify-section/variant-shopify-section.tsx,92,7
posx-mokobara-admin,src/routes/product-variants/product-variant-detail/components/variant-general-section/variant-general-section.tsx,src/routes/products/product-detail/components/product-general-section/product-general-section.tsx,92,7
posx-mokobara-admin,src/routes/product-variants/product-variant-detail/components/variant-shopify-section/variant-shopify-section.tsx,src/routes/products/product-detail/product-detail.tsx,92,7
posx-mokobara-admin,src/routes/product-variants/product-variant-detail/product-variant-detail.tsx,src/routes/products/product-detail/components/product-shopify-section/product-shopify-section.tsx,90,6
posx-mokobara-admin,src/routes/product-variants/product-variant-detail/product-variant-detail.tsx,src/routes/products/product-detail/product-detail.tsx,90,6
posx-mokobara-admin,src/routes/product-variants/product-variant-detail/components/variant-general-section/variant-general-section.tsx,src/routes/product-variants/product-variant-detail/product-variant-detail.tsx,90,6
posx-mokobara-admin,src/routes/store-details/store-edit/components/edit-store-form.tsx,src/routes/store-details/types.ts,88,14
posx-mokobara-admin,src/routes/employees/employee-create/components/employee-create-form/employee-create-form.tsx,src/routes/employees/employee-create/constants.ts,87,8
posx-mokobara-admin,src/routes/product-variants/product-variant-detail/components/variant-shopify-section/variant-shopify-section.tsx,src/routes/products/product-detail/components/product-general-section/product-general-section.tsx,85,7
posx-mokobara-admin,src/hooks/table/columns/use-tracked-coupon-table-columns.tsx,src/routes/tracked-coupons/tracked-coupon-list/components/tracked-coupon-list-table/tracked-coupon-list-table.tsx,85,7
posx-mokobara-admin,src/routes/product-variants/product-variant-detail/components/variant-general-section/variant-general-section.tsx,src/routes/products/product-detail/product-detail.tsx,83,6
posx-mokobara-admin,src/routes/product-variants/product-variant-detail/product-variant-detail.tsx,src/routes/products/product-detail/components/product-variant-section/product-variant-section.tsx,83,6
posx-mokobara-admin,src/routes/product-variants/product-variant-detail/product-variant-detail.tsx,src/routes/products/product-detail/components/product-general-section/product-general-section.tsx,83,6
posx-mokobara-admin,src/routes/product-variants/product-variant-detail/components/variant-shopify-section/variant-shopify-section.tsx,src/routes/product-variants/product-variant-detail/product-variant-detail.tsx,83,6
posx-mokobara-admin,src/routes/product-variants/product-variant-detail/components/variant-general-section/variant-general-section.tsx,src/routes/products/product-detail/components/product-shopify-section/product-shopify-section.tsx,83,6
posx-mokobara-admin,src/routes/reports/category-sales/components/category-sales-metrics.tsx,src/routes/reports/employee-performance/components/employee-performance-metrics.tsx,81,19
posx-mokobara-admin,src/hooks/api/gift-vouchers.tsx,src/types/gift-voucher.ts,80,10
posx-mokobara-admin,src/routes/store-coupons/coupon-create/components/coupon-create-form/coupon-create-form.tsx,src/routes/store-coupons/coupon-create/constants.ts,80,8
posx-mokobara-admin,src/routes/store-details/store-details-create/components/store-details-create-form/store-details-create-form.tsx,src/routes/store-details/types.ts,78,12
posx-mokobara-admin,src/routes/product-variants/product-variant-detail/components/variant-general-section/variant-general-section.tsx,src/routes/products/product-detail/components/product-variant-section/product-variant-section.tsx,76,7
posx-mokobara-admin,src/routes/products/product-detail/components/product-variant-section/product-variant-section.tsx,src/routes/products/product-detail/product-detail.tsx,76,7
posx-mokobara-admin,src/routes/reports/employee-performance/employee-performance.tsx,src/routes/reports/sales-report/sales-report.tsx,76,7
posx-mokobara-admin,src/routes/products/product-detail/components/product-general-section/product-general-section.tsx,src/routes/products/product-detail/product-detail.tsx,76,7
posx-mokobara-admin,src/routes/employees/employee-create/components/employee-create-form/employee-create-form.tsx,src/routes/employees/types.ts,76,7
posx-mokobara-admin,src/routes/products/product-detail/components/product-general-section/product-general-section.tsx,src/routes/products/product-detail/components/product-shopify-section/product-shopify-section.tsx,76,7
posx-mokobara-admin,src/hooks/api/synced-shopify-coupons.tsx,src/hooks/api/tracked-coupons.tsx,76,7
posx-mokobara-admin,src/routes/employees/employee-create/constants.ts,src/routes/employees/types.ts,76,7
posx-mokobara-admin,src/routes/products/product-detail/components/product-shopify-section/product-shopify-section.tsx,src/routes/products/product-detail/components/product-variant-section/product-variant-section.tsx,76,7
posx-mokobara-admin,src/routes/store-details/store-details-create/constants.ts,src/routes/store-details/store-edit/components/edit-store-form.tsx,75,19
posx-mokobara-admin,src/routes/employees/employee-create/components/basic-info-create-form/basic-info-create-form.tsx,src/routes/employees/employee-edit/components/edit-employee-form/edit-employee-form.tsx,73,19
posx-mokobara-admin,src/routes/store-coupons/coupon-create/components/discount-configuration-form/discount-configuration-form.tsx,src/routes/store-coupons/coupon-edit/components/edit-coupon-form.tsx,72,11
posx-mokobara-admin,src/routes/products/product-detail/components/product-general-section/product-general-section.tsx,src/routes/products/product-detail/components/product-variant-section/product-variant-section.tsx,71,7
posx-mokobara-admin,src/routes/product-variants/product-variant-detail/components/variant-shopify-section/variant-shopify-section.tsx,src/routes/products/product-detail/components/product-variant-section/product-variant-section.tsx,71,7
posx-mokobara-admin,src/components/layout/main-layout/main-layout.tsx,src/providers/router-provider/route-map.tsx,70,29
posx-mokobara-admin,src/routes/reports/employee-performance/components/employee-performance-metrics.tsx,src/routes/reports/sales-report/components/sales-report-metrics.tsx,70,19
posx-mokobara-admin,src/routes/store-details/store-details-create/constants.ts,src/routes/store-details/types.ts,70,17
posx-mokobara-admin,src/routes/reports/employee-targets/components/employee-targets-list.tsx,src/routes/reports/sales-targets/components/sales-targets-list.tsx,70,9
posx-mokobara-admin,src/routes/store-details/store-details-create/components/store-details-create-form/store-details-create-form.tsx,src/routes/store-details/store-edit/components/edit-store-form.tsx,69,13
posx-mokobara-admin,src/routes/reports/category-sales/components/category-sales-metrics.tsx,src/routes/reports/sales-report/components/sales-report-metrics.tsx,68,16
posx-mokobara-admin,src/routes/employees/employee-create/components/basic-info-create-form/basic-info-create-form.tsx,src/routes/employees/employee-create/constants.ts,66,12
posx-mokobara-admin,src/routes/store-coupons/coupon-create/constants.ts,src/routes/store-coupons/coupon-edit/components/edit-coupon-form.tsx,66,11
posx-mokobara-admin,src/routes/store-coupons/coupon-create/components/basic-info-create-form/basic-info-create-form.tsx,src/routes/store-coupons/coupon-create/constants.ts,66,8
posx-mokobara-admin,src/routes/gift-vouchers/components/voucher-detail-drawer.tsx,src/routes/gift-vouchers/components/vouchers-tab.tsx,62,8
posx-mokobara-admin,src/routes/store-coupons/coupon-create/components/coupon-create-form/coupon-create-form.tsx,src/routes/store-coupons/coupon-create/components/discount-configuration-form/discount-configuration-form.tsx,62,8
posx-mokobara-admin,src/routes/store-details/store-details-create/components/store-details-create-form/store-details-create-form.tsx,src/routes/store-details/store-details-create/constants.ts,60,17
posx-mokobara-admin,src/hooks/api/gift-vouchers.tsx,src/routes/gift-vouchers/components/batch-detail-drawer.tsx,60,12
posx-mokobara-admin,src/routes/store-coupons/coupon-create/components/coupon-create-form/coupon-create-form.tsx,src/routes/store-coupons/coupon-edit/components/edit-coupon-form.tsx,60,10
posx-mokobara-admin,src/routes/gift-vouchers/components/batch-detail-drawer.tsx,src/types/gift-voucher.ts,59,14
posx-mokobara-admin,src/routes/employees/employee-create/components/basic-info-create-form/basic-info-create-form.tsx,src/routes/employees/employee-create/components/employee-create-form/employee-create-form.tsx,58,12
posx-mokobara-admin,src/routes/reports/employee-targets/components/employee-targets-list.tsx,src/types/reports.ts,57,14
posx-mokobara-admin,src/hooks/api/reports.tsx,src/types/reports.ts,56,13
posx-mokobara-admin,src/routes/reports/employee-performance/components/employee-performance-metrics.tsx,src/types/reports.ts,52,19
posx-mokobara-admin,src/routes/gift-vouchers/components/batch-detail-drawer.tsx,src/routes/gift-vouchers/components/use-voucher-card.ts,52,12
posx-mokobara-admin,src/hooks/api/reports.tsx,src/routes/reports/employee-targets/components/employee-targets-list.tsx,52,10
posx-mokobara-admin,src/routes/store-details/store-details-create/components/payment-create-form/payment-create-form.tsx,src/routes/store-details/store-details-create/constants.ts,51,16
posx-mokobara-admin,src/routes/gift-vouchers/components/batch-detail-drawer.tsx,src/routes/gift-vouchers/components/use-batch-cards.ts,50,12
posx-mokobara-admin,src/routes/gift-vouchers/components/issue-batch-dialog.tsx,src/routes/gift-vouchers/components/voucher-detail-drawer.tsx,50,12
posx-mokobara-admin,src/routes/store-coupons/coupon-create/components/basic-info-create-form/basic-info-create-form.tsx,src/routes/store-coupons/coupon-edit/components/edit-coupon-form.tsx,50,10
posx-mokobara-admin,src/routes/gift-vouchers/components/batch-detail-drawer.tsx,src/routes/gift-vouchers/components/batches-tab.tsx,50,10
posx-mokobara-admin,src/routes/reports/employee-targets/components/employee-target-form-modal.tsx,src/routes/reports/employee-targets/components/employee-targets-list.tsx,48,13
posx-mokobara-admin,src/routes/reports/employee-targets/components/employee-target-form-modal.tsx,src/routes/reports/sales-targets/components/sales-target-form-modal.tsx,47,11
posx-mokobara-admin,src/routes/store-details/store-details-create/components/payment-create-form/payment-create-form.tsx,src/routes/store-details/types.ts,47,11
posx-mokobara-admin,src/routes/employees/employee-create/components/basic-info-create-form/basic-info-create-form.tsx,src/routes/employees/types.ts,47,11
posx-mokobara-admin,src/routes/employees/employee-create/components/employee-create-form/employee-create-form.tsx,src/routes/employees/employee-edit/components/edit-employee-form/edit-employee-form.tsx,46,15
posx-mokobara-admin,src/routes/employees/employee-create/constants.ts,src/routes/employees/employee-edit/components/edit-employee-form/edit-employee-form.tsx,46,15
posx-mokobara-admin,src/routes/store-details/store-details-create/components/payment-create-form/payment-create-form.tsx,src/routes/store-details/store-edit/components/edit-store-form.tsx,41,12
posx-mokobara-admin,src/routes/reports/sales-report/components/sales-report-metrics.tsx,src/routes/reports/sales-report/sales-report.tsx,41,12
posx-mokobara-admin,src/routes/reports/employee-performance/components/employee-performance-metrics.tsx,src/routes/reports/employee-targets/components/employee-target-form-modal.tsx,40,18
posx-mokobara-admin,src/routes/gift-vouchers/components/issue-batch-dialog.tsx,src/types/gift-voucher.ts,40,13
posx-mokobara-admin,src/routes/gift-vouchers/components/batch-detail-drawer.tsx,src/routes/gift-vouchers/components/voucher-detail-drawer.tsx,38,13
posx-mokobara-admin,src/routes/reports/employee-performance/components/employee-performance-metrics.tsx,src/routes/reports/employee-targets/components/employee-targets-list.tsx,37,16
posx-mokobara-admin,src/routes/employees/employee-edit/components/edit-employee-form/edit-employee-form.tsx,src/routes/employees/types.ts,37,14
posx-mokobara-admin,src/routes/store-details/store-detail/components/payment-integration-section.tsx,src/routes/store-details/store-details-create/constants.ts,37,14
posx-mokobara-admin,src/routes/reports/category-sales/components/category-sales-metrics.tsx,src/types/reports.ts,36,17
posx-mokobara-admin,src/routes/employees/employee-edit/components/edit-employee-form/edit-employee-form.tsx,src/routes/employees/employee-list/components/employee-list-table/employee-list-table.tsx,33,15
posx-mokobara-admin,src/routes/reports/category-sales/components/category-sales-metrics.tsx,src/routes/reports/employee-targets/components/employee-target-form-modal.tsx,33,15
posx-mokobara-admin,src/routes/reports/employee-targets/components/employee-target-form-modal.tsx,src/types/reports.ts,32,16
posx-mokobara-backend,src/modules/synced-shopify-coupon/migrations/.snapshot-synced-shopify-coupon-module.json,src/modules/synced-shopify-coupon/models/synced-shopify-coupon.ts,100,5
posx-mokobara-backend,src/modules/employee-performance/migrations/.snapshot-employee-performance.json,src/modules/employee-performance/models/employee-target.ts,100,5
posx-mokobara-backend,src/api/shopify/webhooks/collection/create/route.ts,src/api/shopify/webhooks/collection/update/route.ts,100,5
posx-mokobara-backend,src/lib/helpers/discount-pin/email-template.ts,src/subscribers/discount-pin-email.ts,100,5
posx-mokobara-backend,src/api/admin/discount-pin/route.ts,src/subscribers/discount-pin-email.ts,100,5
posx-mokobara-backend,src/workflows/discount-pin/steps/create-approval-request-step.ts,src/workflows/discount-pin/steps/prepare-discount-pin-step.ts,100,5
posx-mokobara-backend,src/api/admin/discount-pin/route.ts,src/lib/helpers/discount-pin/email-template.ts,100,5
posx-mokobara-backend,src/workflows/gift-voucher/steps/mark-batch-cards-pending-step.ts,src/workflows/gift-voucher/workflows/request-batch-cards-export-workflow.ts,100,5
posx-mokobara-backend,knowledge-os/plans/053_GlobalCount.md,src/types/workflows/inventory.ts,100,5
posx-mokobara-backend,src/workflows/employee-performance/steps/parse-employee-target-csv-step.ts,src/workflows/sales-report/steps/parse-sales-target-csv-step.ts,93,8
posx-mokobara-backend,src/modules/payment-details/models/payment-details.ts,src/types/workflows/payment-detail.ts,92,7
posx-mokobara-backend,src/modules/store-details/models/store-details.ts,src/types/validators/store-details.ts,91,12
posx-mokobara-backend,src/workflows/inventory/workflows/create-inventory-request.ts,src/workflows/inventory/workflows/reconcile-inventory.ts,90,6
posx-mokobara-backend,src/api/admin/order-detail/cash-drawer/close/route.ts,src/api/admin/order-detail/cash-drawer/open/route.ts,88,9
posx-mokobara-backend,src/modules/store-details/migrations/.snapshot-store-details.json,src/modules/store-details/models/store-details.ts,86,12
posx-mokobara-backend,src/api/admin/gift-voucher/batches/[id]/cards/route.ts,src/subscribers/build-gift-voucher-batch-cards-pdf.ts,85,7
posx-mokobara-backend,src/workflows/shopify-collection/steps/create-shopify-collection.ts,src/workflows/shopify-collection/steps/update-product-association-with-collection-step.ts,83,6
posx-mokobara-backend,src/workflows/inventory/steps/create-stock-adjustment-step.ts,src/workflows/inventory/workflows/create-stock-adjustment.ts,83,6
posx-mokobara-backend,src/api/admin/employee-target/route.ts,src/types/validators/employee-performance.ts,83,6
posx-mokobara-backend,src/workflows/pos-inventory/steps/bulk-upsert-store-inventory-step.ts,src/workflows/pos-inventory/workflows/import-store-inventory-workflow.ts,83,6
posx-mokobara-backend,src/modules/custom-cart/migrations/.snapshot-custom-cart.json,src/modules/custom-cart/models/cart-product.ts,82,21
posx-mokobara-backend,src/workflows/cart/workflows/add-to-online-cart.ts,src/workflows/cart/workflows/add-to-retail-cart.ts,82,9
posx-mokobara-backend,src/api/admin/order-detail/cash-drawer/close/route.ts,src/api/admin/order-detail/cash-drawer/history/route.ts,82,9
posx-mokobara-backend,src/modules/inventory-event-log/migrations/.snapshot-inventory-event-log.json,src/modules/inventory-event-log/models/inventory-event-log.ts,81,16
posx-mokobara-backend,src/modules/employee/models/employee.ts,src/types/validators/employee.ts,81,11
posx-mokobara-backend,src/api/shopify/webhooks/product/create/route.ts,src/api/shopify/webhooks/product/update/route.ts,80,8
posx-mokobara-backend,src/api/admin/synced-shopify-coupons/reconcile/route.ts,src/api/webhooks/shopify/price-rules/route.ts,80,8
posx-mokobara-backend,src/modules/store-details/migrations/.snapshot-store-details.json,src/types/validators/store-details.ts,78,12
posx-mokobara-backend,src/scripts/collecntions.ts,src/scripts/products.ts,78,12
posx-mokobara-backend,src/workflows/order-detail/steps/shopify-cancel-order-step.ts,src/workflows/order-detail/steps/unicommerce-cancel-order-step.ts,77,9
posx-mokobara-backend,src/workflows/cart/steps/add-to-cart-step.ts,src/workflows/online-cart/steps/add-to-online-cart-step.ts,76,28
posx-mokobara-backend,src/api/admin/order-detail/[id]/cancel/route.ts,src/workflows/order-detail/steps/unicommerce-cancel-order-step.ts,76,11
posx-mokobara-backend,src/workflows/storepro/steps/extract-sku-rfid-mappings-step.ts,src/workflows/storepro/steps/store-sku-rfid-mappings-step.ts,76,7
posx-mokobara-backend,src/modules/gift-voucher/migrations/.snapshot-gift-voucher.json,src/modules/gift-voucher/models/gift-voucher-batch.ts,76,7
posx-mokobara-backend,src/modules/payment-details/migrations/.snapshot-payment-detail.json,src/modules/payment-details/models/payment-details.ts,76,7
posx-mokobara-backend,src/api/admin/gift-voucher/batches/[id]/cards/route.ts,src/workflows/gift-voucher/steps/mark-batch-cards-pending-step.ts,76,7
posx-mokobara-backend,src/api/admin/gift-voucher/batches/[id]/cards/route.ts,src/workflows/gift-voucher/workflows/request-batch-cards-export-workflow.ts,76,7
posx-mokobara-backend,src/modules/offer-engine/helpers/calculator.ts,src/modules/offer-engine/helpers/eligibility.ts,76,7
posx-mokobara-backend,src/workflows/employee-performance/steps/parse-employee-target-csv-step.ts,src/workflows/employee-performance/workflows/import-employee-targets.ts,76,7
posx-mokobara-backend,src/modules/storepro/migrations/.snapshot-storepro.json,src/modules/storepro/models/storepro-rfid-data.ts,73,10
posx-mokobara-backend,src/api/admin/order-detail/cash-drawer/history/route.ts,src/api/admin/order-detail/cash-drawer/open/route.ts,73,10
posx-mokobara-backend,src/modules/custom-cart/migrations/.snapshot-custom-cart.json,src/modules/custom-cart/service.ts,71,28
posx-mokobara-backend,src/types/validators/online-order.ts,src/workflows/online-order/steps/create-online-order-address-step.ts,71,7
posx-mokobara-backend,src/workflows/shopify-product/steps/create-shopify-product-variant-step.ts,src/workflows/shopify-product/steps/throw-error-if-product-do-not-exists-step.ts,71,7
posx-mokobara-backend,src/lib/helpers/handle-employee-updation.ts,src/workflows/employee/steps/update-employee-step.ts,71,7
posx-mokobara-backend,src/api/admin/inventory/unicommerce-sale-order/route.ts,src/workflows/inventory/workflows/reconcile-inventory.ts,71,7
posx-mokobara-backend,src/modules/storepro/migrations/.snapshot-storepro.json,src/modules/storepro/models/storepro-sku-rfid-mapping.ts,70,10
posx-mokobara-backend,src/api/admin/order-detail/[id]/cancel/route.ts,src/workflows/order-detail/steps/cancel-confirmed-pos-order-step.ts,70,9
posx-mokobara-backend,src/subscribers/exchange-order-post-effects.ts,src/subscribers/return-order-confirmed.ts,70,9
posx-mokobara-backend,src/lib/helpers/cart/transform.ts,src/modules/custom-cart/service.ts,69,32
posx-mokobara-backend,src/workflows/cart/steps/calculate-combo-discount-step.ts,src/workflows/cart/steps/validate-cart-for-combo-step.ts,69,13
posx-mokobara-backend,src/api/admin/order-return-and-exchange/[id]/exchange/route.ts,src/types/validators/order-return-exchange.ts,66,11
posx-mokobara-backend,src/api/admin/synced-shopify-coupons/reconcile/route.ts,src/api/admin/tracked-coupons/route.ts,66,9
posx-mokobara-backend,src/types/validators/store-details.ts,src/types/workflows/store-details.ts,66,9
posx-mokobara-backend,src/modules/store-details/models/store-details.ts,src/types/workflows/store-details.ts,66,9
posx-mokobara-backend,src/modules/employee/migrations/.snapshot-employee.json,src/modules/employee/models/employee.ts,66,8
posx-mokobara-backend,src/workflows/storepro/steps/store-sku-rfid-mappings-step.ts,src/workflows/storepro/workflows/process-rfid-webhook-payload.ts,66,8
posx-mokobara-backend,src/api/admin/synced-shopify-coupons/route.ts,src/api/admin/tracked-coupons/route.ts,66,8
posx-mokobara-backend,src/modules/custom-cart/models/cart-product.ts,src/modules/custom-cart/service.ts,64,27
posx-mokobara-backend,src/modules/order-detail/migrations/.snapshot-order-detail.json,src/modules/order-detail/models/order-detail.ts,64,25
posx-mokobara-backend,package-lock.json,package.json,64,19
posx-mokobara-backend,src/workflows/cart/steps/change-quantity-step.ts,src/workflows/cart/steps/remove-item-from-shopify-cart-step.ts,64,16
posx-mokobara-backend,src/api/admin/cart/route.ts,src/types/validators/cart.ts,62,42
posx-mokobara-backend,src/lib/helpers/cart/transform.ts,src/modules/custom-cart/migrations/.snapshot-custom-cart.json,62,26
posx-mokobara-backend,integration-tests/http/gift-voucher-redemption.spec.ts,src/modules/gift-voucher/service.ts,62,18
posx-mokobara-backend,src/modules/custom-cart/migrations/.snapshot-custom-cart.json,src/modules/custom-cart/models/cart.ts,62,16
posx-mokobara-backend,src/api/storepro/middlewares.ts,src/api/storepro/webhooks/route.ts,62,8
posx-mokobara-backend,src/api/admin/order-detail/cash-drawer/close/route.ts,src/workflows/order-detail/steps/update-cash-drawer-summary-step.ts,62,8
posx-mokobara-backend,src/api/admin/order-detail/cash-reconciliation/route.ts,src/workflows/order-detail/steps/update-cash-drawer-summary-step.ts,62,8
posx-mokobara-backend,src/workflows/order-detail/steps/create-order-detail-step.ts,src/workflows/order-detail/steps/transform-cart-to-order-input-step.ts,61,28
posx-mokobara-backend,src/modules/store-inventory/migrations/.snapshot-store-sku-inventory.json,src/modules/store-inventory/service.ts,60,25
posx-mokobara-backend,src/api/admin/employee/[id]/route.ts,src/workflows/employee/steps/create-employee-step.ts,60,10
posx-mokobara-backend,src/lib/helpers/cart/transform.ts,src/modules/custom-cart/models/cart-product.ts,58,24
posx-mokobara-backend,src/api/admin/order-detail/cash-drawer/history/route.ts,src/workflows/order-detail/steps/update-cash-drawer-summary-step.ts,58,9
posx-mokobara-backend,src/modules/store-details/migrations/.snapshot-store-details.json,src/types/workflows/store-details.ts,58,9
posx-mokobara-backend,src/api/storepro/webhooks/route.ts,src/workflows/storepro/steps/store-sku-rfid-mappings-step.ts,58,9
posx-mokobara-backend,src/api/admin/order-detail/export/route.ts,src/workflows/exports/steps/generate-order-export-csv-step.ts,57,14
posx-mokobara-backend,src/modules/order-detail/migrations/.snapshot-order-detail.json,src/modules/order-detail/models/order-product-detail.ts,56,25
posx-mokobara-backend,src/modules/store-inventory/migrations/.snapshot-store-sku-inventory.json,src/modules/store-inventory/models/store-sku-inventory.ts,55,15
posx-mokobara-backend,src/workflows/cart/workflows/add-to-online-cart.ts,src/workflows/cart/workflows/change-cart-variant-quantity.ts,55,9
posx-mokobara-backend,src/api/admin/order-detail/cash-drawer/open/route.ts,src/workflows/order-detail/steps/update-cash-drawer-summary-step.ts,55,9
posx-mokobara-backend,src/api/storepro/webhooks/route.ts,src/workflows/storepro/workflows/process-rfid-webhook-payload.ts,55,9
posx-mokobara-backend,src/workflows/cart/steps/change-quantity-step.ts,src/workflows/cart/steps/remove-personalization-step.ts,54,11
posx-mokobara-backend,src/modules/employee/models/employee.ts,src/types/workflows/employee.ts,54,11
posx-mokobara-backend,src/types/validators/employee.ts,src/types/workflows/employee.ts,53,13
posx-mokobara-backend,src/types/workflows/employee.ts,src/workflows/employee/steps/create-employee-step.ts,53,13
posx-mokobara-backend,src/api/admin/order-return-and-exchange/[id]/exchange/forward/route.ts,src/workflows/order-return-and-exchange/workflows/exchange-order-payment.ts,52,10
posx-mokobara-backend,src/modules/inventory-event-log/migrations/.snapshot-inventory-event-log.json,src/workflows/inventory/steps/log-inventory-event-step.ts,52,10
posx-mokobara-backend,src/modules/employee/migrations/.snapshot-employee.json,src/types/validators/employee.ts,52,10
posx-mokobara-backend,src/api/admin/inventory/export/route.ts,src/api/admin/inventory/route.ts,52,10
posx-mokobara-backend,src/workflows/cart/workflows/add-to-retail-cart.ts,src/workflows/cart/workflows/change-cart-variant-quantity.ts,52,10
posx-mokobara-backend,src/workflows/cart/steps/remove-item-from-shopify-cart-step.ts,src/workflows/cart/steps/remove-personalization-step.ts,51,14
posx-mokobara-backend,src/lib/helpers/cart/transform.ts,src/workflows/cart/steps/add-to-cart-step.ts,50,26
posx-mokobara-backend,src/types/validators/order-return-exchange.ts,src/workflows/order-detail/steps/create-exchange-order-detail-step-v2.ts,50,18
posx-mokobara-backend,src/modules/gift-voucher/service.ts,src/modules/gift-voucher/types.ts,50,14
posx-mokobara-backend,src/modules/storepro/migrations/.snapshot-storepro.json,src/modules/storepro/service.ts,50,14
posx-mokobara-backend,src/modules/store-inventory/models/store-sku-inventory.ts,src/workflows/inventory/steps/update-rfid-mappings-step.ts,50,12
posx-mokobara-backend,src/lib/helpers/build-summary.ts,src/lib/helpers/cart/transform.ts,49,37
posx-mokobara-backend,src/api/admin/order-return-and-exchange/[id]/exchange/route.ts,src/workflows/order-return-and-exchange/workflows/confirm-exchange-order-v2.ts,48,15
posx-mokobara-backend,src/workflows/order-return-and-exchange/workflows/confirm-exchange-order-v2.ts,src/workflows/order-return-and-exchange/workflows/exchange-order-payment.ts,48,15
posx-mokobara-backend,src/workflows/cart/steps/validate-cart-for-combo-step.ts,src/workflows/cart/workflows/apply-combo-discount.ts,48,13
posx-mokobara-backend,src/modules/pdf-client/invoice.ejs,src/modules/pdf-client/service.ts,47,19
posx-mokobara-backend,integration-tests/http/gift-voucher-redemption.spec.ts,src/modules/gift-voucher/types.ts,47,11
posx-mokobara-backend,src/workflows/employee/steps/create-employee-step.ts,src/workflows/employee/steps/update-employee-step.ts,47,11
posx-mokobara-backend,src/modules/inventory-event-log/models/inventory-event-log.ts,src/workflows/inventory/helpers/event-log-helper.ts,46,13
posx-mokobara-backend,src/types/validators/employee.ts,src/workflows/employee/steps/create-employee-step.ts,46,13
posx-mokobara-backend,src/lib/helpers/cart/transform.ts,src/workflows/online-cart/steps/add-to-online-cart-step.ts,45,31
posx-mokobara-backend,src/modules/custom-cart/service.ts,src/workflows/cart/steps/add-to-cart-step.ts,45,29
posx-mokobara-backend,src/modules/custom-cart/models/cart.ts,src/modules/custom-cart/service.ts,45,22
posx-mokobara-backend,src/workflows/inventory/steps/scan-and-update-rfid-mappings-step.ts,src/workflows/unicommerce/workflows/get-sale-order.ts,45,20
posx-mokobara-backend,integration-tests/http/gift-voucher-redemption.spec.ts,src/types/validators/gift-voucher.ts,45,16
posx-mokobara-backend,src/types/validators/gift-voucher.ts,src/workflows/gift-voucher/steps/mint-gift-voucher-batch-step.ts,45,11
posx-mokobara-backend,src/api/admin/gift-voucher/middlewares.ts,src/types/validators/gift-voucher.ts,45,11
posx-mokobara-backend,src/modules/storepro/service.ts,src/workflows/storepro/steps/extract-sku-rfid-mappings-step.ts,45,11
posx-mokobara-backend,src/lib/helpers/build-summary.ts,src/modules/custom-cart/models/cart-product.ts,44,32
posx-mokobara-backend,src/modules/employee-performance/service.ts,src/workflows/employee-performance/steps/create-employee-target-step.ts,44,14
posx-mokobara-backend,src/lib/helpers/build-summary.ts,src/modules/custom-cart/service.ts,43,39
posx-mokobara-backend,src/modules/employee-performance/service.ts,src/modules/sales-report/service.ts,43,26
posx-mokobara-backend,src/modules/order-detail/models/order-product-detail.ts,src/workflows/order-detail/steps/transform-cart-to-order-input-step.ts,43,23
posx-mokobara-backend,src/modules/order-detail/models/order-detail.ts,src/types/validators/order-detail.ts,43,23
posx-mokobara-backend,src/workflows/inventory/steps/ean-inward-step.ts,src/workflows/unicommerce/workflows/get-sale-order.ts,43,16
posx-mokobara-backend,src/modules/storepro/service.ts,src/workflows/storepro/steps/store-sku-rfid-mappings-step.ts,43,12
posx-mokobara-backend,src/modules/storepro/models/storepro-rfid-data.ts,src/modules/storepro/service.ts,43,12
posx-mokobara-backend,src/modules/custom-cart/service.ts,src/workflows/online-cart/steps/add-to-online-cart-step.ts,42,33
posx-mokobara-backend,src/modules/order-detail/migrations/.snapshot-order-detail.json,src/workflows/order-detail/steps/transform-cart-to-order-input-step.ts,42,28
posx-mokobara-backend,src/modules/custom-cart/models/cart-product.ts,src/workflows/cart/steps/add-to-cart-step.ts,42,21
posx-mokobara-backend,src/lib/helpers/build-summary.ts,src/workflows/cart/steps/add-to-cart-step.ts,41,34
posx-mokobara-backend,src/modules/sales-report/service.ts,src/types/validators/sales-report.ts,41,20
posx-mokobara-backend,src/types/validators/order-return-exchange.ts,src/workflows/order-return-and-exchange/workflows/confirm-exchange-order-v2.ts,41,17
posx-mokobara-backend,src/workflows/inventory/steps/ean-inward-step.ts,src/workflows/inventory/steps/scan-and-update-rfid-mappings-step.ts,41,17
posx-mokobara-backend,src/workflows/unicommerce/steps/get-sku-rfid-mappings-step.ts,src/workflows/unicommerce/workflows/get-sale-order.ts,41,15
posx-mokobara-backend,src/api/admin/inventory/rfid/scan/route.ts,src/workflows/inventory/steps/scan-and-update-rfid-mappings-step.ts,41,15
posx-mokobara-backend,src/modules/storepro/models/storepro-sku-rfid-mapping.ts,src/modules/storepro/service.ts,41,12
posx-mokobara-backend,src/api/admin/cart/route.ts,src/modules/custom-cart/service.ts,40,44
posx-mokobara-backend,src/lib/helpers/build-summary.ts,src/workflows/order-detail/steps/transform-cart-to-order-input-step.ts,40,35
posx-mokobara-backend,src/modules/order-detail/migrations/.snapshot-order-detail.json,src/workflows/order-detail/steps/create-order-detail-step.ts,40,30
posx-mokobara-backend,src/lib/helpers/cart/transform.ts,src/workflows/order-detail/steps/transform-cart-to-order-input-step.ts,40,28
posx-mokobara-backend,src/modules/order-detail/models/order-detail.ts,src/modules/order-detail/models/order-product-detail.ts,40,20
posx-mokobara-backend,src/workflows/cart/steps/get-medusa-product-variant-step.ts,src/workflows/online-cart/steps/check-variant-is-available.ts,40,15
posx-mokobara-backend,src/workflows/inventory/steps/update-rfid-mappings-step.ts,src/workflows/inventory/workflows/scan-and-update-rfid-mappings.ts,40,13
posx-mokobara-backend,src/modules/inventory-event-log/models/inventory-event-log.ts,src/workflows/inventory/steps/log-inventory-event-step.ts,40,13
posx-mokobara-backend,src/workflows/payment-detail/steps/create-payment-detail.ts,src/workflows/payment-detail/steps/get-all-payment-by-orderid-step.ts,40,13
posx-mokobara-backend,src/lib/helpers/build-summary.ts,src/workflows/online-cart/steps/add-to-online-cart-step.ts,39,38
posx-mokobara-backend,src/lib/helpers/build-summary.ts,src/modules/custom-cart/migrations/.snapshot-custom-cart.json,39,33
posx-mokobara-backend,src/workflows/cart/workflows/add-to-cart.ts,src/workflows/online-cart/steps/add-to-online-cart-step.ts,38,32
posx-mokobara-backend,src/workflows/online-cart/steps/add-to-online-cart-step.ts,src/workflows/online-cart/steps/check-variant-is-available.ts,38,26
posx-mokobara-backend,src/api/admin/order-return-and-exchange/[id]/exchange/route.ts,src/workflows/order-detail/steps/create-exchange-order-detail-step-v2.ts,38,16
posx-mokobara-backend,src/workflows/inventory/steps/scan-and-update-rfid-mappings-step.ts,src/workflows/inventory/workflows/scan-and-update-rfid-mappings.ts,38,16
posx-mokobara-backend,src/modules/employee-performance/models/employee-target.ts,src/modules/employee-performance/service.ts,38,13
posx-mokobara-backend,src/modules/employee-performance/migrations/.snapshot-employee-performance.json,src/modules/employee-performance/service.ts,38,13
posx-mokobara-backend,src/api/admin/cart/route.ts,src/workflows/cart/workflows/add-to-cart.ts,37,43
posx-mokobara-backend,src/workflows/cart/steps/add-to-cart-step.ts,src/workflows/online-cart/steps/check-variant-is-available.ts,37,22
posx-mokobara-backend,src/workflows/order-return-and-exchange/steps/create-exchanged-order-links-step-v2.ts,src/workflows/order-return-and-exchange/workflows/confirm-exchange-order-v2.ts,37,14
posx-mokobara-backend,src/types/validators/cart.ts,src/workflows/online-cart/steps/add-to-online-cart-step.ts,36,31
posx-mokobara-backend,src/modules/order-detail/models/order-product-detail.ts,src/workflows/order-detail/steps/create-order-detail-step.ts,36,25
posx-mokobara-backend,src/lib/constant.ts,src/workflows/cart/steps/add-personalization-product-step.ts,36,25
posx-mokobara-backend,src/workflows/order-detail/steps/create-exchange-order-detail-step-v2.ts,src/workflows/order-return-and-exchange/workflows/confirm-exchange-order-v2.ts,36,22
posx-mokobara-backend,src/modules/order-detail/migrations/.snapshot-order-detail.json,src/types/validators/order-detail.ts,35,28
posx-mokobara-backend,src/modules/store-inventory/models/store-sku-inventory.ts,src/modules/store-inventory/service.ts,35,20
posx-mokobara-backend,src/workflows/cart/steps/add-personalization-product-step.ts,src/workflows/cart/steps/remove-item-from-shopify-cart-step.ts,35,20
posx-mokobara-backend,src/workflows/cart/steps/add-personalization-product-step.ts,src/workflows/cart/steps/add-personalization-step.ts,35,14
posx-mokobara-backend,src/modules/employee-performance/service.ts,src/types/validators/employee-performance.ts,35,14
posx-mokobara-backend,src/types/validators/order-detail.ts,src/workflows/order-detail/steps/transform-cart-to-order-input-step.ts,34,26
posx-mokobara-backend,src/types/validators/cart.ts,src/workflows/cart/workflows/apply-custom-discount.ts,34,18
posx-mokobara-backend,src/workflows/order-detail/steps/create-exchange-order-detail-step-v2.ts,src/workflows/order-return-and-exchange/steps/create-exchanged-order-links-step-v2.ts,34,15
posx-mokobara-backend,src/modules/custom-cart/models/cart-product.ts,src/workflows/cart/steps/get-medusa-product-variant-step.ts,34,15
posx-mokobara-backend,src/modules/custom-cart/models/cart-product.ts,src/modules/custom-cart/models/cart.ts,34,15
posx-mokobara-backend,src/types/validators/cart.ts,src/workflows/cart/workflows/add-to-cart.ts,33,30
posx-mokobara-backend,src/api/admin/cart/route.ts,src/workflows/online-cart/steps/add-to-online-cart-step.ts,32,43
posx-mokobara-backend,src/lib/helpers/build-summary.ts,src/workflows/cart/steps/calculate-combo-discount-step.ts,32,28
posx-mokobara-backend,src/workflows/cart/steps/add-personalization-product-step.ts,src/workflows/cart/steps/remove-personalization-step.ts,32,16
posx-mokobara-backend,src/lib/helpers/cart/transform.ts,src/workflows/order-detail/steps/create-order-detail-step.ts,31,29
posx-mokobara-backend,src/modules/custom-cart/models/cart-product.ts,src/workflows/online-cart/steps/add-to-online-cart-step.ts,31,26
posx-mokobara-backend,src/modules/custom-cart/migrations/.snapshot-custom-cart.json,src/workflows/cart/steps/add-to-cart-step.ts,31,23
posx-mokobara-backend,src/modules/custom-cart/models/cart-product.ts,src/workflows/order-detail/steps/transform-cart-to-order-input-step.ts,31,23
posx-mokobara-backend,src/modules/gift-voucher/service.ts,src/types/validators/gift-voucher.ts,31,19
posx-mokobara-backend,src/modules/custom-cart/migrations/.snapshot-custom-cart.json,src/workflows/cart/steps/get-medusa-product-variant-step.ts,31,16
posx-mokobara-backend,src/lib/helpers/build-summary.ts,src/workflows/cart/steps/add-personalization-product-step.ts,30,33
posx-mokobara-backend,src/modules/custom-cart/service.ts,src/workflows/order-detail/steps/transform-cart-to-order-input-step.ts,30,30
posx-mokobara-backend,src/api/admin/inventory/middlewares.ts,src/modules/store-inventory/service.ts,30,26
posx-mokobara-backend,src/lib/helpers/cart/transform.ts,src/modules/custom-cart/models/cart.ts,30,20
posx-mokobara-backend,src/modules/custom-cart/models/cart-product.ts,src/workflows/online-cart/steps/check-variant-is-available.ts,30,20
posx-mokobara-store,src/store/actions/index.ts,src/store/middlewares/index.ts,100,9
posx-mokobara-store,src/components/app/order/steps/payment-details/single-payment.tsx,src/components/app/order/steps/payment-details/split-payment.tsx,90,20
posx-mokobara-store,src/store/index.ts,src/store/middlewares/index.ts,90,10
posx-mokobara-store,src/store/actions/index.ts,src/store/index.ts,90,10
posx-mokobara-store,src/components/app/employee-performance/performance-display.tsx,src/types/employee-performance.ts,90,6
posx-mokobara-store,src/store/actions/inventory.action.ts,src/store/reducers/inventory.reducer.ts,88,17
posx-mokobara-store,src/store/middlewares/inventory.middleware.ts,src/store/reducers/inventory.reducer.ts,87,20
posx-mokobara-store,src/components/app/online-orders/payments/single-payment.tsx,src/components/app/online-orders/payments/split-payment.tsx,87,8
posx-mokobara-store,src/components/app/home/custom-discount/discount-approval-modal.tsx,src/store/apis/discount-pin.request.ts,83,6
posx-mokobara-store,src/components/app/inventory/mark-inventory/grn-order-summary.tsx,src/pages/inventory/inbound.tsx,83,6
posx-mokobara-store,src/store/actions/inventory.action.ts,src/store/middlewares/inventory.middleware.ts,81,19
posx-mokobara-store,tests/e2e/helpers.js,tests/e2e/onlineflow/onlineflow.spec.js,80,8
posx-mokobara-store,tests/e2e/onlineflow/onlineflow.spec.js,tests/e2e/retailflow/retailflow.spec.js,80,8
posx-mokobara-store,src/store/apis/inventory.request.ts,src/store/middlewares/inventory.middleware.ts,78,26
posx-mokobara-store,tests/e2e/exchangeflow/exchangeflow.spec.js,tests/e2e/onlineflow/onlineflow.spec.js,76,7
posx-mokobara-store,tests/e2e/exchangeflow/exchangeflow.spec.js,tests/e2e/retailflow/retailflow.spec.js,71,7
posx-mokobara-store,tests/e2e/exchangeflow/exchangeflow.spec.js,tests/e2e/helpers.js,71,7
posx-mokobara-store,src/store/apis/inventory.request.ts,src/store/reducers/inventory.reducer.ts,70,24
posx-mokobara-store,src/store/actions/inventory.action.ts,src/store/apis/inventory.request.ts,69,23
posx-mokobara-store,src/store/apis/inventory.request.ts,src/types/inventory.ts,67,33
posx-mokobara-store,playwright.config.js,tests/e2e/helpers.js,66,9
posx-mokobara-store,src/store/actions/online-cart.action.ts,src/store/middlewares/online-cart.middleware.ts,66,8
posx-mokobara-store,src/store/middlewares/inventory.middleware.ts,src/types/inventory.ts,64,28
posx-mokobara-store,src/pages/customer/orders/details.tsx,src/pages/orders/details/order-details.tsx,64,14
posx-mokobara-store,src/pages/reports/category-sales.tsx,src/pages/reports/sales-report.tsx,63,10
posx-mokobara-store,tests/e2e/helpers.js,tests/e2e/retailflow/retailflow.spec.js,62,8
posx-mokobara-store,src/components/app/inventory/inventory-logs/card.tsx,src/components/app/inventory/inventory-logs/table.tsx,62,8
posx-mokobara-store,src/pages/reports/sales-report.tsx,src/types/reports.ts,60,10
posx-mokobara-store,src/components/exchange/OrderProductCard.tsx,src/types/exchange.ts,60,10
posx-mokobara-store,src/store/actions/inventory.action.ts,src/types/inventory.ts,58,26
posx-mokobara-store,src/store/middlewares/online-cart.middleware.ts,src/store/reducers/online-cart.reducer.ts,58,12
posx-mokobara-store,playwright.config.js,tests/e2e/onlineflow/onlineflow.spec.js,58,9
posx-mokobara-store,src/components/app/cash-drawer/close-drawer-dialog.tsx,src/components/app/cash-drawer/open-drawer-dialog.tsx,57,14
posx-mokobara-store,src/components/app/online-orders/payments/index.tsx,src/components/app/order/steps/payment-details/index.tsx,57,14
posx-mokobara-store,src/store/actions/online-cart.action.ts,src/store/reducers/online-cart.reducer.ts,57,11
posx-mokobara-store,src/store/actions/cash-drawer.action.ts,src/store/apis/order.request.ts,57,11
posx-mokobara-store,src/components/app/product/AddToCartModal.tsx,src/pages/products/details.tsx,56,29
posx-mokobara-store,src/store/reducers/inventory.reducer.ts,src/types/inventory.ts,56,27
posx-mokobara-store,src/store/apis/online-cart.request.ts,src/store/middlewares/online-cart.middleware.ts,55,15
posx-mokobara-store,tests/e2e/README.md,tests/e2e/helpers.js,55,9
posx-mokobara-store,src/components/app/product/online-campaign-coupon/index.tsx,src/components/app/product/online-promotional-coupon/index.tsx,54,11
posx-mokobara-store,src/components/app/order/steps/payment-details/gift-form/index.tsx,src/components/app/order/steps/payment-details/split-payment.tsx,52,19
posx-mokobara-store,src/components/app/home/index.tsx,src/components/app/home/promotional-coupon/index.tsx,52,10
posx-mokobara-store,src/pages/online-orders/details/payment-details.tsx,src/pages/orders/details/payment-details.tsx,52,10
posx-mokobara-store,src/store/apis/online-cart.request.ts,src/store/reducers/online-cart.reducer.ts,51,18
posx-mokobara-store,package.json,playwright.config.js,51,16
posx-mokobara-store,src/components/app/order/steps/payment-details/gift-form/index.tsx,src/components/app/order/steps/payment-details/single-payment.tsx,50,20
posx-mokobara-store,src/components/app/cash-drawer/open-drawer-dialog.tsx,src/store/actions/cash-drawer.action.ts,50,10
posx-mokobara-store,playwright.config.js,tests/e2e/README.md,50,10
posx-mokobara-store,src/hooks/useAddToCart.ts,src/types/cart.ts,48,21
posx-mokobara-store,package.json,tests/e2e/helpers.js,48,15
posx-mokobara-store,src/components/app/online-orders/payments/split-payment.tsx,src/components/app/order/steps/payment-details/single-payment.tsx,48,15
posx-mokobara-store,src/components/app/online-orders/payments/single-payment.tsx,src/components/app/order/steps/payment-details/single-payment.tsx,48,15
posx-mokobara-store,src/components/app/order/steps/payment-details/gift-form/index.tsx,src/components/app/order/steps/payment-details/gift-form/schema.ts,48,13
posx-mokobara-store,src/components/layouts/app/sidebar.tsx,src/libs/configs/protected-routes.ts,47,21
posx-mokobara-store,src/store/apis/cart.request.ts,src/store/reducers/cart.reducer.ts,47,11
posx-mokobara-store,src/components/app/home/cart-card.tsx,src/components/app/home/index.tsx,46,15
posx-mokobara-store,src/components/exchange/OrderProductCard.tsx,src/pages/exchanges/details.tsx,45,24
posx-mokobara-store,src/components/app/home/checkout-button.tsx,src/components/app/product/cart-checkout.tsx,45,16
posx-mokobara-store,src/components/app/inventory/mark-inventory/line-item-card.tsx,src/types/inventory.ts,44,29
posx-mokobara-store,src/components/app/online-orders/payments/split-payment.tsx,src/components/app/order/steps/payment-details/split-payment.tsx,44,14
posx-mokobara-store,src/pages/customer/orders/details.tsx,src/pages/return-and-exchange/index.tsx,43,12
posx-mokobara-store,src/components/app/inventory/mark-inventory/line-item-card.tsx,src/pages/inventory/mark-inventory.tsx,42,36
posx-mokobara-store,src/components/app/order/steps/customer-details/index.tsx,src/pages/online-orders/details/customer-details.tsx,42,24
posx-mokobara-store,src/store/apis/online-cart.request.ts,src/types/cart.ts,42,24
posx-mokobara-store,src/components/app/order/steps/customer-details/index.tsx,src/pages/orders/details/customer-details.tsx,42,19
posx-mokobara-store,src/pages/online-orders/details/order-details.tsx,src/pages/orders/details/order-details.tsx,42,17
posx-mokobara-store,package.json,pnpm-lock.yaml,42,14
posx-mokobara-store,src/components/app/payments/shared/order-transactions-table.tsx,src/types/transaction.ts,41,12
posx-mokobara-store,src/pages/exchanges/details.tsx,src/pages/returns/details.tsx,40,30
posx-mokobara-store,src/components/app/home/cart-card.tsx,src/components/app/product/online-cart-card.tsx,40,27
posx-mokobara-store,src/pages/customer/orders/details.tsx,src/pages/online-orders/details/order-details.tsx,40,13
posx-mokobara-store,src/pages/inventory/index.tsx,src/store/apis/inventory.request.ts,39,26
posx-mokobara-store,src/pages/online-orders/details/customer-details.tsx,src/pages/orders/details/customer-details.tsx,39,26
posx-mokobara-store,src/store/reducers/online-cart.reducer.ts,src/types/cart.ts,38,21
posx-mokobara-store,src/pages/inventory/index.tsx,src/store/middlewares/inventory.middleware.ts,38,21
posx-mokobara-store,src/hooks/useAddToCart.ts,src/store/apis/cart.request.ts,38,13
posx-mokobara-store,src/store/actions/online-cart.action.ts,src/store/apis/online-cart.request.ts,38,13
posx-mokobara-store,package.json,tests/e2e/testids.js,38,13
posx-mokobara-store,src/components/app/inventory/mark-inventory/line-item-card.tsx,src/store/apis/inventory.request.ts,37,27
posx-mokobara-store,src/pages/inventory/index.tsx,src/store/actions/inventory.action.ts,37,19
posx-mokobara-store,src/components/app/home/barcode-scanner/index.tsx,src/components/app/home/cart-card.tsx,37,14
posx-mokobara-store,src/components/app/online-orders/payments/single-payment.tsx,src/components/app/order/steps/payment-details/split-payment.tsx,37,14
posx-mokobara-store,package.json,tests/e2e/exchangeflow/exchangeflow.spec.js,37,14
posx-mokobara-store,src/components/app/inventory/mark-inventory/line-item-card.tsx,src/store/middlewares/inventory.middleware.ts,36,22
posx-mokobara-store,src/libs/configs/protected-routes.ts,src/pages/inventory/index.tsx,36,22
posx-mokobara-store,src/components/app/product/AddToCartModal.tsx,src/components/app/product/product-card.tsx,35,23
posx-mokobara-store,src/libs/configs/protected-routes.ts,src/store/actions/inventory.action.ts,35,20
posx-mokobara-store,src/store/apis/cart.request.ts,src/types/cart.ts,35,20
posx-mokobara-store,src/pages/inventory/index.tsx,src/store/reducers/inventory.reducer.ts,35,20
posx-mokobara-store,src/hooks/useAddToCart.ts,src/store/apis/online-cart.request.ts,35,17
posx-mokobara-store,package.json,tests/e2e/onlineflow/onlineflow.spec.js,35,14
posx-mokobara-store,src/components/app/product/product-card.tsx,src/pages/products/details.tsx,34,23
posx-mokobara-store,src/components/app/product/cart-checkout.tsx,src/store/reducers/cart.reducer.ts,34,15
posx-mokobara-store,src/components/app/cash-drawer/close-drawer-dialog.tsx,src/store/apis/order.request.ts,34,15
posx-mokobara-store,src/hooks/useAddToCart.ts,src/store/reducers/online-cart.reducer.ts,34,15
posx-mokobara-store,src/components/app/product/cart-panel.tsx,src/types/cart.ts,33,36
posx-mokobara-store,src/components/app/product/online-cart-card.tsx,src/store/apis/online-cart.request.ts,32,28
posx-mokobara-store,src/pages/inventory/index.tsx,src/types/inventory.ts,32,28
posx-mokobara-store,package.json,tests/e2e/README.md,32,16
posx-mokobara-store,src/pages/inventory/mark-inventory.tsx,src/types/inventory.ts,31,42
posx-mokobara-store,src/components/app/order/order-details.tsx,src/types/order.ts,31,23
posx-mokobara-store,src/libs/configs/protected-routes.ts,src/store/middlewares/inventory.middleware.ts,31,22
posx-mokobara-store,src/components/app/order/steps/payment-details/index.tsx,src/pages/online-orders/details/order-details.tsx,31,16
posx-mokobara-store,src/components/app/product/AddToCartModal.tsx,src/components/app/product/online-promotional-coupon/index.tsx,30,20
posx-mokobara-store,src/pages/exchanges/details.tsx,src/types/exchange.ts,30,20
posx-ugaoo-admin,src/routes/employees/employee-create/components/basic-info-create-form/basic-info-create-form.tsx,src/routes/employees/employee-edit/components/edit-employee-form/edit-employee-form.tsx,96,14
posx-ugaoo-admin,src/routes/store-coupons/coupon-create/components/coupon-create-form/coupon-create-form.tsx,src/routes/store-coupons/coupon-create/constants.ts,92,7
posx-ugaoo-admin,src/components/custom-filter/custom-filter.tsx,src/components/custom-filter/types.ts,92,7
posx-ugaoo-admin,src/routes/employees/employee-create/components/employee-create-form/employee-create-form.tsx,src/routes/employees/employee-create/constants.ts,83,6
posx-ugaoo-admin,src/routes/store-details/store-details-create/constants.ts,src/routes/store-details/store-edit/components/edit-store-form.tsx,80,8
posx-ugaoo-admin,src/routes/store-details/store-details-create/components/store-details-create-form/store-details-create-form.tsx,src/routes/store-details/store-edit/components/edit-store-form.tsx,76,7
posx-ugaoo-admin,src/routes/employees/employee-create/components/employee-create-form/employee-create-form.tsx,src/routes/employees/types.ts,76,7
posx-ugaoo-admin,src/routes/employees/employee-create/constants.ts,src/routes/employees/types.ts,76,7
posx-ugaoo-admin,src/routes/store-coupons/coupon-create/components/coupon-create-form/coupon-create-form.tsx,src/routes/store-coupons/coupon-create/components/discount-configuration-form/discount-configuration-form.tsx,75,8
posx-ugaoo-admin,src/routes/store-details/store-details-create/components/store-details-create-form/store-details-create-form.tsx,src/routes/store-details/store-details-create/constants.ts,71,7
posx-ugaoo-admin,src/components/custom-filter/types.ts,src/routes/footfall/footfall-list/components/footfall-list-table.tsx,71,7
posx-ugaoo-admin,src/routes/employees/employee-list/components/employee-list-table/employee-list-table.tsx,src/routes/footfall/footfall-list/components/footfall-list-table.tsx,70,10
posx-ugaoo-admin,src/routes/footfall/footfall-list/components/footfall-list-table.tsx,src/routes/order-details/order-list/components/order-list-table/order-list-table.tsx,66,12
posx-ugaoo-admin,src/routes/footfall/footfall-list/components/footfall-list-table.tsx,src/routes/pos-inventory/inventory-list/components/inventory-list-table/inventory-list-table.tsx,66,11
posx-ugaoo-admin,src/routes/store-coupons/coupon-edit/components/edit-coupon-form.tsx,src/routes/store-coupons/types.ts,66,8
posx-ugaoo-admin,src/routes/store-details/store-details-create/components/payment-create-form/payment-create-form.tsx,src/routes/store-details/store-edit/components/edit-store-form.tsx,66,8
posx-ugaoo-admin,src/components/custom-filter/custom-filter.tsx,src/routes/footfall/footfall-list/components/footfall-list-table.tsx,66,8
posx-ugaoo-admin,src/routes/store-coupons/coupon-create/components/discount-configuration-form/discount-configuration-form.tsx,src/routes/store-coupons/coupon-create/constants.ts,66,8
posx-ugaoo-admin,src/routes/gst-info/gst-info-import/helpers/parse-csv-preview.ts,src/routes/gst-info/gst-info-list/gst-info-list.tsx,63,10
posx-ugaoo-admin,src/routes/gst-info/gst-info-import/gst-info-import.tsx,src/routes/gst-info/gst-info-list/gst-info-list.tsx,63,10
posx-ugaoo-admin,src/routes/employees/employee-create/components/basic-info-create-form/basic-info-create-form.tsx,src/routes/employees/employee-create/constants.ts,63,10
posx-ugaoo-admin,src/i18n/translations/$schema.json,src/i18n/translations/en.json,62,15
posx-ugaoo-admin,src/routes/employees/employee-create/constants.ts,src/routes/employees/employee-edit/components/edit-employee-form/edit-employee-form.tsx,60,10
posx-ugaoo-admin,src/routes/cms/cms-list/components/cms-list-table/cms-list-table.tsx,src/routes/cms/cms-list/components/shift-logs-table/shift-logs-table.tsx,57,18
posx-ugaoo-admin,src/components/custom-filter/custom-filter.tsx,src/routes/cms/cms-list/components/shift-logs-table/shift-logs-table.tsx,57,11
posx-ugaoo-admin,src/routes/cms/cms-list/components/cms-list-table/cms-list-table.tsx,src/routes/cms/types.ts,56,16
posx-ugaoo-admin,src/routes/order-details/order-list/components/order-list-table/order-list-table.tsx,src/routes/order-details/order-list/components/order-report-grid.tsx,56,16
posx-ugaoo-admin,src/routes/employees/employee-list/components/employee-list-table/employee-list-table.tsx,src/routes/pos-inventory/inventory-list/components/inventory-list-table/inventory-list-table.tsx,56,13
posx-ugaoo-admin,src/components/layout/main-layout/main-layout.tsx,src/providers/router-provider/route-map.tsx,55,15
posx-ugaoo-admin,src/routes/cms/cms-list/components/cash-accumulation/cash-accumulation.tsx,src/routes/pos-inventory/inventory-list/components/inventory-list-table/inventory-list-table.tsx,55,9
posx-ugaoo-admin,src/hooks/api/gst-info.tsx,src/routes/gst-info/gst-info-list/gst-info-list.tsx,55,9
posx-ugaoo-admin,src/routes/employees/employee-create/components/basic-info-create-form/basic-info-create-form.tsx,src/routes/employees/employee-create/components/employee-create-form/employee-create-form.tsx,52,10
posx-ugaoo-admin,src/routes/store-coupons/coupon-create/components/discount-configuration-form/discount-configuration-form.tsx,src/routes/store-coupons/coupon-edit/components/edit-coupon-form.tsx,52,10
posx-ugaoo-admin,src/routes/employees/employee-list/components/employee-list-table/employee-list-table.tsx,src/routes/store-details/store-list/components/store-list-table/store-list-table.tsx,52,10
posx-ugaoo-admin,src/routes/employees/employee-list/components/employee-list-table/employee-list-table.tsx,src/routes/employees/types.ts,52,10
posx-ugaoo-admin,src/routes/employees/employee-list/components/employee-list-table/employee-list-table.tsx,src/routes/order-details/order-list/components/order-list-table/order-list-table.tsx,50,14
posx-ugaoo-admin,src/components/custom-filter/types.ts,src/routes/cms/cms-list/components/shift-logs-table/shift-logs-table.tsx,50,10
posx-ugaoo-admin,src/components/custom-filter/custom-filter.tsx,src/routes/pos-inventory/inventory-list/components/inventory-list-table/inventory-list-table.tsx,50,10
posx-ugaoo-admin,src/routes/employees/employee-create/components/employee-create-form/employee-create-form.tsx,src/routes/employees/employee-edit/components/edit-employee-form/edit-employee-form.tsx,50,10
posx-ugaoo-admin,src/routes/employees/employee-create/components/basic-info-create-form/basic-info-create-form.tsx,src/routes/employees/types.ts,50,10
posx-ugaoo-admin,src/routes/cms/cms-list/components/cms-list-table/cms-list-table.tsx,src/routes/footfall/footfall-list/components/footfall-list-table.tsx,48,15
posx-ugaoo-admin,src/routes/order-details/order-list/components/order-list-table/order-list-table.tsx,src/routes/pos-inventory/inventory-list/components/inventory-list-table/inventory-list-table.tsx,48,15
posx-ugaoo-admin,src/routes/cms/cms-list/components/shift-logs-table/shift-logs-table.tsx,src/routes/cms/types.ts,48,13
posx-ugaoo-admin,src/routes/employees/employee-edit/components/edit-employee-form/edit-employee-form.tsx,src/routes/employees/types.ts,47,11
posx-ugaoo-admin,src/components/common/employee-select-popover/employee-multi-select-popover.tsx,src/routes/order-details/order-list/components/order-report-grid.tsx,47,11
posx-ugaoo-admin,src/components/custom-filter/types.ts,src/routes/order-details/order-list/components/order-list-table/order-list-table.tsx,45,11
posx-ugaoo-admin,src/components/custom-filter/types.ts,src/routes/order-details/order-list/components/order-report-grid.tsx,45,11
posx-ugaoo-admin,src/components/custom-filter/types.ts,src/routes/cms/cms-list/components/cms-list-table/cms-list-table.tsx,44,14
posx-ugaoo-admin,src/components/custom-filter/custom-filter.tsx,src/routes/order-details/order-list/components/order-report-grid.tsx,43,12
posx-ugaoo-admin,src/components/common/store-select-popover/store-select-popover.tsx,src/routes/order-details/order-list/components/order-list-table/order-list-table.tsx,43,12
posx-ugaoo-admin,src/components/common/store-select-popover/store-multi-select-popover.tsx,src/routes/order-details/order-list/components/order-list-table/order-list-table.tsx,43,12
posx-ugaoo-admin,src/components/custom-filter/custom-filter.tsx,src/routes/order-details/order-list/components/order-list-table/order-list-table.tsx,43,12
posx-ugaoo-admin,src/hooks/api/store-details.tsx,src/routes/employees/employee-create/components/basic-info-create-form/basic-info-create-form.tsx,43,12
posx-ugaoo-admin,src/providers/router-provider/route-map.tsx,src/routes/gst-info/gst-info-list/gst-info-list.tsx,42,17
posx-ugaoo-admin,src/components/custom-filter/custom-filter.tsx,src/routes/cms/cms-list/components/cms-list-table/cms-list-table.tsx,42,14
posx-ugaoo-admin,src/hooks/api/store-details.tsx,src/routes/employees/employee-edit/components/edit-employee-form/edit-employee-form.tsx,41,12
posx-ugaoo-admin,src/routes/footfall/footfall-list/components/footfall-list-table.tsx,src/routes/order-details/order-list/components/order-report-grid.tsx,41,12
posx-ugaoo-admin,src/routes/employees/employee-create/components/basic-info-create-form/basic-info-create-form.tsx,src/routes/employees/employee-list/components/employee-list-table/employee-list-table.tsx,40,13
posx-ugaoo-admin,src/hooks/api/gst-info.tsx,src/providers/router-provider/route-map.tsx,40,13
posx-ugaoo-admin,src/routes/employees/employee-edit/components/edit-employee-form/edit-employee-form.tsx,src/routes/employees/employee-list/components/employee-list-table/employee-list-table.tsx,38,13
posx-ugaoo-admin,src/routes/cms/cms-list/components/cms-list-table/cms-list-table.tsx,src/routes/order-details/order-list/components/order-list-table/order-list-table.tsx,37,19
posx-ugaoo-admin,src/routes/cms/cms-list/components/shift-logs-table/shift-logs-table.tsx,src/routes/pos-inventory/inventory-list/components/inventory-list-table/inventory-list-table.tsx,37,14
posx-ugaoo-admin,src/routes/employees/employee-edit/components/edit-employee-form/edit-employee-form.tsx,src/routes/pos-inventory/inventory-list/components/inventory-list-table/inventory-list-table.tsx,37,14
posx-ugaoo-admin,src/routes/cms/cms-list/components/cms-list-table/cms-list-table.tsx,src/routes/employees/employee-list/components/employee-list-table/employee-list-table.tsx,36,17
posx-ugaoo-admin,src/routes/cms/cms-list/components/cms-list-table/cms-list-table.tsx,src/routes/pos-inventory/inventory-list/components/inventory-list-table/inventory-list-table.tsx,35,17
posx-ugaoo-admin,src/routes/cms/cms-list/components/cms-list-table/cms-list-table.tsx,src/routes/cms/cms-list/components/use-cms-table-query.tsx,35,14
posx-ugaoo-admin,src/i18n/translations/en.json,src/providers/router-provider/route-map.tsx,30,20
posx-ugaoo-backend,src/workflows/cart/steps/apply-online-coupon-step.ts,src/workflows/cart/steps/apply-store-coupon-step.ts,100,9
posx-ugaoo-backend,docs/qa/adsr-order-payment.md,docs/specs/adsr-order-payment/frd.md,100,8
posx-ugaoo-backend,src/api/admin/gst-info/import/route.ts,src/api/admin/gst-info/route.ts,100,7
posx-ugaoo-backend,src/api/admin/gst-info/[id]/route.ts,src/api/admin/gst-info/route.ts,100,7
posx-ugaoo-backend,src/api/admin/gst-info/[id]/route.ts,src/api/admin/gst-info/import/route.ts,100,7
posx-ugaoo-backend,integration-tests/reconciliation/balance-check.qa.spec.ts,integration-tests/reconciliation/final-table.qa.spec.ts,100,6
posx-ugaoo-backend,integration-tests/reconciliation/order-total.qa.spec.ts,integration-tests/reconciliation/reconciliation.qa.spec.ts,100,6
posx-ugaoo-backend,integration-tests/reconciliation/final-table.qa.spec.ts,integration-tests/reconciliation/formula-check.qa.spec.ts,100,6
posx-ugaoo-backend,integration-tests/reconciliation/invoice-total.qa.spec.ts,integration-tests/reconciliation/reconciliation.qa.spec.ts,100,6
posx-ugaoo-backend,integration-tests/reconciliation/final-table.qa.spec.ts,integration-tests/reconciliation/invoice-total.qa.spec.ts,100,6
posx-ugaoo-backend,integration-tests/reconciliation/formula-check.qa.spec.ts,integration-tests/reconciliation/reconciliation.qa.spec.ts,100,6
posx-ugaoo-backend,integration-tests/reconciliation/formula-check.qa.spec.ts,integration-tests/reconciliation/invoice-total.qa.spec.ts,100,6
posx-ugaoo-backend,integration-tests/reconciliation/final-table.qa.spec.ts,integration-tests/reconciliation/order-total.qa.spec.ts,100,6
posx-ugaoo-backend,integration-tests/reconciliation/balance-check.qa.spec.ts,integration-tests/reconciliation/invoice-total.qa.spec.ts,100,6
posx-ugaoo-backend,integration-tests/reconciliation/balance-check.qa.spec.ts,integration-tests/reconciliation/reconciliation.qa.spec.ts,100,6
posx-ugaoo-backend,integration-tests/reconciliation/invoice-total.qa.spec.ts,integration-tests/reconciliation/order-total.qa.spec.ts,100,6
posx-ugaoo-backend,integration-tests/reconciliation/final-table.qa.spec.ts,integration-tests/reconciliation/reconciliation.qa.spec.ts,100,6
posx-ugaoo-backend,integration-tests/reconciliation/balance-check.qa.spec.ts,integration-tests/reconciliation/order-total.qa.spec.ts,100,6
posx-ugaoo-backend,integration-tests/reconciliation/balance-check.qa.spec.ts,integration-tests/reconciliation/formula-check.qa.spec.ts,100,6
posx-ugaoo-backend,integration-tests/reconciliation/formula-check.qa.spec.ts,integration-tests/reconciliation/order-total.qa.spec.ts,100,6
posx-ugaoo-backend,src/api/admin/store-coupon/query-config.ts,src/workflows/store-coupon/steps/create-store-coupon-step.ts,100,5
posx-ugaoo-backend,src/api/adsr/order-payment/route.ts,src/lib/adsr/order-payment.ts,96,14
posx-ugaoo-backend,docs/qa/adsr-order-payment.md,tests/adsr-order-payment.unit.spec.ts,94,9
posx-ugaoo-backend,docs/specs/adsr-order-payment/frd.md,tests/adsr-order-payment.unit.spec.ts,94,9
posx-ugaoo-backend,integration-tests/reconciliation/invoice-total.qa.spec.ts,src/workflows/exports/steps/stream-store-wise-export-to-s3-step.ts,92,7
posx-ugaoo-backend,src/modules/payment-details/migrations/.snapshot-payment-detail.json,src/modules/payment-details/models/payment-details.ts,92,7
posx-ugaoo-backend,integration-tests/reconciliation/final-table.qa.spec.ts,src/workflows/exports/steps/stream-store-wise-export-to-s3-step.ts,92,7
posx-ugaoo-backend,integration-tests/reconciliation/reconciliation.qa.spec.ts,src/workflows/exports/steps/stream-store-wise-export-to-s3-step.ts,92,7
posx-ugaoo-backend,integration-tests/reconciliation/balance-check.qa.spec.ts,src/workflows/exports/steps/stream-store-wise-export-to-s3-step.ts,92,7
posx-ugaoo-backend,integration-tests/reconciliation/formula-check.qa.spec.ts,src/workflows/exports/steps/stream-store-wise-export-to-s3-step.ts,92,7
posx-ugaoo-backend,integration-tests/reconciliation/order-total.qa.spec.ts,src/workflows/exports/steps/stream-store-wise-export-to-s3-step.ts,92,7
posx-ugaoo-backend,src/modules/store-details/migrations/.snapshot-store-details.json,src/modules/store-details/models/store-details.ts,90,6
posx-ugaoo-backend,integration-tests/reconciliation/all-scenarios.qa.spec.ts,integration-tests/reconciliation/formula-check.qa.spec.ts,85,7
posx-ugaoo-backend,docs/dfd/adsr/dfd.adsr.md,docs/qa/adsr-order-payment.md,85,7
posx-ugaoo-backend,integration-tests/reconciliation/all-scenarios.qa.spec.ts,integration-tests/reconciliation/order-total.qa.spec.ts,85,7
posx-ugaoo-backend,docs/dfd/adsr/dfd.adsr.md,docs/specs/adsr-order-payment/frd.md,85,7
posx-ugaoo-backend,integration-tests/reconciliation/all-scenarios.qa.spec.ts,integration-tests/reconciliation/balance-check.qa.spec.ts,85,7
posx-ugaoo-backend,integration-tests/reconciliation/all-scenarios.qa.spec.ts,integration-tests/reconciliation/reconciliation.qa.spec.ts,85,7
posx-ugaoo-backend,integration-tests/reconciliation/all-scenarios.qa.spec.ts,integration-tests/reconciliation/final-table.qa.spec.ts,85,7
posx-ugaoo-backend,integration-tests/reconciliation/all-scenarios.qa.spec.ts,integration-tests/reconciliation/invoice-total.qa.spec.ts,85,7
posx-ugaoo-backend,src/modules/payment-details/models/payment-details.ts,src/types/workflows/payment-detail.ts,83,6
posx-ugaoo-backend,src/types/validators/payment-detail.ts,src/types/workflows/payment-detail.ts,80,8
posx-ugaoo-backend,docs/dfd/adsr/dfd.adsr.md,tests/adsr-order-payment.unit.spec.ts,80,8
posx-ugaoo-backend,integration-tests/reconciliation/all-scenarios.qa.spec.ts,src/workflows/exports/steps/stream-store-wise-export-to-s3-step.ts,80,8
posx-ugaoo-backend,integration-tests/reconciliation/all-scenarios.qa.spec.ts,src/workflows/order-detail/steps/generate-order-report-step.ts,80,8
posx-ugaoo-backend,src/lib/adsr/order-payment.ts,tests/adsr-order-payment.unit.spec.ts,78,12
posx-ugaoo-backend,src/workflows/cart/steps/apply-custom-discount-step.ts,src/workflows/cart/steps/apply-online-coupon-step.ts,77,9
posx-ugaoo-backend,src/workflows/cart/steps/apply-custom-discount-step.ts,src/workflows/cart/steps/apply-store-coupon-step.ts,77,9
posx-ugaoo-backend,.github/workflows/deploy-dev.yml,.github/workflows/deploy-prod.yml,77,9
posx-ugaoo-backend,docs/specs/adsr-order-payment/frd.md,src/api/adsr/order-payment/route.ts,76,11
posx-ugaoo-backend,docs/qa/adsr-order-payment.md,src/api/adsr/order-payment/route.ts,76,11
posx-ugaoo-backend,src/modules/payment-details/migrations/.snapshot-payment-detail.json,src/types/workflows/payment-detail.ts,76,7
posx-ugaoo-backend,src/modules/store-details/models/store-details.ts,src/types/validators/store-details.ts,76,7
posx-ugaoo-backend,src/modules/order-detail/migrations/.snapshot-order-detail.json,src/modules/order-detail/models/order-detail.ts,76,7
posx-ugaoo-backend,package-lock.json,yarn.lock,73,10
posx-ugaoo-backend,src/api/adsr/order-payment/route.ts,tests/adsr-order-payment.unit.spec.ts,72,11
posx-ugaoo-backend,docs/qa/adsr-order-payment.md,src/lib/adsr/order-payment.ts,72,11
posx-ugaoo-backend,integration-tests/reconciliation/all-scenarios.qa.spec.ts,src/lib/helpers/export-amounts.ts,72,11
posx-ugaoo-backend,docs/specs/adsr-order-payment/frd.md,src/lib/adsr/order-payment.ts,72,11
posx-ugaoo-backend,src/api/admin/store-coupon/validators.ts,src/modules/store-coupon/models/store-coupon.ts,71,7
posx-ugaoo-backend,src/modules/store-details/migrations/.snapshot-store-details.json,src/types/validators/store-details.ts,71,7
posx-ugaoo-backend,src/api/admin/store-coupon/query-config.ts,src/api/admin/store-coupon/validators.ts,71,7
posx-ugaoo-backend,src/api/admin/store-coupon/validators.ts,src/workflows/store-coupon/steps/create-store-coupon-step.ts,71,7
posx-ugaoo-backend,src/api/adsr/order-payment/route.ts,src/lib/adsr/types.ts,70,10
posx-ugaoo-backend,src/lib/adsr/order-payment.ts,src/lib/adsr/types.ts,66,11
posx-ugaoo-backend,src/api/admin/gst-info/export/route.ts,src/api/admin/gst-info/import/route.ts,66,9
posx-ugaoo-backend,src/api/admin/gst-info/[id]/route.ts,src/api/admin/gst-info/export/route.ts,66,9
posx-ugaoo-backend,src/api/admin/gst-info/export/route.ts,src/api/admin/gst-info/route.ts,66,9
posx-ugaoo-backend,src/types/workflows/payment-detail.ts,src/workflows/payment-detail/steps/create-payment-detail.ts,66,8
posx-ugaoo-backend,src/modules/payment-details/models/payment-details.ts,src/workflows/payment-detail/steps/create-payment-detail.ts,66,8
posx-ugaoo-backend,src/workflows/payment-detail/steps/create-payment-detail.ts,src/workflows/payment-detail/steps/verify-payment-details-step.ts,66,8
posx-ugaoo-backend,src/modules/payment-details/models/payment-details.ts,src/types/validators/payment-detail.ts,66,8
posx-ugaoo-backend,src/workflows/order-return-and-exchange/workflows/confirm-exchange-order-v2.ts,src/workflows/order-return-and-exchange/workflows/confirm-return-order-v2.ts,64,19
posx-ugaoo-backend,package-lock.json,package.json,63,11
posx-ugaoo-backend,docs/dfd/adsr/dfd.adsr.md,src/api/adsr/order-payment/route.ts,63,10
posx-ugaoo-backend,src/modules/payment-details/migrations/.snapshot-payment-detail.json,src/workflows/payment-detail/steps/create-payment-detail.ts,62,8
posx-ugaoo-backend,src/modules/payment-details/migrations/.snapshot-payment-detail.json,src/types/validators/payment-detail.ts,62,8
posx-ugaoo-backend,integration-tests/reconciliation/reconciliation.qa.spec.ts,src/lib/helpers/export-amounts.ts,60,10
posx-ugaoo-backend,integration-tests/reconciliation/order-total.qa.spec.ts,src/lib/helpers/export-amounts.ts,60,10
posx-ugaoo-backend,integration-tests/reconciliation/balance-check.qa.spec.ts,src/lib/helpers/export-amounts.ts,60,10
posx-ugaoo-backend,integration-tests/reconciliation/final-table.qa.spec.ts,src/lib/helpers/export-amounts.ts,60,10
posx-ugaoo-backend,integration-tests/reconciliation/formula-check.qa.spec.ts,src/lib/helpers/export-amounts.ts,60,10
posx-ugaoo-backend,integration-tests/reconciliation/invoice-total.qa.spec.ts,src/lib/helpers/export-amounts.ts,60,10
posx-ugaoo-backend,docs/dfd/adsr/dfd.adsr.md,src/lib/adsr/order-payment.ts,60,10
posx-ugaoo-backend,src/lib/helpers/export-amounts.ts,src/workflows/exports/steps/stream-payment-export-to-s3-step.ts,59,19
posx-ugaoo-backend,src/lib/helpers/export-amounts.ts,src/workflows/exports/steps/stream-store-wise-export-to-s3-step.ts,57,11
posx-ugaoo-backend,src/lib/helpers/export-amounts.ts,src/workflows/order-detail/steps/generate-order-report-step.ts,57,11
posx-ugaoo-backend,src/types/validators/payment-detail.ts,src/workflows/payment-detail/steps/create-payment-detail.ts,55,9
posx-ugaoo-backend,src/workflows/store-coupon/steps/calculate-store-coupon-discount-for-order-step.ts,src/workflows/store-coupon/steps/calculate-store-coupon-discount-step.ts,55,9
posx-ugaoo-backend,src/modules/store-coupon/models/store-coupon.ts,src/workflows/store-coupon/steps/calculate-store-coupon-discount-step.ts,55,9
posx-ugaoo-backend,src/types/validators/order-detail.ts,src/workflows/order-detail/steps/generate-order-report-step.ts,55,9
posx-ugaoo-backend,src/lib/helpers/evaluate-per-assortment.ts,src/workflows/store-coupon/steps/calculate-store-coupon-discount-step.ts,55,9
posx-ugaoo-backend,src/api/admin/store-coupon/validators.ts,src/workflows/store-coupon/steps/calculate-store-coupon-discount-step.ts,54,11
posx-ugaoo-backend,src/lib/helpers/export-amounts.ts,src/workflows/exports/steps/stream-order-export-to-s3-step.ts,52,19
posx-ugaoo-backend,package.json,yarn.lock,52,10
posx-ugaoo-backend,src/api/admin/employee/route.ts,src/api/admin/order-detail/route.ts,52,10
posx-ugaoo-backend,src/workflows/exports/steps/stream-order-export-to-s3-step.ts,src/workflows/exports/steps/stream-payment-export-to-s3-step.ts,51,24
posx-ugaoo-backend,src/workflows/order-return-and-exchange/workflows/confirm-return-order-v2.ts,src/workflows/payment-detail/steps/create-refund-payment-step.ts,51,14
posx-ugaoo-backend,integration-tests/reconciliation/all-scenarios.qa.spec.ts,src/workflows/exports/steps/stream-order-export-to-s3-step.ts,50,16
posx-ugaoo-backend,src/types/validators/payment-detail.ts,src/workflows/payment-detail/steps/create-refund-payment-step.ts,50,10
posx-ugaoo-backend,src/lib/helpers/build-summary.ts,src/workflows/order-detail/steps/create-order-from-cart-step.ts,49,29
posx-ugaoo-backend,src/workflows/exports/steps/stream-payment-export-to-s3-step.ts,tests/payment-export-sale.unit.spec.ts,46,15
posx-ugaoo-backend,src/modules/pdf-client/invoice.ejs,src/modules/pdf-client/service.ts,45,16
posx-ugaoo-backend,src/modules/pdf-client/service.ts,src/workflows/payment-detail/steps/create-payment-detail.ts,43,12
posx-ugaoo-backend,src/workflows/order-detail/steps/create-exchange-order-detail-step-v2.ts,src/workflows/order-detail/steps/create-order-detail-step.ts,43,12
posx-ugaoo-backend,src/api/admin/order-detail/export/route.ts,src/api/admin/order-detail/route.ts,41,12
posx-ugaoo-backend,integration-tests/reconciliation/order-total.qa.spec.ts,src/workflows/exports/steps/stream-order-export-to-s3-step.ts,40,15
posx-ugaoo-backend,integration-tests/reconciliation/invoice-total.qa.spec.ts,src/workflows/exports/steps/stream-order-export-to-s3-step.ts,40,15
posx-ugaoo-backend,integration-tests/reconciliation/reconciliation.qa.spec.ts,src/workflows/exports/steps/stream-order-export-to-s3-step.ts,40,15
posx-ugaoo-backend,integration-tests/reconciliation/final-table.qa.spec.ts,src/workflows/exports/steps/stream-order-export-to-s3-step.ts,40,15
posx-ugaoo-backend,integration-tests/reconciliation/balance-check.qa.spec.ts,src/workflows/exports/steps/stream-order-export-to-s3-step.ts,40,15
posx-ugaoo-backend,integration-tests/reconciliation/formula-check.qa.spec.ts,src/workflows/exports/steps/stream-order-export-to-s3-step.ts,40,15
posx-ugaoo-backend,src/types/validators/payment-detail.ts,src/workflows/order-return-and-exchange/workflows/confirm-return-order-v2.ts,40,13
posx-ugaoo-backend,src/api/admin/employee/route.ts,src/api/admin/order-detail/export/route.ts,40,13
posx-ugaoo-backend,src/workflows/exports/steps/stream-order-export-to-s3-step.ts,src/workflows/exports/steps/stream-store-wise-export-to-s3-step.ts,38,16
posx-ugaoo-backend,integration-tests/reconciliation/all-scenarios.qa.spec.ts,src/workflows/exports/steps/stream-payment-export-to-s3-step.ts,38,16
posx-ugaoo-backend,src/workflows/exports/steps/stream-order-export-to-s3-step.ts,src/workflows/order-detail/steps/generate-order-report-step.ts,38,16
posx-ugaoo-backend,src/workflows/order-return-and-exchange/workflows/confirm-exchange-order-v2.ts,src/workflows/payment-detail/steps/create-refund-payment-step.ts,37,16
posx-ugaoo-backend,src/workflows/exports/steps/stream-payment-export-to-s3-step.ts,src/workflows/exports/workflows/export-order-details-workflow.ts,35,14
posx-ugaoo-backend,src/lib/helpers/export-amounts.ts,src/modules/order-detail/service.ts,34,24
posx-ugaoo-backend,src/workflows/order-detail/steps/create-exchange-order-detail-step-v2.ts,src/workflows/order-return-and-exchange/workflows/confirm-exchange-order-v2.ts,34,18
posx-ugaoo-backend,src/workflows/exports/steps/stream-order-export-to-s3-step.ts,src/workflows/exports/workflows/export-order-details-workflow.ts,34,15
posx-ugaoo-backend,src/lib/helpers/build-summary.ts,src/workflows/cart/steps/apply-store-coupon-step.ts,33,18
posx-ugaoo-backend,src/lib/helpers/build-summary.ts,src/workflows/cart/steps/apply-online-coupon-step.ts,33,18
posx-ugaoo-backend,.github/workflows/deploy.yml,Makefile,32,16
posx-ugaoo-backend,src/workflows/cart/steps/apply-store-coupon-step.ts,src/workflows/order-detail/steps/create-order-from-cart-step.ts,30,20
posx-ugaoo-backend,src/workflows/cart/steps/save-cart-step.ts,src/workflows/order-detail/steps/create-order-from-cart-step.ts,30,20
posx-ugaoo-backend,src/workflows/order-detail/steps/create-order-detail-step.ts,src/workflows/order-detail/steps/create-order-from-cart-step.ts,30,20
posx-ugaoo-backend,src/workflows/cart/steps/apply-online-coupon-step.ts,src/workflows/order-detail/steps/create-order-from-cart-step.ts,30,20
posx-ugaoo-backend,src/workflows/cart/steps/apply-custom-discount-step.ts,src/workflows/order-detail/steps/create-order-from-cart-step.ts,30,20
posx-ugaoo-backend,src/modules/order-detail/service.ts,src/workflows/order-detail/steps/generate-order-report-step.ts,30,20
posx-ugaoo-store,src/components/app/order/steps/payment-details/single-payment.tsx,src/components/app/order/steps/payment-details/split-payment.tsx,100,5
posx-ugaoo-store,src/store/middlewares/cart.middleware.ts,src/store/reducers/cart.reducer.ts,66,12
posx-ugaoo-store,src/store/apis/cart.request.ts,src/store/middlewares/cart.middleware.ts,61,13
posx-ugaoo-store,src/components/app/order/steps/customer-details/index.tsx,src/pages/orders/details/customer-details.tsx,55,9
posx-ugaoo-store,src/store/actions/cart.action.ts,src/store/middlewares/cart.middleware.ts,47,11
posx-ugaoo-store,src/components/exchange/OrderProductCard.tsx,src/pages/exchanges/details.tsx,43,12
posx-ugaoo-store,src/components/app/product/cart-panel.tsx,src/store/middlewares/cart.middleware.ts,42,24
posx-ugaoo-store,src/pages/exchanges/details.tsx,src/pages/returns/details.tsx,41,17
posx-ugaoo-store,src/pages/cms/index.tsx,src/types/cms.ts,41,12
posx-ugaoo-store,src/components/app/product/cart-panel.tsx,src/store/apis/cart.request.ts,39,21
