repo,source,package,severity,id,fix_available
posx-comet-admin,osv-scanner,@babel/core,3.2,GHSA-4x5r-pxfx-6jf8,unknown
posx-comet-admin,osv-scanner,@babel/helpers,6.2,GHSA-968p-4wvh-cqc8,unknown
posx-comet-admin,osv-scanner,@babel/runtime,6.2,GHSA-968p-4wvh-cqc8,unknown
posx-comet-admin,osv-scanner,@remix-run/router,6.6,GHSA-2j2x-hqr9-3h42,unknown
posx-comet-admin,osv-scanner,@remix-run/router,8.0,GHSA-2w69-qvjg-hvjx,unknown
posx-comet-admin,osv-scanner,ajv,5.5,GHSA-2g4f-4pwh-qvx6,unknown
posx-comet-admin,osv-scanner,brace-expansion,7.7,GHSA-3jxr-9vmj-r5cp,unknown
posx-comet-admin,osv-scanner,brace-expansion,6.5,GHSA-f886-m6hf-6m8v,unknown
posx-comet-admin,osv-scanner,brace-expansion,7.5,GHSA-mh99-v99m-4gvg,unknown
posx-comet-admin,osv-scanner,brace-expansion,7.5,GHSA-rgw5-rvv9-x895,unknown
posx-comet-admin,osv-scanner,brace-expansion,3.1,GHSA-v6h2-p8h4-qcjw,unknown
posx-comet-admin,osv-scanner,browserslist,7.5,GHSA-73wf-gq98-2v4g,unknown
posx-comet-admin,osv-scanner,browserslist,7.5,GHSA-c83g-rgw3-j3cx,unknown
posx-comet-admin,osv-scanner,esbuild,5.3,GHSA-67mh-4wv8-2f99,unknown
posx-comet-admin,osv-scanner,fast-uri,7.5,GHSA-4c8g-83qw-93j6,unknown
posx-comet-admin,osv-scanner,fast-uri,7.5,GHSA-7p8r-x3mc-p8w7,unknown
posx-comet-admin,osv-scanner,fast-uri,7.5,GHSA-f65p-4m7j-42xc,unknown
posx-comet-admin,osv-scanner,fast-uri,7.5,GHSA-jqff-g426-hqxp,unknown
posx-comet-admin,osv-scanner,fast-uri,7.5,GHSA-q3j6-qgpj-74h6,unknown
posx-comet-admin,osv-scanner,fast-uri,7.5,GHSA-v2hh-gcrm-f6hx,unknown
posx-comet-admin,osv-scanner,fast-uri,7.5,GHSA-v39h-62p7-jpjc,unknown
posx-comet-admin,osv-scanner,glob,7.5,GHSA-5j98-mcp5-4vw2,unknown
posx-comet-admin,osv-scanner,i18next-http-backend,6.5,GHSA-q89c-q3h5-w34g,unknown
posx-comet-admin,osv-scanner,lodash,6.9,GHSA-f23m-r3pf-42rh,unknown
posx-comet-admin,osv-scanner,lodash,8.1,GHSA-r5fr-rjxr-66jc,unknown
posx-comet-admin,osv-scanner,lodash,6.9,GHSA-xxjr-mmjv-4gpg,unknown
posx-comet-admin,osv-scanner,minimatch,7.5,GHSA-23c5-xmqv-rm74,unknown
posx-comet-admin,osv-scanner,minimatch,8.7,GHSA-3ppc-4f35-3m26,unknown
posx-comet-admin,osv-scanner,minimatch,7.5,GHSA-7r86-cg39-jmmj,unknown
posx-comet-admin,osv-scanner,nanoid,8.2,GHSA-28wg-ghj8-5hjv,unknown
posx-comet-admin,osv-scanner,nanoid,8.2,GHSA-2v37-7h3g-55p8,unknown
posx-comet-admin,osv-scanner,nanoid,7.4,GHSA-xwg4-73v4-xw9w,unknown
posx-comet-admin,osv-scanner,picomatch,5.3,GHSA-3v7f-55p6-f55p,unknown
posx-comet-admin,osv-scanner,picomatch,7.5,GHSA-c2c7-rcm5-vvqj,unknown
posx-comet-admin,osv-scanner,picomatch,5.3,GHSA-3v7f-55p6-f55p,unknown
posx-comet-admin,osv-scanner,picomatch,7.5,GHSA-c2c7-rcm5-vvqj,unknown
posx-comet-admin,osv-scanner,postcss,7.5,GHSA-6g55-p6wh-862q,unknown
posx-comet-admin,osv-scanner,postcss,6.3,GHSA-fxqj-rqcc-2cmp,unknown
posx-comet-admin,osv-scanner,postcss,6.1,GHSA-qx2v-qp2m-jg93,unknown
posx-comet-admin,osv-scanner,postcss,7.5,GHSA-r28c-9q8g-f849,unknown
posx-comet-admin,osv-scanner,postcss-selector-parser,4.3,GHSA-w9m9-85wc-3x92,unknown
posx-comet-admin,osv-scanner,prismjs,4.9,GHSA-x7hr-w5r2-h6wg,unknown
posx-comet-admin,osv-scanner,qs,6.3,GHSA-4mjr-xmp4-gh2g,unknown
posx-comet-admin,osv-scanner,qs,6.3,GHSA-6rw7-vpxm-498p,unknown
posx-comet-admin,osv-scanner,qs,6.3,GHSA-q8mj-m7cp-5q26,unknown
posx-comet-admin,osv-scanner,qs,3.7,GHSA-w7fw-mjwx-w883,unknown
posx-comet-admin,osv-scanner,react-router,6.6,GHSA-2j2x-hqr9-3h42,unknown
posx-comet-admin,osv-scanner,react-router,6.1,GHSA-337j-9hxr-rhxg,unknown
posx-comet-admin,osv-scanner,react-router,6.5,GHSA-9jcx-v3wj-wh4m,unknown
posx-comet-admin,osv-scanner,react-router,5.1,GHSA-wrjc-x8rr-h8h6,unknown
posx-comet-admin,osv-scanner,rollup,8.8,GHSA-mw96-cpmx-2vgc,unknown
posx-comet-admin,osv-scanner,vite,6.0,GHSA-356w-63v5-8wf4,unknown
posx-comet-admin,osv-scanner,vite,5.3,GHSA-4r4m-qw57-chr8,unknown
posx-comet-admin,osv-scanner,vite,6.3,GHSA-4w7w-66w2-5vf9,unknown
posx-comet-admin,osv-scanner,vite,6.0,GHSA-859w-5945-r5v3,unknown
posx-comet-admin,osv-scanner,vite,6.0,GHSA-93m4-6634-74q7,unknown
posx-comet-admin,osv-scanner,vite,8.2,GHSA-fx2h-pf6j-xcff,unknown
posx-comet-admin,osv-scanner,vite,2.3,GHSA-g4jq-h2w9-997c,unknown
posx-comet-admin,osv-scanner,vite,2.3,GHSA-jqfw-vq24-v9c3,unknown
posx-comet-admin,osv-scanner,vite,5.5,GHSA-v6wh-96g9-6wx3,unknown
posx-comet-admin,osv-scanner,vite,5.3,GHSA-x574-m823-4x7w,unknown
posx-comet-admin,osv-scanner,vite,5.3,GHSA-xcj6-pq6g-qj4x,unknown
posx-comet-admin,osv-scanner,vitest,9.8,GHSA-5xrq-8626-4rwp,unknown
posx-comet-admin,osv-scanner,yaml,4.3,GHSA-48c2-rrv3-qjmp,unknown
posx-comet-backend,osv-scanner,@babel/core,3.2,GHSA-4x5r-pxfx-6jf8,unknown
posx-comet-backend,osv-scanner,@mikro-orm/core,9.3,GHSA-gwhv-j974-6fxm,unknown
posx-comet-backend,osv-scanner,@mikro-orm/core,8.3,GHSA-qpfv-44f3-qqx6,unknown
posx-comet-backend,osv-scanner,@mikro-orm/knex,7.6,GHSA-cfw5-68c4-ffqp,unknown
posx-comet-backend,osv-scanner,@remix-run/router,6.6,GHSA-2j2x-hqr9-3h42,unknown
posx-comet-backend,osv-scanner,@remix-run/router,8.0,GHSA-2w69-qvjg-hvjx,unknown
posx-comet-backend,osv-scanner,@smithy/config-resolver,3.7,GHSA-6475-r3vj-m8vf,unknown
posx-comet-backend,osv-scanner,ajv,5.5,GHSA-2g4f-4pwh-qvx6,unknown
posx-comet-backend,osv-scanner,axios,7.0,GHSA-3g43-6gmg-66jw,unknown
posx-comet-backend,osv-scanner,axios,6.3,GHSA-3p68-rc4w-qgx5,unknown
posx-comet-backend,osv-scanner,axios,7.5,GHSA-43fc-jf86-j433,unknown
posx-comet-backend,osv-scanner,axios,5.3,GHSA-5c9x-8gcm-mpgx,unknown
posx-comet-backend,osv-scanner,axios,7.5,GHSA-62hf-57xw-28j9,unknown
posx-comet-backend,osv-scanner,axios,7.4,GHSA-6chq-wfr3-2hj9,unknown
posx-comet-backend,osv-scanner,axios,6.3,GHSA-7q8q-rj6j-mhjq,unknown
posx-comet-backend,osv-scanner,axios,4.8,GHSA-898c-q2cr-xwhg,unknown
posx-comet-backend,osv-scanner,axios,4.8,GHSA-fvcv-3m26-pcqx,unknown
posx-comet-backend,osv-scanner,axios,7.5,GHSA-hfxv-24rg-xrqf,unknown
posx-comet-backend,osv-scanner,axios,7.5,GHSA-j5f8-grm9-p9fc,unknown
posx-comet-backend,osv-scanner,axios,7.7,GHSA-jr5f-v2jv-69x6,unknown
posx-comet-backend,osv-scanner,axios,6.8,GHSA-m7pr-hjqh-92cm,unknown
posx-comet-backend,osv-scanner,axios,6.3,GHSA-mmx7-hfxf-jppx,unknown
posx-comet-backend,osv-scanner,axios,8.2,GHSA-p92q-9vqr-4j8v,unknown
posx-comet-backend,osv-scanner,axios,7.4,GHSA-pf86-5x62-jrwf,unknown
posx-comet-backend,osv-scanner,axios,8.6,GHSA-pjwm-pj3p-43mv,unknown
posx-comet-backend,osv-scanner,axios,7.2,GHSA-pmwg-cvhr-8vh7,unknown
posx-comet-backend,osv-scanner,axios,5.3,GHSA-vf2m-468p-8v99,unknown
posx-comet-backend,osv-scanner,axios,4.8,GHSA-w9j2-pvgh-6h63,unknown
posx-comet-backend,osv-scanner,axios,6.5,GHSA-wf5p-g6vw-rhxx,unknown
posx-comet-backend,osv-scanner,axios,3.7,GHSA-xhjh-pmcv-23jw,unknown
posx-comet-backend,osv-scanner,axios,5.4,GHSA-xx6v-rp6x-q39c,unknown
posx-comet-backend,osv-scanner,basic-ftp,9.1,GHSA-5rq4-664w-9x2c,unknown
posx-comet-backend,osv-scanner,basic-ftp,8.2,GHSA-6v7q-wjvx-w8wg,unknown
posx-comet-backend,osv-scanner,basic-ftp,7.5,GHSA-rp42-5vxx-qpwr,unknown
posx-comet-backend,osv-scanner,basic-ftp,7.5,GHSA-rpmf-866q-6p89,unknown
posx-comet-backend,osv-scanner,body-parser,3.7,GHSA-v422-hmwv-36x6,unknown
posx-comet-backend,osv-scanner,brace-expansion,7.7,GHSA-3jxr-9vmj-r5cp,unknown
posx-comet-backend,osv-scanner,brace-expansion,6.5,GHSA-f886-m6hf-6m8v,unknown
posx-comet-backend,osv-scanner,brace-expansion,7.5,GHSA-mh99-v99m-4gvg,unknown
posx-comet-backend,osv-scanner,brace-expansion,7.5,GHSA-rgw5-rvv9-x895,unknown
posx-comet-backend,osv-scanner,brace-expansion,3.1,GHSA-v6h2-p8h4-qcjw,unknown
posx-comet-backend,osv-scanner,brace-expansion,7.7,GHSA-3jxr-9vmj-r5cp,unknown
posx-comet-backend,osv-scanner,brace-expansion,6.5,GHSA-f886-m6hf-6m8v,unknown
posx-comet-backend,osv-scanner,brace-expansion,7.5,GHSA-mh99-v99m-4gvg,unknown
posx-comet-backend,osv-scanner,brace-expansion,7.5,GHSA-rgw5-rvv9-x895,unknown
posx-comet-backend,osv-scanner,brace-expansion,3.1,GHSA-v6h2-p8h4-qcjw,unknown
posx-comet-backend,osv-scanner,browserslist,7.5,GHSA-73wf-gq98-2v4g,unknown
posx-comet-backend,osv-scanner,browserslist,7.5,GHSA-c83g-rgw3-j3cx,unknown
posx-comet-backend,osv-scanner,diff,2.7,GHSA-73rr-hh4g-fpgx,unknown
posx-comet-backend,osv-scanner,esbuild,5.3,GHSA-67mh-4wv8-2f99,unknown
posx-comet-backend,osv-scanner,extract-zip,8.6,GHSA-jmr9-qjv8-65gv,unknown
posx-comet-backend,osv-scanner,fast-xml-parser,7.5,GHSA-8gc5-j5rx-235r,unknown
posx-comet-backend,osv-scanner,fast-xml-parser,2.7,GHSA-fj3w-jwp8-x2g3,unknown
posx-comet-backend,osv-scanner,fast-xml-parser,6.1,GHSA-gh4j-gqv2-49f6,unknown
posx-comet-backend,osv-scanner,fast-xml-parser,7.5,GHSA-jmr7-xgp7-cmfj,unknown
posx-comet-backend,osv-scanner,fast-xml-parser,5.9,GHSA-jp2q-39xq-3w4g,unknown
posx-comet-backend,osv-scanner,fast-xml-parser,9.3,GHSA-m7jm-9gc2-mpf2,unknown
posx-comet-backend,osv-scanner,glob,7.5,GHSA-5j98-mcp5-4vw2,unknown
posx-comet-backend,osv-scanner,i18next-http-backend,6.5,GHSA-q89c-q3h5-w34g,unknown
posx-comet-backend,osv-scanner,immutable,8.7,GHSA-v56q-mh7h-f735,unknown
posx-comet-backend,osv-scanner,immutable,9.8,GHSA-wf6x-7x77-mvgw,unknown
posx-comet-backend,osv-scanner,immutable,8.7,GHSA-xvcm-6775-5m9r,unknown
posx-comet-backend,osv-scanner,ip-address,7.7,GHSA-mwp4-54f8-5fhr,unknown
posx-comet-backend,osv-scanner,ip-address,5.3,GHSA-v2v4-37r5-5v8g,unknown
posx-comet-backend,osv-scanner,js-yaml,7.5,GHSA-52cp-r559-cp3m,unknown
posx-comet-backend,osv-scanner,js-yaml,7.5,GHSA-5p4m-2wfm-xmqj,unknown
posx-comet-backend,osv-scanner,js-yaml,5.3,GHSA-h67p-54hq-rp68,unknown
posx-comet-backend,osv-scanner,js-yaml,5.3,GHSA-mh29-5h37-fv8m,unknown
posx-comet-backend,osv-scanner,js-yaml,7.5,GHSA-52cp-r559-cp3m,unknown
posx-comet-backend,osv-scanner,js-yaml,7.5,GHSA-5p4m-2wfm-xmqj,unknown
posx-comet-backend,osv-scanner,js-yaml,5.3,GHSA-h67p-54hq-rp68,unknown
posx-comet-backend,osv-scanner,js-yaml,5.3,GHSA-mh29-5h37-fv8m,unknown
posx-comet-backend,osv-scanner,json-2-csv,6.8,GHSA-g27c-q7cp-mhx6,unknown
posx-comet-backend,osv-scanner,jws,7.5,GHSA-869p-cjfg-cm3x,unknown
posx-comet-backend,osv-scanner,lodash,6.9,GHSA-f23m-r3pf-42rh,unknown
posx-comet-backend,osv-scanner,lodash,8.1,GHSA-r5fr-rjxr-66jc,unknown
posx-comet-backend,osv-scanner,lodash,6.9,GHSA-xxjr-mmjv-4gpg,unknown
posx-comet-backend,osv-scanner,min-document,2.9,GHSA-rx8g-88g5-qh64,unknown
posx-comet-backend,osv-scanner,minimatch,7.5,GHSA-23c5-xmqv-rm74,unknown
posx-comet-backend,osv-scanner,minimatch,8.7,GHSA-3ppc-4f35-3m26,unknown
posx-comet-backend,osv-scanner,minimatch,7.5,GHSA-7r86-cg39-jmmj,unknown
posx-comet-backend,osv-scanner,minimatch,7.5,GHSA-23c5-xmqv-rm74,unknown
posx-comet-backend,osv-scanner,minimatch,8.7,GHSA-3ppc-4f35-3m26,unknown
posx-comet-backend,osv-scanner,minimatch,7.5,GHSA-7r86-cg39-jmmj,unknown
posx-comet-backend,osv-scanner,minimatch,7.5,GHSA-23c5-xmqv-rm74,unknown
posx-comet-backend,osv-scanner,minimatch,8.7,GHSA-3ppc-4f35-3m26,unknown
posx-comet-backend,osv-scanner,minimatch,7.5,GHSA-7r86-cg39-jmmj,unknown
posx-comet-backend,osv-scanner,morgan,5.3,GHSA-4vj7-5mj6-jm8m,unknown
posx-comet-backend,osv-scanner,multer,7.5,GHSA-44fp-w29j-9vj5,unknown
posx-comet-backend,osv-scanner,multer,7.5,GHSA-4pg4-qvpc-4q3h,unknown
posx-comet-backend,osv-scanner,multer,8.7,GHSA-5528-5vmv-3xc2,unknown
posx-comet-backend,osv-scanner,multer,7.5,GHSA-72gw-mp4g-v24j,unknown
posx-comet-backend,osv-scanner,multer,7.5,GHSA-fjgf-rc76-4x9p,unknown
posx-comet-backend,osv-scanner,multer,8.7,GHSA-g5hg-p3ph-g8qg,unknown
posx-comet-backend,osv-scanner,multer,8.7,GHSA-v52c-386h-88mc,unknown
posx-comet-backend,osv-scanner,multer,8.7,GHSA-xf7r-hgr6-v32p,unknown
posx-comet-backend,osv-scanner,nanoid,8.2,GHSA-28wg-ghj8-5hjv,unknown
posx-comet-backend,osv-scanner,nanoid,8.2,GHSA-2v37-7h3g-55p8,unknown
posx-comet-backend,osv-scanner,nanoid,7.4,GHSA-xwg4-73v4-xw9w,unknown
posx-comet-backend,osv-scanner,nodemailer,5.4,GHSA-268h-hp4c-crq3,unknown
posx-comet-backend,osv-scanner,nodemailer,2.3,GHSA-c7w3-x93f-qmm8,unknown
posx-comet-backend,osv-scanner,nodemailer,5.5,GHSA-mm7p-fcc7-pg87,unknown
posx-comet-backend,osv-scanner,nodemailer,7.1,GHSA-p6gq-j5cr-w38f,unknown
posx-comet-backend,osv-scanner,nodemailer,6.5,GHSA-r7g4-qg5f-qqm2,unknown
posx-comet-backend,osv-scanner,nodemailer,7.5,GHSA-rcmh-qjqh-p98v,unknown
posx-comet-backend,osv-scanner,nodemailer,4.9,GHSA-vvjj-xcjg-gr5g,unknown
posx-comet-backend,osv-scanner,nodemailer,5.4,GHSA-wqvq-jvpq-h66f,unknown
posx-comet-backend,osv-scanner,on-headers,3.4,GHSA-76c9-3jph-rj3q,unknown
posx-comet-backend,osv-scanner,path-to-regexp,7.5,GHSA-37ch-88jc-xwx2,unknown
posx-comet-backend,osv-scanner,picomatch,5.3,GHSA-3v7f-55p6-f55p,unknown
posx-comet-backend,osv-scanner,picomatch,7.5,GHSA-c2c7-rcm5-vvqj,unknown
posx-comet-backend,osv-scanner,picomatch,5.3,GHSA-3v7f-55p6-f55p,unknown
posx-comet-backend,osv-scanner,picomatch,7.5,GHSA-c2c7-rcm5-vvqj,unknown
posx-comet-backend,osv-scanner,postcss,7.5,GHSA-6g55-p6wh-862q,unknown
posx-comet-backend,osv-scanner,postcss,6.3,GHSA-fxqj-rqcc-2cmp,unknown
posx-comet-backend,osv-scanner,postcss,6.1,GHSA-qx2v-qp2m-jg93,unknown
posx-comet-backend,osv-scanner,postcss,7.5,GHSA-r28c-9q8g-f849,unknown
posx-comet-backend,osv-scanner,postcss-selector-parser,4.3,GHSA-w9m9-85wc-3x92,unknown
posx-comet-backend,osv-scanner,qs,6.3,GHSA-4mjr-xmp4-gh2g,unknown
posx-comet-backend,osv-scanner,qs,6.3,GHSA-6rw7-vpxm-498p,unknown
posx-comet-backend,osv-scanner,qs,6.3,GHSA-q8mj-m7cp-5q26,unknown
posx-comet-backend,osv-scanner,qs,3.7,GHSA-w7fw-mjwx-w883,unknown
posx-comet-backend,osv-scanner,qs,6.3,GHSA-4mjr-xmp4-gh2g,unknown
posx-comet-backend,osv-scanner,qs,6.3,GHSA-6rw7-vpxm-498p,unknown
posx-comet-backend,osv-scanner,qs,6.3,GHSA-q8mj-m7cp-5q26,unknown
posx-comet-backend,osv-scanner,qs,3.7,GHSA-w7fw-mjwx-w883,unknown
posx-comet-backend,osv-scanner,react-router,6.6,GHSA-2j2x-hqr9-3h42,unknown
posx-comet-backend,osv-scanner,react-router,6.1,GHSA-337j-9hxr-rhxg,unknown
posx-comet-backend,osv-scanner,react-router,6.5,GHSA-9jcx-v3wj-wh4m,unknown
posx-comet-backend,osv-scanner,react-router,5.1,GHSA-wrjc-x8rr-h8h6,unknown
posx-comet-backend,osv-scanner,rollup,8.8,GHSA-mw96-cpmx-2vgc,unknown
posx-comet-backend,osv-scanner,tar-fs,8.7,GHSA-8cj5-5rvv-wf4v,unknown
posx-comet-backend,osv-scanner,tar-fs,8.7,GHSA-vj76-c3g6-qr5v,unknown
posx-comet-backend,osv-scanner,tmp,2.5,GHSA-52f5-9888-hmc6,unknown
posx-comet-backend,osv-scanner,tmp,7.7,GHSA-ph9p-34f9-6g65,unknown
posx-comet-backend,osv-scanner,uuid,7.5,GHSA-w5hq-g745-h8pq,unknown
posx-comet-backend,osv-scanner,uuid,7.5,GHSA-w5hq-g745-h8pq,unknown
posx-comet-backend,osv-scanner,vite,6.0,GHSA-356w-63v5-8wf4,unknown
posx-comet-backend,osv-scanner,vite,5.3,GHSA-4r4m-qw57-chr8,unknown
posx-comet-backend,osv-scanner,vite,6.3,GHSA-4w7w-66w2-5vf9,unknown
posx-comet-backend,osv-scanner,vite,6.0,GHSA-859w-5945-r5v3,unknown
posx-comet-backend,osv-scanner,vite,6.0,GHSA-93m4-6634-74q7,unknown
posx-comet-backend,osv-scanner,vite,8.2,GHSA-fx2h-pf6j-xcff,unknown
posx-comet-backend,osv-scanner,vite,2.3,GHSA-g4jq-h2w9-997c,unknown
posx-comet-backend,osv-scanner,vite,2.3,GHSA-jqfw-vq24-v9c3,unknown
posx-comet-backend,osv-scanner,vite,5.5,GHSA-v6wh-96g9-6wx3,unknown
posx-comet-backend,osv-scanner,vite,5.3,GHSA-x574-m823-4x7w,unknown
posx-comet-backend,osv-scanner,vite,5.3,GHSA-xcj6-pq6g-qj4x,unknown
posx-comet-backend,osv-scanner,ws,4.4,GHSA-58qx-3vcg-4xpx,unknown
posx-comet-backend,osv-scanner,ws,7.5,GHSA-96hv-2xvq-fx4p,unknown
posx-comet-backend,osv-scanner,yaml,4.3,GHSA-48c2-rrv3-qjmp,unknown
posx-comet-backend,osv-scanner,@babel/core,3.2,GHSA-4x5r-pxfx-6jf8,unknown
posx-comet-backend,osv-scanner,@mikro-orm/core,9.3,GHSA-gwhv-j974-6fxm,unknown
posx-comet-backend,osv-scanner,@mikro-orm/core,8.3,GHSA-qpfv-44f3-qqx6,unknown
posx-comet-backend,osv-scanner,@mikro-orm/knex,7.6,GHSA-cfw5-68c4-ffqp,unknown
posx-comet-backend,osv-scanner,@remix-run/router,6.6,GHSA-2j2x-hqr9-3h42,unknown
posx-comet-backend,osv-scanner,@remix-run/router,8.0,GHSA-2w69-qvjg-hvjx,unknown
posx-comet-backend,osv-scanner,@smithy/config-resolver,3.7,GHSA-6475-r3vj-m8vf,unknown
posx-comet-backend,osv-scanner,ajv,5.5,GHSA-2g4f-4pwh-qvx6,unknown
posx-comet-backend,osv-scanner,axios,7.0,GHSA-3g43-6gmg-66jw,unknown
posx-comet-backend,osv-scanner,axios,6.3,GHSA-3p68-rc4w-qgx5,unknown
posx-comet-backend,osv-scanner,axios,7.5,GHSA-43fc-jf86-j433,unknown
posx-comet-backend,osv-scanner,axios,5.3,GHSA-5c9x-8gcm-mpgx,unknown
posx-comet-backend,osv-scanner,axios,7.5,GHSA-62hf-57xw-28j9,unknown
posx-comet-backend,osv-scanner,axios,7.4,GHSA-6chq-wfr3-2hj9,unknown
posx-comet-backend,osv-scanner,axios,6.3,GHSA-7q8q-rj6j-mhjq,unknown
posx-comet-backend,osv-scanner,axios,4.8,GHSA-898c-q2cr-xwhg,unknown
posx-comet-backend,osv-scanner,axios,4.8,GHSA-fvcv-3m26-pcqx,unknown
posx-comet-backend,osv-scanner,axios,7.5,GHSA-hfxv-24rg-xrqf,unknown
posx-comet-backend,osv-scanner,axios,7.5,GHSA-j5f8-grm9-p9fc,unknown
posx-comet-backend,osv-scanner,axios,7.7,GHSA-jr5f-v2jv-69x6,unknown
posx-comet-backend,osv-scanner,axios,6.8,GHSA-m7pr-hjqh-92cm,unknown
posx-comet-backend,osv-scanner,axios,6.3,GHSA-mmx7-hfxf-jppx,unknown
posx-comet-backend,osv-scanner,axios,8.2,GHSA-p92q-9vqr-4j8v,unknown
posx-comet-backend,osv-scanner,axios,7.4,GHSA-pf86-5x62-jrwf,unknown
posx-comet-backend,osv-scanner,axios,8.6,GHSA-pjwm-pj3p-43mv,unknown
posx-comet-backend,osv-scanner,axios,7.2,GHSA-pmwg-cvhr-8vh7,unknown
posx-comet-backend,osv-scanner,axios,5.3,GHSA-vf2m-468p-8v99,unknown
posx-comet-backend,osv-scanner,axios,4.8,GHSA-w9j2-pvgh-6h63,unknown
posx-comet-backend,osv-scanner,axios,6.5,GHSA-wf5p-g6vw-rhxx,unknown
posx-comet-backend,osv-scanner,axios,3.7,GHSA-xhjh-pmcv-23jw,unknown
posx-comet-backend,osv-scanner,axios,5.4,GHSA-xx6v-rp6x-q39c,unknown
posx-comet-backend,osv-scanner,basic-ftp,9.1,GHSA-5rq4-664w-9x2c,unknown
posx-comet-backend,osv-scanner,basic-ftp,8.2,GHSA-6v7q-wjvx-w8wg,unknown
posx-comet-backend,osv-scanner,basic-ftp,7.5,GHSA-rp42-5vxx-qpwr,unknown
posx-comet-backend,osv-scanner,basic-ftp,7.5,GHSA-rpmf-866q-6p89,unknown
posx-comet-backend,osv-scanner,body-parser,3.7,GHSA-v422-hmwv-36x6,unknown
posx-comet-backend,osv-scanner,brace-expansion,7.7,GHSA-3jxr-9vmj-r5cp,unknown
posx-comet-backend,osv-scanner,brace-expansion,6.5,GHSA-f886-m6hf-6m8v,unknown
posx-comet-backend,osv-scanner,brace-expansion,7.5,GHSA-mh99-v99m-4gvg,unknown
posx-comet-backend,osv-scanner,brace-expansion,7.5,GHSA-rgw5-rvv9-x895,unknown
posx-comet-backend,osv-scanner,brace-expansion,3.1,GHSA-v6h2-p8h4-qcjw,unknown
posx-comet-backend,osv-scanner,brace-expansion,7.7,GHSA-3jxr-9vmj-r5cp,unknown
posx-comet-backend,osv-scanner,brace-expansion,6.5,GHSA-f886-m6hf-6m8v,unknown
posx-comet-backend,osv-scanner,brace-expansion,7.5,GHSA-mh99-v99m-4gvg,unknown
posx-comet-backend,osv-scanner,brace-expansion,7.5,GHSA-rgw5-rvv9-x895,unknown
posx-comet-backend,osv-scanner,brace-expansion,3.1,GHSA-v6h2-p8h4-qcjw,unknown
posx-comet-backend,osv-scanner,browserslist,7.5,GHSA-73wf-gq98-2v4g,unknown
posx-comet-backend,osv-scanner,browserslist,7.5,GHSA-c83g-rgw3-j3cx,unknown
posx-comet-backend,osv-scanner,diff,2.7,GHSA-73rr-hh4g-fpgx,unknown
posx-comet-backend,osv-scanner,esbuild,5.3,GHSA-67mh-4wv8-2f99,unknown
posx-comet-backend,osv-scanner,extract-zip,8.6,GHSA-jmr9-qjv8-65gv,unknown
posx-comet-backend,osv-scanner,fast-xml-parser,7.5,GHSA-8gc5-j5rx-235r,unknown
posx-comet-backend,osv-scanner,fast-xml-parser,2.7,GHSA-fj3w-jwp8-x2g3,unknown
posx-comet-backend,osv-scanner,fast-xml-parser,6.1,GHSA-gh4j-gqv2-49f6,unknown
posx-comet-backend,osv-scanner,fast-xml-parser,7.5,GHSA-jmr7-xgp7-cmfj,unknown
posx-comet-backend,osv-scanner,fast-xml-parser,5.9,GHSA-jp2q-39xq-3w4g,unknown
posx-comet-backend,osv-scanner,fast-xml-parser,9.3,GHSA-m7jm-9gc2-mpf2,unknown
posx-comet-backend,osv-scanner,glob,7.5,GHSA-5j98-mcp5-4vw2,unknown
posx-comet-backend,osv-scanner,i18next-http-backend,6.5,GHSA-q89c-q3h5-w34g,unknown
posx-comet-backend,osv-scanner,immutable,8.7,GHSA-v56q-mh7h-f735,unknown
posx-comet-backend,osv-scanner,immutable,9.8,GHSA-wf6x-7x77-mvgw,unknown
posx-comet-backend,osv-scanner,immutable,8.7,GHSA-xvcm-6775-5m9r,unknown
posx-comet-backend,osv-scanner,ip-address,7.7,GHSA-mwp4-54f8-5fhr,unknown
posx-comet-backend,osv-scanner,ip-address,5.3,GHSA-v2v4-37r5-5v8g,unknown
posx-comet-backend,osv-scanner,js-yaml,7.5,GHSA-52cp-r559-cp3m,unknown
posx-comet-backend,osv-scanner,js-yaml,7.5,GHSA-5p4m-2wfm-xmqj,unknown
posx-comet-backend,osv-scanner,js-yaml,5.3,GHSA-h67p-54hq-rp68,unknown
posx-comet-backend,osv-scanner,js-yaml,5.3,GHSA-mh29-5h37-fv8m,unknown
posx-comet-backend,osv-scanner,js-yaml,7.5,GHSA-52cp-r559-cp3m,unknown
posx-comet-backend,osv-scanner,js-yaml,7.5,GHSA-5p4m-2wfm-xmqj,unknown
posx-comet-backend,osv-scanner,js-yaml,5.3,GHSA-h67p-54hq-rp68,unknown
posx-comet-backend,osv-scanner,js-yaml,5.3,GHSA-mh29-5h37-fv8m,unknown
posx-comet-backend,osv-scanner,json-2-csv,6.8,GHSA-g27c-q7cp-mhx6,unknown
posx-comet-backend,osv-scanner,jws,7.5,GHSA-869p-cjfg-cm3x,unknown
posx-comet-backend,osv-scanner,lodash,6.9,GHSA-f23m-r3pf-42rh,unknown
posx-comet-backend,osv-scanner,lodash,8.1,GHSA-r5fr-rjxr-66jc,unknown
posx-comet-backend,osv-scanner,lodash,6.9,GHSA-xxjr-mmjv-4gpg,unknown
posx-comet-backend,osv-scanner,min-document,2.9,GHSA-rx8g-88g5-qh64,unknown
posx-comet-backend,osv-scanner,minimatch,7.5,GHSA-23c5-xmqv-rm74,unknown
posx-comet-backend,osv-scanner,minimatch,8.7,GHSA-3ppc-4f35-3m26,unknown
posx-comet-backend,osv-scanner,minimatch,7.5,GHSA-7r86-cg39-jmmj,unknown
posx-comet-backend,osv-scanner,minimatch,7.5,GHSA-23c5-xmqv-rm74,unknown
posx-comet-backend,osv-scanner,minimatch,8.7,GHSA-3ppc-4f35-3m26,unknown
posx-comet-backend,osv-scanner,minimatch,7.5,GHSA-7r86-cg39-jmmj,unknown
posx-comet-backend,osv-scanner,minimatch,7.5,GHSA-23c5-xmqv-rm74,unknown
posx-comet-backend,osv-scanner,minimatch,8.7,GHSA-3ppc-4f35-3m26,unknown
posx-comet-backend,osv-scanner,minimatch,7.5,GHSA-7r86-cg39-jmmj,unknown
posx-comet-backend,osv-scanner,morgan,5.3,GHSA-4vj7-5mj6-jm8m,unknown
posx-comet-backend,osv-scanner,multer,7.5,GHSA-44fp-w29j-9vj5,unknown
posx-comet-backend,osv-scanner,multer,7.5,GHSA-4pg4-qvpc-4q3h,unknown
posx-comet-backend,osv-scanner,multer,8.7,GHSA-5528-5vmv-3xc2,unknown
posx-comet-backend,osv-scanner,multer,7.5,GHSA-72gw-mp4g-v24j,unknown
posx-comet-backend,osv-scanner,multer,7.5,GHSA-fjgf-rc76-4x9p,unknown
posx-comet-backend,osv-scanner,multer,8.7,GHSA-g5hg-p3ph-g8qg,unknown
posx-comet-backend,osv-scanner,multer,8.7,GHSA-v52c-386h-88mc,unknown
posx-comet-backend,osv-scanner,multer,8.7,GHSA-xf7r-hgr6-v32p,unknown
posx-comet-backend,osv-scanner,nanoid,8.2,GHSA-28wg-ghj8-5hjv,unknown
posx-comet-backend,osv-scanner,nanoid,8.2,GHSA-2v37-7h3g-55p8,unknown
posx-comet-backend,osv-scanner,nanoid,7.4,GHSA-xwg4-73v4-xw9w,unknown
posx-comet-backend,osv-scanner,nodemailer,5.4,GHSA-268h-hp4c-crq3,unknown
posx-comet-backend,osv-scanner,nodemailer,2.3,GHSA-c7w3-x93f-qmm8,unknown
posx-comet-backend,osv-scanner,nodemailer,5.5,GHSA-mm7p-fcc7-pg87,unknown
posx-comet-backend,osv-scanner,nodemailer,7.1,GHSA-p6gq-j5cr-w38f,unknown
posx-comet-backend,osv-scanner,nodemailer,6.5,GHSA-r7g4-qg5f-qqm2,unknown
posx-comet-backend,osv-scanner,nodemailer,7.5,GHSA-rcmh-qjqh-p98v,unknown
posx-comet-backend,osv-scanner,nodemailer,4.9,GHSA-vvjj-xcjg-gr5g,unknown
posx-comet-backend,osv-scanner,nodemailer,5.4,GHSA-wqvq-jvpq-h66f,unknown
posx-comet-backend,osv-scanner,on-headers,3.4,GHSA-76c9-3jph-rj3q,unknown
posx-comet-backend,osv-scanner,path-to-regexp,7.5,GHSA-37ch-88jc-xwx2,unknown
posx-comet-backend,osv-scanner,picomatch,5.3,GHSA-3v7f-55p6-f55p,unknown
posx-comet-backend,osv-scanner,picomatch,7.5,GHSA-c2c7-rcm5-vvqj,unknown
posx-comet-backend,osv-scanner,picomatch,5.3,GHSA-3v7f-55p6-f55p,unknown
posx-comet-backend,osv-scanner,picomatch,7.5,GHSA-c2c7-rcm5-vvqj,unknown
posx-comet-backend,osv-scanner,postcss,7.5,GHSA-6g55-p6wh-862q,unknown
posx-comet-backend,osv-scanner,postcss,6.3,GHSA-fxqj-rqcc-2cmp,unknown
posx-comet-backend,osv-scanner,postcss,6.1,GHSA-qx2v-qp2m-jg93,unknown
posx-comet-backend,osv-scanner,postcss,7.5,GHSA-r28c-9q8g-f849,unknown
posx-comet-backend,osv-scanner,postcss-selector-parser,4.3,GHSA-w9m9-85wc-3x92,unknown
posx-comet-backend,osv-scanner,qs,6.3,GHSA-4mjr-xmp4-gh2g,unknown
posx-comet-backend,osv-scanner,qs,6.3,GHSA-6rw7-vpxm-498p,unknown
posx-comet-backend,osv-scanner,qs,6.3,GHSA-q8mj-m7cp-5q26,unknown
posx-comet-backend,osv-scanner,qs,3.7,GHSA-w7fw-mjwx-w883,unknown
posx-comet-backend,osv-scanner,qs,6.3,GHSA-4mjr-xmp4-gh2g,unknown
posx-comet-backend,osv-scanner,qs,6.3,GHSA-6rw7-vpxm-498p,unknown
posx-comet-backend,osv-scanner,qs,6.3,GHSA-q8mj-m7cp-5q26,unknown
posx-comet-backend,osv-scanner,qs,3.7,GHSA-w7fw-mjwx-w883,unknown
posx-comet-backend,osv-scanner,react-router,6.6,GHSA-2j2x-hqr9-3h42,unknown
posx-comet-backend,osv-scanner,react-router,6.1,GHSA-337j-9hxr-rhxg,unknown
posx-comet-backend,osv-scanner,react-router,6.5,GHSA-9jcx-v3wj-wh4m,unknown
posx-comet-backend,osv-scanner,react-router,5.1,GHSA-wrjc-x8rr-h8h6,unknown
posx-comet-backend,osv-scanner,rollup,8.8,GHSA-mw96-cpmx-2vgc,unknown
posx-comet-backend,osv-scanner,tar,7.5,GHSA-r292-9mhp-454m,unknown
posx-comet-backend,osv-scanner,tar-fs,8.7,GHSA-8cj5-5rvv-wf4v,unknown
posx-comet-backend,osv-scanner,tar-fs,8.7,GHSA-vj76-c3g6-qr5v,unknown
posx-comet-backend,osv-scanner,tmp,2.5,GHSA-52f5-9888-hmc6,unknown
posx-comet-backend,osv-scanner,tmp,7.7,GHSA-ph9p-34f9-6g65,unknown
posx-comet-backend,osv-scanner,undici,7.4,GHSA-4cwx-7wf7-3272,unknown
posx-comet-backend,osv-scanner,undici,4.8,GHSA-8xcm-r25x-g524,unknown
posx-comet-backend,osv-scanner,undici,5.9,GHSA-jr45-8vmc-qm54,unknown
posx-comet-backend,osv-scanner,undici,4.2,GHSA-m8rv-5g2x-5cg5,unknown
posx-comet-backend,osv-scanner,undici,4.8,GHSA-v3r7-h72x-cjcm,unknown
posx-comet-backend,osv-scanner,uuid,7.5,GHSA-w5hq-g745-h8pq,unknown
posx-comet-backend,osv-scanner,uuid,7.5,GHSA-w5hq-g745-h8pq,unknown
posx-comet-backend,osv-scanner,vite,6.0,GHSA-356w-63v5-8wf4,unknown
posx-comet-backend,osv-scanner,vite,5.3,GHSA-4r4m-qw57-chr8,unknown
posx-comet-backend,osv-scanner,vite,6.3,GHSA-4w7w-66w2-5vf9,unknown
posx-comet-backend,osv-scanner,vite,6.0,GHSA-859w-5945-r5v3,unknown
posx-comet-backend,osv-scanner,vite,6.0,GHSA-93m4-6634-74q7,unknown
posx-comet-backend,osv-scanner,vite,8.2,GHSA-fx2h-pf6j-xcff,unknown
posx-comet-backend,osv-scanner,vite,2.3,GHSA-g4jq-h2w9-997c,unknown
posx-comet-backend,osv-scanner,vite,2.3,GHSA-jqfw-vq24-v9c3,unknown
posx-comet-backend,osv-scanner,vite,5.5,GHSA-v6wh-96g9-6wx3,unknown
posx-comet-backend,osv-scanner,vite,5.3,GHSA-x574-m823-4x7w,unknown
posx-comet-backend,osv-scanner,vite,5.3,GHSA-xcj6-pq6g-qj4x,unknown
posx-comet-backend,osv-scanner,ws,4.4,GHSA-58qx-3vcg-4xpx,unknown
posx-comet-backend,osv-scanner,ws,7.5,GHSA-96hv-2xvq-fx4p,unknown
posx-comet-backend,osv-scanner,yaml,4.3,GHSA-48c2-rrv3-qjmp,unknown
posx-demo-admin,osv-scanner,@babel/core,3.2,GHSA-4x5r-pxfx-6jf8,unknown
posx-demo-admin,osv-scanner,@babel/helpers,6.2,GHSA-968p-4wvh-cqc8,unknown
posx-demo-admin,osv-scanner,@babel/runtime,6.2,GHSA-968p-4wvh-cqc8,unknown
posx-demo-admin,osv-scanner,@remix-run/router,6.6,GHSA-2j2x-hqr9-3h42,unknown
posx-demo-admin,osv-scanner,@remix-run/router,8.0,GHSA-2w69-qvjg-hvjx,unknown
posx-demo-admin,osv-scanner,ajv,5.5,GHSA-2g4f-4pwh-qvx6,unknown
posx-demo-admin,osv-scanner,brace-expansion,7.7,GHSA-3jxr-9vmj-r5cp,unknown
posx-demo-admin,osv-scanner,brace-expansion,6.5,GHSA-f886-m6hf-6m8v,unknown
posx-demo-admin,osv-scanner,brace-expansion,7.5,GHSA-mh99-v99m-4gvg,unknown
posx-demo-admin,osv-scanner,brace-expansion,7.5,GHSA-rgw5-rvv9-x895,unknown
posx-demo-admin,osv-scanner,brace-expansion,3.1,GHSA-v6h2-p8h4-qcjw,unknown
posx-demo-admin,osv-scanner,browserslist,7.5,GHSA-73wf-gq98-2v4g,unknown
posx-demo-admin,osv-scanner,browserslist,7.5,GHSA-c83g-rgw3-j3cx,unknown
posx-demo-admin,osv-scanner,esbuild,5.3,GHSA-67mh-4wv8-2f99,unknown
posx-demo-admin,osv-scanner,fast-uri,7.5,GHSA-4c8g-83qw-93j6,unknown
posx-demo-admin,osv-scanner,fast-uri,7.5,GHSA-7p8r-x3mc-p8w7,unknown
posx-demo-admin,osv-scanner,fast-uri,7.5,GHSA-f65p-4m7j-42xc,unknown
posx-demo-admin,osv-scanner,fast-uri,7.5,GHSA-jqff-g426-hqxp,unknown
posx-demo-admin,osv-scanner,fast-uri,7.5,GHSA-q3j6-qgpj-74h6,unknown
posx-demo-admin,osv-scanner,fast-uri,7.5,GHSA-v2hh-gcrm-f6hx,unknown
posx-demo-admin,osv-scanner,fast-uri,7.5,GHSA-v39h-62p7-jpjc,unknown
posx-demo-admin,osv-scanner,glob,7.5,GHSA-5j98-mcp5-4vw2,unknown
posx-demo-admin,osv-scanner,i18next-http-backend,6.5,GHSA-q89c-q3h5-w34g,unknown
posx-demo-admin,osv-scanner,lodash,6.9,GHSA-f23m-r3pf-42rh,unknown
posx-demo-admin,osv-scanner,lodash,8.1,GHSA-r5fr-rjxr-66jc,unknown
posx-demo-admin,osv-scanner,lodash,6.9,GHSA-xxjr-mmjv-4gpg,unknown
posx-demo-admin,osv-scanner,minimatch,7.5,GHSA-23c5-xmqv-rm74,unknown
posx-demo-admin,osv-scanner,minimatch,8.7,GHSA-3ppc-4f35-3m26,unknown
posx-demo-admin,osv-scanner,minimatch,7.5,GHSA-7r86-cg39-jmmj,unknown
posx-demo-admin,osv-scanner,nanoid,8.2,GHSA-28wg-ghj8-5hjv,unknown
posx-demo-admin,osv-scanner,nanoid,8.2,GHSA-2v37-7h3g-55p8,unknown
posx-demo-admin,osv-scanner,nanoid,7.4,GHSA-xwg4-73v4-xw9w,unknown
posx-demo-admin,osv-scanner,picomatch,5.3,GHSA-3v7f-55p6-f55p,unknown
posx-demo-admin,osv-scanner,picomatch,7.5,GHSA-c2c7-rcm5-vvqj,unknown
posx-demo-admin,osv-scanner,picomatch,5.3,GHSA-3v7f-55p6-f55p,unknown
posx-demo-admin,osv-scanner,picomatch,7.5,GHSA-c2c7-rcm5-vvqj,unknown
posx-demo-admin,osv-scanner,postcss,7.5,GHSA-6g55-p6wh-862q,unknown
posx-demo-admin,osv-scanner,postcss,6.3,GHSA-fxqj-rqcc-2cmp,unknown
posx-demo-admin,osv-scanner,postcss,6.1,GHSA-qx2v-qp2m-jg93,unknown
posx-demo-admin,osv-scanner,postcss,7.5,GHSA-r28c-9q8g-f849,unknown
posx-demo-admin,osv-scanner,postcss-selector-parser,4.3,GHSA-w9m9-85wc-3x92,unknown
posx-demo-admin,osv-scanner,prismjs,4.9,GHSA-x7hr-w5r2-h6wg,unknown
posx-demo-admin,osv-scanner,qs,6.3,GHSA-4mjr-xmp4-gh2g,unknown
posx-demo-admin,osv-scanner,qs,6.3,GHSA-6rw7-vpxm-498p,unknown
posx-demo-admin,osv-scanner,qs,6.3,GHSA-q8mj-m7cp-5q26,unknown
posx-demo-admin,osv-scanner,qs,3.7,GHSA-w7fw-mjwx-w883,unknown
posx-demo-admin,osv-scanner,react-router,6.6,GHSA-2j2x-hqr9-3h42,unknown
posx-demo-admin,osv-scanner,react-router,6.1,GHSA-337j-9hxr-rhxg,unknown
posx-demo-admin,osv-scanner,react-router,6.5,GHSA-9jcx-v3wj-wh4m,unknown
posx-demo-admin,osv-scanner,react-router,5.1,GHSA-wrjc-x8rr-h8h6,unknown
posx-demo-admin,osv-scanner,rollup,8.8,GHSA-mw96-cpmx-2vgc,unknown
posx-demo-admin,osv-scanner,vite,6.0,GHSA-356w-63v5-8wf4,unknown
posx-demo-admin,osv-scanner,vite,5.3,GHSA-4r4m-qw57-chr8,unknown
posx-demo-admin,osv-scanner,vite,6.3,GHSA-4w7w-66w2-5vf9,unknown
posx-demo-admin,osv-scanner,vite,6.0,GHSA-859w-5945-r5v3,unknown
posx-demo-admin,osv-scanner,vite,6.0,GHSA-93m4-6634-74q7,unknown
posx-demo-admin,osv-scanner,vite,8.2,GHSA-fx2h-pf6j-xcff,unknown
posx-demo-admin,osv-scanner,vite,2.3,GHSA-g4jq-h2w9-997c,unknown
posx-demo-admin,osv-scanner,vite,2.3,GHSA-jqfw-vq24-v9c3,unknown
posx-demo-admin,osv-scanner,vite,5.5,GHSA-v6wh-96g9-6wx3,unknown
posx-demo-admin,osv-scanner,vite,5.3,GHSA-x574-m823-4x7w,unknown
posx-demo-admin,osv-scanner,vite,5.3,GHSA-xcj6-pq6g-qj4x,unknown
posx-demo-admin,osv-scanner,vitest,9.8,GHSA-5xrq-8626-4rwp,unknown
posx-demo-admin,osv-scanner,yaml,4.3,GHSA-48c2-rrv3-qjmp,unknown
posx-demo-backend,osv-scanner,@babel/core,3.2,GHSA-4x5r-pxfx-6jf8,unknown
posx-demo-backend,osv-scanner,@mikro-orm/core,9.3,GHSA-gwhv-j974-6fxm,unknown
posx-demo-backend,osv-scanner,@mikro-orm/core,8.3,GHSA-qpfv-44f3-qqx6,unknown
posx-demo-backend,osv-scanner,@mikro-orm/knex,7.6,GHSA-cfw5-68c4-ffqp,unknown
posx-demo-backend,osv-scanner,@remix-run/router,6.6,GHSA-2j2x-hqr9-3h42,unknown
posx-demo-backend,osv-scanner,@remix-run/router,8.0,GHSA-2w69-qvjg-hvjx,unknown
posx-demo-backend,osv-scanner,@smithy/config-resolver,3.7,GHSA-6475-r3vj-m8vf,unknown
posx-demo-backend,osv-scanner,ajv,5.5,GHSA-2g4f-4pwh-qvx6,unknown
posx-demo-backend,osv-scanner,axios,7.0,GHSA-3g43-6gmg-66jw,unknown
posx-demo-backend,osv-scanner,axios,6.3,GHSA-3p68-rc4w-qgx5,unknown
posx-demo-backend,osv-scanner,axios,7.5,GHSA-43fc-jf86-j433,unknown
posx-demo-backend,osv-scanner,axios,5.3,GHSA-5c9x-8gcm-mpgx,unknown
posx-demo-backend,osv-scanner,axios,7.5,GHSA-62hf-57xw-28j9,unknown
posx-demo-backend,osv-scanner,axios,7.4,GHSA-6chq-wfr3-2hj9,unknown
posx-demo-backend,osv-scanner,axios,6.3,GHSA-7q8q-rj6j-mhjq,unknown
posx-demo-backend,osv-scanner,axios,4.8,GHSA-898c-q2cr-xwhg,unknown
posx-demo-backend,osv-scanner,axios,4.8,GHSA-fvcv-3m26-pcqx,unknown
posx-demo-backend,osv-scanner,axios,7.5,GHSA-hfxv-24rg-xrqf,unknown
posx-demo-backend,osv-scanner,axios,7.5,GHSA-j5f8-grm9-p9fc,unknown
posx-demo-backend,osv-scanner,axios,7.7,GHSA-jr5f-v2jv-69x6,unknown
posx-demo-backend,osv-scanner,axios,6.8,GHSA-m7pr-hjqh-92cm,unknown
posx-demo-backend,osv-scanner,axios,6.3,GHSA-mmx7-hfxf-jppx,unknown
posx-demo-backend,osv-scanner,axios,8.2,GHSA-p92q-9vqr-4j8v,unknown
posx-demo-backend,osv-scanner,axios,7.4,GHSA-pf86-5x62-jrwf,unknown
posx-demo-backend,osv-scanner,axios,8.6,GHSA-pjwm-pj3p-43mv,unknown
posx-demo-backend,osv-scanner,axios,7.2,GHSA-pmwg-cvhr-8vh7,unknown
posx-demo-backend,osv-scanner,axios,5.3,GHSA-vf2m-468p-8v99,unknown
posx-demo-backend,osv-scanner,axios,4.8,GHSA-w9j2-pvgh-6h63,unknown
posx-demo-backend,osv-scanner,axios,6.5,GHSA-wf5p-g6vw-rhxx,unknown
posx-demo-backend,osv-scanner,axios,3.7,GHSA-xhjh-pmcv-23jw,unknown
posx-demo-backend,osv-scanner,axios,5.4,GHSA-xx6v-rp6x-q39c,unknown
posx-demo-backend,osv-scanner,axios,8.7,GHSA-35jp-ww65-95wh,unknown
posx-demo-backend,osv-scanner,axios,7.0,GHSA-3g43-6gmg-66jw,unknown
posx-demo-backend,osv-scanner,axios,6.3,GHSA-3p68-rc4w-qgx5,unknown
posx-demo-backend,osv-scanner,axios,6.5,GHSA-3w6x-2g7m-8v23,unknown
posx-demo-backend,osv-scanner,axios,6.3,GHSA-42h9-826w-cgv3,unknown
posx-demo-backend,osv-scanner,axios,7.5,GHSA-43fc-jf86-j433,unknown
posx-demo-backend,osv-scanner,axios,5.3,GHSA-445q-vr5w-6q77,unknown
posx-demo-backend,osv-scanner,axios,7.5,GHSA-4hjh-wcwx-xvwj,unknown
posx-demo-backend,osv-scanner,axios,5.3,GHSA-5c9x-8gcm-mpgx,unknown
posx-demo-backend,osv-scanner,axios,7.5,GHSA-62hf-57xw-28j9,unknown
posx-demo-backend,osv-scanner,axios,7.4,GHSA-6chq-wfr3-2hj9,unknown
posx-demo-backend,osv-scanner,axios,7.5,GHSA-777c-7fjr-54vf,unknown
posx-demo-backend,osv-scanner,axios,6.3,GHSA-7q8q-rj6j-mhjq,unknown
posx-demo-backend,osv-scanner,axios,4.8,GHSA-898c-q2cr-xwhg,unknown
posx-demo-backend,osv-scanner,axios,4.8,GHSA-fvcv-3m26-pcqx,unknown
posx-demo-backend,osv-scanner,axios,7.5,GHSA-hfxv-24rg-xrqf,unknown
posx-demo-backend,osv-scanner,axios,7.5,GHSA-j5f8-grm9-p9fc,unknown
posx-demo-backend,osv-scanner,axios,6.3,GHSA-jqh4-m9w3-8hp9,unknown
posx-demo-backend,osv-scanner,axios,6.8,GHSA-m7pr-hjqh-92cm,unknown
posx-demo-backend,osv-scanner,axios,6.3,GHSA-mmx7-hfxf-jppx,unknown
posx-demo-backend,osv-scanner,axios,8.2,GHSA-p92q-9vqr-4j8v,unknown
posx-demo-backend,osv-scanner,axios,7.4,GHSA-pf86-5x62-jrwf,unknown
posx-demo-backend,osv-scanner,axios,6.3,GHSA-pmv8-rq9r-6j72,unknown
posx-demo-backend,osv-scanner,axios,7.2,GHSA-pmwg-cvhr-8vh7,unknown
posx-demo-backend,osv-scanner,axios,7.4,GHSA-q8qp-cvcw-x6jj,unknown
posx-demo-backend,osv-scanner,axios,5.3,GHSA-vf2m-468p-8v99,unknown
posx-demo-backend,osv-scanner,axios,4.8,GHSA-w9j2-pvgh-6h63,unknown
posx-demo-backend,osv-scanner,axios,3.7,GHSA-xhjh-pmcv-23jw,unknown
posx-demo-backend,osv-scanner,axios,5.4,GHSA-xx6v-rp6x-q39c,unknown
posx-demo-backend,osv-scanner,basic-ftp,9.1,GHSA-5rq4-664w-9x2c,unknown
posx-demo-backend,osv-scanner,basic-ftp,8.2,GHSA-6v7q-wjvx-w8wg,unknown
posx-demo-backend,osv-scanner,basic-ftp,7.5,GHSA-rp42-5vxx-qpwr,unknown
posx-demo-backend,osv-scanner,basic-ftp,7.5,GHSA-rpmf-866q-6p89,unknown
posx-demo-backend,osv-scanner,body-parser,3.7,GHSA-v422-hmwv-36x6,unknown
posx-demo-backend,osv-scanner,brace-expansion,7.7,GHSA-3jxr-9vmj-r5cp,unknown
posx-demo-backend,osv-scanner,brace-expansion,6.5,GHSA-f886-m6hf-6m8v,unknown
posx-demo-backend,osv-scanner,brace-expansion,7.5,GHSA-mh99-v99m-4gvg,unknown
posx-demo-backend,osv-scanner,brace-expansion,7.5,GHSA-rgw5-rvv9-x895,unknown
posx-demo-backend,osv-scanner,brace-expansion,3.1,GHSA-v6h2-p8h4-qcjw,unknown
posx-demo-backend,osv-scanner,brace-expansion,7.7,GHSA-3jxr-9vmj-r5cp,unknown
posx-demo-backend,osv-scanner,brace-expansion,6.5,GHSA-f886-m6hf-6m8v,unknown
posx-demo-backend,osv-scanner,brace-expansion,7.5,GHSA-mh99-v99m-4gvg,unknown
posx-demo-backend,osv-scanner,brace-expansion,7.5,GHSA-rgw5-rvv9-x895,unknown
posx-demo-backend,osv-scanner,brace-expansion,3.1,GHSA-v6h2-p8h4-qcjw,unknown
posx-demo-backend,osv-scanner,browserslist,7.5,GHSA-73wf-gq98-2v4g,unknown
posx-demo-backend,osv-scanner,browserslist,7.5,GHSA-c83g-rgw3-j3cx,unknown
posx-demo-backend,osv-scanner,diff,2.7,GHSA-73rr-hh4g-fpgx,unknown
posx-demo-backend,osv-scanner,esbuild,5.3,GHSA-67mh-4wv8-2f99,unknown
posx-demo-backend,osv-scanner,extract-zip,8.6,GHSA-jmr9-qjv8-65gv,unknown
posx-demo-backend,osv-scanner,fast-xml-parser,7.5,GHSA-8gc5-j5rx-235r,unknown
posx-demo-backend,osv-scanner,fast-xml-parser,2.7,GHSA-fj3w-jwp8-x2g3,unknown
posx-demo-backend,osv-scanner,fast-xml-parser,6.1,GHSA-gh4j-gqv2-49f6,unknown
posx-demo-backend,osv-scanner,fast-xml-parser,7.5,GHSA-jmr7-xgp7-cmfj,unknown
posx-demo-backend,osv-scanner,fast-xml-parser,5.9,GHSA-jp2q-39xq-3w4g,unknown
posx-demo-backend,osv-scanner,fast-xml-parser,9.3,GHSA-m7jm-9gc2-mpf2,unknown
posx-demo-backend,osv-scanner,fast-xml-parser,7.5,GHSA-37qj-frw5-hhjh,unknown
posx-demo-backend,osv-scanner,fast-xml-parser,7.5,GHSA-8gc5-j5rx-235r,unknown
posx-demo-backend,osv-scanner,fast-xml-parser,2.7,GHSA-fj3w-jwp8-x2g3,unknown
posx-demo-backend,osv-scanner,fast-xml-parser,6.1,GHSA-gh4j-gqv2-49f6,unknown
posx-demo-backend,osv-scanner,fast-xml-parser,7.5,GHSA-jmr7-xgp7-cmfj,unknown
posx-demo-backend,osv-scanner,fast-xml-parser,5.9,GHSA-jp2q-39xq-3w4g,unknown
posx-demo-backend,osv-scanner,fast-xml-parser,9.3,GHSA-m7jm-9gc2-mpf2,unknown
posx-demo-backend,osv-scanner,follow-redirects,6.9,GHSA-r4q5-vmmm-2653,unknown
posx-demo-backend,osv-scanner,form-data,9.4,GHSA-fjxv-7rqg-78g4,unknown
posx-demo-backend,osv-scanner,form-data,8.7,GHSA-hmw2-7cc7-3qxx,unknown
posx-demo-backend,osv-scanner,glob,7.5,GHSA-5j98-mcp5-4vw2,unknown
posx-demo-backend,osv-scanner,i18next-http-backend,6.5,GHSA-q89c-q3h5-w34g,unknown
posx-demo-backend,osv-scanner,immutable,8.7,GHSA-v56q-mh7h-f735,unknown
posx-demo-backend,osv-scanner,immutable,9.8,GHSA-wf6x-7x77-mvgw,unknown
posx-demo-backend,osv-scanner,immutable,8.7,GHSA-xvcm-6775-5m9r,unknown
posx-demo-backend,osv-scanner,ip-address,7.7,GHSA-mwp4-54f8-5fhr,unknown
posx-demo-backend,osv-scanner,ip-address,5.3,GHSA-v2v4-37r5-5v8g,unknown
posx-demo-backend,osv-scanner,js-yaml,7.5,GHSA-52cp-r559-cp3m,unknown
posx-demo-backend,osv-scanner,js-yaml,7.5,GHSA-5p4m-2wfm-xmqj,unknown
posx-demo-backend,osv-scanner,js-yaml,5.3,GHSA-h67p-54hq-rp68,unknown
posx-demo-backend,osv-scanner,js-yaml,5.3,GHSA-mh29-5h37-fv8m,unknown
posx-demo-backend,osv-scanner,js-yaml,7.5,GHSA-52cp-r559-cp3m,unknown
posx-demo-backend,osv-scanner,js-yaml,7.5,GHSA-5p4m-2wfm-xmqj,unknown
posx-demo-backend,osv-scanner,js-yaml,5.3,GHSA-h67p-54hq-rp68,unknown
posx-demo-backend,osv-scanner,js-yaml,5.3,GHSA-mh29-5h37-fv8m,unknown
posx-demo-backend,osv-scanner,json-2-csv,6.8,GHSA-g27c-q7cp-mhx6,unknown
posx-demo-backend,osv-scanner,jws,7.5,GHSA-869p-cjfg-cm3x,unknown
posx-demo-backend,osv-scanner,lodash,6.9,GHSA-f23m-r3pf-42rh,unknown
posx-demo-backend,osv-scanner,lodash,8.1,GHSA-r5fr-rjxr-66jc,unknown
posx-demo-backend,osv-scanner,lodash,6.9,GHSA-xxjr-mmjv-4gpg,unknown
posx-demo-backend,osv-scanner,min-document,2.9,GHSA-rx8g-88g5-qh64,unknown
posx-demo-backend,osv-scanner,minimatch,7.5,GHSA-23c5-xmqv-rm74,unknown
posx-demo-backend,osv-scanner,minimatch,8.7,GHSA-3ppc-4f35-3m26,unknown
posx-demo-backend,osv-scanner,minimatch,7.5,GHSA-7r86-cg39-jmmj,unknown
posx-demo-backend,osv-scanner,minimatch,7.5,GHSA-23c5-xmqv-rm74,unknown
posx-demo-backend,osv-scanner,minimatch,8.7,GHSA-3ppc-4f35-3m26,unknown
posx-demo-backend,osv-scanner,minimatch,7.5,GHSA-7r86-cg39-jmmj,unknown
posx-demo-backend,osv-scanner,minimatch,7.5,GHSA-23c5-xmqv-rm74,unknown
posx-demo-backend,osv-scanner,minimatch,8.7,GHSA-3ppc-4f35-3m26,unknown
posx-demo-backend,osv-scanner,minimatch,7.5,GHSA-7r86-cg39-jmmj,unknown
posx-demo-backend,osv-scanner,morgan,5.3,GHSA-4vj7-5mj6-jm8m,unknown
posx-demo-backend,osv-scanner,multer,7.5,GHSA-44fp-w29j-9vj5,unknown
posx-demo-backend,osv-scanner,multer,7.5,GHSA-4pg4-qvpc-4q3h,unknown
posx-demo-backend,osv-scanner,multer,8.7,GHSA-5528-5vmv-3xc2,unknown
posx-demo-backend,osv-scanner,multer,7.5,GHSA-72gw-mp4g-v24j,unknown
posx-demo-backend,osv-scanner,multer,7.5,GHSA-fjgf-rc76-4x9p,unknown
posx-demo-backend,osv-scanner,multer,8.7,GHSA-g5hg-p3ph-g8qg,unknown
posx-demo-backend,osv-scanner,multer,8.7,GHSA-v52c-386h-88mc,unknown
posx-demo-backend,osv-scanner,multer,8.7,GHSA-xf7r-hgr6-v32p,unknown
posx-demo-backend,osv-scanner,nanoid,8.2,GHSA-28wg-ghj8-5hjv,unknown
posx-demo-backend,osv-scanner,nanoid,8.2,GHSA-2v37-7h3g-55p8,unknown
posx-demo-backend,osv-scanner,nanoid,7.4,GHSA-xwg4-73v4-xw9w,unknown
posx-demo-backend,osv-scanner,nodemailer,5.4,GHSA-268h-hp4c-crq3,unknown
posx-demo-backend,osv-scanner,nodemailer,2.3,GHSA-c7w3-x93f-qmm8,unknown
posx-demo-backend,osv-scanner,nodemailer,5.5,GHSA-mm7p-fcc7-pg87,unknown
posx-demo-backend,osv-scanner,nodemailer,7.1,GHSA-p6gq-j5cr-w38f,unknown
posx-demo-backend,osv-scanner,nodemailer,6.5,GHSA-r7g4-qg5f-qqm2,unknown
posx-demo-backend,osv-scanner,nodemailer,7.5,GHSA-rcmh-qjqh-p98v,unknown
posx-demo-backend,osv-scanner,nodemailer,4.9,GHSA-vvjj-xcjg-gr5g,unknown
posx-demo-backend,osv-scanner,nodemailer,5.4,GHSA-wqvq-jvpq-h66f,unknown
posx-demo-backend,osv-scanner,on-headers,3.4,GHSA-76c9-3jph-rj3q,unknown
posx-demo-backend,osv-scanner,path-to-regexp,7.5,GHSA-37ch-88jc-xwx2,unknown
posx-demo-backend,osv-scanner,picomatch,5.3,GHSA-3v7f-55p6-f55p,unknown
posx-demo-backend,osv-scanner,picomatch,7.5,GHSA-c2c7-rcm5-vvqj,unknown
posx-demo-backend,osv-scanner,postcss,7.5,GHSA-6g55-p6wh-862q,unknown
posx-demo-backend,osv-scanner,postcss,6.3,GHSA-fxqj-rqcc-2cmp,unknown
posx-demo-backend,osv-scanner,postcss,6.1,GHSA-qx2v-qp2m-jg93,unknown
posx-demo-backend,osv-scanner,postcss,7.5,GHSA-r28c-9q8g-f849,unknown
posx-demo-backend,osv-scanner,postcss-selector-parser,4.3,GHSA-w9m9-85wc-3x92,unknown
posx-demo-backend,osv-scanner,qs,6.3,GHSA-4mjr-xmp4-gh2g,unknown
posx-demo-backend,osv-scanner,qs,6.3,GHSA-6rw7-vpxm-498p,unknown
posx-demo-backend,osv-scanner,qs,6.3,GHSA-q8mj-m7cp-5q26,unknown
posx-demo-backend,osv-scanner,qs,3.7,GHSA-w7fw-mjwx-w883,unknown
posx-demo-backend,osv-scanner,qs,6.3,GHSA-4mjr-xmp4-gh2g,unknown
posx-demo-backend,osv-scanner,qs,6.3,GHSA-6rw7-vpxm-498p,unknown
posx-demo-backend,osv-scanner,qs,6.3,GHSA-q8mj-m7cp-5q26,unknown
posx-demo-backend,osv-scanner,qs,3.7,GHSA-w7fw-mjwx-w883,unknown
posx-demo-backend,osv-scanner,react-router,6.6,GHSA-2j2x-hqr9-3h42,unknown
posx-demo-backend,osv-scanner,react-router,6.1,GHSA-337j-9hxr-rhxg,unknown
posx-demo-backend,osv-scanner,react-router,6.5,GHSA-9jcx-v3wj-wh4m,unknown
posx-demo-backend,osv-scanner,react-router,5.1,GHSA-wrjc-x8rr-h8h6,unknown
posx-demo-backend,osv-scanner,rollup,8.8,GHSA-mw96-cpmx-2vgc,unknown
posx-demo-backend,osv-scanner,tar-fs,8.7,GHSA-8cj5-5rvv-wf4v,unknown
posx-demo-backend,osv-scanner,tar-fs,8.7,GHSA-vj76-c3g6-qr5v,unknown
posx-demo-backend,osv-scanner,tmp,2.5,GHSA-52f5-9888-hmc6,unknown
posx-demo-backend,osv-scanner,tmp,7.7,GHSA-ph9p-34f9-6g65,unknown
posx-demo-backend,osv-scanner,uuid,7.5,GHSA-w5hq-g745-h8pq,unknown
posx-demo-backend,osv-scanner,uuid,7.5,GHSA-w5hq-g745-h8pq,unknown
posx-demo-backend,osv-scanner,vite,6.0,GHSA-356w-63v5-8wf4,unknown
posx-demo-backend,osv-scanner,vite,5.3,GHSA-4r4m-qw57-chr8,unknown
posx-demo-backend,osv-scanner,vite,6.3,GHSA-4w7w-66w2-5vf9,unknown
posx-demo-backend,osv-scanner,vite,6.0,GHSA-859w-5945-r5v3,unknown
posx-demo-backend,osv-scanner,vite,6.0,GHSA-93m4-6634-74q7,unknown
posx-demo-backend,osv-scanner,vite,8.2,GHSA-fx2h-pf6j-xcff,unknown
posx-demo-backend,osv-scanner,vite,2.3,GHSA-g4jq-h2w9-997c,unknown
posx-demo-backend,osv-scanner,vite,2.3,GHSA-jqfw-vq24-v9c3,unknown
posx-demo-backend,osv-scanner,vite,5.5,GHSA-v6wh-96g9-6wx3,unknown
posx-demo-backend,osv-scanner,vite,5.3,GHSA-x574-m823-4x7w,unknown
posx-demo-backend,osv-scanner,vite,5.3,GHSA-xcj6-pq6g-qj4x,unknown
posx-demo-backend,osv-scanner,ws,4.4,GHSA-58qx-3vcg-4xpx,unknown
posx-demo-backend,osv-scanner,ws,7.5,GHSA-96hv-2xvq-fx4p,unknown
posx-demo-backend,osv-scanner,yaml,4.3,GHSA-48c2-rrv3-qjmp,unknown
posx-demo-backend,osv-scanner,@babel/core,3.2,GHSA-4x5r-pxfx-6jf8,unknown
posx-demo-backend,osv-scanner,@mikro-orm/core,9.3,GHSA-gwhv-j974-6fxm,unknown
posx-demo-backend,osv-scanner,@mikro-orm/core,8.3,GHSA-qpfv-44f3-qqx6,unknown
posx-demo-backend,osv-scanner,@mikro-orm/knex,7.6,GHSA-cfw5-68c4-ffqp,unknown
posx-demo-backend,osv-scanner,@remix-run/router,6.6,GHSA-2j2x-hqr9-3h42,unknown
posx-demo-backend,osv-scanner,@remix-run/router,8.0,GHSA-2w69-qvjg-hvjx,unknown
posx-demo-backend,osv-scanner,@smithy/config-resolver,3.7,GHSA-6475-r3vj-m8vf,unknown
posx-demo-backend,osv-scanner,ajv,5.5,GHSA-2g4f-4pwh-qvx6,unknown
posx-demo-backend,osv-scanner,axios,7.0,GHSA-3g43-6gmg-66jw,unknown
posx-demo-backend,osv-scanner,axios,6.3,GHSA-3p68-rc4w-qgx5,unknown
posx-demo-backend,osv-scanner,axios,7.5,GHSA-43fc-jf86-j433,unknown
posx-demo-backend,osv-scanner,axios,5.3,GHSA-5c9x-8gcm-mpgx,unknown
posx-demo-backend,osv-scanner,axios,7.5,GHSA-62hf-57xw-28j9,unknown
posx-demo-backend,osv-scanner,axios,7.4,GHSA-6chq-wfr3-2hj9,unknown
posx-demo-backend,osv-scanner,axios,6.3,GHSA-7q8q-rj6j-mhjq,unknown
posx-demo-backend,osv-scanner,axios,4.8,GHSA-898c-q2cr-xwhg,unknown
posx-demo-backend,osv-scanner,axios,4.8,GHSA-fvcv-3m26-pcqx,unknown
posx-demo-backend,osv-scanner,axios,7.5,GHSA-hfxv-24rg-xrqf,unknown
posx-demo-backend,osv-scanner,axios,7.5,GHSA-j5f8-grm9-p9fc,unknown
posx-demo-backend,osv-scanner,axios,7.7,GHSA-jr5f-v2jv-69x6,unknown
posx-demo-backend,osv-scanner,axios,6.8,GHSA-m7pr-hjqh-92cm,unknown
posx-demo-backend,osv-scanner,axios,6.3,GHSA-mmx7-hfxf-jppx,unknown
posx-demo-backend,osv-scanner,axios,8.2,GHSA-p92q-9vqr-4j8v,unknown
posx-demo-backend,osv-scanner,axios,7.4,GHSA-pf86-5x62-jrwf,unknown
posx-demo-backend,osv-scanner,axios,8.6,GHSA-pjwm-pj3p-43mv,unknown
posx-demo-backend,osv-scanner,axios,7.2,GHSA-pmwg-cvhr-8vh7,unknown
posx-demo-backend,osv-scanner,axios,5.3,GHSA-vf2m-468p-8v99,unknown
posx-demo-backend,osv-scanner,axios,4.8,GHSA-w9j2-pvgh-6h63,unknown
posx-demo-backend,osv-scanner,axios,6.5,GHSA-wf5p-g6vw-rhxx,unknown
posx-demo-backend,osv-scanner,axios,3.7,GHSA-xhjh-pmcv-23jw,unknown
posx-demo-backend,osv-scanner,axios,5.4,GHSA-xx6v-rp6x-q39c,unknown
posx-demo-backend,osv-scanner,axios,8.7,GHSA-35jp-ww65-95wh,unknown
posx-demo-backend,osv-scanner,axios,7.0,GHSA-3g43-6gmg-66jw,unknown
posx-demo-backend,osv-scanner,axios,6.3,GHSA-3p68-rc4w-qgx5,unknown
posx-demo-backend,osv-scanner,axios,6.5,GHSA-3w6x-2g7m-8v23,unknown
posx-demo-backend,osv-scanner,axios,6.3,GHSA-42h9-826w-cgv3,unknown
posx-demo-backend,osv-scanner,axios,7.5,GHSA-43fc-jf86-j433,unknown
posx-demo-backend,osv-scanner,axios,5.3,GHSA-445q-vr5w-6q77,unknown
posx-demo-backend,osv-scanner,axios,5.3,GHSA-5c9x-8gcm-mpgx,unknown
posx-demo-backend,osv-scanner,axios,7.5,GHSA-62hf-57xw-28j9,unknown
posx-demo-backend,osv-scanner,axios,7.4,GHSA-6chq-wfr3-2hj9,unknown
posx-demo-backend,osv-scanner,axios,7.5,GHSA-777c-7fjr-54vf,unknown
posx-demo-backend,osv-scanner,axios,6.3,GHSA-7q8q-rj6j-mhjq,unknown
posx-demo-backend,osv-scanner,axios,4.8,GHSA-898c-q2cr-xwhg,unknown
posx-demo-backend,osv-scanner,axios,4.8,GHSA-fvcv-3m26-pcqx,unknown
posx-demo-backend,osv-scanner,axios,7.5,GHSA-hfxv-24rg-xrqf,unknown
posx-demo-backend,osv-scanner,axios,7.5,GHSA-j5f8-grm9-p9fc,unknown
posx-demo-backend,osv-scanner,axios,6.3,GHSA-jqh4-m9w3-8hp9,unknown
posx-demo-backend,osv-scanner,axios,6.8,GHSA-m7pr-hjqh-92cm,unknown
posx-demo-backend,osv-scanner,axios,6.3,GHSA-mmx7-hfxf-jppx,unknown
posx-demo-backend,osv-scanner,axios,8.2,GHSA-p92q-9vqr-4j8v,unknown
posx-demo-backend,osv-scanner,axios,7.4,GHSA-pf86-5x62-jrwf,unknown
posx-demo-backend,osv-scanner,axios,6.3,GHSA-pmv8-rq9r-6j72,unknown
posx-demo-backend,osv-scanner,axios,7.2,GHSA-pmwg-cvhr-8vh7,unknown
posx-demo-backend,osv-scanner,axios,7.4,GHSA-q8qp-cvcw-x6jj,unknown
posx-demo-backend,osv-scanner,axios,5.3,GHSA-vf2m-468p-8v99,unknown
posx-demo-backend,osv-scanner,axios,4.8,GHSA-w9j2-pvgh-6h63,unknown
posx-demo-backend,osv-scanner,axios,3.7,GHSA-xhjh-pmcv-23jw,unknown
posx-demo-backend,osv-scanner,axios,5.4,GHSA-xx6v-rp6x-q39c,unknown
posx-demo-backend,osv-scanner,basic-ftp,9.1,GHSA-5rq4-664w-9x2c,unknown
posx-demo-backend,osv-scanner,basic-ftp,8.2,GHSA-6v7q-wjvx-w8wg,unknown
posx-demo-backend,osv-scanner,basic-ftp,7.5,GHSA-rp42-5vxx-qpwr,unknown
posx-demo-backend,osv-scanner,basic-ftp,7.5,GHSA-rpmf-866q-6p89,unknown
posx-demo-backend,osv-scanner,body-parser,3.7,GHSA-v422-hmwv-36x6,unknown
posx-demo-backend,osv-scanner,brace-expansion,7.7,GHSA-3jxr-9vmj-r5cp,unknown
posx-demo-backend,osv-scanner,brace-expansion,6.5,GHSA-f886-m6hf-6m8v,unknown
posx-demo-backend,osv-scanner,brace-expansion,7.5,GHSA-mh99-v99m-4gvg,unknown
posx-demo-backend,osv-scanner,brace-expansion,7.5,GHSA-rgw5-rvv9-x895,unknown
posx-demo-backend,osv-scanner,brace-expansion,7.7,GHSA-3jxr-9vmj-r5cp,unknown
posx-demo-backend,osv-scanner,brace-expansion,6.5,GHSA-f886-m6hf-6m8v,unknown
posx-demo-backend,osv-scanner,brace-expansion,7.5,GHSA-mh99-v99m-4gvg,unknown
posx-demo-backend,osv-scanner,brace-expansion,7.5,GHSA-rgw5-rvv9-x895,unknown
posx-demo-backend,osv-scanner,browserslist,7.5,GHSA-73wf-gq98-2v4g,unknown
posx-demo-backend,osv-scanner,browserslist,7.5,GHSA-c83g-rgw3-j3cx,unknown
posx-demo-backend,osv-scanner,diff,2.7,GHSA-73rr-hh4g-fpgx,unknown
posx-demo-backend,osv-scanner,esbuild,5.3,GHSA-67mh-4wv8-2f99,unknown
posx-demo-backend,osv-scanner,extract-zip,8.6,GHSA-jmr9-qjv8-65gv,unknown
posx-demo-backend,osv-scanner,fast-xml-parser,7.5,GHSA-37qj-frw5-hhjh,unknown
posx-demo-backend,osv-scanner,fast-xml-parser,7.5,GHSA-8gc5-j5rx-235r,unknown
posx-demo-backend,osv-scanner,fast-xml-parser,2.7,GHSA-fj3w-jwp8-x2g3,unknown
posx-demo-backend,osv-scanner,fast-xml-parser,6.1,GHSA-gh4j-gqv2-49f6,unknown
posx-demo-backend,osv-scanner,fast-xml-parser,7.5,GHSA-jmr7-xgp7-cmfj,unknown
posx-demo-backend,osv-scanner,fast-xml-parser,5.9,GHSA-jp2q-39xq-3w4g,unknown
posx-demo-backend,osv-scanner,fast-xml-parser,9.3,GHSA-m7jm-9gc2-mpf2,unknown
posx-demo-backend,osv-scanner,follow-redirects,6.9,GHSA-r4q5-vmmm-2653,unknown
posx-demo-backend,osv-scanner,form-data,8.7,GHSA-hmw2-7cc7-3qxx,unknown
posx-demo-backend,osv-scanner,glob,7.5,GHSA-5j98-mcp5-4vw2,unknown
posx-demo-backend,osv-scanner,i18next-http-backend,6.5,GHSA-q89c-q3h5-w34g,unknown
posx-demo-backend,osv-scanner,immutable,8.7,GHSA-v56q-mh7h-f735,unknown
posx-demo-backend,osv-scanner,immutable,9.8,GHSA-wf6x-7x77-mvgw,unknown
posx-demo-backend,osv-scanner,immutable,8.7,GHSA-xvcm-6775-5m9r,unknown
posx-demo-backend,osv-scanner,ip-address,7.7,GHSA-mwp4-54f8-5fhr,unknown
posx-demo-backend,osv-scanner,ip-address,5.3,GHSA-v2v4-37r5-5v8g,unknown
posx-demo-backend,osv-scanner,js-yaml,7.5,GHSA-52cp-r559-cp3m,unknown
posx-demo-backend,osv-scanner,js-yaml,7.5,GHSA-5p4m-2wfm-xmqj,unknown
posx-demo-backend,osv-scanner,js-yaml,5.3,GHSA-h67p-54hq-rp68,unknown
posx-demo-backend,osv-scanner,js-yaml,5.3,GHSA-mh29-5h37-fv8m,unknown
posx-demo-backend,osv-scanner,js-yaml,7.5,GHSA-52cp-r559-cp3m,unknown
posx-demo-backend,osv-scanner,js-yaml,7.5,GHSA-5p4m-2wfm-xmqj,unknown
posx-demo-backend,osv-scanner,js-yaml,5.3,GHSA-h67p-54hq-rp68,unknown
posx-demo-backend,osv-scanner,js-yaml,5.3,GHSA-mh29-5h37-fv8m,unknown
posx-demo-backend,osv-scanner,json-2-csv,6.8,GHSA-g27c-q7cp-mhx6,unknown
posx-demo-backend,osv-scanner,jws,7.5,GHSA-869p-cjfg-cm3x,unknown
posx-demo-backend,osv-scanner,lodash,6.9,GHSA-f23m-r3pf-42rh,unknown
posx-demo-backend,osv-scanner,lodash,8.1,GHSA-r5fr-rjxr-66jc,unknown
posx-demo-backend,osv-scanner,lodash,6.9,GHSA-xxjr-mmjv-4gpg,unknown
posx-demo-backend,osv-scanner,min-document,2.9,GHSA-rx8g-88g5-qh64,unknown
posx-demo-backend,osv-scanner,minimatch,7.5,GHSA-23c5-xmqv-rm74,unknown
posx-demo-backend,osv-scanner,minimatch,8.7,GHSA-3ppc-4f35-3m26,unknown
posx-demo-backend,osv-scanner,minimatch,7.5,GHSA-7r86-cg39-jmmj,unknown
posx-demo-backend,osv-scanner,minimatch,7.5,GHSA-23c5-xmqv-rm74,unknown
posx-demo-backend,osv-scanner,minimatch,8.7,GHSA-3ppc-4f35-3m26,unknown
posx-demo-backend,osv-scanner,minimatch,7.5,GHSA-7r86-cg39-jmmj,unknown
posx-demo-backend,osv-scanner,minimatch,7.5,GHSA-23c5-xmqv-rm74,unknown
posx-demo-backend,osv-scanner,minimatch,8.7,GHSA-3ppc-4f35-3m26,unknown
posx-demo-backend,osv-scanner,minimatch,7.5,GHSA-7r86-cg39-jmmj,unknown
posx-demo-backend,osv-scanner,morgan,5.3,GHSA-4vj7-5mj6-jm8m,unknown
posx-demo-backend,osv-scanner,multer,7.5,GHSA-44fp-w29j-9vj5,unknown
posx-demo-backend,osv-scanner,multer,7.5,GHSA-4pg4-qvpc-4q3h,unknown
posx-demo-backend,osv-scanner,multer,8.7,GHSA-5528-5vmv-3xc2,unknown
posx-demo-backend,osv-scanner,multer,7.5,GHSA-72gw-mp4g-v24j,unknown
posx-demo-backend,osv-scanner,multer,7.5,GHSA-fjgf-rc76-4x9p,unknown
posx-demo-backend,osv-scanner,multer,8.7,GHSA-g5hg-p3ph-g8qg,unknown
posx-demo-backend,osv-scanner,multer,8.7,GHSA-v52c-386h-88mc,unknown
posx-demo-backend,osv-scanner,multer,8.7,GHSA-xf7r-hgr6-v32p,unknown
posx-demo-backend,osv-scanner,nanoid,8.2,GHSA-28wg-ghj8-5hjv,unknown
posx-demo-backend,osv-scanner,nanoid,8.2,GHSA-2v37-7h3g-55p8,unknown
posx-demo-backend,osv-scanner,nanoid,7.4,GHSA-xwg4-73v4-xw9w,unknown
posx-demo-backend,osv-scanner,nodemailer,5.4,GHSA-268h-hp4c-crq3,unknown
posx-demo-backend,osv-scanner,nodemailer,2.3,GHSA-c7w3-x93f-qmm8,unknown
posx-demo-backend,osv-scanner,nodemailer,5.5,GHSA-mm7p-fcc7-pg87,unknown
posx-demo-backend,osv-scanner,nodemailer,7.1,GHSA-p6gq-j5cr-w38f,unknown
posx-demo-backend,osv-scanner,nodemailer,6.5,GHSA-r7g4-qg5f-qqm2,unknown
posx-demo-backend,osv-scanner,nodemailer,7.5,GHSA-rcmh-qjqh-p98v,unknown
posx-demo-backend,osv-scanner,nodemailer,4.9,GHSA-vvjj-xcjg-gr5g,unknown
posx-demo-backend,osv-scanner,nodemailer,5.4,GHSA-wqvq-jvpq-h66f,unknown
posx-demo-backend,osv-scanner,on-headers,3.4,GHSA-76c9-3jph-rj3q,unknown
posx-demo-backend,osv-scanner,path-to-regexp,7.5,GHSA-37ch-88jc-xwx2,unknown
posx-demo-backend,osv-scanner,picomatch,5.3,GHSA-3v7f-55p6-f55p,unknown
posx-demo-backend,osv-scanner,picomatch,7.5,GHSA-c2c7-rcm5-vvqj,unknown
posx-demo-backend,osv-scanner,postcss,7.5,GHSA-6g55-p6wh-862q,unknown
posx-demo-backend,osv-scanner,postcss,6.3,GHSA-fxqj-rqcc-2cmp,unknown
posx-demo-backend,osv-scanner,postcss,6.1,GHSA-qx2v-qp2m-jg93,unknown
posx-demo-backend,osv-scanner,postcss,7.5,GHSA-r28c-9q8g-f849,unknown
posx-demo-backend,osv-scanner,postcss-selector-parser,4.3,GHSA-w9m9-85wc-3x92,unknown
posx-demo-backend,osv-scanner,qs,6.3,GHSA-4mjr-xmp4-gh2g,unknown
posx-demo-backend,osv-scanner,qs,6.3,GHSA-6rw7-vpxm-498p,unknown
posx-demo-backend,osv-scanner,qs,6.3,GHSA-q8mj-m7cp-5q26,unknown
posx-demo-backend,osv-scanner,qs,3.7,GHSA-w7fw-mjwx-w883,unknown
posx-demo-backend,osv-scanner,qs,6.3,GHSA-4mjr-xmp4-gh2g,unknown
posx-demo-backend,osv-scanner,qs,6.3,GHSA-6rw7-vpxm-498p,unknown
posx-demo-backend,osv-scanner,qs,6.3,GHSA-q8mj-m7cp-5q26,unknown
posx-demo-backend,osv-scanner,qs,3.7,GHSA-w7fw-mjwx-w883,unknown
posx-demo-backend,osv-scanner,react-router,6.6,GHSA-2j2x-hqr9-3h42,unknown
posx-demo-backend,osv-scanner,react-router,6.1,GHSA-337j-9hxr-rhxg,unknown
posx-demo-backend,osv-scanner,react-router,6.5,GHSA-9jcx-v3wj-wh4m,unknown
posx-demo-backend,osv-scanner,react-router,5.1,GHSA-wrjc-x8rr-h8h6,unknown
posx-demo-backend,osv-scanner,rollup,8.8,GHSA-mw96-cpmx-2vgc,unknown
posx-demo-backend,osv-scanner,uuid,7.5,GHSA-w5hq-g745-h8pq,unknown
posx-demo-backend,osv-scanner,uuid,7.5,GHSA-w5hq-g745-h8pq,unknown
posx-demo-backend,osv-scanner,vite,6.3,GHSA-4w7w-66w2-5vf9,unknown
posx-demo-backend,osv-scanner,vite,6.0,GHSA-93m4-6634-74q7,unknown
posx-demo-backend,osv-scanner,vite,8.2,GHSA-fx2h-pf6j-xcff,unknown
posx-demo-backend,osv-scanner,vite,5.5,GHSA-v6wh-96g9-6wx3,unknown
posx-demo-backend,osv-scanner,ws,4.4,GHSA-58qx-3vcg-4xpx,unknown
posx-demo-backend,osv-scanner,ws,7.5,GHSA-96hv-2xvq-fx4p,unknown
posx-demo-backend,osv-scanner,yaml,4.3,GHSA-48c2-rrv3-qjmp,unknown
posx-demo-backend,osv-scanner,@babel/core,3.2,GHSA-4x5r-pxfx-6jf8,unknown
posx-demo-backend,osv-scanner,@mikro-orm/core,9.3,GHSA-gwhv-j974-6fxm,unknown
posx-demo-backend,osv-scanner,@mikro-orm/core,8.3,GHSA-qpfv-44f3-qqx6,unknown
posx-demo-backend,osv-scanner,@mikro-orm/knex,7.6,GHSA-cfw5-68c4-ffqp,unknown
posx-demo-backend,osv-scanner,@remix-run/router,6.6,GHSA-2j2x-hqr9-3h42,unknown
posx-demo-backend,osv-scanner,@remix-run/router,8.0,GHSA-2w69-qvjg-hvjx,unknown
posx-demo-backend,osv-scanner,@smithy/config-resolver,3.7,GHSA-6475-r3vj-m8vf,unknown
posx-demo-backend,osv-scanner,ajv,5.5,GHSA-2g4f-4pwh-qvx6,unknown
posx-demo-backend,osv-scanner,axios,7.0,GHSA-3g43-6gmg-66jw,unknown
posx-demo-backend,osv-scanner,axios,6.3,GHSA-3p68-rc4w-qgx5,unknown
posx-demo-backend,osv-scanner,axios,7.5,GHSA-43fc-jf86-j433,unknown
posx-demo-backend,osv-scanner,axios,5.3,GHSA-5c9x-8gcm-mpgx,unknown
posx-demo-backend,osv-scanner,axios,7.5,GHSA-62hf-57xw-28j9,unknown
posx-demo-backend,osv-scanner,axios,7.4,GHSA-6chq-wfr3-2hj9,unknown
posx-demo-backend,osv-scanner,axios,6.3,GHSA-7q8q-rj6j-mhjq,unknown
posx-demo-backend,osv-scanner,axios,4.8,GHSA-898c-q2cr-xwhg,unknown
posx-demo-backend,osv-scanner,axios,4.8,GHSA-fvcv-3m26-pcqx,unknown
posx-demo-backend,osv-scanner,axios,7.5,GHSA-hfxv-24rg-xrqf,unknown
posx-demo-backend,osv-scanner,axios,7.5,GHSA-j5f8-grm9-p9fc,unknown
posx-demo-backend,osv-scanner,axios,7.7,GHSA-jr5f-v2jv-69x6,unknown
posx-demo-backend,osv-scanner,axios,6.8,GHSA-m7pr-hjqh-92cm,unknown
posx-demo-backend,osv-scanner,axios,6.3,GHSA-mmx7-hfxf-jppx,unknown
posx-demo-backend,osv-scanner,axios,8.2,GHSA-p92q-9vqr-4j8v,unknown
posx-demo-backend,osv-scanner,axios,7.4,GHSA-pf86-5x62-jrwf,unknown
posx-demo-backend,osv-scanner,axios,8.6,GHSA-pjwm-pj3p-43mv,unknown
posx-demo-backend,osv-scanner,axios,7.2,GHSA-pmwg-cvhr-8vh7,unknown
posx-demo-backend,osv-scanner,axios,5.3,GHSA-vf2m-468p-8v99,unknown
posx-demo-backend,osv-scanner,axios,4.8,GHSA-w9j2-pvgh-6h63,unknown
posx-demo-backend,osv-scanner,axios,6.5,GHSA-wf5p-g6vw-rhxx,unknown
posx-demo-backend,osv-scanner,axios,3.7,GHSA-xhjh-pmcv-23jw,unknown
posx-demo-backend,osv-scanner,axios,5.4,GHSA-xx6v-rp6x-q39c,unknown
posx-demo-backend,osv-scanner,axios,8.7,GHSA-35jp-ww65-95wh,unknown
posx-demo-backend,osv-scanner,axios,7.0,GHSA-3g43-6gmg-66jw,unknown
posx-demo-backend,osv-scanner,axios,6.3,GHSA-3p68-rc4w-qgx5,unknown
posx-demo-backend,osv-scanner,axios,6.5,GHSA-3w6x-2g7m-8v23,unknown
posx-demo-backend,osv-scanner,axios,6.3,GHSA-42h9-826w-cgv3,unknown
posx-demo-backend,osv-scanner,axios,7.5,GHSA-43fc-jf86-j433,unknown
posx-demo-backend,osv-scanner,axios,5.3,GHSA-445q-vr5w-6q77,unknown
posx-demo-backend,osv-scanner,axios,7.5,GHSA-4hjh-wcwx-xvwj,unknown
posx-demo-backend,osv-scanner,axios,5.3,GHSA-5c9x-8gcm-mpgx,unknown
posx-demo-backend,osv-scanner,axios,7.5,GHSA-62hf-57xw-28j9,unknown
posx-demo-backend,osv-scanner,axios,7.4,GHSA-6chq-wfr3-2hj9,unknown
posx-demo-backend,osv-scanner,axios,7.5,GHSA-777c-7fjr-54vf,unknown
posx-demo-backend,osv-scanner,axios,6.3,GHSA-7q8q-rj6j-mhjq,unknown
posx-demo-backend,osv-scanner,axios,4.8,GHSA-898c-q2cr-xwhg,unknown
posx-demo-backend,osv-scanner,axios,4.8,GHSA-fvcv-3m26-pcqx,unknown
posx-demo-backend,osv-scanner,axios,7.5,GHSA-hfxv-24rg-xrqf,unknown
posx-demo-backend,osv-scanner,axios,7.5,GHSA-j5f8-grm9-p9fc,unknown
posx-demo-backend,osv-scanner,axios,6.3,GHSA-jqh4-m9w3-8hp9,unknown
posx-demo-backend,osv-scanner,axios,6.8,GHSA-m7pr-hjqh-92cm,unknown
posx-demo-backend,osv-scanner,axios,6.3,GHSA-mmx7-hfxf-jppx,unknown
posx-demo-backend,osv-scanner,axios,8.2,GHSA-p92q-9vqr-4j8v,unknown
posx-demo-backend,osv-scanner,axios,7.4,GHSA-pf86-5x62-jrwf,unknown
posx-demo-backend,osv-scanner,axios,6.3,GHSA-pmv8-rq9r-6j72,unknown
posx-demo-backend,osv-scanner,axios,7.2,GHSA-pmwg-cvhr-8vh7,unknown
posx-demo-backend,osv-scanner,axios,7.4,GHSA-q8qp-cvcw-x6jj,unknown
posx-demo-backend,osv-scanner,axios,5.3,GHSA-vf2m-468p-8v99,unknown
posx-demo-backend,osv-scanner,axios,4.8,GHSA-w9j2-pvgh-6h63,unknown
posx-demo-backend,osv-scanner,axios,3.7,GHSA-xhjh-pmcv-23jw,unknown
posx-demo-backend,osv-scanner,axios,5.4,GHSA-xx6v-rp6x-q39c,unknown
posx-demo-backend,osv-scanner,basic-ftp,9.1,GHSA-5rq4-664w-9x2c,unknown
posx-demo-backend,osv-scanner,basic-ftp,8.2,GHSA-6v7q-wjvx-w8wg,unknown
posx-demo-backend,osv-scanner,basic-ftp,7.5,GHSA-rp42-5vxx-qpwr,unknown
posx-demo-backend,osv-scanner,basic-ftp,7.5,GHSA-rpmf-866q-6p89,unknown
posx-demo-backend,osv-scanner,body-parser,3.7,GHSA-v422-hmwv-36x6,unknown
posx-demo-backend,osv-scanner,brace-expansion,7.7,GHSA-3jxr-9vmj-r5cp,unknown
posx-demo-backend,osv-scanner,brace-expansion,6.5,GHSA-f886-m6hf-6m8v,unknown
posx-demo-backend,osv-scanner,brace-expansion,7.5,GHSA-mh99-v99m-4gvg,unknown
posx-demo-backend,osv-scanner,brace-expansion,7.5,GHSA-rgw5-rvv9-x895,unknown
posx-demo-backend,osv-scanner,brace-expansion,3.1,GHSA-v6h2-p8h4-qcjw,unknown
posx-demo-backend,osv-scanner,brace-expansion,7.7,GHSA-3jxr-9vmj-r5cp,unknown
posx-demo-backend,osv-scanner,brace-expansion,6.5,GHSA-f886-m6hf-6m8v,unknown
posx-demo-backend,osv-scanner,brace-expansion,7.5,GHSA-mh99-v99m-4gvg,unknown
posx-demo-backend,osv-scanner,brace-expansion,7.5,GHSA-rgw5-rvv9-x895,unknown
posx-demo-backend,osv-scanner,brace-expansion,3.1,GHSA-v6h2-p8h4-qcjw,unknown
posx-demo-backend,osv-scanner,browserslist,7.5,GHSA-73wf-gq98-2v4g,unknown
posx-demo-backend,osv-scanner,browserslist,7.5,GHSA-c83g-rgw3-j3cx,unknown
posx-demo-backend,osv-scanner,diff,2.7,GHSA-73rr-hh4g-fpgx,unknown
posx-demo-backend,osv-scanner,esbuild,5.3,GHSA-67mh-4wv8-2f99,unknown
posx-demo-backend,osv-scanner,extract-zip,8.6,GHSA-jmr9-qjv8-65gv,unknown
posx-demo-backend,osv-scanner,fast-xml-parser,7.5,GHSA-8gc5-j5rx-235r,unknown
posx-demo-backend,osv-scanner,fast-xml-parser,2.7,GHSA-fj3w-jwp8-x2g3,unknown
posx-demo-backend,osv-scanner,fast-xml-parser,6.1,GHSA-gh4j-gqv2-49f6,unknown
posx-demo-backend,osv-scanner,fast-xml-parser,7.5,GHSA-jmr7-xgp7-cmfj,unknown
posx-demo-backend,osv-scanner,fast-xml-parser,5.9,GHSA-jp2q-39xq-3w4g,unknown
posx-demo-backend,osv-scanner,fast-xml-parser,9.3,GHSA-m7jm-9gc2-mpf2,unknown
posx-demo-backend,osv-scanner,fast-xml-parser,7.5,GHSA-37qj-frw5-hhjh,unknown
posx-demo-backend,osv-scanner,fast-xml-parser,7.5,GHSA-8gc5-j5rx-235r,unknown
posx-demo-backend,osv-scanner,fast-xml-parser,2.7,GHSA-fj3w-jwp8-x2g3,unknown
posx-demo-backend,osv-scanner,fast-xml-parser,6.1,GHSA-gh4j-gqv2-49f6,unknown
posx-demo-backend,osv-scanner,fast-xml-parser,7.5,GHSA-jmr7-xgp7-cmfj,unknown
posx-demo-backend,osv-scanner,fast-xml-parser,5.9,GHSA-jp2q-39xq-3w4g,unknown
posx-demo-backend,osv-scanner,fast-xml-parser,9.3,GHSA-m7jm-9gc2-mpf2,unknown
posx-demo-backend,osv-scanner,follow-redirects,6.9,GHSA-r4q5-vmmm-2653,unknown
posx-demo-backend,osv-scanner,form-data,9.4,GHSA-fjxv-7rqg-78g4,unknown
posx-demo-backend,osv-scanner,form-data,8.7,GHSA-hmw2-7cc7-3qxx,unknown
posx-demo-backend,osv-scanner,glob,7.5,GHSA-5j98-mcp5-4vw2,unknown
posx-demo-backend,osv-scanner,i18next-http-backend,6.5,GHSA-q89c-q3h5-w34g,unknown
posx-demo-backend,osv-scanner,immutable,8.7,GHSA-v56q-mh7h-f735,unknown
posx-demo-backend,osv-scanner,immutable,9.8,GHSA-wf6x-7x77-mvgw,unknown
posx-demo-backend,osv-scanner,immutable,8.7,GHSA-xvcm-6775-5m9r,unknown
posx-demo-backend,osv-scanner,ip-address,7.7,GHSA-mwp4-54f8-5fhr,unknown
posx-demo-backend,osv-scanner,ip-address,5.3,GHSA-v2v4-37r5-5v8g,unknown
posx-demo-backend,osv-scanner,js-yaml,7.5,GHSA-52cp-r559-cp3m,unknown
posx-demo-backend,osv-scanner,js-yaml,7.5,GHSA-5p4m-2wfm-xmqj,unknown
posx-demo-backend,osv-scanner,js-yaml,5.3,GHSA-h67p-54hq-rp68,unknown
posx-demo-backend,osv-scanner,js-yaml,5.3,GHSA-mh29-5h37-fv8m,unknown
posx-demo-backend,osv-scanner,js-yaml,7.5,GHSA-52cp-r559-cp3m,unknown
posx-demo-backend,osv-scanner,js-yaml,7.5,GHSA-5p4m-2wfm-xmqj,unknown
posx-demo-backend,osv-scanner,js-yaml,5.3,GHSA-h67p-54hq-rp68,unknown
posx-demo-backend,osv-scanner,js-yaml,5.3,GHSA-mh29-5h37-fv8m,unknown
posx-demo-backend,osv-scanner,json-2-csv,6.8,GHSA-g27c-q7cp-mhx6,unknown
posx-demo-backend,osv-scanner,jws,7.5,GHSA-869p-cjfg-cm3x,unknown
posx-demo-backend,osv-scanner,lodash,6.9,GHSA-f23m-r3pf-42rh,unknown
posx-demo-backend,osv-scanner,lodash,8.1,GHSA-r5fr-rjxr-66jc,unknown
posx-demo-backend,osv-scanner,lodash,6.9,GHSA-xxjr-mmjv-4gpg,unknown
posx-demo-backend,osv-scanner,min-document,2.9,GHSA-rx8g-88g5-qh64,unknown
posx-demo-backend,osv-scanner,minimatch,7.5,GHSA-23c5-xmqv-rm74,unknown
posx-demo-backend,osv-scanner,minimatch,8.7,GHSA-3ppc-4f35-3m26,unknown
posx-demo-backend,osv-scanner,minimatch,7.5,GHSA-7r86-cg39-jmmj,unknown
posx-demo-backend,osv-scanner,minimatch,7.5,GHSA-23c5-xmqv-rm74,unknown
posx-demo-backend,osv-scanner,minimatch,8.7,GHSA-3ppc-4f35-3m26,unknown
posx-demo-backend,osv-scanner,minimatch,7.5,GHSA-7r86-cg39-jmmj,unknown
posx-demo-backend,osv-scanner,minimatch,7.5,GHSA-23c5-xmqv-rm74,unknown
posx-demo-backend,osv-scanner,minimatch,8.7,GHSA-3ppc-4f35-3m26,unknown
posx-demo-backend,osv-scanner,minimatch,7.5,GHSA-7r86-cg39-jmmj,unknown
posx-demo-backend,osv-scanner,morgan,5.3,GHSA-4vj7-5mj6-jm8m,unknown
posx-demo-backend,osv-scanner,multer,7.5,GHSA-44fp-w29j-9vj5,unknown
posx-demo-backend,osv-scanner,multer,7.5,GHSA-4pg4-qvpc-4q3h,unknown
posx-demo-backend,osv-scanner,multer,8.7,GHSA-5528-5vmv-3xc2,unknown
posx-demo-backend,osv-scanner,multer,7.5,GHSA-72gw-mp4g-v24j,unknown
posx-demo-backend,osv-scanner,multer,7.5,GHSA-fjgf-rc76-4x9p,unknown
posx-demo-backend,osv-scanner,multer,8.7,GHSA-g5hg-p3ph-g8qg,unknown
posx-demo-backend,osv-scanner,multer,8.7,GHSA-v52c-386h-88mc,unknown
posx-demo-backend,osv-scanner,multer,8.7,GHSA-xf7r-hgr6-v32p,unknown
posx-demo-backend,osv-scanner,nanoid,8.2,GHSA-28wg-ghj8-5hjv,unknown
posx-demo-backend,osv-scanner,nanoid,8.2,GHSA-2v37-7h3g-55p8,unknown
posx-demo-backend,osv-scanner,nanoid,7.4,GHSA-xwg4-73v4-xw9w,unknown
posx-demo-backend,osv-scanner,nodemailer,5.4,GHSA-268h-hp4c-crq3,unknown
posx-demo-backend,osv-scanner,nodemailer,2.3,GHSA-c7w3-x93f-qmm8,unknown
posx-demo-backend,osv-scanner,nodemailer,5.5,GHSA-mm7p-fcc7-pg87,unknown
posx-demo-backend,osv-scanner,nodemailer,7.1,GHSA-p6gq-j5cr-w38f,unknown
posx-demo-backend,osv-scanner,nodemailer,6.5,GHSA-r7g4-qg5f-qqm2,unknown
posx-demo-backend,osv-scanner,nodemailer,7.5,GHSA-rcmh-qjqh-p98v,unknown
posx-demo-backend,osv-scanner,nodemailer,4.9,GHSA-vvjj-xcjg-gr5g,unknown
posx-demo-backend,osv-scanner,nodemailer,5.4,GHSA-wqvq-jvpq-h66f,unknown
posx-demo-backend,osv-scanner,on-headers,3.4,GHSA-76c9-3jph-rj3q,unknown
posx-demo-backend,osv-scanner,path-to-regexp,7.5,GHSA-37ch-88jc-xwx2,unknown
posx-demo-backend,osv-scanner,picomatch,5.3,GHSA-3v7f-55p6-f55p,unknown
posx-demo-backend,osv-scanner,picomatch,7.5,GHSA-c2c7-rcm5-vvqj,unknown
posx-demo-backend,osv-scanner,postcss,7.5,GHSA-6g55-p6wh-862q,unknown
posx-demo-backend,osv-scanner,postcss,6.3,GHSA-fxqj-rqcc-2cmp,unknown
posx-demo-backend,osv-scanner,postcss,6.1,GHSA-qx2v-qp2m-jg93,unknown
posx-demo-backend,osv-scanner,postcss,7.5,GHSA-r28c-9q8g-f849,unknown
posx-demo-backend,osv-scanner,postcss-selector-parser,4.3,GHSA-w9m9-85wc-3x92,unknown
posx-demo-backend,osv-scanner,qs,6.3,GHSA-4mjr-xmp4-gh2g,unknown
posx-demo-backend,osv-scanner,qs,6.3,GHSA-6rw7-vpxm-498p,unknown
posx-demo-backend,osv-scanner,qs,6.3,GHSA-q8mj-m7cp-5q26,unknown
posx-demo-backend,osv-scanner,qs,3.7,GHSA-w7fw-mjwx-w883,unknown
posx-demo-backend,osv-scanner,qs,6.3,GHSA-4mjr-xmp4-gh2g,unknown
posx-demo-backend,osv-scanner,qs,6.3,GHSA-6rw7-vpxm-498p,unknown
posx-demo-backend,osv-scanner,qs,6.3,GHSA-q8mj-m7cp-5q26,unknown
posx-demo-backend,osv-scanner,qs,3.7,GHSA-w7fw-mjwx-w883,unknown
posx-demo-backend,osv-scanner,react-router,6.6,GHSA-2j2x-hqr9-3h42,unknown
posx-demo-backend,osv-scanner,react-router,6.1,GHSA-337j-9hxr-rhxg,unknown
posx-demo-backend,osv-scanner,react-router,6.5,GHSA-9jcx-v3wj-wh4m,unknown
posx-demo-backend,osv-scanner,react-router,5.1,GHSA-wrjc-x8rr-h8h6,unknown
posx-demo-backend,osv-scanner,rollup,8.8,GHSA-mw96-cpmx-2vgc,unknown
posx-demo-backend,osv-scanner,tar-fs,8.7,GHSA-8cj5-5rvv-wf4v,unknown
posx-demo-backend,osv-scanner,tar-fs,8.7,GHSA-vj76-c3g6-qr5v,unknown
posx-demo-backend,osv-scanner,tmp,2.5,GHSA-52f5-9888-hmc6,unknown
posx-demo-backend,osv-scanner,tmp,7.7,GHSA-ph9p-34f9-6g65,unknown
posx-demo-backend,osv-scanner,uuid,7.5,GHSA-w5hq-g745-h8pq,unknown
posx-demo-backend,osv-scanner,uuid,7.5,GHSA-w5hq-g745-h8pq,unknown
posx-demo-backend,osv-scanner,vite,6.0,GHSA-356w-63v5-8wf4,unknown
posx-demo-backend,osv-scanner,vite,5.3,GHSA-4r4m-qw57-chr8,unknown
posx-demo-backend,osv-scanner,vite,6.3,GHSA-4w7w-66w2-5vf9,unknown
posx-demo-backend,osv-scanner,vite,6.0,GHSA-859w-5945-r5v3,unknown
posx-demo-backend,osv-scanner,vite,6.0,GHSA-93m4-6634-74q7,unknown
posx-demo-backend,osv-scanner,vite,8.2,GHSA-fx2h-pf6j-xcff,unknown
posx-demo-backend,osv-scanner,vite,2.3,GHSA-g4jq-h2w9-997c,unknown
posx-demo-backend,osv-scanner,vite,2.3,GHSA-jqfw-vq24-v9c3,unknown
posx-demo-backend,osv-scanner,vite,5.5,GHSA-v6wh-96g9-6wx3,unknown
posx-demo-backend,osv-scanner,vite,5.3,GHSA-x574-m823-4x7w,unknown
posx-demo-backend,osv-scanner,vite,5.3,GHSA-xcj6-pq6g-qj4x,unknown
posx-demo-backend,osv-scanner,ws,4.4,GHSA-58qx-3vcg-4xpx,unknown
posx-demo-backend,osv-scanner,ws,7.5,GHSA-96hv-2xvq-fx4p,unknown
posx-demo-backend,osv-scanner,yaml,4.3,GHSA-48c2-rrv3-qjmp,unknown
posx-frido-admin,osv-scanner,@babel/core,3.2,GHSA-4x5r-pxfx-6jf8,unknown
posx-frido-admin,osv-scanner,@babel/helpers,6.2,GHSA-968p-4wvh-cqc8,unknown
posx-frido-admin,osv-scanner,@babel/runtime,6.2,GHSA-968p-4wvh-cqc8,unknown
posx-frido-admin,osv-scanner,@remix-run/router,6.6,GHSA-2j2x-hqr9-3h42,unknown
posx-frido-admin,osv-scanner,@remix-run/router,8.0,GHSA-2w69-qvjg-hvjx,unknown
posx-frido-admin,osv-scanner,ajv,5.5,GHSA-2g4f-4pwh-qvx6,unknown
posx-frido-admin,osv-scanner,axios,8.7,GHSA-35jp-ww65-95wh,unknown
posx-frido-admin,osv-scanner,axios,7.0,GHSA-3g43-6gmg-66jw,unknown
posx-frido-admin,osv-scanner,axios,6.3,GHSA-3p68-rc4w-qgx5,unknown
posx-frido-admin,osv-scanner,axios,6.5,GHSA-3w6x-2g7m-8v23,unknown
posx-frido-admin,osv-scanner,axios,6.3,GHSA-42h9-826w-cgv3,unknown
posx-frido-admin,osv-scanner,axios,7.5,GHSA-43fc-jf86-j433,unknown
posx-frido-admin,osv-scanner,axios,5.3,GHSA-445q-vr5w-6q77,unknown
posx-frido-admin,osv-scanner,axios,5.3,GHSA-5c9x-8gcm-mpgx,unknown
posx-frido-admin,osv-scanner,axios,7.5,GHSA-62hf-57xw-28j9,unknown
posx-frido-admin,osv-scanner,axios,7.4,GHSA-6chq-wfr3-2hj9,unknown
posx-frido-admin,osv-scanner,axios,7.5,GHSA-777c-7fjr-54vf,unknown
posx-frido-admin,osv-scanner,axios,6.3,GHSA-7q8q-rj6j-mhjq,unknown
posx-frido-admin,osv-scanner,axios,4.8,GHSA-898c-q2cr-xwhg,unknown
posx-frido-admin,osv-scanner,axios,4.8,GHSA-fvcv-3m26-pcqx,unknown
posx-frido-admin,osv-scanner,axios,7.5,GHSA-hfxv-24rg-xrqf,unknown
posx-frido-admin,osv-scanner,axios,7.5,GHSA-j5f8-grm9-p9fc,unknown
posx-frido-admin,osv-scanner,axios,6.3,GHSA-jqh4-m9w3-8hp9,unknown
posx-frido-admin,osv-scanner,axios,6.8,GHSA-m7pr-hjqh-92cm,unknown
posx-frido-admin,osv-scanner,axios,6.3,GHSA-mmx7-hfxf-jppx,unknown
posx-frido-admin,osv-scanner,axios,8.2,GHSA-p92q-9vqr-4j8v,unknown
posx-frido-admin,osv-scanner,axios,7.4,GHSA-pf86-5x62-jrwf,unknown
posx-frido-admin,osv-scanner,axios,6.3,GHSA-pmv8-rq9r-6j72,unknown
posx-frido-admin,osv-scanner,axios,7.2,GHSA-pmwg-cvhr-8vh7,unknown
posx-frido-admin,osv-scanner,axios,7.4,GHSA-q8qp-cvcw-x6jj,unknown
posx-frido-admin,osv-scanner,axios,5.3,GHSA-vf2m-468p-8v99,unknown
posx-frido-admin,osv-scanner,axios,4.8,GHSA-w9j2-pvgh-6h63,unknown
posx-frido-admin,osv-scanner,axios,3.7,GHSA-xhjh-pmcv-23jw,unknown
posx-frido-admin,osv-scanner,axios,5.4,GHSA-xx6v-rp6x-q39c,unknown
posx-frido-admin,osv-scanner,brace-expansion,7.7,GHSA-3jxr-9vmj-r5cp,unknown
posx-frido-admin,osv-scanner,brace-expansion,6.5,GHSA-f886-m6hf-6m8v,unknown
posx-frido-admin,osv-scanner,brace-expansion,7.5,GHSA-mh99-v99m-4gvg,unknown
posx-frido-admin,osv-scanner,brace-expansion,7.5,GHSA-rgw5-rvv9-x895,unknown
posx-frido-admin,osv-scanner,brace-expansion,3.1,GHSA-v6h2-p8h4-qcjw,unknown
posx-frido-admin,osv-scanner,browserslist,7.5,GHSA-73wf-gq98-2v4g,unknown
posx-frido-admin,osv-scanner,browserslist,7.5,GHSA-c83g-rgw3-j3cx,unknown
posx-frido-admin,osv-scanner,esbuild,5.3,GHSA-67mh-4wv8-2f99,unknown
posx-frido-admin,osv-scanner,fast-uri,7.5,GHSA-4c8g-83qw-93j6,unknown
posx-frido-admin,osv-scanner,fast-uri,7.5,GHSA-7p8r-x3mc-p8w7,unknown
posx-frido-admin,osv-scanner,fast-uri,7.5,GHSA-f65p-4m7j-42xc,unknown
posx-frido-admin,osv-scanner,fast-uri,7.5,GHSA-jqff-g426-hqxp,unknown
posx-frido-admin,osv-scanner,fast-uri,7.5,GHSA-q3j6-qgpj-74h6,unknown
posx-frido-admin,osv-scanner,fast-uri,7.5,GHSA-v2hh-gcrm-f6hx,unknown
posx-frido-admin,osv-scanner,fast-uri,7.5,GHSA-v39h-62p7-jpjc,unknown
posx-frido-admin,osv-scanner,follow-redirects,6.9,GHSA-r4q5-vmmm-2653,unknown
posx-frido-admin,osv-scanner,form-data,8.7,GHSA-hmw2-7cc7-3qxx,unknown
posx-frido-admin,osv-scanner,glob,7.5,GHSA-5j98-mcp5-4vw2,unknown
posx-frido-admin,osv-scanner,i18next-http-backend,6.5,GHSA-q89c-q3h5-w34g,unknown
posx-frido-admin,osv-scanner,lodash,6.9,GHSA-f23m-r3pf-42rh,unknown
posx-frido-admin,osv-scanner,lodash,8.1,GHSA-r5fr-rjxr-66jc,unknown
posx-frido-admin,osv-scanner,lodash,6.9,GHSA-xxjr-mmjv-4gpg,unknown
posx-frido-admin,osv-scanner,minimatch,7.5,GHSA-23c5-xmqv-rm74,unknown
posx-frido-admin,osv-scanner,minimatch,8.7,GHSA-3ppc-4f35-3m26,unknown
posx-frido-admin,osv-scanner,minimatch,7.5,GHSA-7r86-cg39-jmmj,unknown
posx-frido-admin,osv-scanner,nanoid,8.2,GHSA-28wg-ghj8-5hjv,unknown
posx-frido-admin,osv-scanner,nanoid,8.2,GHSA-2v37-7h3g-55p8,unknown
posx-frido-admin,osv-scanner,nanoid,7.4,GHSA-xwg4-73v4-xw9w,unknown
posx-frido-admin,osv-scanner,picomatch,5.3,GHSA-3v7f-55p6-f55p,unknown
posx-frido-admin,osv-scanner,picomatch,7.5,GHSA-c2c7-rcm5-vvqj,unknown
posx-frido-admin,osv-scanner,picomatch,5.3,GHSA-3v7f-55p6-f55p,unknown
posx-frido-admin,osv-scanner,picomatch,7.5,GHSA-c2c7-rcm5-vvqj,unknown
posx-frido-admin,osv-scanner,postcss,7.5,GHSA-6g55-p6wh-862q,unknown
posx-frido-admin,osv-scanner,postcss,6.3,GHSA-fxqj-rqcc-2cmp,unknown
posx-frido-admin,osv-scanner,postcss,6.1,GHSA-qx2v-qp2m-jg93,unknown
posx-frido-admin,osv-scanner,postcss,7.5,GHSA-r28c-9q8g-f849,unknown
posx-frido-admin,osv-scanner,postcss-selector-parser,4.3,GHSA-w9m9-85wc-3x92,unknown
posx-frido-admin,osv-scanner,prismjs,4.9,GHSA-x7hr-w5r2-h6wg,unknown
posx-frido-admin,osv-scanner,qs,6.3,GHSA-4mjr-xmp4-gh2g,unknown
posx-frido-admin,osv-scanner,qs,6.3,GHSA-6rw7-vpxm-498p,unknown
posx-frido-admin,osv-scanner,qs,6.3,GHSA-q8mj-m7cp-5q26,unknown
posx-frido-admin,osv-scanner,qs,3.7,GHSA-w7fw-mjwx-w883,unknown
posx-frido-admin,osv-scanner,react-router,6.6,GHSA-2j2x-hqr9-3h42,unknown
posx-frido-admin,osv-scanner,react-router,6.1,GHSA-337j-9hxr-rhxg,unknown
posx-frido-admin,osv-scanner,react-router,6.5,GHSA-9jcx-v3wj-wh4m,unknown
posx-frido-admin,osv-scanner,react-router,5.1,GHSA-wrjc-x8rr-h8h6,unknown
posx-frido-admin,osv-scanner,rollup,8.8,GHSA-mw96-cpmx-2vgc,unknown
posx-frido-admin,osv-scanner,vite,6.0,GHSA-356w-63v5-8wf4,unknown
posx-frido-admin,osv-scanner,vite,5.3,GHSA-4r4m-qw57-chr8,unknown
posx-frido-admin,osv-scanner,vite,6.3,GHSA-4w7w-66w2-5vf9,unknown
posx-frido-admin,osv-scanner,vite,6.0,GHSA-859w-5945-r5v3,unknown
posx-frido-admin,osv-scanner,vite,6.0,GHSA-93m4-6634-74q7,unknown
posx-frido-admin,osv-scanner,vite,8.2,GHSA-fx2h-pf6j-xcff,unknown
posx-frido-admin,osv-scanner,vite,2.3,GHSA-g4jq-h2w9-997c,unknown
posx-frido-admin,osv-scanner,vite,2.3,GHSA-jqfw-vq24-v9c3,unknown
posx-frido-admin,osv-scanner,vite,5.5,GHSA-v6wh-96g9-6wx3,unknown
posx-frido-admin,osv-scanner,vite,5.3,GHSA-x574-m823-4x7w,unknown
posx-frido-admin,osv-scanner,vite,5.3,GHSA-xcj6-pq6g-qj4x,unknown
posx-frido-admin,osv-scanner,vitest,9.8,GHSA-5xrq-8626-4rwp,unknown
posx-frido-admin,osv-scanner,yaml,4.3,GHSA-48c2-rrv3-qjmp,unknown
posx-frido-b2b-admin,osv-scanner,@babel/core,3.2,GHSA-4x5r-pxfx-6jf8,unknown
posx-frido-b2b-admin,osv-scanner,@babel/helpers,6.2,GHSA-968p-4wvh-cqc8,unknown
posx-frido-b2b-admin,osv-scanner,@babel/runtime,6.2,GHSA-968p-4wvh-cqc8,unknown
posx-frido-b2b-admin,osv-scanner,@remix-run/router,6.6,GHSA-2j2x-hqr9-3h42,unknown
posx-frido-b2b-admin,osv-scanner,@remix-run/router,8.0,GHSA-2w69-qvjg-hvjx,unknown
posx-frido-b2b-admin,osv-scanner,ajv,5.5,GHSA-2g4f-4pwh-qvx6,unknown
posx-frido-b2b-admin,osv-scanner,axios,8.7,GHSA-35jp-ww65-95wh,unknown
posx-frido-b2b-admin,osv-scanner,axios,7.0,GHSA-3g43-6gmg-66jw,unknown
posx-frido-b2b-admin,osv-scanner,axios,6.3,GHSA-3p68-rc4w-qgx5,unknown
posx-frido-b2b-admin,osv-scanner,axios,6.5,GHSA-3w6x-2g7m-8v23,unknown
posx-frido-b2b-admin,osv-scanner,axios,6.3,GHSA-42h9-826w-cgv3,unknown
posx-frido-b2b-admin,osv-scanner,axios,7.5,GHSA-43fc-jf86-j433,unknown
posx-frido-b2b-admin,osv-scanner,axios,5.3,GHSA-445q-vr5w-6q77,unknown
posx-frido-b2b-admin,osv-scanner,axios,5.3,GHSA-5c9x-8gcm-mpgx,unknown
posx-frido-b2b-admin,osv-scanner,axios,7.5,GHSA-62hf-57xw-28j9,unknown
posx-frido-b2b-admin,osv-scanner,axios,7.4,GHSA-6chq-wfr3-2hj9,unknown
posx-frido-b2b-admin,osv-scanner,axios,7.5,GHSA-777c-7fjr-54vf,unknown
posx-frido-b2b-admin,osv-scanner,axios,6.3,GHSA-7q8q-rj6j-mhjq,unknown
posx-frido-b2b-admin,osv-scanner,axios,4.8,GHSA-898c-q2cr-xwhg,unknown
posx-frido-b2b-admin,osv-scanner,axios,4.8,GHSA-fvcv-3m26-pcqx,unknown
posx-frido-b2b-admin,osv-scanner,axios,7.5,GHSA-hfxv-24rg-xrqf,unknown
posx-frido-b2b-admin,osv-scanner,axios,7.5,GHSA-j5f8-grm9-p9fc,unknown
posx-frido-b2b-admin,osv-scanner,axios,6.3,GHSA-jqh4-m9w3-8hp9,unknown
posx-frido-b2b-admin,osv-scanner,axios,6.8,GHSA-m7pr-hjqh-92cm,unknown
posx-frido-b2b-admin,osv-scanner,axios,6.3,GHSA-mmx7-hfxf-jppx,unknown
posx-frido-b2b-admin,osv-scanner,axios,8.2,GHSA-p92q-9vqr-4j8v,unknown
posx-frido-b2b-admin,osv-scanner,axios,7.4,GHSA-pf86-5x62-jrwf,unknown
posx-frido-b2b-admin,osv-scanner,axios,6.3,GHSA-pmv8-rq9r-6j72,unknown
posx-frido-b2b-admin,osv-scanner,axios,7.2,GHSA-pmwg-cvhr-8vh7,unknown
posx-frido-b2b-admin,osv-scanner,axios,7.4,GHSA-q8qp-cvcw-x6jj,unknown
posx-frido-b2b-admin,osv-scanner,axios,5.3,GHSA-vf2m-468p-8v99,unknown
posx-frido-b2b-admin,osv-scanner,axios,4.8,GHSA-w9j2-pvgh-6h63,unknown
posx-frido-b2b-admin,osv-scanner,axios,3.7,GHSA-xhjh-pmcv-23jw,unknown
posx-frido-b2b-admin,osv-scanner,axios,5.4,GHSA-xx6v-rp6x-q39c,unknown
posx-frido-b2b-admin,osv-scanner,brace-expansion,7.7,GHSA-3jxr-9vmj-r5cp,unknown
posx-frido-b2b-admin,osv-scanner,brace-expansion,6.5,GHSA-f886-m6hf-6m8v,unknown
posx-frido-b2b-admin,osv-scanner,brace-expansion,7.5,GHSA-mh99-v99m-4gvg,unknown
posx-frido-b2b-admin,osv-scanner,brace-expansion,7.5,GHSA-rgw5-rvv9-x895,unknown
posx-frido-b2b-admin,osv-scanner,brace-expansion,3.1,GHSA-v6h2-p8h4-qcjw,unknown
posx-frido-b2b-admin,osv-scanner,browserslist,7.5,GHSA-73wf-gq98-2v4g,unknown
posx-frido-b2b-admin,osv-scanner,browserslist,7.5,GHSA-c83g-rgw3-j3cx,unknown
posx-frido-b2b-admin,osv-scanner,esbuild,5.3,GHSA-67mh-4wv8-2f99,unknown
posx-frido-b2b-admin,osv-scanner,fast-uri,7.5,GHSA-4c8g-83qw-93j6,unknown
posx-frido-b2b-admin,osv-scanner,fast-uri,7.5,GHSA-7p8r-x3mc-p8w7,unknown
posx-frido-b2b-admin,osv-scanner,fast-uri,7.5,GHSA-f65p-4m7j-42xc,unknown
posx-frido-b2b-admin,osv-scanner,fast-uri,7.5,GHSA-jqff-g426-hqxp,unknown
posx-frido-b2b-admin,osv-scanner,fast-uri,7.5,GHSA-q3j6-qgpj-74h6,unknown
posx-frido-b2b-admin,osv-scanner,fast-uri,7.5,GHSA-v2hh-gcrm-f6hx,unknown
posx-frido-b2b-admin,osv-scanner,fast-uri,7.5,GHSA-v39h-62p7-jpjc,unknown
posx-frido-b2b-admin,osv-scanner,follow-redirects,6.9,GHSA-r4q5-vmmm-2653,unknown
posx-frido-b2b-admin,osv-scanner,form-data,8.7,GHSA-hmw2-7cc7-3qxx,unknown
posx-frido-b2b-admin,osv-scanner,glob,7.5,GHSA-5j98-mcp5-4vw2,unknown
posx-frido-b2b-admin,osv-scanner,i18next-http-backend,6.5,GHSA-q89c-q3h5-w34g,unknown
posx-frido-b2b-admin,osv-scanner,lodash,6.9,GHSA-f23m-r3pf-42rh,unknown
posx-frido-b2b-admin,osv-scanner,lodash,8.1,GHSA-r5fr-rjxr-66jc,unknown
posx-frido-b2b-admin,osv-scanner,lodash,6.9,GHSA-xxjr-mmjv-4gpg,unknown
posx-frido-b2b-admin,osv-scanner,minimatch,7.5,GHSA-23c5-xmqv-rm74,unknown
posx-frido-b2b-admin,osv-scanner,minimatch,8.7,GHSA-3ppc-4f35-3m26,unknown
posx-frido-b2b-admin,osv-scanner,minimatch,7.5,GHSA-7r86-cg39-jmmj,unknown
posx-frido-b2b-admin,osv-scanner,nanoid,8.2,GHSA-28wg-ghj8-5hjv,unknown
posx-frido-b2b-admin,osv-scanner,nanoid,8.2,GHSA-2v37-7h3g-55p8,unknown
posx-frido-b2b-admin,osv-scanner,nanoid,7.4,GHSA-xwg4-73v4-xw9w,unknown
posx-frido-b2b-admin,osv-scanner,picomatch,5.3,GHSA-3v7f-55p6-f55p,unknown
posx-frido-b2b-admin,osv-scanner,picomatch,7.5,GHSA-c2c7-rcm5-vvqj,unknown
posx-frido-b2b-admin,osv-scanner,picomatch,5.3,GHSA-3v7f-55p6-f55p,unknown
posx-frido-b2b-admin,osv-scanner,picomatch,7.5,GHSA-c2c7-rcm5-vvqj,unknown
posx-frido-b2b-admin,osv-scanner,postcss,7.5,GHSA-6g55-p6wh-862q,unknown
posx-frido-b2b-admin,osv-scanner,postcss,6.3,GHSA-fxqj-rqcc-2cmp,unknown
posx-frido-b2b-admin,osv-scanner,postcss,6.1,GHSA-qx2v-qp2m-jg93,unknown
posx-frido-b2b-admin,osv-scanner,postcss,7.5,GHSA-r28c-9q8g-f849,unknown
posx-frido-b2b-admin,osv-scanner,postcss-selector-parser,4.3,GHSA-w9m9-85wc-3x92,unknown
posx-frido-b2b-admin,osv-scanner,prismjs,4.9,GHSA-x7hr-w5r2-h6wg,unknown
posx-frido-b2b-admin,osv-scanner,qs,6.3,GHSA-4mjr-xmp4-gh2g,unknown
posx-frido-b2b-admin,osv-scanner,qs,6.3,GHSA-6rw7-vpxm-498p,unknown
posx-frido-b2b-admin,osv-scanner,qs,6.3,GHSA-q8mj-m7cp-5q26,unknown
posx-frido-b2b-admin,osv-scanner,qs,3.7,GHSA-w7fw-mjwx-w883,unknown
posx-frido-b2b-admin,osv-scanner,react-router,6.6,GHSA-2j2x-hqr9-3h42,unknown
posx-frido-b2b-admin,osv-scanner,react-router,6.1,GHSA-337j-9hxr-rhxg,unknown
posx-frido-b2b-admin,osv-scanner,react-router,6.5,GHSA-9jcx-v3wj-wh4m,unknown
posx-frido-b2b-admin,osv-scanner,react-router,5.1,GHSA-wrjc-x8rr-h8h6,unknown
posx-frido-b2b-admin,osv-scanner,rollup,8.8,GHSA-mw96-cpmx-2vgc,unknown
posx-frido-b2b-admin,osv-scanner,vite,6.0,GHSA-356w-63v5-8wf4,unknown
posx-frido-b2b-admin,osv-scanner,vite,5.3,GHSA-4r4m-qw57-chr8,unknown
posx-frido-b2b-admin,osv-scanner,vite,6.3,GHSA-4w7w-66w2-5vf9,unknown
posx-frido-b2b-admin,osv-scanner,vite,6.0,GHSA-859w-5945-r5v3,unknown
posx-frido-b2b-admin,osv-scanner,vite,6.0,GHSA-93m4-6634-74q7,unknown
posx-frido-b2b-admin,osv-scanner,vite,8.2,GHSA-fx2h-pf6j-xcff,unknown
posx-frido-b2b-admin,osv-scanner,vite,2.3,GHSA-g4jq-h2w9-997c,unknown
posx-frido-b2b-admin,osv-scanner,vite,2.3,GHSA-jqfw-vq24-v9c3,unknown
posx-frido-b2b-admin,osv-scanner,vite,5.5,GHSA-v6wh-96g9-6wx3,unknown
posx-frido-b2b-admin,osv-scanner,vite,5.3,GHSA-x574-m823-4x7w,unknown
posx-frido-b2b-admin,osv-scanner,vite,5.3,GHSA-xcj6-pq6g-qj4x,unknown
posx-frido-b2b-admin,osv-scanner,vitest,9.8,GHSA-5xrq-8626-4rwp,unknown
posx-frido-b2b-admin,osv-scanner,yaml,4.3,GHSA-48c2-rrv3-qjmp,unknown
posx-frido-b2b-backend,osv-scanner,@babel/core,3.2,GHSA-4x5r-pxfx-6jf8,unknown
posx-frido-b2b-backend,osv-scanner,@eslint/plugin-kit,2.3,GHSA-xffm-g5w8-qvg7,unknown
posx-frido-b2b-backend,osv-scanner,@humanfs/node,5.7,GHSA-p498-v437-472g,unknown
posx-frido-b2b-backend,osv-scanner,@mikro-orm/core,9.3,GHSA-gwhv-j974-6fxm,unknown
posx-frido-b2b-backend,osv-scanner,@mikro-orm/core,8.3,GHSA-qpfv-44f3-qqx6,unknown
posx-frido-b2b-backend,osv-scanner,@mikro-orm/knex,7.6,GHSA-cfw5-68c4-ffqp,unknown
posx-frido-b2b-backend,osv-scanner,@remix-run/router,6.6,GHSA-2j2x-hqr9-3h42,unknown
posx-frido-b2b-backend,osv-scanner,@remix-run/router,8.0,GHSA-2w69-qvjg-hvjx,unknown
posx-frido-b2b-backend,osv-scanner,@smithy/config-resolver,3.7,GHSA-6475-r3vj-m8vf,unknown
posx-frido-b2b-backend,osv-scanner,ajv,5.5,GHSA-2g4f-4pwh-qvx6,unknown
posx-frido-b2b-backend,osv-scanner,ajv,5.5,GHSA-2g4f-4pwh-qvx6,unknown
posx-frido-b2b-backend,osv-scanner,axios,7.0,GHSA-3g43-6gmg-66jw,unknown
posx-frido-b2b-backend,osv-scanner,axios,6.3,GHSA-3p68-rc4w-qgx5,unknown
posx-frido-b2b-backend,osv-scanner,axios,7.5,GHSA-43fc-jf86-j433,unknown
posx-frido-b2b-backend,osv-scanner,axios,5.3,GHSA-5c9x-8gcm-mpgx,unknown
posx-frido-b2b-backend,osv-scanner,axios,7.5,GHSA-62hf-57xw-28j9,unknown
posx-frido-b2b-backend,osv-scanner,axios,7.4,GHSA-6chq-wfr3-2hj9,unknown
posx-frido-b2b-backend,osv-scanner,axios,6.3,GHSA-7q8q-rj6j-mhjq,unknown
posx-frido-b2b-backend,osv-scanner,axios,4.8,GHSA-898c-q2cr-xwhg,unknown
posx-frido-b2b-backend,osv-scanner,axios,4.8,GHSA-fvcv-3m26-pcqx,unknown
posx-frido-b2b-backend,osv-scanner,axios,7.5,GHSA-hfxv-24rg-xrqf,unknown
posx-frido-b2b-backend,osv-scanner,axios,7.5,GHSA-j5f8-grm9-p9fc,unknown
posx-frido-b2b-backend,osv-scanner,axios,7.7,GHSA-jr5f-v2jv-69x6,unknown
posx-frido-b2b-backend,osv-scanner,axios,6.8,GHSA-m7pr-hjqh-92cm,unknown
posx-frido-b2b-backend,osv-scanner,axios,6.3,GHSA-mmx7-hfxf-jppx,unknown
posx-frido-b2b-backend,osv-scanner,axios,8.2,GHSA-p92q-9vqr-4j8v,unknown
posx-frido-b2b-backend,osv-scanner,axios,7.4,GHSA-pf86-5x62-jrwf,unknown
posx-frido-b2b-backend,osv-scanner,axios,8.6,GHSA-pjwm-pj3p-43mv,unknown
posx-frido-b2b-backend,osv-scanner,axios,7.2,GHSA-pmwg-cvhr-8vh7,unknown
posx-frido-b2b-backend,osv-scanner,axios,5.3,GHSA-vf2m-468p-8v99,unknown
posx-frido-b2b-backend,osv-scanner,axios,4.8,GHSA-w9j2-pvgh-6h63,unknown
posx-frido-b2b-backend,osv-scanner,axios,6.5,GHSA-wf5p-g6vw-rhxx,unknown
posx-frido-b2b-backend,osv-scanner,axios,3.7,GHSA-xhjh-pmcv-23jw,unknown
posx-frido-b2b-backend,osv-scanner,axios,5.4,GHSA-xx6v-rp6x-q39c,unknown
posx-frido-b2b-backend,osv-scanner,axios,8.7,GHSA-35jp-ww65-95wh,unknown
posx-frido-b2b-backend,osv-scanner,axios,7.0,GHSA-3g43-6gmg-66jw,unknown
posx-frido-b2b-backend,osv-scanner,axios,6.3,GHSA-3p68-rc4w-qgx5,unknown
posx-frido-b2b-backend,osv-scanner,axios,6.5,GHSA-3w6x-2g7m-8v23,unknown
posx-frido-b2b-backend,osv-scanner,axios,6.3,GHSA-42h9-826w-cgv3,unknown
posx-frido-b2b-backend,osv-scanner,axios,7.5,GHSA-43fc-jf86-j433,unknown
posx-frido-b2b-backend,osv-scanner,axios,5.3,GHSA-445q-vr5w-6q77,unknown
posx-frido-b2b-backend,osv-scanner,axios,7.5,GHSA-4hjh-wcwx-xvwj,unknown
posx-frido-b2b-backend,osv-scanner,axios,5.3,GHSA-5c9x-8gcm-mpgx,unknown
posx-frido-b2b-backend,osv-scanner,axios,7.5,GHSA-62hf-57xw-28j9,unknown
posx-frido-b2b-backend,osv-scanner,axios,7.4,GHSA-6chq-wfr3-2hj9,unknown
posx-frido-b2b-backend,osv-scanner,axios,7.5,GHSA-777c-7fjr-54vf,unknown
posx-frido-b2b-backend,osv-scanner,axios,6.3,GHSA-7q8q-rj6j-mhjq,unknown
posx-frido-b2b-backend,osv-scanner,axios,4.8,GHSA-898c-q2cr-xwhg,unknown
posx-frido-b2b-backend,osv-scanner,axios,4.8,GHSA-fvcv-3m26-pcqx,unknown
posx-frido-b2b-backend,osv-scanner,axios,7.5,GHSA-hfxv-24rg-xrqf,unknown
posx-frido-b2b-backend,osv-scanner,axios,7.5,GHSA-j5f8-grm9-p9fc,unknown
posx-frido-b2b-backend,osv-scanner,axios,6.3,GHSA-jqh4-m9w3-8hp9,unknown
posx-frido-b2b-backend,osv-scanner,axios,6.8,GHSA-m7pr-hjqh-92cm,unknown
posx-frido-b2b-backend,osv-scanner,axios,6.3,GHSA-mmx7-hfxf-jppx,unknown
posx-frido-b2b-backend,osv-scanner,axios,8.2,GHSA-p92q-9vqr-4j8v,unknown
posx-frido-b2b-backend,osv-scanner,axios,7.4,GHSA-pf86-5x62-jrwf,unknown
posx-frido-b2b-backend,osv-scanner,axios,6.3,GHSA-pmv8-rq9r-6j72,unknown
posx-frido-b2b-backend,osv-scanner,axios,7.2,GHSA-pmwg-cvhr-8vh7,unknown
posx-frido-b2b-backend,osv-scanner,axios,7.4,GHSA-q8qp-cvcw-x6jj,unknown
posx-frido-b2b-backend,osv-scanner,axios,5.3,GHSA-vf2m-468p-8v99,unknown
posx-frido-b2b-backend,osv-scanner,axios,4.8,GHSA-w9j2-pvgh-6h63,unknown
posx-frido-b2b-backend,osv-scanner,axios,3.7,GHSA-xhjh-pmcv-23jw,unknown
posx-frido-b2b-backend,osv-scanner,axios,5.4,GHSA-xx6v-rp6x-q39c,unknown
posx-frido-b2b-backend,osv-scanner,basic-ftp,9.1,GHSA-5rq4-664w-9x2c,unknown
posx-frido-b2b-backend,osv-scanner,basic-ftp,8.2,GHSA-6v7q-wjvx-w8wg,unknown
posx-frido-b2b-backend,osv-scanner,basic-ftp,7.5,GHSA-rp42-5vxx-qpwr,unknown
posx-frido-b2b-backend,osv-scanner,basic-ftp,7.5,GHSA-rpmf-866q-6p89,unknown
posx-frido-b2b-backend,osv-scanner,body-parser,3.7,GHSA-v422-hmwv-36x6,unknown
posx-frido-b2b-backend,osv-scanner,brace-expansion,7.7,GHSA-3jxr-9vmj-r5cp,unknown
posx-frido-b2b-backend,osv-scanner,brace-expansion,6.5,GHSA-f886-m6hf-6m8v,unknown
posx-frido-b2b-backend,osv-scanner,brace-expansion,7.5,GHSA-mh99-v99m-4gvg,unknown
posx-frido-b2b-backend,osv-scanner,brace-expansion,7.5,GHSA-rgw5-rvv9-x895,unknown
posx-frido-b2b-backend,osv-scanner,brace-expansion,3.1,GHSA-v6h2-p8h4-qcjw,unknown
posx-frido-b2b-backend,osv-scanner,brace-expansion,7.7,GHSA-3jxr-9vmj-r5cp,unknown
posx-frido-b2b-backend,osv-scanner,brace-expansion,6.5,GHSA-f886-m6hf-6m8v,unknown
posx-frido-b2b-backend,osv-scanner,brace-expansion,7.5,GHSA-mh99-v99m-4gvg,unknown
posx-frido-b2b-backend,osv-scanner,brace-expansion,7.5,GHSA-rgw5-rvv9-x895,unknown
posx-frido-b2b-backend,osv-scanner,brace-expansion,7.7,GHSA-3jxr-9vmj-r5cp,unknown
posx-frido-b2b-backend,osv-scanner,brace-expansion,6.5,GHSA-f886-m6hf-6m8v,unknown
posx-frido-b2b-backend,osv-scanner,brace-expansion,7.5,GHSA-mh99-v99m-4gvg,unknown
posx-frido-b2b-backend,osv-scanner,brace-expansion,7.5,GHSA-rgw5-rvv9-x895,unknown
posx-frido-b2b-backend,osv-scanner,brace-expansion,3.1,GHSA-v6h2-p8h4-qcjw,unknown
posx-frido-b2b-backend,osv-scanner,browserslist,7.5,GHSA-73wf-gq98-2v4g,unknown
posx-frido-b2b-backend,osv-scanner,browserslist,7.5,GHSA-c83g-rgw3-j3cx,unknown
posx-frido-b2b-backend,osv-scanner,diff,2.7,GHSA-73rr-hh4g-fpgx,unknown
posx-frido-b2b-backend,osv-scanner,esbuild,5.3,GHSA-67mh-4wv8-2f99,unknown
posx-frido-b2b-backend,osv-scanner,extract-zip,8.6,GHSA-jmr9-qjv8-65gv,unknown
posx-frido-b2b-backend,osv-scanner,fast-xml-parser,7.5,GHSA-8gc5-j5rx-235r,unknown
posx-frido-b2b-backend,osv-scanner,fast-xml-parser,2.7,GHSA-fj3w-jwp8-x2g3,unknown
posx-frido-b2b-backend,osv-scanner,fast-xml-parser,6.1,GHSA-gh4j-gqv2-49f6,unknown
posx-frido-b2b-backend,osv-scanner,fast-xml-parser,7.5,GHSA-jmr7-xgp7-cmfj,unknown
posx-frido-b2b-backend,osv-scanner,fast-xml-parser,5.9,GHSA-jp2q-39xq-3w4g,unknown
posx-frido-b2b-backend,osv-scanner,fast-xml-parser,9.3,GHSA-m7jm-9gc2-mpf2,unknown
posx-frido-b2b-backend,osv-scanner,flatted,7.5,GHSA-25h7-pfq9-p65f,unknown
posx-frido-b2b-backend,osv-scanner,flatted,8.9,GHSA-rf6f-7fwh-wjgh,unknown
posx-frido-b2b-backend,osv-scanner,follow-redirects,6.9,GHSA-r4q5-vmmm-2653,unknown
posx-frido-b2b-backend,osv-scanner,form-data,9.4,GHSA-fjxv-7rqg-78g4,unknown
posx-frido-b2b-backend,osv-scanner,form-data,8.7,GHSA-hmw2-7cc7-3qxx,unknown
posx-frido-b2b-backend,osv-scanner,glob,7.5,GHSA-5j98-mcp5-4vw2,unknown
posx-frido-b2b-backend,osv-scanner,i18next-http-backend,6.5,GHSA-q89c-q3h5-w34g,unknown
posx-frido-b2b-backend,osv-scanner,immutable,8.7,GHSA-v56q-mh7h-f735,unknown
posx-frido-b2b-backend,osv-scanner,immutable,9.8,GHSA-wf6x-7x77-mvgw,unknown
posx-frido-b2b-backend,osv-scanner,immutable,8.7,GHSA-xvcm-6775-5m9r,unknown
posx-frido-b2b-backend,osv-scanner,ip-address,7.7,GHSA-mwp4-54f8-5fhr,unknown
posx-frido-b2b-backend,osv-scanner,ip-address,5.3,GHSA-v2v4-37r5-5v8g,unknown
posx-frido-b2b-backend,osv-scanner,js-yaml,7.5,GHSA-52cp-r559-cp3m,unknown
posx-frido-b2b-backend,osv-scanner,js-yaml,7.5,GHSA-5p4m-2wfm-xmqj,unknown
posx-frido-b2b-backend,osv-scanner,js-yaml,5.3,GHSA-h67p-54hq-rp68,unknown
posx-frido-b2b-backend,osv-scanner,js-yaml,5.3,GHSA-mh29-5h37-fv8m,unknown
posx-frido-b2b-backend,osv-scanner,js-yaml,7.5,GHSA-52cp-r559-cp3m,unknown
posx-frido-b2b-backend,osv-scanner,js-yaml,7.5,GHSA-5p4m-2wfm-xmqj,unknown
posx-frido-b2b-backend,osv-scanner,js-yaml,5.3,GHSA-h67p-54hq-rp68,unknown
posx-frido-b2b-backend,osv-scanner,js-yaml,5.3,GHSA-mh29-5h37-fv8m,unknown
posx-frido-b2b-backend,osv-scanner,json-2-csv,6.8,GHSA-g27c-q7cp-mhx6,unknown
posx-frido-b2b-backend,osv-scanner,jws,7.5,GHSA-869p-cjfg-cm3x,unknown
posx-frido-b2b-backend,osv-scanner,lodash,6.9,GHSA-f23m-r3pf-42rh,unknown
posx-frido-b2b-backend,osv-scanner,lodash,8.1,GHSA-r5fr-rjxr-66jc,unknown
posx-frido-b2b-backend,osv-scanner,lodash,6.9,GHSA-xxjr-mmjv-4gpg,unknown
posx-frido-b2b-backend,osv-scanner,min-document,2.9,GHSA-rx8g-88g5-qh64,unknown
posx-frido-b2b-backend,osv-scanner,minimatch,7.5,GHSA-23c5-xmqv-rm74,unknown
posx-frido-b2b-backend,osv-scanner,minimatch,8.7,GHSA-3ppc-4f35-3m26,unknown
posx-frido-b2b-backend,osv-scanner,minimatch,7.5,GHSA-7r86-cg39-jmmj,unknown
posx-frido-b2b-backend,osv-scanner,minimatch,7.5,GHSA-23c5-xmqv-rm74,unknown
posx-frido-b2b-backend,osv-scanner,minimatch,8.7,GHSA-3ppc-4f35-3m26,unknown
posx-frido-b2b-backend,osv-scanner,minimatch,7.5,GHSA-7r86-cg39-jmmj,unknown
posx-frido-b2b-backend,osv-scanner,minimatch,7.5,GHSA-23c5-xmqv-rm74,unknown
posx-frido-b2b-backend,osv-scanner,minimatch,8.7,GHSA-3ppc-4f35-3m26,unknown
posx-frido-b2b-backend,osv-scanner,minimatch,7.5,GHSA-7r86-cg39-jmmj,unknown
posx-frido-b2b-backend,osv-scanner,morgan,5.3,GHSA-4vj7-5mj6-jm8m,unknown
posx-frido-b2b-backend,osv-scanner,multer,7.5,GHSA-44fp-w29j-9vj5,unknown
posx-frido-b2b-backend,osv-scanner,multer,7.5,GHSA-4pg4-qvpc-4q3h,unknown
posx-frido-b2b-backend,osv-scanner,multer,8.7,GHSA-5528-5vmv-3xc2,unknown
posx-frido-b2b-backend,osv-scanner,multer,7.5,GHSA-72gw-mp4g-v24j,unknown
posx-frido-b2b-backend,osv-scanner,multer,7.5,GHSA-fjgf-rc76-4x9p,unknown
posx-frido-b2b-backend,osv-scanner,multer,8.7,GHSA-g5hg-p3ph-g8qg,unknown
posx-frido-b2b-backend,osv-scanner,multer,8.7,GHSA-v52c-386h-88mc,unknown
posx-frido-b2b-backend,osv-scanner,multer,8.7,GHSA-xf7r-hgr6-v32p,unknown
posx-frido-b2b-backend,osv-scanner,nanoid,8.2,GHSA-28wg-ghj8-5hjv,unknown
posx-frido-b2b-backend,osv-scanner,nanoid,8.2,GHSA-2v37-7h3g-55p8,unknown
posx-frido-b2b-backend,osv-scanner,nanoid,7.4,GHSA-xwg4-73v4-xw9w,unknown
posx-frido-b2b-backend,osv-scanner,nodemailer,5.4,GHSA-268h-hp4c-crq3,unknown
posx-frido-b2b-backend,osv-scanner,nodemailer,2.3,GHSA-c7w3-x93f-qmm8,unknown
posx-frido-b2b-backend,osv-scanner,nodemailer,5.5,GHSA-mm7p-fcc7-pg87,unknown
posx-frido-b2b-backend,osv-scanner,nodemailer,7.1,GHSA-p6gq-j5cr-w38f,unknown
posx-frido-b2b-backend,osv-scanner,nodemailer,6.5,GHSA-r7g4-qg5f-qqm2,unknown
posx-frido-b2b-backend,osv-scanner,nodemailer,7.5,GHSA-rcmh-qjqh-p98v,unknown
posx-frido-b2b-backend,osv-scanner,nodemailer,4.9,GHSA-vvjj-xcjg-gr5g,unknown
posx-frido-b2b-backend,osv-scanner,nodemailer,5.4,GHSA-wqvq-jvpq-h66f,unknown
posx-frido-b2b-backend,osv-scanner,on-headers,3.4,GHSA-76c9-3jph-rj3q,unknown
posx-frido-b2b-backend,osv-scanner,path-to-regexp,7.5,GHSA-37ch-88jc-xwx2,unknown
posx-frido-b2b-backend,osv-scanner,picomatch,5.3,GHSA-3v7f-55p6-f55p,unknown
posx-frido-b2b-backend,osv-scanner,picomatch,7.5,GHSA-c2c7-rcm5-vvqj,unknown
posx-frido-b2b-backend,osv-scanner,picomatch,5.3,GHSA-3v7f-55p6-f55p,unknown
posx-frido-b2b-backend,osv-scanner,picomatch,7.5,GHSA-c2c7-rcm5-vvqj,unknown
posx-frido-b2b-backend,osv-scanner,postcss,7.5,GHSA-6g55-p6wh-862q,unknown
posx-frido-b2b-backend,osv-scanner,postcss,6.3,GHSA-fxqj-rqcc-2cmp,unknown
posx-frido-b2b-backend,osv-scanner,postcss,6.1,GHSA-qx2v-qp2m-jg93,unknown
posx-frido-b2b-backend,osv-scanner,postcss,7.5,GHSA-r28c-9q8g-f849,unknown
posx-frido-b2b-backend,osv-scanner,postcss-selector-parser,4.3,GHSA-w9m9-85wc-3x92,unknown
posx-frido-b2b-backend,osv-scanner,qs,6.3,GHSA-4mjr-xmp4-gh2g,unknown
posx-frido-b2b-backend,osv-scanner,qs,6.3,GHSA-6rw7-vpxm-498p,unknown
posx-frido-b2b-backend,osv-scanner,qs,6.3,GHSA-q8mj-m7cp-5q26,unknown
posx-frido-b2b-backend,osv-scanner,qs,3.7,GHSA-w7fw-mjwx-w883,unknown
posx-frido-b2b-backend,osv-scanner,qs,6.3,GHSA-4mjr-xmp4-gh2g,unknown
posx-frido-b2b-backend,osv-scanner,qs,6.3,GHSA-6rw7-vpxm-498p,unknown
posx-frido-b2b-backend,osv-scanner,qs,6.3,GHSA-q8mj-m7cp-5q26,unknown
posx-frido-b2b-backend,osv-scanner,qs,3.7,GHSA-w7fw-mjwx-w883,unknown
posx-frido-b2b-backend,osv-scanner,react-router,6.6,GHSA-2j2x-hqr9-3h42,unknown
posx-frido-b2b-backend,osv-scanner,react-router,6.1,GHSA-337j-9hxr-rhxg,unknown
posx-frido-b2b-backend,osv-scanner,react-router,6.5,GHSA-9jcx-v3wj-wh4m,unknown
posx-frido-b2b-backend,osv-scanner,react-router,5.1,GHSA-wrjc-x8rr-h8h6,unknown
posx-frido-b2b-backend,osv-scanner,rollup,8.8,GHSA-mw96-cpmx-2vgc,unknown
posx-frido-b2b-backend,osv-scanner,tar-fs,8.7,GHSA-8cj5-5rvv-wf4v,unknown
posx-frido-b2b-backend,osv-scanner,tar-fs,8.7,GHSA-vj76-c3g6-qr5v,unknown
posx-frido-b2b-backend,osv-scanner,tmp,2.5,GHSA-52f5-9888-hmc6,unknown
posx-frido-b2b-backend,osv-scanner,tmp,7.7,GHSA-ph9p-34f9-6g65,unknown
posx-frido-b2b-backend,osv-scanner,uuid,7.5,GHSA-w5hq-g745-h8pq,unknown
posx-frido-b2b-backend,osv-scanner,uuid,7.5,GHSA-w5hq-g745-h8pq,unknown
posx-frido-b2b-backend,osv-scanner,vite,6.0,GHSA-356w-63v5-8wf4,unknown
posx-frido-b2b-backend,osv-scanner,vite,5.3,GHSA-4r4m-qw57-chr8,unknown
posx-frido-b2b-backend,osv-scanner,vite,6.3,GHSA-4w7w-66w2-5vf9,unknown
posx-frido-b2b-backend,osv-scanner,vite,6.0,GHSA-859w-5945-r5v3,unknown
posx-frido-b2b-backend,osv-scanner,vite,6.0,GHSA-93m4-6634-74q7,unknown
posx-frido-b2b-backend,osv-scanner,vite,8.2,GHSA-fx2h-pf6j-xcff,unknown
posx-frido-b2b-backend,osv-scanner,vite,2.3,GHSA-g4jq-h2w9-997c,unknown
posx-frido-b2b-backend,osv-scanner,vite,2.3,GHSA-jqfw-vq24-v9c3,unknown
posx-frido-b2b-backend,osv-scanner,vite,5.5,GHSA-v6wh-96g9-6wx3,unknown
posx-frido-b2b-backend,osv-scanner,vite,5.3,GHSA-x574-m823-4x7w,unknown
posx-frido-b2b-backend,osv-scanner,vite,5.3,GHSA-xcj6-pq6g-qj4x,unknown
posx-frido-b2b-backend,osv-scanner,ws,4.4,GHSA-58qx-3vcg-4xpx,unknown
posx-frido-b2b-backend,osv-scanner,ws,7.5,GHSA-96hv-2xvq-fx4p,unknown
posx-frido-b2b-backend,osv-scanner,yaml,4.3,GHSA-48c2-rrv3-qjmp,unknown
posx-frido-backend,osv-scanner,@babel/core,3.2,GHSA-4x5r-pxfx-6jf8,unknown
posx-frido-backend,osv-scanner,@eslint/plugin-kit,2.3,GHSA-xffm-g5w8-qvg7,unknown
posx-frido-backend,osv-scanner,@humanfs/node,5.7,GHSA-p498-v437-472g,unknown
posx-frido-backend,osv-scanner,@mikro-orm/core,9.3,GHSA-gwhv-j974-6fxm,unknown
posx-frido-backend,osv-scanner,@mikro-orm/core,8.3,GHSA-qpfv-44f3-qqx6,unknown
posx-frido-backend,osv-scanner,@mikro-orm/knex,7.6,GHSA-cfw5-68c4-ffqp,unknown
posx-frido-backend,osv-scanner,@remix-run/router,6.6,GHSA-2j2x-hqr9-3h42,unknown
posx-frido-backend,osv-scanner,@remix-run/router,8.0,GHSA-2w69-qvjg-hvjx,unknown
posx-frido-backend,osv-scanner,@smithy/config-resolver,3.7,GHSA-6475-r3vj-m8vf,unknown
posx-frido-backend,osv-scanner,ajv,5.5,GHSA-2g4f-4pwh-qvx6,unknown
posx-frido-backend,osv-scanner,ajv,5.5,GHSA-2g4f-4pwh-qvx6,unknown
posx-frido-backend,osv-scanner,axios,7.0,GHSA-3g43-6gmg-66jw,unknown
posx-frido-backend,osv-scanner,axios,6.3,GHSA-3p68-rc4w-qgx5,unknown
posx-frido-backend,osv-scanner,axios,7.5,GHSA-43fc-jf86-j433,unknown
posx-frido-backend,osv-scanner,axios,5.3,GHSA-5c9x-8gcm-mpgx,unknown
posx-frido-backend,osv-scanner,axios,7.5,GHSA-62hf-57xw-28j9,unknown
posx-frido-backend,osv-scanner,axios,7.4,GHSA-6chq-wfr3-2hj9,unknown
posx-frido-backend,osv-scanner,axios,6.3,GHSA-7q8q-rj6j-mhjq,unknown
posx-frido-backend,osv-scanner,axios,4.8,GHSA-898c-q2cr-xwhg,unknown
posx-frido-backend,osv-scanner,axios,4.8,GHSA-fvcv-3m26-pcqx,unknown
posx-frido-backend,osv-scanner,axios,7.5,GHSA-hfxv-24rg-xrqf,unknown
posx-frido-backend,osv-scanner,axios,7.5,GHSA-j5f8-grm9-p9fc,unknown
posx-frido-backend,osv-scanner,axios,7.7,GHSA-jr5f-v2jv-69x6,unknown
posx-frido-backend,osv-scanner,axios,6.8,GHSA-m7pr-hjqh-92cm,unknown
posx-frido-backend,osv-scanner,axios,6.3,GHSA-mmx7-hfxf-jppx,unknown
posx-frido-backend,osv-scanner,axios,8.2,GHSA-p92q-9vqr-4j8v,unknown
posx-frido-backend,osv-scanner,axios,7.4,GHSA-pf86-5x62-jrwf,unknown
posx-frido-backend,osv-scanner,axios,8.6,GHSA-pjwm-pj3p-43mv,unknown
posx-frido-backend,osv-scanner,axios,7.2,GHSA-pmwg-cvhr-8vh7,unknown
posx-frido-backend,osv-scanner,axios,5.3,GHSA-vf2m-468p-8v99,unknown
posx-frido-backend,osv-scanner,axios,4.8,GHSA-w9j2-pvgh-6h63,unknown
posx-frido-backend,osv-scanner,axios,6.5,GHSA-wf5p-g6vw-rhxx,unknown
posx-frido-backend,osv-scanner,axios,3.7,GHSA-xhjh-pmcv-23jw,unknown
posx-frido-backend,osv-scanner,axios,5.4,GHSA-xx6v-rp6x-q39c,unknown
posx-frido-backend,osv-scanner,basic-ftp,9.1,GHSA-5rq4-664w-9x2c,unknown
posx-frido-backend,osv-scanner,basic-ftp,8.2,GHSA-6v7q-wjvx-w8wg,unknown
posx-frido-backend,osv-scanner,basic-ftp,7.5,GHSA-rp42-5vxx-qpwr,unknown
posx-frido-backend,osv-scanner,basic-ftp,7.5,GHSA-rpmf-866q-6p89,unknown
posx-frido-backend,osv-scanner,body-parser,3.7,GHSA-v422-hmwv-36x6,unknown
posx-frido-backend,osv-scanner,brace-expansion,7.7,GHSA-3jxr-9vmj-r5cp,unknown
posx-frido-backend,osv-scanner,brace-expansion,6.5,GHSA-f886-m6hf-6m8v,unknown
posx-frido-backend,osv-scanner,brace-expansion,7.5,GHSA-mh99-v99m-4gvg,unknown
posx-frido-backend,osv-scanner,brace-expansion,7.5,GHSA-rgw5-rvv9-x895,unknown
posx-frido-backend,osv-scanner,brace-expansion,3.1,GHSA-v6h2-p8h4-qcjw,unknown
posx-frido-backend,osv-scanner,brace-expansion,7.7,GHSA-3jxr-9vmj-r5cp,unknown
posx-frido-backend,osv-scanner,brace-expansion,6.5,GHSA-f886-m6hf-6m8v,unknown
posx-frido-backend,osv-scanner,brace-expansion,7.5,GHSA-mh99-v99m-4gvg,unknown
posx-frido-backend,osv-scanner,brace-expansion,7.5,GHSA-rgw5-rvv9-x895,unknown
posx-frido-backend,osv-scanner,brace-expansion,7.7,GHSA-3jxr-9vmj-r5cp,unknown
posx-frido-backend,osv-scanner,brace-expansion,6.5,GHSA-f886-m6hf-6m8v,unknown
posx-frido-backend,osv-scanner,brace-expansion,7.5,GHSA-mh99-v99m-4gvg,unknown
posx-frido-backend,osv-scanner,brace-expansion,7.5,GHSA-rgw5-rvv9-x895,unknown
posx-frido-backend,osv-scanner,brace-expansion,3.1,GHSA-v6h2-p8h4-qcjw,unknown
posx-frido-backend,osv-scanner,browserslist,7.5,GHSA-73wf-gq98-2v4g,unknown
posx-frido-backend,osv-scanner,browserslist,7.5,GHSA-c83g-rgw3-j3cx,unknown
posx-frido-backend,osv-scanner,diff,2.7,GHSA-73rr-hh4g-fpgx,unknown
posx-frido-backend,osv-scanner,esbuild,5.3,GHSA-67mh-4wv8-2f99,unknown
posx-frido-backend,osv-scanner,extract-zip,8.6,GHSA-jmr9-qjv8-65gv,unknown
posx-frido-backend,osv-scanner,fast-xml-parser,7.5,GHSA-8gc5-j5rx-235r,unknown
posx-frido-backend,osv-scanner,fast-xml-parser,2.7,GHSA-fj3w-jwp8-x2g3,unknown
posx-frido-backend,osv-scanner,fast-xml-parser,6.1,GHSA-gh4j-gqv2-49f6,unknown
posx-frido-backend,osv-scanner,fast-xml-parser,7.5,GHSA-jmr7-xgp7-cmfj,unknown
posx-frido-backend,osv-scanner,fast-xml-parser,5.9,GHSA-jp2q-39xq-3w4g,unknown
posx-frido-backend,osv-scanner,fast-xml-parser,9.3,GHSA-m7jm-9gc2-mpf2,unknown
posx-frido-backend,osv-scanner,flatted,7.5,GHSA-25h7-pfq9-p65f,unknown
posx-frido-backend,osv-scanner,flatted,8.9,GHSA-rf6f-7fwh-wjgh,unknown
posx-frido-backend,osv-scanner,form-data,8.7,GHSA-hmw2-7cc7-3qxx,unknown
posx-frido-backend,osv-scanner,glob,7.5,GHSA-5j98-mcp5-4vw2,unknown
posx-frido-backend,osv-scanner,i18next-http-backend,6.5,GHSA-q89c-q3h5-w34g,unknown
posx-frido-backend,osv-scanner,immutable,8.7,GHSA-v56q-mh7h-f735,unknown
posx-frido-backend,osv-scanner,immutable,9.8,GHSA-wf6x-7x77-mvgw,unknown
posx-frido-backend,osv-scanner,immutable,8.7,GHSA-xvcm-6775-5m9r,unknown
posx-frido-backend,osv-scanner,ip-address,7.7,GHSA-mwp4-54f8-5fhr,unknown
posx-frido-backend,osv-scanner,ip-address,5.3,GHSA-v2v4-37r5-5v8g,unknown
posx-frido-backend,osv-scanner,js-yaml,7.5,GHSA-52cp-r559-cp3m,unknown
posx-frido-backend,osv-scanner,js-yaml,7.5,GHSA-5p4m-2wfm-xmqj,unknown
posx-frido-backend,osv-scanner,js-yaml,5.3,GHSA-h67p-54hq-rp68,unknown
posx-frido-backend,osv-scanner,js-yaml,5.3,GHSA-mh29-5h37-fv8m,unknown
posx-frido-backend,osv-scanner,js-yaml,7.5,GHSA-52cp-r559-cp3m,unknown
posx-frido-backend,osv-scanner,js-yaml,7.5,GHSA-5p4m-2wfm-xmqj,unknown
posx-frido-backend,osv-scanner,js-yaml,5.3,GHSA-h67p-54hq-rp68,unknown
posx-frido-backend,osv-scanner,js-yaml,5.3,GHSA-mh29-5h37-fv8m,unknown
posx-frido-backend,osv-scanner,json-2-csv,6.8,GHSA-g27c-q7cp-mhx6,unknown
posx-frido-backend,osv-scanner,jws,7.5,GHSA-869p-cjfg-cm3x,unknown
posx-frido-backend,osv-scanner,lodash,6.9,GHSA-f23m-r3pf-42rh,unknown
posx-frido-backend,osv-scanner,lodash,8.1,GHSA-r5fr-rjxr-66jc,unknown
posx-frido-backend,osv-scanner,lodash,6.9,GHSA-xxjr-mmjv-4gpg,unknown
posx-frido-backend,osv-scanner,min-document,2.9,GHSA-rx8g-88g5-qh64,unknown
posx-frido-backend,osv-scanner,minimatch,7.5,GHSA-23c5-xmqv-rm74,unknown
posx-frido-backend,osv-scanner,minimatch,8.7,GHSA-3ppc-4f35-3m26,unknown
posx-frido-backend,osv-scanner,minimatch,7.5,GHSA-7r86-cg39-jmmj,unknown
posx-frido-backend,osv-scanner,minimatch,7.5,GHSA-23c5-xmqv-rm74,unknown
posx-frido-backend,osv-scanner,minimatch,8.7,GHSA-3ppc-4f35-3m26,unknown
posx-frido-backend,osv-scanner,minimatch,7.5,GHSA-7r86-cg39-jmmj,unknown
posx-frido-backend,osv-scanner,minimatch,7.5,GHSA-23c5-xmqv-rm74,unknown
posx-frido-backend,osv-scanner,minimatch,8.7,GHSA-3ppc-4f35-3m26,unknown
posx-frido-backend,osv-scanner,minimatch,7.5,GHSA-7r86-cg39-jmmj,unknown
posx-frido-backend,osv-scanner,morgan,5.3,GHSA-4vj7-5mj6-jm8m,unknown
posx-frido-backend,osv-scanner,multer,7.5,GHSA-44fp-w29j-9vj5,unknown
posx-frido-backend,osv-scanner,multer,7.5,GHSA-4pg4-qvpc-4q3h,unknown
posx-frido-backend,osv-scanner,multer,8.7,GHSA-5528-5vmv-3xc2,unknown
posx-frido-backend,osv-scanner,multer,7.5,GHSA-72gw-mp4g-v24j,unknown
posx-frido-backend,osv-scanner,multer,7.5,GHSA-fjgf-rc76-4x9p,unknown
posx-frido-backend,osv-scanner,multer,8.7,GHSA-g5hg-p3ph-g8qg,unknown
posx-frido-backend,osv-scanner,multer,8.7,GHSA-v52c-386h-88mc,unknown
posx-frido-backend,osv-scanner,multer,8.7,GHSA-xf7r-hgr6-v32p,unknown
posx-frido-backend,osv-scanner,nanoid,8.2,GHSA-28wg-ghj8-5hjv,unknown
posx-frido-backend,osv-scanner,nanoid,8.2,GHSA-2v37-7h3g-55p8,unknown
posx-frido-backend,osv-scanner,nanoid,7.4,GHSA-xwg4-73v4-xw9w,unknown
posx-frido-backend,osv-scanner,nodemailer,5.4,GHSA-268h-hp4c-crq3,unknown
posx-frido-backend,osv-scanner,nodemailer,2.3,GHSA-c7w3-x93f-qmm8,unknown
posx-frido-backend,osv-scanner,nodemailer,5.5,GHSA-mm7p-fcc7-pg87,unknown
posx-frido-backend,osv-scanner,nodemailer,7.1,GHSA-p6gq-j5cr-w38f,unknown
posx-frido-backend,osv-scanner,nodemailer,6.5,GHSA-r7g4-qg5f-qqm2,unknown
posx-frido-backend,osv-scanner,nodemailer,7.5,GHSA-rcmh-qjqh-p98v,unknown
posx-frido-backend,osv-scanner,nodemailer,4.9,GHSA-vvjj-xcjg-gr5g,unknown
posx-frido-backend,osv-scanner,nodemailer,5.4,GHSA-wqvq-jvpq-h66f,unknown
posx-frido-backend,osv-scanner,on-headers,3.4,GHSA-76c9-3jph-rj3q,unknown
posx-frido-backend,osv-scanner,path-to-regexp,7.5,GHSA-37ch-88jc-xwx2,unknown
posx-frido-backend,osv-scanner,picomatch,5.3,GHSA-3v7f-55p6-f55p,unknown
posx-frido-backend,osv-scanner,picomatch,7.5,GHSA-c2c7-rcm5-vvqj,unknown
posx-frido-backend,osv-scanner,picomatch,5.3,GHSA-3v7f-55p6-f55p,unknown
posx-frido-backend,osv-scanner,picomatch,7.5,GHSA-c2c7-rcm5-vvqj,unknown
posx-frido-backend,osv-scanner,postcss,7.5,GHSA-6g55-p6wh-862q,unknown
posx-frido-backend,osv-scanner,postcss,6.3,GHSA-fxqj-rqcc-2cmp,unknown
posx-frido-backend,osv-scanner,postcss,6.1,GHSA-qx2v-qp2m-jg93,unknown
posx-frido-backend,osv-scanner,postcss,7.5,GHSA-r28c-9q8g-f849,unknown
posx-frido-backend,osv-scanner,postcss-selector-parser,4.3,GHSA-w9m9-85wc-3x92,unknown
posx-frido-backend,osv-scanner,qs,6.3,GHSA-4mjr-xmp4-gh2g,unknown
posx-frido-backend,osv-scanner,qs,6.3,GHSA-6rw7-vpxm-498p,unknown
posx-frido-backend,osv-scanner,qs,6.3,GHSA-q8mj-m7cp-5q26,unknown
posx-frido-backend,osv-scanner,qs,3.7,GHSA-w7fw-mjwx-w883,unknown
posx-frido-backend,osv-scanner,qs,6.3,GHSA-4mjr-xmp4-gh2g,unknown
posx-frido-backend,osv-scanner,qs,6.3,GHSA-6rw7-vpxm-498p,unknown
posx-frido-backend,osv-scanner,qs,6.3,GHSA-q8mj-m7cp-5q26,unknown
posx-frido-backend,osv-scanner,qs,3.7,GHSA-w7fw-mjwx-w883,unknown
posx-frido-backend,osv-scanner,react-router,6.6,GHSA-2j2x-hqr9-3h42,unknown
posx-frido-backend,osv-scanner,react-router,6.1,GHSA-337j-9hxr-rhxg,unknown
posx-frido-backend,osv-scanner,react-router,6.5,GHSA-9jcx-v3wj-wh4m,unknown
posx-frido-backend,osv-scanner,react-router,5.1,GHSA-wrjc-x8rr-h8h6,unknown
posx-frido-backend,osv-scanner,rollup,8.8,GHSA-mw96-cpmx-2vgc,unknown
posx-frido-backend,osv-scanner,tar-fs,8.7,GHSA-8cj5-5rvv-wf4v,unknown
posx-frido-backend,osv-scanner,tar-fs,8.7,GHSA-vj76-c3g6-qr5v,unknown
posx-frido-backend,osv-scanner,tmp,2.5,GHSA-52f5-9888-hmc6,unknown
posx-frido-backend,osv-scanner,tmp,7.7,GHSA-ph9p-34f9-6g65,unknown
posx-frido-backend,osv-scanner,uuid,7.5,GHSA-w5hq-g745-h8pq,unknown
posx-frido-backend,osv-scanner,uuid,7.5,GHSA-w5hq-g745-h8pq,unknown
posx-frido-backend,osv-scanner,vite,6.0,GHSA-356w-63v5-8wf4,unknown
posx-frido-backend,osv-scanner,vite,5.3,GHSA-4r4m-qw57-chr8,unknown
posx-frido-backend,osv-scanner,vite,6.3,GHSA-4w7w-66w2-5vf9,unknown
posx-frido-backend,osv-scanner,vite,6.0,GHSA-859w-5945-r5v3,unknown
posx-frido-backend,osv-scanner,vite,6.0,GHSA-93m4-6634-74q7,unknown
posx-frido-backend,osv-scanner,vite,8.2,GHSA-fx2h-pf6j-xcff,unknown
posx-frido-backend,osv-scanner,vite,2.3,GHSA-g4jq-h2w9-997c,unknown
posx-frido-backend,osv-scanner,vite,2.3,GHSA-jqfw-vq24-v9c3,unknown
posx-frido-backend,osv-scanner,vite,5.5,GHSA-v6wh-96g9-6wx3,unknown
posx-frido-backend,osv-scanner,vite,5.3,GHSA-x574-m823-4x7w,unknown
posx-frido-backend,osv-scanner,vite,5.3,GHSA-xcj6-pq6g-qj4x,unknown
posx-frido-backend,osv-scanner,ws,4.4,GHSA-58qx-3vcg-4xpx,unknown
posx-frido-backend,osv-scanner,ws,7.5,GHSA-96hv-2xvq-fx4p,unknown
posx-frido-backend,osv-scanner,yaml,4.3,GHSA-48c2-rrv3-qjmp,unknown
posx-frido-mobility-admin,osv-scanner,@babel/core,3.2,GHSA-4x5r-pxfx-6jf8,unknown
posx-frido-mobility-admin,osv-scanner,@babel/helpers,6.2,GHSA-968p-4wvh-cqc8,unknown
posx-frido-mobility-admin,osv-scanner,@babel/runtime,6.2,GHSA-968p-4wvh-cqc8,unknown
posx-frido-mobility-admin,osv-scanner,@remix-run/router,6.6,GHSA-2j2x-hqr9-3h42,unknown
posx-frido-mobility-admin,osv-scanner,@remix-run/router,8.0,GHSA-2w69-qvjg-hvjx,unknown
posx-frido-mobility-admin,osv-scanner,ajv,5.5,GHSA-2g4f-4pwh-qvx6,unknown
posx-frido-mobility-admin,osv-scanner,brace-expansion,7.7,GHSA-3jxr-9vmj-r5cp,unknown
posx-frido-mobility-admin,osv-scanner,brace-expansion,6.5,GHSA-f886-m6hf-6m8v,unknown
posx-frido-mobility-admin,osv-scanner,brace-expansion,7.5,GHSA-mh99-v99m-4gvg,unknown
posx-frido-mobility-admin,osv-scanner,brace-expansion,7.5,GHSA-rgw5-rvv9-x895,unknown
posx-frido-mobility-admin,osv-scanner,brace-expansion,3.1,GHSA-v6h2-p8h4-qcjw,unknown
posx-frido-mobility-admin,osv-scanner,browserslist,7.5,GHSA-73wf-gq98-2v4g,unknown
posx-frido-mobility-admin,osv-scanner,browserslist,7.5,GHSA-c83g-rgw3-j3cx,unknown
posx-frido-mobility-admin,osv-scanner,esbuild,5.3,GHSA-67mh-4wv8-2f99,unknown
posx-frido-mobility-admin,osv-scanner,fast-uri,7.5,GHSA-4c8g-83qw-93j6,unknown
posx-frido-mobility-admin,osv-scanner,fast-uri,7.5,GHSA-7p8r-x3mc-p8w7,unknown
posx-frido-mobility-admin,osv-scanner,fast-uri,7.5,GHSA-f65p-4m7j-42xc,unknown
posx-frido-mobility-admin,osv-scanner,fast-uri,7.5,GHSA-jqff-g426-hqxp,unknown
posx-frido-mobility-admin,osv-scanner,fast-uri,7.5,GHSA-q3j6-qgpj-74h6,unknown
posx-frido-mobility-admin,osv-scanner,fast-uri,7.5,GHSA-v2hh-gcrm-f6hx,unknown
posx-frido-mobility-admin,osv-scanner,fast-uri,7.5,GHSA-v39h-62p7-jpjc,unknown
posx-frido-mobility-admin,osv-scanner,glob,7.5,GHSA-5j98-mcp5-4vw2,unknown
posx-frido-mobility-admin,osv-scanner,i18next-http-backend,6.5,GHSA-q89c-q3h5-w34g,unknown
posx-frido-mobility-admin,osv-scanner,lodash,6.9,GHSA-f23m-r3pf-42rh,unknown
posx-frido-mobility-admin,osv-scanner,lodash,8.1,GHSA-r5fr-rjxr-66jc,unknown
posx-frido-mobility-admin,osv-scanner,lodash,6.9,GHSA-xxjr-mmjv-4gpg,unknown
posx-frido-mobility-admin,osv-scanner,minimatch,7.5,GHSA-23c5-xmqv-rm74,unknown
posx-frido-mobility-admin,osv-scanner,minimatch,8.7,GHSA-3ppc-4f35-3m26,unknown
posx-frido-mobility-admin,osv-scanner,minimatch,7.5,GHSA-7r86-cg39-jmmj,unknown
posx-frido-mobility-admin,osv-scanner,nanoid,8.2,GHSA-28wg-ghj8-5hjv,unknown
posx-frido-mobility-admin,osv-scanner,nanoid,8.2,GHSA-2v37-7h3g-55p8,unknown
posx-frido-mobility-admin,osv-scanner,nanoid,7.4,GHSA-xwg4-73v4-xw9w,unknown
posx-frido-mobility-admin,osv-scanner,picomatch,5.3,GHSA-3v7f-55p6-f55p,unknown
posx-frido-mobility-admin,osv-scanner,picomatch,7.5,GHSA-c2c7-rcm5-vvqj,unknown
posx-frido-mobility-admin,osv-scanner,picomatch,5.3,GHSA-3v7f-55p6-f55p,unknown
posx-frido-mobility-admin,osv-scanner,picomatch,7.5,GHSA-c2c7-rcm5-vvqj,unknown
posx-frido-mobility-admin,osv-scanner,postcss,7.5,GHSA-6g55-p6wh-862q,unknown
posx-frido-mobility-admin,osv-scanner,postcss,6.3,GHSA-fxqj-rqcc-2cmp,unknown
posx-frido-mobility-admin,osv-scanner,postcss,6.1,GHSA-qx2v-qp2m-jg93,unknown
posx-frido-mobility-admin,osv-scanner,postcss,7.5,GHSA-r28c-9q8g-f849,unknown
posx-frido-mobility-admin,osv-scanner,postcss-selector-parser,4.3,GHSA-w9m9-85wc-3x92,unknown
posx-frido-mobility-admin,osv-scanner,prismjs,4.9,GHSA-x7hr-w5r2-h6wg,unknown
posx-frido-mobility-admin,osv-scanner,qs,6.3,GHSA-4mjr-xmp4-gh2g,unknown
posx-frido-mobility-admin,osv-scanner,qs,6.3,GHSA-6rw7-vpxm-498p,unknown
posx-frido-mobility-admin,osv-scanner,qs,6.3,GHSA-q8mj-m7cp-5q26,unknown
posx-frido-mobility-admin,osv-scanner,qs,3.7,GHSA-w7fw-mjwx-w883,unknown
posx-frido-mobility-admin,osv-scanner,react-router,6.6,GHSA-2j2x-hqr9-3h42,unknown
posx-frido-mobility-admin,osv-scanner,react-router,6.1,GHSA-337j-9hxr-rhxg,unknown
posx-frido-mobility-admin,osv-scanner,react-router,6.5,GHSA-9jcx-v3wj-wh4m,unknown
posx-frido-mobility-admin,osv-scanner,react-router,5.1,GHSA-wrjc-x8rr-h8h6,unknown
posx-frido-mobility-admin,osv-scanner,rollup,8.8,GHSA-mw96-cpmx-2vgc,unknown
posx-frido-mobility-admin,osv-scanner,vite,6.0,GHSA-356w-63v5-8wf4,unknown
posx-frido-mobility-admin,osv-scanner,vite,5.3,GHSA-4r4m-qw57-chr8,unknown
posx-frido-mobility-admin,osv-scanner,vite,6.3,GHSA-4w7w-66w2-5vf9,unknown
posx-frido-mobility-admin,osv-scanner,vite,6.0,GHSA-859w-5945-r5v3,unknown
posx-frido-mobility-admin,osv-scanner,vite,6.0,GHSA-93m4-6634-74q7,unknown
posx-frido-mobility-admin,osv-scanner,vite,8.2,GHSA-fx2h-pf6j-xcff,unknown
posx-frido-mobility-admin,osv-scanner,vite,2.3,GHSA-g4jq-h2w9-997c,unknown
posx-frido-mobility-admin,osv-scanner,vite,2.3,GHSA-jqfw-vq24-v9c3,unknown
posx-frido-mobility-admin,osv-scanner,vite,5.5,GHSA-v6wh-96g9-6wx3,unknown
posx-frido-mobility-admin,osv-scanner,vite,5.3,GHSA-x574-m823-4x7w,unknown
posx-frido-mobility-admin,osv-scanner,vite,5.3,GHSA-xcj6-pq6g-qj4x,unknown
posx-frido-mobility-admin,osv-scanner,vitest,9.8,GHSA-5xrq-8626-4rwp,unknown
posx-frido-mobility-admin,osv-scanner,yaml,4.3,GHSA-48c2-rrv3-qjmp,unknown
posx-frido-mobility-backend,osv-scanner,@babel/core,3.2,GHSA-4x5r-pxfx-6jf8,unknown
posx-frido-mobility-backend,osv-scanner,@eslint/plugin-kit,2.3,GHSA-xffm-g5w8-qvg7,unknown
posx-frido-mobility-backend,osv-scanner,@humanfs/node,5.7,GHSA-p498-v437-472g,unknown
posx-frido-mobility-backend,osv-scanner,@mikro-orm/core,9.3,GHSA-gwhv-j974-6fxm,unknown
posx-frido-mobility-backend,osv-scanner,@mikro-orm/core,8.3,GHSA-qpfv-44f3-qqx6,unknown
posx-frido-mobility-backend,osv-scanner,@mikro-orm/knex,7.6,GHSA-cfw5-68c4-ffqp,unknown
posx-frido-mobility-backend,osv-scanner,@remix-run/router,6.6,GHSA-2j2x-hqr9-3h42,unknown
posx-frido-mobility-backend,osv-scanner,@remix-run/router,8.0,GHSA-2w69-qvjg-hvjx,unknown
posx-frido-mobility-backend,osv-scanner,@smithy/config-resolver,3.7,GHSA-6475-r3vj-m8vf,unknown
posx-frido-mobility-backend,osv-scanner,ajv,5.5,GHSA-2g4f-4pwh-qvx6,unknown
posx-frido-mobility-backend,osv-scanner,ajv,5.5,GHSA-2g4f-4pwh-qvx6,unknown
posx-frido-mobility-backend,osv-scanner,axios,7.0,GHSA-3g43-6gmg-66jw,unknown
posx-frido-mobility-backend,osv-scanner,axios,6.3,GHSA-3p68-rc4w-qgx5,unknown
posx-frido-mobility-backend,osv-scanner,axios,7.5,GHSA-43fc-jf86-j433,unknown
posx-frido-mobility-backend,osv-scanner,axios,5.3,GHSA-5c9x-8gcm-mpgx,unknown
posx-frido-mobility-backend,osv-scanner,axios,7.5,GHSA-62hf-57xw-28j9,unknown
posx-frido-mobility-backend,osv-scanner,axios,7.4,GHSA-6chq-wfr3-2hj9,unknown
posx-frido-mobility-backend,osv-scanner,axios,6.3,GHSA-7q8q-rj6j-mhjq,unknown
posx-frido-mobility-backend,osv-scanner,axios,4.8,GHSA-898c-q2cr-xwhg,unknown
posx-frido-mobility-backend,osv-scanner,axios,4.8,GHSA-fvcv-3m26-pcqx,unknown
posx-frido-mobility-backend,osv-scanner,axios,7.5,GHSA-hfxv-24rg-xrqf,unknown
posx-frido-mobility-backend,osv-scanner,axios,7.5,GHSA-j5f8-grm9-p9fc,unknown
posx-frido-mobility-backend,osv-scanner,axios,7.7,GHSA-jr5f-v2jv-69x6,unknown
posx-frido-mobility-backend,osv-scanner,axios,6.8,GHSA-m7pr-hjqh-92cm,unknown
posx-frido-mobility-backend,osv-scanner,axios,6.3,GHSA-mmx7-hfxf-jppx,unknown
posx-frido-mobility-backend,osv-scanner,axios,8.2,GHSA-p92q-9vqr-4j8v,unknown
posx-frido-mobility-backend,osv-scanner,axios,7.4,GHSA-pf86-5x62-jrwf,unknown
posx-frido-mobility-backend,osv-scanner,axios,8.6,GHSA-pjwm-pj3p-43mv,unknown
posx-frido-mobility-backend,osv-scanner,axios,7.2,GHSA-pmwg-cvhr-8vh7,unknown
posx-frido-mobility-backend,osv-scanner,axios,5.3,GHSA-vf2m-468p-8v99,unknown
posx-frido-mobility-backend,osv-scanner,axios,4.8,GHSA-w9j2-pvgh-6h63,unknown
posx-frido-mobility-backend,osv-scanner,axios,6.5,GHSA-wf5p-g6vw-rhxx,unknown
posx-frido-mobility-backend,osv-scanner,axios,3.7,GHSA-xhjh-pmcv-23jw,unknown
posx-frido-mobility-backend,osv-scanner,axios,5.4,GHSA-xx6v-rp6x-q39c,unknown
posx-frido-mobility-backend,osv-scanner,axios,8.7,GHSA-35jp-ww65-95wh,unknown
posx-frido-mobility-backend,osv-scanner,axios,7.0,GHSA-3g43-6gmg-66jw,unknown
posx-frido-mobility-backend,osv-scanner,axios,6.3,GHSA-3p68-rc4w-qgx5,unknown
posx-frido-mobility-backend,osv-scanner,axios,6.5,GHSA-3w6x-2g7m-8v23,unknown
posx-frido-mobility-backend,osv-scanner,axios,6.3,GHSA-42h9-826w-cgv3,unknown
posx-frido-mobility-backend,osv-scanner,axios,7.5,GHSA-43fc-jf86-j433,unknown
posx-frido-mobility-backend,osv-scanner,axios,5.3,GHSA-445q-vr5w-6q77,unknown
posx-frido-mobility-backend,osv-scanner,axios,7.5,GHSA-4hjh-wcwx-xvwj,unknown
posx-frido-mobility-backend,osv-scanner,axios,5.3,GHSA-5c9x-8gcm-mpgx,unknown
posx-frido-mobility-backend,osv-scanner,axios,7.5,GHSA-62hf-57xw-28j9,unknown
posx-frido-mobility-backend,osv-scanner,axios,7.4,GHSA-6chq-wfr3-2hj9,unknown
posx-frido-mobility-backend,osv-scanner,axios,7.5,GHSA-777c-7fjr-54vf,unknown
posx-frido-mobility-backend,osv-scanner,axios,6.3,GHSA-7q8q-rj6j-mhjq,unknown
posx-frido-mobility-backend,osv-scanner,axios,4.8,GHSA-898c-q2cr-xwhg,unknown
posx-frido-mobility-backend,osv-scanner,axios,4.8,GHSA-fvcv-3m26-pcqx,unknown
posx-frido-mobility-backend,osv-scanner,axios,7.5,GHSA-hfxv-24rg-xrqf,unknown
posx-frido-mobility-backend,osv-scanner,axios,7.5,GHSA-j5f8-grm9-p9fc,unknown
posx-frido-mobility-backend,osv-scanner,axios,6.3,GHSA-jqh4-m9w3-8hp9,unknown
posx-frido-mobility-backend,osv-scanner,axios,6.8,GHSA-m7pr-hjqh-92cm,unknown
posx-frido-mobility-backend,osv-scanner,axios,6.3,GHSA-mmx7-hfxf-jppx,unknown
posx-frido-mobility-backend,osv-scanner,axios,8.2,GHSA-p92q-9vqr-4j8v,unknown
posx-frido-mobility-backend,osv-scanner,axios,7.4,GHSA-pf86-5x62-jrwf,unknown
posx-frido-mobility-backend,osv-scanner,axios,6.3,GHSA-pmv8-rq9r-6j72,unknown
posx-frido-mobility-backend,osv-scanner,axios,7.2,GHSA-pmwg-cvhr-8vh7,unknown
posx-frido-mobility-backend,osv-scanner,axios,7.4,GHSA-q8qp-cvcw-x6jj,unknown
posx-frido-mobility-backend,osv-scanner,axios,5.3,GHSA-vf2m-468p-8v99,unknown
posx-frido-mobility-backend,osv-scanner,axios,4.8,GHSA-w9j2-pvgh-6h63,unknown
posx-frido-mobility-backend,osv-scanner,axios,3.7,GHSA-xhjh-pmcv-23jw,unknown
posx-frido-mobility-backend,osv-scanner,axios,5.4,GHSA-xx6v-rp6x-q39c,unknown
posx-frido-mobility-backend,osv-scanner,basic-ftp,9.1,GHSA-5rq4-664w-9x2c,unknown
posx-frido-mobility-backend,osv-scanner,basic-ftp,8.2,GHSA-6v7q-wjvx-w8wg,unknown
posx-frido-mobility-backend,osv-scanner,basic-ftp,7.5,GHSA-rp42-5vxx-qpwr,unknown
posx-frido-mobility-backend,osv-scanner,basic-ftp,7.5,GHSA-rpmf-866q-6p89,unknown
posx-frido-mobility-backend,osv-scanner,body-parser,3.7,GHSA-v422-hmwv-36x6,unknown
posx-frido-mobility-backend,osv-scanner,brace-expansion,7.7,GHSA-3jxr-9vmj-r5cp,unknown
posx-frido-mobility-backend,osv-scanner,brace-expansion,6.5,GHSA-f886-m6hf-6m8v,unknown
posx-frido-mobility-backend,osv-scanner,brace-expansion,7.5,GHSA-mh99-v99m-4gvg,unknown
posx-frido-mobility-backend,osv-scanner,brace-expansion,7.5,GHSA-rgw5-rvv9-x895,unknown
posx-frido-mobility-backend,osv-scanner,brace-expansion,3.1,GHSA-v6h2-p8h4-qcjw,unknown
posx-frido-mobility-backend,osv-scanner,brace-expansion,7.7,GHSA-3jxr-9vmj-r5cp,unknown
posx-frido-mobility-backend,osv-scanner,brace-expansion,6.5,GHSA-f886-m6hf-6m8v,unknown
posx-frido-mobility-backend,osv-scanner,brace-expansion,7.5,GHSA-mh99-v99m-4gvg,unknown
posx-frido-mobility-backend,osv-scanner,brace-expansion,7.5,GHSA-rgw5-rvv9-x895,unknown
posx-frido-mobility-backend,osv-scanner,brace-expansion,7.7,GHSA-3jxr-9vmj-r5cp,unknown
posx-frido-mobility-backend,osv-scanner,brace-expansion,6.5,GHSA-f886-m6hf-6m8v,unknown
posx-frido-mobility-backend,osv-scanner,brace-expansion,7.5,GHSA-mh99-v99m-4gvg,unknown
posx-frido-mobility-backend,osv-scanner,brace-expansion,7.5,GHSA-rgw5-rvv9-x895,unknown
posx-frido-mobility-backend,osv-scanner,brace-expansion,3.1,GHSA-v6h2-p8h4-qcjw,unknown
posx-frido-mobility-backend,osv-scanner,browserslist,7.5,GHSA-73wf-gq98-2v4g,unknown
posx-frido-mobility-backend,osv-scanner,browserslist,7.5,GHSA-c83g-rgw3-j3cx,unknown
posx-frido-mobility-backend,osv-scanner,diff,2.7,GHSA-73rr-hh4g-fpgx,unknown
posx-frido-mobility-backend,osv-scanner,esbuild,5.3,GHSA-67mh-4wv8-2f99,unknown
posx-frido-mobility-backend,osv-scanner,extract-zip,8.6,GHSA-jmr9-qjv8-65gv,unknown
posx-frido-mobility-backend,osv-scanner,fast-xml-parser,7.5,GHSA-8gc5-j5rx-235r,unknown
posx-frido-mobility-backend,osv-scanner,fast-xml-parser,2.7,GHSA-fj3w-jwp8-x2g3,unknown
posx-frido-mobility-backend,osv-scanner,fast-xml-parser,6.1,GHSA-gh4j-gqv2-49f6,unknown
posx-frido-mobility-backend,osv-scanner,fast-xml-parser,7.5,GHSA-jmr7-xgp7-cmfj,unknown
posx-frido-mobility-backend,osv-scanner,fast-xml-parser,5.9,GHSA-jp2q-39xq-3w4g,unknown
posx-frido-mobility-backend,osv-scanner,fast-xml-parser,9.3,GHSA-m7jm-9gc2-mpf2,unknown
posx-frido-mobility-backend,osv-scanner,flatted,7.5,GHSA-25h7-pfq9-p65f,unknown
posx-frido-mobility-backend,osv-scanner,flatted,8.9,GHSA-rf6f-7fwh-wjgh,unknown
posx-frido-mobility-backend,osv-scanner,follow-redirects,6.9,GHSA-r4q5-vmmm-2653,unknown
posx-frido-mobility-backend,osv-scanner,form-data,9.4,GHSA-fjxv-7rqg-78g4,unknown
posx-frido-mobility-backend,osv-scanner,form-data,8.7,GHSA-hmw2-7cc7-3qxx,unknown
posx-frido-mobility-backend,osv-scanner,glob,7.5,GHSA-5j98-mcp5-4vw2,unknown
posx-frido-mobility-backend,osv-scanner,i18next-http-backend,6.5,GHSA-q89c-q3h5-w34g,unknown
posx-frido-mobility-backend,osv-scanner,immutable,8.7,GHSA-v56q-mh7h-f735,unknown
posx-frido-mobility-backend,osv-scanner,immutable,9.8,GHSA-wf6x-7x77-mvgw,unknown
posx-frido-mobility-backend,osv-scanner,immutable,8.7,GHSA-xvcm-6775-5m9r,unknown
posx-frido-mobility-backend,osv-scanner,ip-address,7.7,GHSA-mwp4-54f8-5fhr,unknown
posx-frido-mobility-backend,osv-scanner,ip-address,5.3,GHSA-v2v4-37r5-5v8g,unknown
posx-frido-mobility-backend,osv-scanner,js-yaml,7.5,GHSA-52cp-r559-cp3m,unknown
posx-frido-mobility-backend,osv-scanner,js-yaml,7.5,GHSA-5p4m-2wfm-xmqj,unknown
posx-frido-mobility-backend,osv-scanner,js-yaml,5.3,GHSA-h67p-54hq-rp68,unknown
posx-frido-mobility-backend,osv-scanner,js-yaml,5.3,GHSA-mh29-5h37-fv8m,unknown
posx-frido-mobility-backend,osv-scanner,js-yaml,7.5,GHSA-52cp-r559-cp3m,unknown
posx-frido-mobility-backend,osv-scanner,js-yaml,7.5,GHSA-5p4m-2wfm-xmqj,unknown
posx-frido-mobility-backend,osv-scanner,js-yaml,5.3,GHSA-h67p-54hq-rp68,unknown
posx-frido-mobility-backend,osv-scanner,js-yaml,5.3,GHSA-mh29-5h37-fv8m,unknown
posx-frido-mobility-backend,osv-scanner,json-2-csv,6.8,GHSA-g27c-q7cp-mhx6,unknown
posx-frido-mobility-backend,osv-scanner,jws,7.5,GHSA-869p-cjfg-cm3x,unknown
posx-frido-mobility-backend,osv-scanner,lodash,6.9,GHSA-f23m-r3pf-42rh,unknown
posx-frido-mobility-backend,osv-scanner,lodash,8.1,GHSA-r5fr-rjxr-66jc,unknown
posx-frido-mobility-backend,osv-scanner,lodash,6.9,GHSA-xxjr-mmjv-4gpg,unknown
posx-frido-mobility-backend,osv-scanner,min-document,2.9,GHSA-rx8g-88g5-qh64,unknown
posx-frido-mobility-backend,osv-scanner,minimatch,7.5,GHSA-23c5-xmqv-rm74,unknown
posx-frido-mobility-backend,osv-scanner,minimatch,8.7,GHSA-3ppc-4f35-3m26,unknown
posx-frido-mobility-backend,osv-scanner,minimatch,7.5,GHSA-7r86-cg39-jmmj,unknown
posx-frido-mobility-backend,osv-scanner,minimatch,7.5,GHSA-23c5-xmqv-rm74,unknown
posx-frido-mobility-backend,osv-scanner,minimatch,8.7,GHSA-3ppc-4f35-3m26,unknown
posx-frido-mobility-backend,osv-scanner,minimatch,7.5,GHSA-7r86-cg39-jmmj,unknown
posx-frido-mobility-backend,osv-scanner,minimatch,7.5,GHSA-23c5-xmqv-rm74,unknown
posx-frido-mobility-backend,osv-scanner,minimatch,8.7,GHSA-3ppc-4f35-3m26,unknown
posx-frido-mobility-backend,osv-scanner,minimatch,7.5,GHSA-7r86-cg39-jmmj,unknown
posx-frido-mobility-backend,osv-scanner,morgan,5.3,GHSA-4vj7-5mj6-jm8m,unknown
posx-frido-mobility-backend,osv-scanner,multer,7.5,GHSA-44fp-w29j-9vj5,unknown
posx-frido-mobility-backend,osv-scanner,multer,7.5,GHSA-4pg4-qvpc-4q3h,unknown
posx-frido-mobility-backend,osv-scanner,multer,8.7,GHSA-5528-5vmv-3xc2,unknown
posx-frido-mobility-backend,osv-scanner,multer,7.5,GHSA-72gw-mp4g-v24j,unknown
posx-frido-mobility-backend,osv-scanner,multer,7.5,GHSA-fjgf-rc76-4x9p,unknown
posx-frido-mobility-backend,osv-scanner,multer,8.7,GHSA-g5hg-p3ph-g8qg,unknown
posx-frido-mobility-backend,osv-scanner,multer,8.7,GHSA-v52c-386h-88mc,unknown
posx-frido-mobility-backend,osv-scanner,multer,8.7,GHSA-xf7r-hgr6-v32p,unknown
posx-frido-mobility-backend,osv-scanner,nanoid,8.2,GHSA-28wg-ghj8-5hjv,unknown
posx-frido-mobility-backend,osv-scanner,nanoid,8.2,GHSA-2v37-7h3g-55p8,unknown
posx-frido-mobility-backend,osv-scanner,nanoid,7.4,GHSA-xwg4-73v4-xw9w,unknown
posx-frido-mobility-backend,osv-scanner,nodemailer,5.4,GHSA-268h-hp4c-crq3,unknown
posx-frido-mobility-backend,osv-scanner,nodemailer,2.3,GHSA-c7w3-x93f-qmm8,unknown
posx-frido-mobility-backend,osv-scanner,nodemailer,5.5,GHSA-mm7p-fcc7-pg87,unknown
posx-frido-mobility-backend,osv-scanner,nodemailer,7.1,GHSA-p6gq-j5cr-w38f,unknown
posx-frido-mobility-backend,osv-scanner,nodemailer,6.5,GHSA-r7g4-qg5f-qqm2,unknown
posx-frido-mobility-backend,osv-scanner,nodemailer,7.5,GHSA-rcmh-qjqh-p98v,unknown
posx-frido-mobility-backend,osv-scanner,nodemailer,4.9,GHSA-vvjj-xcjg-gr5g,unknown
posx-frido-mobility-backend,osv-scanner,nodemailer,5.4,GHSA-wqvq-jvpq-h66f,unknown
posx-frido-mobility-backend,osv-scanner,on-headers,3.4,GHSA-76c9-3jph-rj3q,unknown
posx-frido-mobility-backend,osv-scanner,path-to-regexp,7.5,GHSA-37ch-88jc-xwx2,unknown
posx-frido-mobility-backend,osv-scanner,picomatch,5.3,GHSA-3v7f-55p6-f55p,unknown
posx-frido-mobility-backend,osv-scanner,picomatch,7.5,GHSA-c2c7-rcm5-vvqj,unknown
posx-frido-mobility-backend,osv-scanner,picomatch,5.3,GHSA-3v7f-55p6-f55p,unknown
posx-frido-mobility-backend,osv-scanner,picomatch,7.5,GHSA-c2c7-rcm5-vvqj,unknown
posx-frido-mobility-backend,osv-scanner,postcss,7.5,GHSA-6g55-p6wh-862q,unknown
posx-frido-mobility-backend,osv-scanner,postcss,6.3,GHSA-fxqj-rqcc-2cmp,unknown
posx-frido-mobility-backend,osv-scanner,postcss,6.1,GHSA-qx2v-qp2m-jg93,unknown
posx-frido-mobility-backend,osv-scanner,postcss,7.5,GHSA-r28c-9q8g-f849,unknown
posx-frido-mobility-backend,osv-scanner,postcss-selector-parser,4.3,GHSA-w9m9-85wc-3x92,unknown
posx-frido-mobility-backend,osv-scanner,qs,6.3,GHSA-4mjr-xmp4-gh2g,unknown
posx-frido-mobility-backend,osv-scanner,qs,6.3,GHSA-6rw7-vpxm-498p,unknown
posx-frido-mobility-backend,osv-scanner,qs,6.3,GHSA-q8mj-m7cp-5q26,unknown
posx-frido-mobility-backend,osv-scanner,qs,3.7,GHSA-w7fw-mjwx-w883,unknown
posx-frido-mobility-backend,osv-scanner,qs,6.3,GHSA-4mjr-xmp4-gh2g,unknown
posx-frido-mobility-backend,osv-scanner,qs,6.3,GHSA-6rw7-vpxm-498p,unknown
posx-frido-mobility-backend,osv-scanner,qs,6.3,GHSA-q8mj-m7cp-5q26,unknown
posx-frido-mobility-backend,osv-scanner,qs,3.7,GHSA-w7fw-mjwx-w883,unknown
posx-frido-mobility-backend,osv-scanner,react-router,6.6,GHSA-2j2x-hqr9-3h42,unknown
posx-frido-mobility-backend,osv-scanner,react-router,6.1,GHSA-337j-9hxr-rhxg,unknown
posx-frido-mobility-backend,osv-scanner,react-router,6.5,GHSA-9jcx-v3wj-wh4m,unknown
posx-frido-mobility-backend,osv-scanner,react-router,5.1,GHSA-wrjc-x8rr-h8h6,unknown
posx-frido-mobility-backend,osv-scanner,rollup,8.8,GHSA-mw96-cpmx-2vgc,unknown
posx-frido-mobility-backend,osv-scanner,tar-fs,8.7,GHSA-8cj5-5rvv-wf4v,unknown
posx-frido-mobility-backend,osv-scanner,tar-fs,8.7,GHSA-vj76-c3g6-qr5v,unknown
posx-frido-mobility-backend,osv-scanner,tmp,2.5,GHSA-52f5-9888-hmc6,unknown
posx-frido-mobility-backend,osv-scanner,tmp,7.7,GHSA-ph9p-34f9-6g65,unknown
posx-frido-mobility-backend,osv-scanner,uuid,7.5,GHSA-w5hq-g745-h8pq,unknown
posx-frido-mobility-backend,osv-scanner,uuid,7.5,GHSA-w5hq-g745-h8pq,unknown
posx-frido-mobility-backend,osv-scanner,vite,6.0,GHSA-356w-63v5-8wf4,unknown
posx-frido-mobility-backend,osv-scanner,vite,5.3,GHSA-4r4m-qw57-chr8,unknown
posx-frido-mobility-backend,osv-scanner,vite,6.3,GHSA-4w7w-66w2-5vf9,unknown
posx-frido-mobility-backend,osv-scanner,vite,6.0,GHSA-859w-5945-r5v3,unknown
posx-frido-mobility-backend,osv-scanner,vite,6.0,GHSA-93m4-6634-74q7,unknown
posx-frido-mobility-backend,osv-scanner,vite,8.2,GHSA-fx2h-pf6j-xcff,unknown
posx-frido-mobility-backend,osv-scanner,vite,2.3,GHSA-g4jq-h2w9-997c,unknown
posx-frido-mobility-backend,osv-scanner,vite,2.3,GHSA-jqfw-vq24-v9c3,unknown
posx-frido-mobility-backend,osv-scanner,vite,5.5,GHSA-v6wh-96g9-6wx3,unknown
posx-frido-mobility-backend,osv-scanner,vite,5.3,GHSA-x574-m823-4x7w,unknown
posx-frido-mobility-backend,osv-scanner,vite,5.3,GHSA-xcj6-pq6g-qj4x,unknown
posx-frido-mobility-backend,osv-scanner,ws,4.4,GHSA-58qx-3vcg-4xpx,unknown
posx-frido-mobility-backend,osv-scanner,ws,7.5,GHSA-96hv-2xvq-fx4p,unknown
posx-frido-mobility-backend,osv-scanner,yaml,4.3,GHSA-48c2-rrv3-qjmp,unknown
posx-kb,osv-scanner,@auth/core,9.1,GHSA-7rqj-j65f-68wh,unknown
posx-kb,osv-scanner,@auth/core,6.8,GHSA-x445-f3h2-j279,unknown
posx-kb,osv-scanner,@auth/core,7.5,GHSA-xmf8-cvqr-rfgj,unknown
posx-kb,osv-scanner,brace-expansion,7.7,GHSA-3jxr-9vmj-r5cp,unknown
posx-kb,osv-scanner,brace-expansion,7.5,GHSA-mh99-v99m-4gvg,unknown
posx-kb,osv-scanner,brace-expansion,7.5,GHSA-rgw5-rvv9-x895,unknown
posx-kb,osv-scanner,brace-expansion,7.5,GHSA-mh99-v99m-4gvg,unknown
posx-kb,osv-scanner,brace-expansion,7.5,GHSA-rgw5-rvv9-x895,unknown
posx-kb,osv-scanner,browserslist,7.5,GHSA-73wf-gq98-2v4g,unknown
posx-kb,osv-scanner,browserslist,7.5,GHSA-c83g-rgw3-j3cx,unknown
posx-kb,osv-scanner,dompurify,5.1,GHSA-55q2-fjhq-7xh7,unknown
posx-kb,osv-scanner,dompurify,2.1,GHSA-c2j3-45gr-mqc4,unknown
posx-kb,osv-scanner,js-yaml,7.5,GHSA-5p4m-2wfm-xmqj,unknown
posx-kb,osv-scanner,mermaid,5.3,GHSA-2v8p-3f2j-5mp7,unknown
posx-kb,osv-scanner,mermaid,6.5,GHSA-3rrr-jr9j-h3q3,unknown
posx-kb,osv-scanner,mermaid,5.3,GHSA-6x64-9x62-f2gx,unknown
posx-kb,osv-scanner,mermaid,2.4,GHSA-c4c3-pg64-4m4v,unknown
posx-kb,osv-scanner,mermaid,5.3,GHSA-rhh3-jpg6-66xh,unknown
posx-kb,osv-scanner,nanoid,8.2,GHSA-28wg-ghj8-5hjv,unknown
posx-kb,osv-scanner,nanoid,8.2,GHSA-2v37-7h3g-55p8,unknown
posx-kb,osv-scanner,next,6.3,GHSA-4633-3j49-mh5q,unknown
posx-kb,osv-scanner,next,6.3,GHSA-4c39-4ccg-62r3,unknown
posx-kb,osv-scanner,next,6.0,GHSA-68g3-v927-f742,unknown
posx-kb,osv-scanner,next,8.3,GHSA-6gpp-xcg3-4w24,unknown
posx-kb,osv-scanner,next,8.3,GHSA-89xv-2m56-2m9x,unknown
posx-kb,osv-scanner,next,6.3,GHSA-955p-x3mx-jcvp,unknown
posx-kb,osv-scanner,next,8.2,GHSA-m99w-x7hq-7vfj,unknown
posx-kb,osv-scanner,next,8.3,GHSA-p9j2-gv94-2wf4,unknown
posx-kb,osv-scanner,next,6.3,GHSA-q8wf-6r8g-63ch,unknown
posx-kb,osv-scanner,next-auth,9.1,GHSA-7rqj-j65f-68wh,unknown
posx-kb,osv-scanner,next-auth,9.1,GHSA-8fpg-xm3f-6cx3,unknown
posx-kb,osv-scanner,next-auth,6.8,GHSA-x445-f3h2-j279,unknown
posx-kb,osv-scanner,next-auth,7.5,GHSA-xmf8-cvqr-rfgj,unknown
posx-kb,osv-scanner,postcss,7.5,GHSA-6g55-p6wh-862q,unknown
posx-kb,osv-scanner,postcss,6.3,GHSA-fxqj-rqcc-2cmp,unknown
posx-kb,osv-scanner,postcss,6.1,GHSA-qx2v-qp2m-jg93,unknown
posx-kb,osv-scanner,postcss,7.5,GHSA-r28c-9q8g-f849,unknown
posx-kb,osv-scanner,postcss,6.3,GHSA-fxqj-rqcc-2cmp,unknown
posx-kb,osv-scanner,postcss,7.5,GHSA-r28c-9q8g-f849,unknown
posx-kb,osv-scanner,protobufjs,5.3,GHSA-j3f2-48v5-ccww,unknown
posx-kb,osv-scanner,sharp,7.0,GHSA-f88m-g3jw-g9cj,unknown
posx-kb,osv-scanner,uuid,7.5,GHSA-w5hq-g745-h8pq,unknown
posx-mokobara-admin,osv-scanner,@babel/core,3.2,GHSA-4x5r-pxfx-6jf8,unknown
posx-mokobara-admin,osv-scanner,@babel/helpers,6.2,GHSA-968p-4wvh-cqc8,unknown
posx-mokobara-admin,osv-scanner,@babel/runtime,6.2,GHSA-968p-4wvh-cqc8,unknown
posx-mokobara-admin,osv-scanner,@remix-run/router,6.6,GHSA-2j2x-hqr9-3h42,unknown
posx-mokobara-admin,osv-scanner,@remix-run/router,8.0,GHSA-2w69-qvjg-hvjx,unknown
posx-mokobara-admin,osv-scanner,ajv,5.5,GHSA-2g4f-4pwh-qvx6,unknown
posx-mokobara-admin,osv-scanner,axios,8.7,GHSA-35jp-ww65-95wh,unknown
posx-mokobara-admin,osv-scanner,axios,7.0,GHSA-3g43-6gmg-66jw,unknown
posx-mokobara-admin,osv-scanner,axios,6.3,GHSA-3p68-rc4w-qgx5,unknown
posx-mokobara-admin,osv-scanner,axios,6.5,GHSA-3w6x-2g7m-8v23,unknown
posx-mokobara-admin,osv-scanner,axios,6.3,GHSA-42h9-826w-cgv3,unknown
posx-mokobara-admin,osv-scanner,axios,7.5,GHSA-43fc-jf86-j433,unknown
posx-mokobara-admin,osv-scanner,axios,5.3,GHSA-445q-vr5w-6q77,unknown
posx-mokobara-admin,osv-scanner,axios,5.3,GHSA-5c9x-8gcm-mpgx,unknown
posx-mokobara-admin,osv-scanner,axios,7.5,GHSA-62hf-57xw-28j9,unknown
posx-mokobara-admin,osv-scanner,axios,7.4,GHSA-6chq-wfr3-2hj9,unknown
posx-mokobara-admin,osv-scanner,axios,7.5,GHSA-777c-7fjr-54vf,unknown
posx-mokobara-admin,osv-scanner,axios,6.3,GHSA-7q8q-rj6j-mhjq,unknown
posx-mokobara-admin,osv-scanner,axios,4.8,GHSA-898c-q2cr-xwhg,unknown
posx-mokobara-admin,osv-scanner,axios,4.8,GHSA-fvcv-3m26-pcqx,unknown
posx-mokobara-admin,osv-scanner,axios,7.5,GHSA-hfxv-24rg-xrqf,unknown
posx-mokobara-admin,osv-scanner,axios,7.5,GHSA-j5f8-grm9-p9fc,unknown
posx-mokobara-admin,osv-scanner,axios,6.3,GHSA-jqh4-m9w3-8hp9,unknown
posx-mokobara-admin,osv-scanner,axios,6.8,GHSA-m7pr-hjqh-92cm,unknown
posx-mokobara-admin,osv-scanner,axios,6.3,GHSA-mmx7-hfxf-jppx,unknown
posx-mokobara-admin,osv-scanner,axios,8.2,GHSA-p92q-9vqr-4j8v,unknown
posx-mokobara-admin,osv-scanner,axios,7.4,GHSA-pf86-5x62-jrwf,unknown
posx-mokobara-admin,osv-scanner,axios,6.3,GHSA-pmv8-rq9r-6j72,unknown
posx-mokobara-admin,osv-scanner,axios,7.2,GHSA-pmwg-cvhr-8vh7,unknown
posx-mokobara-admin,osv-scanner,axios,7.4,GHSA-q8qp-cvcw-x6jj,unknown
posx-mokobara-admin,osv-scanner,axios,5.3,GHSA-vf2m-468p-8v99,unknown
posx-mokobara-admin,osv-scanner,axios,4.8,GHSA-w9j2-pvgh-6h63,unknown
posx-mokobara-admin,osv-scanner,axios,3.7,GHSA-xhjh-pmcv-23jw,unknown
posx-mokobara-admin,osv-scanner,axios,5.4,GHSA-xx6v-rp6x-q39c,unknown
posx-mokobara-admin,osv-scanner,brace-expansion,7.7,GHSA-3jxr-9vmj-r5cp,unknown
posx-mokobara-admin,osv-scanner,brace-expansion,6.5,GHSA-f886-m6hf-6m8v,unknown
posx-mokobara-admin,osv-scanner,brace-expansion,7.5,GHSA-mh99-v99m-4gvg,unknown
posx-mokobara-admin,osv-scanner,brace-expansion,7.5,GHSA-rgw5-rvv9-x895,unknown
posx-mokobara-admin,osv-scanner,brace-expansion,3.1,GHSA-v6h2-p8h4-qcjw,unknown
posx-mokobara-admin,osv-scanner,browserslist,7.5,GHSA-73wf-gq98-2v4g,unknown
posx-mokobara-admin,osv-scanner,browserslist,7.5,GHSA-c83g-rgw3-j3cx,unknown
posx-mokobara-admin,osv-scanner,esbuild,5.3,GHSA-67mh-4wv8-2f99,unknown
posx-mokobara-admin,osv-scanner,fast-uri,7.5,GHSA-4c8g-83qw-93j6,unknown
posx-mokobara-admin,osv-scanner,fast-uri,7.5,GHSA-7p8r-x3mc-p8w7,unknown
posx-mokobara-admin,osv-scanner,fast-uri,7.5,GHSA-f65p-4m7j-42xc,unknown
posx-mokobara-admin,osv-scanner,fast-uri,7.5,GHSA-jqff-g426-hqxp,unknown
posx-mokobara-admin,osv-scanner,fast-uri,7.5,GHSA-q3j6-qgpj-74h6,unknown
posx-mokobara-admin,osv-scanner,fast-uri,7.5,GHSA-v2hh-gcrm-f6hx,unknown
posx-mokobara-admin,osv-scanner,fast-uri,7.5,GHSA-v39h-62p7-jpjc,unknown
posx-mokobara-admin,osv-scanner,follow-redirects,6.9,GHSA-r4q5-vmmm-2653,unknown
posx-mokobara-admin,osv-scanner,form-data,8.7,GHSA-hmw2-7cc7-3qxx,unknown
posx-mokobara-admin,osv-scanner,glob,7.5,GHSA-5j98-mcp5-4vw2,unknown
posx-mokobara-admin,osv-scanner,i18next-http-backend,6.5,GHSA-q89c-q3h5-w34g,unknown
posx-mokobara-admin,osv-scanner,lodash,6.9,GHSA-f23m-r3pf-42rh,unknown
posx-mokobara-admin,osv-scanner,lodash,8.1,GHSA-r5fr-rjxr-66jc,unknown
posx-mokobara-admin,osv-scanner,lodash,6.9,GHSA-xxjr-mmjv-4gpg,unknown
posx-mokobara-admin,osv-scanner,minimatch,7.5,GHSA-23c5-xmqv-rm74,unknown
posx-mokobara-admin,osv-scanner,minimatch,8.7,GHSA-3ppc-4f35-3m26,unknown
posx-mokobara-admin,osv-scanner,minimatch,7.5,GHSA-7r86-cg39-jmmj,unknown
posx-mokobara-admin,osv-scanner,nanoid,8.2,GHSA-28wg-ghj8-5hjv,unknown
posx-mokobara-admin,osv-scanner,nanoid,8.2,GHSA-2v37-7h3g-55p8,unknown
posx-mokobara-admin,osv-scanner,nanoid,7.4,GHSA-xwg4-73v4-xw9w,unknown
posx-mokobara-admin,osv-scanner,picomatch,5.3,GHSA-3v7f-55p6-f55p,unknown
posx-mokobara-admin,osv-scanner,picomatch,7.5,GHSA-c2c7-rcm5-vvqj,unknown
posx-mokobara-admin,osv-scanner,picomatch,5.3,GHSA-3v7f-55p6-f55p,unknown
posx-mokobara-admin,osv-scanner,picomatch,7.5,GHSA-c2c7-rcm5-vvqj,unknown
posx-mokobara-admin,osv-scanner,postcss,7.5,GHSA-6g55-p6wh-862q,unknown
posx-mokobara-admin,osv-scanner,postcss,6.3,GHSA-fxqj-rqcc-2cmp,unknown
posx-mokobara-admin,osv-scanner,postcss,6.1,GHSA-qx2v-qp2m-jg93,unknown
posx-mokobara-admin,osv-scanner,postcss,7.5,GHSA-r28c-9q8g-f849,unknown
posx-mokobara-admin,osv-scanner,postcss-selector-parser,4.3,GHSA-w9m9-85wc-3x92,unknown
posx-mokobara-admin,osv-scanner,prismjs,4.9,GHSA-x7hr-w5r2-h6wg,unknown
posx-mokobara-admin,osv-scanner,qs,6.3,GHSA-4mjr-xmp4-gh2g,unknown
posx-mokobara-admin,osv-scanner,qs,6.3,GHSA-6rw7-vpxm-498p,unknown
posx-mokobara-admin,osv-scanner,qs,6.3,GHSA-q8mj-m7cp-5q26,unknown
posx-mokobara-admin,osv-scanner,qs,3.7,GHSA-w7fw-mjwx-w883,unknown
posx-mokobara-admin,osv-scanner,react-router,6.6,GHSA-2j2x-hqr9-3h42,unknown
posx-mokobara-admin,osv-scanner,react-router,6.1,GHSA-337j-9hxr-rhxg,unknown
posx-mokobara-admin,osv-scanner,react-router,6.5,GHSA-9jcx-v3wj-wh4m,unknown
posx-mokobara-admin,osv-scanner,react-router,5.1,GHSA-wrjc-x8rr-h8h6,unknown
posx-mokobara-admin,osv-scanner,rollup,8.8,GHSA-mw96-cpmx-2vgc,unknown
posx-mokobara-admin,osv-scanner,vite,6.0,GHSA-356w-63v5-8wf4,unknown
posx-mokobara-admin,osv-scanner,vite,5.3,GHSA-4r4m-qw57-chr8,unknown
posx-mokobara-admin,osv-scanner,vite,6.3,GHSA-4w7w-66w2-5vf9,unknown
posx-mokobara-admin,osv-scanner,vite,6.0,GHSA-859w-5945-r5v3,unknown
posx-mokobara-admin,osv-scanner,vite,6.0,GHSA-93m4-6634-74q7,unknown
posx-mokobara-admin,osv-scanner,vite,8.2,GHSA-fx2h-pf6j-xcff,unknown
posx-mokobara-admin,osv-scanner,vite,2.3,GHSA-g4jq-h2w9-997c,unknown
posx-mokobara-admin,osv-scanner,vite,2.3,GHSA-jqfw-vq24-v9c3,unknown
posx-mokobara-admin,osv-scanner,vite,5.5,GHSA-v6wh-96g9-6wx3,unknown
posx-mokobara-admin,osv-scanner,vite,5.3,GHSA-x574-m823-4x7w,unknown
posx-mokobara-admin,osv-scanner,vite,5.3,GHSA-xcj6-pq6g-qj4x,unknown
posx-mokobara-admin,osv-scanner,vitest,9.8,GHSA-5xrq-8626-4rwp,unknown
posx-mokobara-admin,osv-scanner,yaml,4.3,GHSA-48c2-rrv3-qjmp,unknown
posx-mokobara-backend,osv-scanner,@babel/core,3.2,GHSA-4x5r-pxfx-6jf8,unknown
posx-mokobara-backend,osv-scanner,@mikro-orm/core,9.3,GHSA-gwhv-j974-6fxm,unknown
posx-mokobara-backend,osv-scanner,@mikro-orm/core,8.3,GHSA-qpfv-44f3-qqx6,unknown
posx-mokobara-backend,osv-scanner,@mikro-orm/knex,7.6,GHSA-cfw5-68c4-ffqp,unknown
posx-mokobara-backend,osv-scanner,@opentelemetry/core,5.3,GHSA-8988-4f7v-96qf,unknown
posx-mokobara-backend,osv-scanner,@opentelemetry/core,5.3,GHSA-8988-4f7v-96qf,unknown
posx-mokobara-backend,osv-scanner,@opentelemetry/propagator-jaeger,7.5,GHSA-45rx-2jwx-cxfr,unknown
posx-mokobara-backend,osv-scanner,@opentelemetry/propagator-jaeger,7.5,GHSA-45rx-2jwx-cxfr,unknown
posx-mokobara-backend,osv-scanner,@opentelemetry/sdk-node,7.5,GHSA-q7rr-3cgh-j5r3,unknown
posx-mokobara-backend,osv-scanner,ajv,5.5,GHSA-2g4f-4pwh-qvx6,unknown
posx-mokobara-backend,osv-scanner,body-parser,3.7,GHSA-v422-hmwv-36x6,unknown
posx-mokobara-backend,osv-scanner,browserslist,7.5,GHSA-73wf-gq98-2v4g,unknown
posx-mokobara-backend,osv-scanner,browserslist,7.5,GHSA-c83g-rgw3-j3cx,unknown
posx-mokobara-backend,osv-scanner,diff,2.7,GHSA-73rr-hh4g-fpgx,unknown
posx-mokobara-backend,osv-scanner,extract-zip,8.6,GHSA-jmr9-qjv8-65gv,unknown
posx-mokobara-backend,osv-scanner,i18next-http-backend,6.5,GHSA-q89c-q3h5-w34g,unknown
posx-mokobara-backend,osv-scanner,json-2-csv,6.8,GHSA-g27c-q7cp-mhx6,unknown
posx-mokobara-backend,osv-scanner,min-document,2.9,GHSA-rx8g-88g5-qh64,unknown
posx-mokobara-backend,osv-scanner,morgan,5.3,GHSA-4vj7-5mj6-jm8m,unknown
posx-mokobara-backend,osv-scanner,multer,7.5,GHSA-44fp-w29j-9vj5,unknown
posx-mokobara-backend,osv-scanner,multer,7.5,GHSA-4pg4-qvpc-4q3h,unknown
posx-mokobara-backend,osv-scanner,multer,8.7,GHSA-5528-5vmv-3xc2,unknown
posx-mokobara-backend,osv-scanner,multer,7.5,GHSA-72gw-mp4g-v24j,unknown
posx-mokobara-backend,osv-scanner,multer,7.5,GHSA-fjgf-rc76-4x9p,unknown
posx-mokobara-backend,osv-scanner,multer,8.7,GHSA-g5hg-p3ph-g8qg,unknown
posx-mokobara-backend,osv-scanner,multer,8.7,GHSA-v52c-386h-88mc,unknown
posx-mokobara-backend,osv-scanner,multer,8.7,GHSA-xf7r-hgr6-v32p,unknown
posx-mokobara-backend,osv-scanner,on-headers,3.4,GHSA-76c9-3jph-rj3q,unknown
posx-mokobara-backend,osv-scanner,postcss-selector-parser,4.3,GHSA-w9m9-85wc-3x92,unknown
posx-mokobara-backend,osv-scanner,prismjs,4.9,GHSA-x7hr-w5r2-h6wg,unknown
posx-mokobara-backend,osv-scanner,qs,6.3,GHSA-4mjr-xmp4-gh2g,unknown
posx-mokobara-backend,osv-scanner,qs,6.3,GHSA-6rw7-vpxm-498p,unknown
posx-mokobara-backend,osv-scanner,qs,6.3,GHSA-q8mj-m7cp-5q26,unknown
posx-mokobara-backend,osv-scanner,qs,3.7,GHSA-w7fw-mjwx-w883,unknown
posx-mokobara-backend,osv-scanner,qs,6.3,GHSA-4mjr-xmp4-gh2g,unknown
posx-mokobara-backend,osv-scanner,qs,6.3,GHSA-6rw7-vpxm-498p,unknown
posx-mokobara-backend,osv-scanner,qs,6.3,GHSA-q8mj-m7cp-5q26,unknown
posx-mokobara-backend,osv-scanner,qs,3.7,GHSA-w7fw-mjwx-w883,unknown
posx-mokobara-backend,osv-scanner,react-router,6.6,GHSA-2j2x-hqr9-3h42,unknown
posx-mokobara-backend,osv-scanner,react-router,6.1,GHSA-337j-9hxr-rhxg,unknown
posx-mokobara-backend,osv-scanner,react-router,6.5,GHSA-9jcx-v3wj-wh4m,unknown
posx-mokobara-backend,osv-scanner,react-router,5.1,GHSA-wrjc-x8rr-h8h6,unknown
posx-mokobara-backend,osv-scanner,uuid,7.5,GHSA-w5hq-g745-h8pq,unknown
posx-mokobara-backend,osv-scanner,uuid,7.5,GHSA-w5hq-g745-h8pq,unknown
posx-mokobara-backend,osv-scanner,yaml,4.3,GHSA-48c2-rrv3-qjmp,unknown
posx-mokobara-clearance-backend,osv-scanner,@babel/core,3.2,GHSA-4x5r-pxfx-6jf8,unknown
posx-mokobara-clearance-backend,osv-scanner,@mikro-orm/core,9.3,GHSA-gwhv-j974-6fxm,unknown
posx-mokobara-clearance-backend,osv-scanner,@mikro-orm/core,8.3,GHSA-qpfv-44f3-qqx6,unknown
posx-mokobara-clearance-backend,osv-scanner,@mikro-orm/knex,7.6,GHSA-cfw5-68c4-ffqp,unknown
posx-mokobara-clearance-backend,osv-scanner,@opentelemetry/core,5.3,GHSA-8988-4f7v-96qf,unknown
posx-mokobara-clearance-backend,osv-scanner,@opentelemetry/core,5.3,GHSA-8988-4f7v-96qf,unknown
posx-mokobara-clearance-backend,osv-scanner,@opentelemetry/propagator-jaeger,7.5,GHSA-45rx-2jwx-cxfr,unknown
posx-mokobara-clearance-backend,osv-scanner,@opentelemetry/propagator-jaeger,7.5,GHSA-45rx-2jwx-cxfr,unknown
posx-mokobara-clearance-backend,osv-scanner,@opentelemetry/sdk-node,7.5,GHSA-q7rr-3cgh-j5r3,unknown
posx-mokobara-clearance-backend,osv-scanner,ajv,5.5,GHSA-2g4f-4pwh-qvx6,unknown
posx-mokobara-clearance-backend,osv-scanner,body-parser,3.7,GHSA-v422-hmwv-36x6,unknown
posx-mokobara-clearance-backend,osv-scanner,browserslist,7.5,GHSA-73wf-gq98-2v4g,unknown
posx-mokobara-clearance-backend,osv-scanner,browserslist,7.5,GHSA-c83g-rgw3-j3cx,unknown
posx-mokobara-clearance-backend,osv-scanner,diff,2.7,GHSA-73rr-hh4g-fpgx,unknown
posx-mokobara-clearance-backend,osv-scanner,extract-zip,8.6,GHSA-jmr9-qjv8-65gv,unknown
posx-mokobara-clearance-backend,osv-scanner,i18next-http-backend,6.5,GHSA-q89c-q3h5-w34g,unknown
posx-mokobara-clearance-backend,osv-scanner,json-2-csv,6.8,GHSA-g27c-q7cp-mhx6,unknown
posx-mokobara-clearance-backend,osv-scanner,min-document,2.9,GHSA-rx8g-88g5-qh64,unknown
posx-mokobara-clearance-backend,osv-scanner,morgan,5.3,GHSA-4vj7-5mj6-jm8m,unknown
posx-mokobara-clearance-backend,osv-scanner,multer,7.5,GHSA-44fp-w29j-9vj5,unknown
posx-mokobara-clearance-backend,osv-scanner,multer,7.5,GHSA-4pg4-qvpc-4q3h,unknown
posx-mokobara-clearance-backend,osv-scanner,multer,8.7,GHSA-5528-5vmv-3xc2,unknown
posx-mokobara-clearance-backend,osv-scanner,multer,7.5,GHSA-72gw-mp4g-v24j,unknown
posx-mokobara-clearance-backend,osv-scanner,multer,7.5,GHSA-fjgf-rc76-4x9p,unknown
posx-mokobara-clearance-backend,osv-scanner,multer,8.7,GHSA-g5hg-p3ph-g8qg,unknown
posx-mokobara-clearance-backend,osv-scanner,multer,8.7,GHSA-v52c-386h-88mc,unknown
posx-mokobara-clearance-backend,osv-scanner,multer,8.7,GHSA-xf7r-hgr6-v32p,unknown
posx-mokobara-clearance-backend,osv-scanner,on-headers,3.4,GHSA-76c9-3jph-rj3q,unknown
posx-mokobara-clearance-backend,osv-scanner,postcss-selector-parser,4.3,GHSA-w9m9-85wc-3x92,unknown
posx-mokobara-clearance-backend,osv-scanner,prismjs,4.9,GHSA-x7hr-w5r2-h6wg,unknown
posx-mokobara-clearance-backend,osv-scanner,qs,6.3,GHSA-4mjr-xmp4-gh2g,unknown
posx-mokobara-clearance-backend,osv-scanner,qs,6.3,GHSA-6rw7-vpxm-498p,unknown
posx-mokobara-clearance-backend,osv-scanner,qs,6.3,GHSA-q8mj-m7cp-5q26,unknown
posx-mokobara-clearance-backend,osv-scanner,qs,3.7,GHSA-w7fw-mjwx-w883,unknown
posx-mokobara-clearance-backend,osv-scanner,qs,6.3,GHSA-4mjr-xmp4-gh2g,unknown
posx-mokobara-clearance-backend,osv-scanner,qs,6.3,GHSA-6rw7-vpxm-498p,unknown
posx-mokobara-clearance-backend,osv-scanner,qs,6.3,GHSA-q8mj-m7cp-5q26,unknown
posx-mokobara-clearance-backend,osv-scanner,qs,3.7,GHSA-w7fw-mjwx-w883,unknown
posx-mokobara-clearance-backend,osv-scanner,react-router,6.6,GHSA-2j2x-hqr9-3h42,unknown
posx-mokobara-clearance-backend,osv-scanner,react-router,6.1,GHSA-337j-9hxr-rhxg,unknown
posx-mokobara-clearance-backend,osv-scanner,react-router,6.5,GHSA-9jcx-v3wj-wh4m,unknown
posx-mokobara-clearance-backend,osv-scanner,react-router,5.1,GHSA-wrjc-x8rr-h8h6,unknown
posx-mokobara-clearance-backend,osv-scanner,uuid,7.5,GHSA-w5hq-g745-h8pq,unknown
posx-mokobara-clearance-backend,osv-scanner,uuid,7.5,GHSA-w5hq-g745-h8pq,unknown
posx-mokobara-clearance-backend,osv-scanner,yaml,4.3,GHSA-48c2-rrv3-qjmp,unknown
posx-mokobara-store,osv-scanner,@babel/core,3.2,GHSA-4x5r-pxfx-6jf8,unknown
posx-mokobara-store,osv-scanner,@eslint/plugin-kit,2.3,GHSA-xffm-g5w8-qvg7,unknown
posx-mokobara-store,osv-scanner,@humanfs/node,5.7,GHSA-p498-v437-472g,unknown
posx-mokobara-store,osv-scanner,ajv,5.5,GHSA-2g4f-4pwh-qvx6,unknown
posx-mokobara-store,osv-scanner,axios,8.7,GHSA-35jp-ww65-95wh,unknown
posx-mokobara-store,osv-scanner,axios,7.0,GHSA-3g43-6gmg-66jw,unknown
posx-mokobara-store,osv-scanner,axios,6.3,GHSA-3p68-rc4w-qgx5,unknown
posx-mokobara-store,osv-scanner,axios,6.5,GHSA-3w6x-2g7m-8v23,unknown
posx-mokobara-store,osv-scanner,axios,6.3,GHSA-42h9-826w-cgv3,unknown
posx-mokobara-store,osv-scanner,axios,7.5,GHSA-43fc-jf86-j433,unknown
posx-mokobara-store,osv-scanner,axios,5.3,GHSA-445q-vr5w-6q77,unknown
posx-mokobara-store,osv-scanner,axios,7.5,GHSA-4hjh-wcwx-xvwj,unknown
posx-mokobara-store,osv-scanner,axios,5.3,GHSA-5c9x-8gcm-mpgx,unknown
posx-mokobara-store,osv-scanner,axios,7.5,GHSA-62hf-57xw-28j9,unknown
posx-mokobara-store,osv-scanner,axios,7.4,GHSA-6chq-wfr3-2hj9,unknown
posx-mokobara-store,osv-scanner,axios,7.5,GHSA-777c-7fjr-54vf,unknown
posx-mokobara-store,osv-scanner,axios,6.3,GHSA-7q8q-rj6j-mhjq,unknown
posx-mokobara-store,osv-scanner,axios,4.8,GHSA-898c-q2cr-xwhg,unknown
posx-mokobara-store,osv-scanner,axios,4.8,GHSA-fvcv-3m26-pcqx,unknown
posx-mokobara-store,osv-scanner,axios,7.5,GHSA-hfxv-24rg-xrqf,unknown
posx-mokobara-store,osv-scanner,axios,7.5,GHSA-j5f8-grm9-p9fc,unknown
posx-mokobara-store,osv-scanner,axios,6.3,GHSA-jqh4-m9w3-8hp9,unknown
posx-mokobara-store,osv-scanner,axios,6.8,GHSA-m7pr-hjqh-92cm,unknown
posx-mokobara-store,osv-scanner,axios,6.3,GHSA-mmx7-hfxf-jppx,unknown
posx-mokobara-store,osv-scanner,axios,8.2,GHSA-p92q-9vqr-4j8v,unknown
posx-mokobara-store,osv-scanner,axios,7.4,GHSA-pf86-5x62-jrwf,unknown
posx-mokobara-store,osv-scanner,axios,6.3,GHSA-pmv8-rq9r-6j72,unknown
posx-mokobara-store,osv-scanner,axios,7.2,GHSA-pmwg-cvhr-8vh7,unknown
posx-mokobara-store,osv-scanner,axios,7.4,GHSA-q8qp-cvcw-x6jj,unknown
posx-mokobara-store,osv-scanner,axios,5.3,GHSA-vf2m-468p-8v99,unknown
posx-mokobara-store,osv-scanner,axios,4.8,GHSA-w9j2-pvgh-6h63,unknown
posx-mokobara-store,osv-scanner,axios,3.7,GHSA-xhjh-pmcv-23jw,unknown
posx-mokobara-store,osv-scanner,axios,5.4,GHSA-xx6v-rp6x-q39c,unknown
posx-mokobara-store,osv-scanner,brace-expansion,7.7,GHSA-3jxr-9vmj-r5cp,unknown
posx-mokobara-store,osv-scanner,brace-expansion,6.5,GHSA-f886-m6hf-6m8v,unknown
posx-mokobara-store,osv-scanner,brace-expansion,7.5,GHSA-mh99-v99m-4gvg,unknown
posx-mokobara-store,osv-scanner,brace-expansion,7.5,GHSA-rgw5-rvv9-x895,unknown
posx-mokobara-store,osv-scanner,brace-expansion,3.1,GHSA-v6h2-p8h4-qcjw,unknown
posx-mokobara-store,osv-scanner,brace-expansion,7.7,GHSA-3jxr-9vmj-r5cp,unknown
posx-mokobara-store,osv-scanner,brace-expansion,6.5,GHSA-f886-m6hf-6m8v,unknown
posx-mokobara-store,osv-scanner,brace-expansion,7.5,GHSA-mh99-v99m-4gvg,unknown
posx-mokobara-store,osv-scanner,brace-expansion,7.5,GHSA-rgw5-rvv9-x895,unknown
posx-mokobara-store,osv-scanner,brace-expansion,3.1,GHSA-v6h2-p8h4-qcjw,unknown
posx-mokobara-store,osv-scanner,browserslist,7.5,GHSA-73wf-gq98-2v4g,unknown
posx-mokobara-store,osv-scanner,browserslist,7.5,GHSA-c83g-rgw3-j3cx,unknown
posx-mokobara-store,osv-scanner,flatted,7.5,GHSA-25h7-pfq9-p65f,unknown
posx-mokobara-store,osv-scanner,flatted,8.9,GHSA-rf6f-7fwh-wjgh,unknown
posx-mokobara-store,osv-scanner,follow-redirects,6.9,GHSA-r4q5-vmmm-2653,unknown
posx-mokobara-store,osv-scanner,form-data,9.4,GHSA-fjxv-7rqg-78g4,unknown
posx-mokobara-store,osv-scanner,form-data,8.7,GHSA-hmw2-7cc7-3qxx,unknown
posx-mokobara-store,osv-scanner,js-yaml,7.5,GHSA-52cp-r559-cp3m,unknown
posx-mokobara-store,osv-scanner,js-yaml,7.5,GHSA-5p4m-2wfm-xmqj,unknown
posx-mokobara-store,osv-scanner,js-yaml,5.3,GHSA-h67p-54hq-rp68,unknown
posx-mokobara-store,osv-scanner,js-yaml,5.3,GHSA-mh29-5h37-fv8m,unknown
posx-mokobara-store,osv-scanner,minimatch,7.5,GHSA-23c5-xmqv-rm74,unknown
posx-mokobara-store,osv-scanner,minimatch,8.7,GHSA-3ppc-4f35-3m26,unknown
posx-mokobara-store,osv-scanner,minimatch,7.5,GHSA-7r86-cg39-jmmj,unknown
posx-mokobara-store,osv-scanner,minimatch,7.5,GHSA-23c5-xmqv-rm74,unknown
posx-mokobara-store,osv-scanner,minimatch,8.7,GHSA-3ppc-4f35-3m26,unknown
posx-mokobara-store,osv-scanner,minimatch,7.5,GHSA-7r86-cg39-jmmj,unknown
posx-mokobara-store,osv-scanner,nanoid,8.2,GHSA-28wg-ghj8-5hjv,unknown
posx-mokobara-store,osv-scanner,nanoid,8.2,GHSA-2v37-7h3g-55p8,unknown
posx-mokobara-store,osv-scanner,nanoid,7.4,GHSA-xwg4-73v4-xw9w,unknown
posx-mokobara-store,osv-scanner,nanoid,8.2,GHSA-28wg-ghj8-5hjv,unknown
posx-mokobara-store,osv-scanner,nanoid,8.2,GHSA-2v37-7h3g-55p8,unknown
posx-mokobara-store,osv-scanner,nanoid,7.4,GHSA-xwg4-73v4-xw9w,unknown
posx-mokobara-store,osv-scanner,picomatch,5.3,GHSA-3v7f-55p6-f55p,unknown
posx-mokobara-store,osv-scanner,picomatch,7.5,GHSA-c2c7-rcm5-vvqj,unknown
posx-mokobara-store,osv-scanner,postcss,7.5,GHSA-6g55-p6wh-862q,unknown
posx-mokobara-store,osv-scanner,postcss,6.3,GHSA-fxqj-rqcc-2cmp,unknown
posx-mokobara-store,osv-scanner,postcss,6.1,GHSA-qx2v-qp2m-jg93,unknown
posx-mokobara-store,osv-scanner,postcss,7.5,GHSA-r28c-9q8g-f849,unknown
posx-mokobara-store,osv-scanner,postcss,7.5,GHSA-6g55-p6wh-862q,unknown
posx-mokobara-store,osv-scanner,postcss,6.3,GHSA-fxqj-rqcc-2cmp,unknown
posx-mokobara-store,osv-scanner,postcss,6.1,GHSA-qx2v-qp2m-jg93,unknown
posx-mokobara-store,osv-scanner,postcss,7.5,GHSA-r28c-9q8g-f849,unknown
posx-mokobara-store,osv-scanner,react-router,6.6,GHSA-2j2x-hqr9-3h42,unknown
posx-mokobara-store,osv-scanner,react-router,8.0,GHSA-2w69-qvjg-hvjx,unknown
posx-mokobara-store,osv-scanner,react-router,6.1,GHSA-337j-9hxr-rhxg,unknown
posx-mokobara-store,osv-scanner,react-router,7.6,GHSA-3cgp-3xvw-98x8,unknown
posx-mokobara-store,osv-scanner,react-router,8.1,GHSA-49rj-9fvp-4h2h,unknown
posx-mokobara-store,osv-scanner,react-router,8.2,GHSA-8v8x-cx79-35w7,unknown
posx-mokobara-store,osv-scanner,react-router,7.5,GHSA-8x6r-g9mw-2r78,unknown
posx-mokobara-store,osv-scanner,react-router,6.5,GHSA-9jcx-v3wj-wh4m,unknown
posx-mokobara-store,osv-scanner,react-router,8.7,GHSA-chx6-hx7r-mcp5,unknown
posx-mokobara-store,osv-scanner,react-router,8.2,GHSA-cpj6-fhp6-mr6j,unknown
posx-mokobara-store,osv-scanner,react-router,7.5,GHSA-f46r-rw29-r322,unknown
posx-mokobara-store,osv-scanner,react-router,6.5,GHSA-h5cw-625j-3rxh,unknown
posx-mokobara-store,osv-scanner,react-router,7.5,GHSA-rxv8-25v2-qmq8,unknown
posx-mokobara-store,osv-scanner,react-router,5.1,GHSA-wrjc-x8rr-h8h6,unknown
posx-mokobara-store,osv-scanner,rollup,8.8,GHSA-mw96-cpmx-2vgc,unknown
posx-mokobara-store,osv-scanner,turbo-stream,7.5,GHSA-rxv8-25v2-qmq8,unknown
posx-mokobara-store,osv-scanner,vite,6.0,GHSA-356w-63v5-8wf4,unknown
posx-mokobara-store,osv-scanner,vite,6.3,GHSA-4w7w-66w2-5vf9,unknown
posx-mokobara-store,osv-scanner,vite,6.0,GHSA-859w-5945-r5v3,unknown
posx-mokobara-store,osv-scanner,vite,6.0,GHSA-93m4-6634-74q7,unknown
posx-mokobara-store,osv-scanner,vite,8.2,GHSA-fx2h-pf6j-xcff,unknown
posx-mokobara-store,osv-scanner,vite,2.3,GHSA-g4jq-h2w9-997c,unknown
posx-mokobara-store,osv-scanner,vite,2.3,GHSA-jqfw-vq24-v9c3,unknown
posx-mokobara-store,osv-scanner,vite,8.2,GHSA-p9ff-h696-f583,unknown
posx-mokobara-store,osv-scanner,vite,5.5,GHSA-v6wh-96g9-6wx3,unknown
posx-mokobara-store,osv-scanner,yaml,4.3,GHSA-48c2-rrv3-qjmp,unknown
posx-ugaoo-admin,osv-scanner,@babel/core,3.2,GHSA-4x5r-pxfx-6jf8,unknown
posx-ugaoo-admin,osv-scanner,@babel/helpers,6.2,GHSA-968p-4wvh-cqc8,unknown
posx-ugaoo-admin,osv-scanner,@babel/runtime,6.2,GHSA-968p-4wvh-cqc8,unknown
posx-ugaoo-admin,osv-scanner,@remix-run/router,6.6,GHSA-2j2x-hqr9-3h42,unknown
posx-ugaoo-admin,osv-scanner,@remix-run/router,8.0,GHSA-2w69-qvjg-hvjx,unknown
posx-ugaoo-admin,osv-scanner,ajv,5.5,GHSA-2g4f-4pwh-qvx6,unknown
posx-ugaoo-admin,osv-scanner,axios,8.7,GHSA-35jp-ww65-95wh,unknown
posx-ugaoo-admin,osv-scanner,axios,7.0,GHSA-3g43-6gmg-66jw,unknown
posx-ugaoo-admin,osv-scanner,axios,6.3,GHSA-3p68-rc4w-qgx5,unknown
posx-ugaoo-admin,osv-scanner,axios,6.5,GHSA-3w6x-2g7m-8v23,unknown
posx-ugaoo-admin,osv-scanner,axios,6.3,GHSA-42h9-826w-cgv3,unknown
posx-ugaoo-admin,osv-scanner,axios,7.5,GHSA-43fc-jf86-j433,unknown
posx-ugaoo-admin,osv-scanner,axios,5.3,GHSA-445q-vr5w-6q77,unknown
posx-ugaoo-admin,osv-scanner,axios,5.3,GHSA-5c9x-8gcm-mpgx,unknown
posx-ugaoo-admin,osv-scanner,axios,7.5,GHSA-62hf-57xw-28j9,unknown
posx-ugaoo-admin,osv-scanner,axios,7.4,GHSA-6chq-wfr3-2hj9,unknown
posx-ugaoo-admin,osv-scanner,axios,7.5,GHSA-777c-7fjr-54vf,unknown
posx-ugaoo-admin,osv-scanner,axios,6.3,GHSA-7q8q-rj6j-mhjq,unknown
posx-ugaoo-admin,osv-scanner,axios,4.8,GHSA-898c-q2cr-xwhg,unknown
posx-ugaoo-admin,osv-scanner,axios,4.8,GHSA-fvcv-3m26-pcqx,unknown
posx-ugaoo-admin,osv-scanner,axios,7.5,GHSA-hfxv-24rg-xrqf,unknown
posx-ugaoo-admin,osv-scanner,axios,7.5,GHSA-j5f8-grm9-p9fc,unknown
posx-ugaoo-admin,osv-scanner,axios,6.3,GHSA-jqh4-m9w3-8hp9,unknown
posx-ugaoo-admin,osv-scanner,axios,6.8,GHSA-m7pr-hjqh-92cm,unknown
posx-ugaoo-admin,osv-scanner,axios,6.3,GHSA-mmx7-hfxf-jppx,unknown
posx-ugaoo-admin,osv-scanner,axios,8.2,GHSA-p92q-9vqr-4j8v,unknown
posx-ugaoo-admin,osv-scanner,axios,7.4,GHSA-pf86-5x62-jrwf,unknown
posx-ugaoo-admin,osv-scanner,axios,6.3,GHSA-pmv8-rq9r-6j72,unknown
posx-ugaoo-admin,osv-scanner,axios,7.2,GHSA-pmwg-cvhr-8vh7,unknown
posx-ugaoo-admin,osv-scanner,axios,7.4,GHSA-q8qp-cvcw-x6jj,unknown
posx-ugaoo-admin,osv-scanner,axios,5.3,GHSA-vf2m-468p-8v99,unknown
posx-ugaoo-admin,osv-scanner,axios,4.8,GHSA-w9j2-pvgh-6h63,unknown
posx-ugaoo-admin,osv-scanner,axios,3.7,GHSA-xhjh-pmcv-23jw,unknown
posx-ugaoo-admin,osv-scanner,axios,5.4,GHSA-xx6v-rp6x-q39c,unknown
posx-ugaoo-admin,osv-scanner,brace-expansion,7.7,GHSA-3jxr-9vmj-r5cp,unknown
posx-ugaoo-admin,osv-scanner,brace-expansion,6.5,GHSA-f886-m6hf-6m8v,unknown
posx-ugaoo-admin,osv-scanner,brace-expansion,7.5,GHSA-mh99-v99m-4gvg,unknown
posx-ugaoo-admin,osv-scanner,brace-expansion,7.5,GHSA-rgw5-rvv9-x895,unknown
posx-ugaoo-admin,osv-scanner,brace-expansion,3.1,GHSA-v6h2-p8h4-qcjw,unknown
posx-ugaoo-admin,osv-scanner,browserslist,7.5,GHSA-73wf-gq98-2v4g,unknown
posx-ugaoo-admin,osv-scanner,browserslist,7.5,GHSA-c83g-rgw3-j3cx,unknown
posx-ugaoo-admin,osv-scanner,esbuild,5.3,GHSA-67mh-4wv8-2f99,unknown
posx-ugaoo-admin,osv-scanner,fast-uri,7.5,GHSA-4c8g-83qw-93j6,unknown
posx-ugaoo-admin,osv-scanner,fast-uri,7.5,GHSA-7p8r-x3mc-p8w7,unknown
posx-ugaoo-admin,osv-scanner,fast-uri,7.5,GHSA-f65p-4m7j-42xc,unknown
posx-ugaoo-admin,osv-scanner,fast-uri,7.5,GHSA-jqff-g426-hqxp,unknown
posx-ugaoo-admin,osv-scanner,fast-uri,7.5,GHSA-q3j6-qgpj-74h6,unknown
posx-ugaoo-admin,osv-scanner,fast-uri,7.5,GHSA-v2hh-gcrm-f6hx,unknown
posx-ugaoo-admin,osv-scanner,fast-uri,7.5,GHSA-v39h-62p7-jpjc,unknown
posx-ugaoo-admin,osv-scanner,follow-redirects,6.9,GHSA-r4q5-vmmm-2653,unknown
posx-ugaoo-admin,osv-scanner,form-data,8.7,GHSA-hmw2-7cc7-3qxx,unknown
posx-ugaoo-admin,osv-scanner,glob,7.5,GHSA-5j98-mcp5-4vw2,unknown
posx-ugaoo-admin,osv-scanner,i18next-http-backend,6.5,GHSA-q89c-q3h5-w34g,unknown
posx-ugaoo-admin,osv-scanner,lodash,6.9,GHSA-f23m-r3pf-42rh,unknown
posx-ugaoo-admin,osv-scanner,lodash,8.1,GHSA-r5fr-rjxr-66jc,unknown
posx-ugaoo-admin,osv-scanner,lodash,6.9,GHSA-xxjr-mmjv-4gpg,unknown
posx-ugaoo-admin,osv-scanner,minimatch,7.5,GHSA-23c5-xmqv-rm74,unknown
posx-ugaoo-admin,osv-scanner,minimatch,8.7,GHSA-3ppc-4f35-3m26,unknown
posx-ugaoo-admin,osv-scanner,minimatch,7.5,GHSA-7r86-cg39-jmmj,unknown
posx-ugaoo-admin,osv-scanner,nanoid,8.2,GHSA-28wg-ghj8-5hjv,unknown
posx-ugaoo-admin,osv-scanner,nanoid,8.2,GHSA-2v37-7h3g-55p8,unknown
posx-ugaoo-admin,osv-scanner,nanoid,7.4,GHSA-xwg4-73v4-xw9w,unknown
posx-ugaoo-admin,osv-scanner,picomatch,5.3,GHSA-3v7f-55p6-f55p,unknown
posx-ugaoo-admin,osv-scanner,picomatch,7.5,GHSA-c2c7-rcm5-vvqj,unknown
posx-ugaoo-admin,osv-scanner,picomatch,5.3,GHSA-3v7f-55p6-f55p,unknown
posx-ugaoo-admin,osv-scanner,picomatch,7.5,GHSA-c2c7-rcm5-vvqj,unknown
posx-ugaoo-admin,osv-scanner,postcss,7.5,GHSA-6g55-p6wh-862q,unknown
posx-ugaoo-admin,osv-scanner,postcss,6.3,GHSA-fxqj-rqcc-2cmp,unknown
posx-ugaoo-admin,osv-scanner,postcss,6.1,GHSA-qx2v-qp2m-jg93,unknown
posx-ugaoo-admin,osv-scanner,postcss,7.5,GHSA-r28c-9q8g-f849,unknown
posx-ugaoo-admin,osv-scanner,postcss-selector-parser,4.3,GHSA-w9m9-85wc-3x92,unknown
posx-ugaoo-admin,osv-scanner,prismjs,4.9,GHSA-x7hr-w5r2-h6wg,unknown
posx-ugaoo-admin,osv-scanner,qs,6.3,GHSA-4mjr-xmp4-gh2g,unknown
posx-ugaoo-admin,osv-scanner,qs,6.3,GHSA-6rw7-vpxm-498p,unknown
posx-ugaoo-admin,osv-scanner,qs,6.3,GHSA-q8mj-m7cp-5q26,unknown
posx-ugaoo-admin,osv-scanner,qs,3.7,GHSA-w7fw-mjwx-w883,unknown
posx-ugaoo-admin,osv-scanner,react-router,6.6,GHSA-2j2x-hqr9-3h42,unknown
posx-ugaoo-admin,osv-scanner,react-router,6.1,GHSA-337j-9hxr-rhxg,unknown
posx-ugaoo-admin,osv-scanner,react-router,6.5,GHSA-9jcx-v3wj-wh4m,unknown
posx-ugaoo-admin,osv-scanner,react-router,5.1,GHSA-wrjc-x8rr-h8h6,unknown
posx-ugaoo-admin,osv-scanner,rollup,8.8,GHSA-mw96-cpmx-2vgc,unknown
posx-ugaoo-admin,osv-scanner,undici,7.4,GHSA-4cwx-7wf7-3272,unknown
posx-ugaoo-admin,osv-scanner,undici,4.8,GHSA-8xcm-r25x-g524,unknown
posx-ugaoo-admin,osv-scanner,undici,5.9,GHSA-jr45-8vmc-qm54,unknown
posx-ugaoo-admin,osv-scanner,undici,4.2,GHSA-m8rv-5g2x-5cg5,unknown
posx-ugaoo-admin,osv-scanner,undici,4.8,GHSA-v3r7-h72x-cjcm,unknown
posx-ugaoo-admin,osv-scanner,vite,6.0,GHSA-356w-63v5-8wf4,unknown
posx-ugaoo-admin,osv-scanner,vite,5.3,GHSA-4r4m-qw57-chr8,unknown
posx-ugaoo-admin,osv-scanner,vite,6.3,GHSA-4w7w-66w2-5vf9,unknown
posx-ugaoo-admin,osv-scanner,vite,6.0,GHSA-859w-5945-r5v3,unknown
posx-ugaoo-admin,osv-scanner,vite,6.0,GHSA-93m4-6634-74q7,unknown
posx-ugaoo-admin,osv-scanner,vite,8.2,GHSA-fx2h-pf6j-xcff,unknown
posx-ugaoo-admin,osv-scanner,vite,2.3,GHSA-g4jq-h2w9-997c,unknown
posx-ugaoo-admin,osv-scanner,vite,2.3,GHSA-jqfw-vq24-v9c3,unknown
posx-ugaoo-admin,osv-scanner,vite,5.5,GHSA-v6wh-96g9-6wx3,unknown
posx-ugaoo-admin,osv-scanner,vite,5.3,GHSA-x574-m823-4x7w,unknown
posx-ugaoo-admin,osv-scanner,vite,5.3,GHSA-xcj6-pq6g-qj4x,unknown
posx-ugaoo-admin,osv-scanner,vitest,9.8,GHSA-5xrq-8626-4rwp,unknown
posx-ugaoo-admin,osv-scanner,xlsx,7.8,GHSA-4r6h-8v6p-xvw6,unknown
posx-ugaoo-admin,osv-scanner,xlsx,7.5,GHSA-5pgg-2g8v-p4x9,unknown
posx-ugaoo-admin,osv-scanner,yaml,4.3,GHSA-48c2-rrv3-qjmp,unknown
posx-ugaoo-admin,osv-scanner,@remix-run/router,6.6,GHSA-2j2x-hqr9-3h42,unknown
posx-ugaoo-admin,osv-scanner,@remix-run/router,8.0,GHSA-2w69-qvjg-hvjx,unknown
posx-ugaoo-admin,osv-scanner,@vitest/browser,9.4,GHSA-p63j-vcc4-9vmv,unknown
posx-ugaoo-admin,osv-scanner,browserslist,7.5,GHSA-73wf-gq98-2v4g,unknown
posx-ugaoo-admin,osv-scanner,browserslist,7.5,GHSA-c83g-rgw3-j3cx,unknown
posx-ugaoo-admin,osv-scanner,esbuild,5.3,GHSA-67mh-4wv8-2f99,unknown
posx-ugaoo-admin,osv-scanner,esbuild,2.5,GHSA-g7r4-m6w7-qqqr,unknown
posx-ugaoo-admin,osv-scanner,fast-uri,7.5,GHSA-5jgf-p345-68v8,unknown
posx-ugaoo-admin,osv-scanner,fast-uri,7.5,GHSA-7p8r-x3mc-p8w7,unknown
posx-ugaoo-admin,osv-scanner,fast-uri,7.5,GHSA-f65p-4m7j-42xc,unknown
posx-ugaoo-admin,osv-scanner,fast-uri,7.5,GHSA-fph4-wmhf-6fwf,unknown
posx-ugaoo-admin,osv-scanner,fast-uri,7.5,GHSA-jqff-g426-hqxp,unknown
posx-ugaoo-admin,osv-scanner,fast-uri,7.5,GHSA-v2hh-gcrm-f6hx,unknown
posx-ugaoo-admin,osv-scanner,i18next-http-backend,6.5,GHSA-q89c-q3h5-w34g,unknown
posx-ugaoo-admin,osv-scanner,nanoid,8.2,GHSA-28wg-ghj8-5hjv,unknown
posx-ugaoo-admin,osv-scanner,nanoid,8.2,GHSA-2v37-7h3g-55p8,unknown
posx-ugaoo-admin,osv-scanner,postcss,6.3,GHSA-fxqj-rqcc-2cmp,unknown
posx-ugaoo-admin,osv-scanner,postcss,7.5,GHSA-r28c-9q8g-f849,unknown
posx-ugaoo-admin,osv-scanner,qs,6.3,GHSA-4mjr-xmp4-gh2g,unknown
posx-ugaoo-admin,osv-scanner,qs,6.3,GHSA-x5fp-wj9c-mxmx,unknown
posx-ugaoo-admin,osv-scanner,react-router,6.6,GHSA-2j2x-hqr9-3h42,unknown
posx-ugaoo-admin,osv-scanner,react-router,6.1,GHSA-337j-9hxr-rhxg,unknown
posx-ugaoo-admin,osv-scanner,react-router,6.5,GHSA-9jcx-v3wj-wh4m,unknown
posx-ugaoo-admin,osv-scanner,react-router,5.1,GHSA-wrjc-x8rr-h8h6,unknown
posx-ugaoo-admin,osv-scanner,tar,7.5,GHSA-r292-9mhp-454m,unknown
posx-ugaoo-admin,osv-scanner,undici,4.8,GHSA-8xcm-r25x-g524,unknown
posx-ugaoo-admin,osv-scanner,undici,4.2,GHSA-m8rv-5g2x-5cg5,unknown
posx-ugaoo-admin,osv-scanner,undici,4.8,GHSA-v3r7-h72x-cjcm,unknown
posx-ugaoo-admin,osv-scanner,undici,7.4,GHSA-4cwx-7wf7-3272,unknown
posx-ugaoo-admin,osv-scanner,undici,4.8,GHSA-8xcm-r25x-g524,unknown
posx-ugaoo-admin,osv-scanner,undici,5.9,GHSA-jr45-8vmc-qm54,unknown
posx-ugaoo-admin,osv-scanner,undici,4.2,GHSA-m8rv-5g2x-5cg5,unknown
posx-ugaoo-admin,osv-scanner,undici,4.8,GHSA-v3r7-h72x-cjcm,unknown
posx-ugaoo-admin,osv-scanner,vite,6.3,GHSA-4w7w-66w2-5vf9,unknown
posx-ugaoo-admin,osv-scanner,vite,8.2,GHSA-fx2h-pf6j-xcff,unknown
posx-ugaoo-admin,osv-scanner,vite,5.5,GHSA-v6wh-96g9-6wx3,unknown
posx-ugaoo-admin,osv-scanner,xlsx,7.8,GHSA-4r6h-8v6p-xvw6,unknown
posx-ugaoo-admin,osv-scanner,xlsx,7.5,GHSA-5pgg-2g8v-p4x9,unknown
posx-ugaoo-backend,osv-scanner,@babel/core,3.2,GHSA-4x5r-pxfx-6jf8,unknown
posx-ugaoo-backend,osv-scanner,@grpc/grpc-js,7.5,GHSA-5375-pq7m-f5r2,unknown
posx-ugaoo-backend,osv-scanner,@grpc/grpc-js,7.5,GHSA-99f4-grh7-6pcq,unknown
posx-ugaoo-backend,osv-scanner,@mikro-orm/core,9.3,GHSA-gwhv-j974-6fxm,unknown
posx-ugaoo-backend,osv-scanner,@mikro-orm/core,8.3,GHSA-qpfv-44f3-qqx6,unknown
posx-ugaoo-backend,osv-scanner,@mikro-orm/knex,7.6,GHSA-cfw5-68c4-ffqp,unknown
posx-ugaoo-backend,osv-scanner,@opentelemetry/core,5.3,GHSA-8988-4f7v-96qf,unknown
posx-ugaoo-backend,osv-scanner,@opentelemetry/core,5.3,GHSA-8988-4f7v-96qf,unknown
posx-ugaoo-backend,osv-scanner,@opentelemetry/exporter-prometheus,7.5,GHSA-q7rr-3cgh-j5r3,unknown
posx-ugaoo-backend,osv-scanner,@opentelemetry/propagator-jaeger,7.5,GHSA-45rx-2jwx-cxfr,unknown
posx-ugaoo-backend,osv-scanner,@opentelemetry/sdk-node,7.5,GHSA-q7rr-3cgh-j5r3,unknown
posx-ugaoo-backend,osv-scanner,@protobufjs/utf8,5.3,GHSA-q6x5-8v7m-xcrf,unknown
posx-ugaoo-backend,osv-scanner,@remix-run/router,6.6,GHSA-2j2x-hqr9-3h42,unknown
posx-ugaoo-backend,osv-scanner,ajv,5.5,GHSA-2g4f-4pwh-qvx6,unknown
posx-ugaoo-backend,osv-scanner,basic-ftp,9.1,GHSA-5rq4-664w-9x2c,unknown
posx-ugaoo-backend,osv-scanner,basic-ftp,8.2,GHSA-6v7q-wjvx-w8wg,unknown
posx-ugaoo-backend,osv-scanner,basic-ftp,7.5,GHSA-rp42-5vxx-qpwr,unknown
posx-ugaoo-backend,osv-scanner,basic-ftp,7.5,GHSA-rpmf-866q-6p89,unknown
posx-ugaoo-backend,osv-scanner,body-parser,3.7,GHSA-v422-hmwv-36x6,unknown
posx-ugaoo-backend,osv-scanner,brace-expansion,7.7,GHSA-3jxr-9vmj-r5cp,unknown
posx-ugaoo-backend,osv-scanner,brace-expansion,6.5,GHSA-f886-m6hf-6m8v,unknown
posx-ugaoo-backend,osv-scanner,brace-expansion,7.5,GHSA-mh99-v99m-4gvg,unknown
posx-ugaoo-backend,osv-scanner,brace-expansion,7.5,GHSA-rgw5-rvv9-x895,unknown
posx-ugaoo-backend,osv-scanner,brace-expansion,3.1,GHSA-v6h2-p8h4-qcjw,unknown
posx-ugaoo-backend,osv-scanner,brace-expansion,7.7,GHSA-3jxr-9vmj-r5cp,unknown
posx-ugaoo-backend,osv-scanner,brace-expansion,6.5,GHSA-f886-m6hf-6m8v,unknown
posx-ugaoo-backend,osv-scanner,brace-expansion,7.5,GHSA-mh99-v99m-4gvg,unknown
posx-ugaoo-backend,osv-scanner,brace-expansion,7.5,GHSA-rgw5-rvv9-x895,unknown
posx-ugaoo-backend,osv-scanner,brace-expansion,3.1,GHSA-v6h2-p8h4-qcjw,unknown
posx-ugaoo-backend,osv-scanner,brace-expansion,7.7,GHSA-3jxr-9vmj-r5cp,unknown
posx-ugaoo-backend,osv-scanner,brace-expansion,6.5,GHSA-f886-m6hf-6m8v,unknown
posx-ugaoo-backend,osv-scanner,brace-expansion,6.5,GHSA-jxxr-4gwj-5jf2,unknown
posx-ugaoo-backend,osv-scanner,brace-expansion,7.5,GHSA-mh99-v99m-4gvg,unknown
posx-ugaoo-backend,osv-scanner,brace-expansion,7.5,GHSA-rgw5-rvv9-x895,unknown
posx-ugaoo-backend,osv-scanner,browserslist,7.5,GHSA-73wf-gq98-2v4g,unknown
posx-ugaoo-backend,osv-scanner,browserslist,7.5,GHSA-c83g-rgw3-j3cx,unknown
posx-ugaoo-backend,osv-scanner,diff,2.7,GHSA-73rr-hh4g-fpgx,unknown
posx-ugaoo-backend,osv-scanner,esbuild,5.3,GHSA-67mh-4wv8-2f99,unknown
posx-ugaoo-backend,osv-scanner,extract-zip,8.6,GHSA-jmr9-qjv8-65gv,unknown
posx-ugaoo-backend,osv-scanner,fast-xml-parser,7.5,GHSA-8gc5-j5rx-235r,unknown
posx-ugaoo-backend,osv-scanner,fast-xml-parser,2.7,GHSA-fj3w-jwp8-x2g3,unknown
posx-ugaoo-backend,osv-scanner,fast-xml-parser,6.1,GHSA-gh4j-gqv2-49f6,unknown
posx-ugaoo-backend,osv-scanner,fast-xml-parser,7.5,GHSA-jmr7-xgp7-cmfj,unknown
posx-ugaoo-backend,osv-scanner,fast-xml-parser,5.9,GHSA-jp2q-39xq-3w4g,unknown
posx-ugaoo-backend,osv-scanner,fast-xml-parser,9.3,GHSA-m7jm-9gc2-mpf2,unknown
posx-ugaoo-backend,osv-scanner,form-data,8.7,GHSA-hmw2-7cc7-3qxx,unknown
posx-ugaoo-backend,osv-scanner,i18next-http-backend,6.5,GHSA-q89c-q3h5-w34g,unknown
posx-ugaoo-backend,osv-scanner,immutable,8.7,GHSA-v56q-mh7h-f735,unknown
posx-ugaoo-backend,osv-scanner,immutable,9.8,GHSA-wf6x-7x77-mvgw,unknown
posx-ugaoo-backend,osv-scanner,immutable,8.7,GHSA-xvcm-6775-5m9r,unknown
posx-ugaoo-backend,osv-scanner,ip-address,7.7,GHSA-mwp4-54f8-5fhr,unknown
posx-ugaoo-backend,osv-scanner,ip-address,5.3,GHSA-v2v4-37r5-5v8g,unknown
posx-ugaoo-backend,osv-scanner,js-yaml,7.5,GHSA-52cp-r559-cp3m,unknown
posx-ugaoo-backend,osv-scanner,js-yaml,7.5,GHSA-5p4m-2wfm-xmqj,unknown
posx-ugaoo-backend,osv-scanner,js-yaml,5.3,GHSA-h67p-54hq-rp68,unknown
posx-ugaoo-backend,osv-scanner,js-yaml,5.3,GHSA-mh29-5h37-fv8m,unknown
posx-ugaoo-backend,osv-scanner,js-yaml,7.5,GHSA-52cp-r559-cp3m,unknown
posx-ugaoo-backend,osv-scanner,js-yaml,7.5,GHSA-5p4m-2wfm-xmqj,unknown
posx-ugaoo-backend,osv-scanner,js-yaml,5.3,GHSA-h67p-54hq-rp68,unknown
posx-ugaoo-backend,osv-scanner,js-yaml,5.3,GHSA-mh29-5h37-fv8m,unknown
posx-ugaoo-backend,osv-scanner,json-2-csv,6.8,GHSA-g27c-q7cp-mhx6,unknown
posx-ugaoo-backend,osv-scanner,jws,7.5,GHSA-869p-cjfg-cm3x,unknown
posx-ugaoo-backend,osv-scanner,lodash,6.9,GHSA-f23m-r3pf-42rh,unknown
posx-ugaoo-backend,osv-scanner,lodash,8.1,GHSA-r5fr-rjxr-66jc,unknown
posx-ugaoo-backend,osv-scanner,lodash,6.9,GHSA-xxjr-mmjv-4gpg,unknown
posx-ugaoo-backend,osv-scanner,minimatch,7.5,GHSA-23c5-xmqv-rm74,unknown
posx-ugaoo-backend,osv-scanner,minimatch,8.7,GHSA-3ppc-4f35-3m26,unknown
posx-ugaoo-backend,osv-scanner,minimatch,7.5,GHSA-7r86-cg39-jmmj,unknown
posx-ugaoo-backend,osv-scanner,minimatch,7.5,GHSA-23c5-xmqv-rm74,unknown
posx-ugaoo-backend,osv-scanner,minimatch,8.7,GHSA-3ppc-4f35-3m26,unknown
posx-ugaoo-backend,osv-scanner,minimatch,7.5,GHSA-7r86-cg39-jmmj,unknown
posx-ugaoo-backend,osv-scanner,morgan,5.3,GHSA-4vj7-5mj6-jm8m,unknown
posx-ugaoo-backend,osv-scanner,multer,5.3,GHSA-3p4h-7m6x-2hcm,unknown
posx-ugaoo-backend,osv-scanner,multer,8.7,GHSA-5528-5vmv-3xc2,unknown
posx-ugaoo-backend,osv-scanner,multer,7.5,GHSA-72gw-mp4g-v24j,unknown
posx-ugaoo-backend,osv-scanner,nanoid,8.2,GHSA-28wg-ghj8-5hjv,unknown
posx-ugaoo-backend,osv-scanner,nanoid,8.2,GHSA-2v37-7h3g-55p8,unknown
posx-ugaoo-backend,osv-scanner,nanoid,7.4,GHSA-xwg4-73v4-xw9w,unknown
posx-ugaoo-backend,osv-scanner,nodemailer,5.4,GHSA-268h-hp4c-crq3,unknown
posx-ugaoo-backend,osv-scanner,nodemailer,2.3,GHSA-c7w3-x93f-qmm8,unknown
posx-ugaoo-backend,osv-scanner,nodemailer,5.5,GHSA-mm7p-fcc7-pg87,unknown
posx-ugaoo-backend,osv-scanner,nodemailer,7.1,GHSA-p6gq-j5cr-w38f,unknown
posx-ugaoo-backend,osv-scanner,nodemailer,6.5,GHSA-r7g4-qg5f-qqm2,unknown
posx-ugaoo-backend,osv-scanner,nodemailer,7.5,GHSA-rcmh-qjqh-p98v,unknown
posx-ugaoo-backend,osv-scanner,nodemailer,4.9,GHSA-vvjj-xcjg-gr5g,unknown
posx-ugaoo-backend,osv-scanner,nodemailer,5.4,GHSA-wqvq-jvpq-h66f,unknown
posx-ugaoo-backend,osv-scanner,on-headers,3.4,GHSA-76c9-3jph-rj3q,unknown
posx-ugaoo-backend,osv-scanner,path-to-regexp,7.5,GHSA-37ch-88jc-xwx2,unknown
posx-ugaoo-backend,osv-scanner,path-to-regexp,5.9,GHSA-27v5-c462-wpq7,unknown
posx-ugaoo-backend,osv-scanner,path-to-regexp,7.5,GHSA-j3q9-mxjg-w52f,unknown
posx-ugaoo-backend,osv-scanner,picomatch,5.3,GHSA-3v7f-55p6-f55p,unknown
posx-ugaoo-backend,osv-scanner,picomatch,7.5,GHSA-c2c7-rcm5-vvqj,unknown
posx-ugaoo-backend,osv-scanner,picomatch,5.3,GHSA-3v7f-55p6-f55p,unknown
posx-ugaoo-backend,osv-scanner,picomatch,7.5,GHSA-c2c7-rcm5-vvqj,unknown
posx-ugaoo-backend,osv-scanner,postcss,7.5,GHSA-6g55-p6wh-862q,unknown
posx-ugaoo-backend,osv-scanner,postcss,6.3,GHSA-fxqj-rqcc-2cmp,unknown
posx-ugaoo-backend,osv-scanner,postcss,6.1,GHSA-qx2v-qp2m-jg93,unknown
posx-ugaoo-backend,osv-scanner,postcss,7.5,GHSA-r28c-9q8g-f849,unknown
posx-ugaoo-backend,osv-scanner,postcss-selector-parser,4.3,GHSA-w9m9-85wc-3x92,unknown
posx-ugaoo-backend,osv-scanner,protobufjs,5.3,GHSA-2pr8-phx7-x9h3,unknown
posx-ugaoo-backend,osv-scanner,protobufjs,7.7,GHSA-66ff-xgx4-vchm,unknown
posx-ugaoo-backend,osv-scanner,protobufjs,7.5,GHSA-685m-2w69-288q,unknown
posx-ugaoo-backend,osv-scanner,protobufjs,8.1,GHSA-75px-5xx7-5xc7,unknown
posx-ugaoo-backend,osv-scanner,protobufjs,5.3,GHSA-f38q-mgvj-vph7,unknown
posx-ugaoo-backend,osv-scanner,protobufjs,5.3,GHSA-fx83-v9x8-x52w,unknown
posx-ugaoo-backend,osv-scanner,protobufjs,5.3,GHSA-j3f2-48v5-ccww,unknown
posx-ugaoo-backend,osv-scanner,protobufjs,5.3,GHSA-jggg-4jg4-v7c6,unknown
posx-ugaoo-backend,osv-scanner,protobufjs,7.5,GHSA-jvwf-75h9-cwgg,unknown
posx-ugaoo-backend,osv-scanner,protobufjs,5.3,GHSA-q6x5-8v7m-xcrf,unknown
posx-ugaoo-backend,osv-scanner,protobufjs,7.5,GHSA-wcpc-wj8m-hjx6,unknown
posx-ugaoo-backend,osv-scanner,protobufjs,9.8,GHSA-xq3m-2v4x-88gg,unknown
posx-ugaoo-backend,osv-scanner,qs,6.3,GHSA-4mjr-xmp4-gh2g,unknown
posx-ugaoo-backend,osv-scanner,qs,6.3,GHSA-6rw7-vpxm-498p,unknown
posx-ugaoo-backend,osv-scanner,qs,6.3,GHSA-q8mj-m7cp-5q26,unknown
posx-ugaoo-backend,osv-scanner,qs,3.7,GHSA-w7fw-mjwx-w883,unknown
posx-ugaoo-backend,osv-scanner,qs,6.3,GHSA-4mjr-xmp4-gh2g,unknown
posx-ugaoo-backend,osv-scanner,qs,6.3,GHSA-q8mj-m7cp-5q26,unknown
posx-ugaoo-backend,osv-scanner,qs,6.3,GHSA-x5fp-wj9c-mxmx,unknown
posx-ugaoo-backend,osv-scanner,react-router,6.6,GHSA-2j2x-hqr9-3h42,unknown
posx-ugaoo-backend,osv-scanner,react-router,6.1,GHSA-337j-9hxr-rhxg,unknown
posx-ugaoo-backend,osv-scanner,react-router,5.1,GHSA-wrjc-x8rr-h8h6,unknown
posx-ugaoo-backend,osv-scanner,react-router-dom,6.9,GHSA-jjmj-jmhj-qwj2,unknown
posx-ugaoo-backend,osv-scanner,rollup,8.8,GHSA-mw96-cpmx-2vgc,unknown
posx-ugaoo-backend,osv-scanner,tar-fs,8.7,GHSA-8cj5-5rvv-wf4v,unknown
posx-ugaoo-backend,osv-scanner,tar-fs,8.7,GHSA-vj76-c3g6-qr5v,unknown
posx-ugaoo-backend,osv-scanner,tmp,2.5,GHSA-52f5-9888-hmc6,unknown
posx-ugaoo-backend,osv-scanner,tmp,7.7,GHSA-ph9p-34f9-6g65,unknown
posx-ugaoo-backend,osv-scanner,uuid,7.5,GHSA-w5hq-g745-h8pq,unknown
posx-ugaoo-backend,osv-scanner,vite,6.3,GHSA-4w7w-66w2-5vf9,unknown
posx-ugaoo-backend,osv-scanner,vite,8.2,GHSA-fx2h-pf6j-xcff,unknown
posx-ugaoo-backend,osv-scanner,vite,5.5,GHSA-v6wh-96g9-6wx3,unknown
posx-ugaoo-backend,osv-scanner,ws,4.4,GHSA-58qx-3vcg-4xpx,unknown
posx-ugaoo-backend,osv-scanner,ws,7.5,GHSA-96hv-2xvq-fx4p,unknown
posx-ugaoo-backend,osv-scanner,@babel/core,3.2,GHSA-4x5r-pxfx-6jf8,unknown
posx-ugaoo-backend,osv-scanner,@grpc/grpc-js,7.5,GHSA-5375-pq7m-f5r2,unknown
posx-ugaoo-backend,osv-scanner,@grpc/grpc-js,7.5,GHSA-99f4-grh7-6pcq,unknown
posx-ugaoo-backend,osv-scanner,@mikro-orm/core,9.3,GHSA-gwhv-j974-6fxm,unknown
posx-ugaoo-backend,osv-scanner,@mikro-orm/core,8.3,GHSA-qpfv-44f3-qqx6,unknown
posx-ugaoo-backend,osv-scanner,@mikro-orm/knex,7.6,GHSA-cfw5-68c4-ffqp,unknown
posx-ugaoo-backend,osv-scanner,@opentelemetry/core,5.3,GHSA-8988-4f7v-96qf,unknown
posx-ugaoo-backend,osv-scanner,@opentelemetry/core,5.3,GHSA-8988-4f7v-96qf,unknown
posx-ugaoo-backend,osv-scanner,@opentelemetry/exporter-prometheus,7.5,GHSA-q7rr-3cgh-j5r3,unknown
posx-ugaoo-backend,osv-scanner,@opentelemetry/propagator-jaeger,7.5,GHSA-45rx-2jwx-cxfr,unknown
posx-ugaoo-backend,osv-scanner,@opentelemetry/sdk-node,7.5,GHSA-q7rr-3cgh-j5r3,unknown
posx-ugaoo-backend,osv-scanner,@protobufjs/utf8,5.3,GHSA-q6x5-8v7m-xcrf,unknown
posx-ugaoo-backend,osv-scanner,@remix-run/router,6.6,GHSA-2j2x-hqr9-3h42,unknown
posx-ugaoo-backend,osv-scanner,ajv,5.5,GHSA-2g4f-4pwh-qvx6,unknown
posx-ugaoo-backend,osv-scanner,axios,8.7,GHSA-35jp-ww65-95wh,unknown
posx-ugaoo-backend,osv-scanner,axios,7.0,GHSA-3g43-6gmg-66jw,unknown
posx-ugaoo-backend,osv-scanner,axios,6.3,GHSA-3p68-rc4w-qgx5,unknown
posx-ugaoo-backend,osv-scanner,axios,6.5,GHSA-3w6x-2g7m-8v23,unknown
posx-ugaoo-backend,osv-scanner,axios,6.3,GHSA-42h9-826w-cgv3,unknown
posx-ugaoo-backend,osv-scanner,axios,5.3,GHSA-445q-vr5w-6q77,unknown
posx-ugaoo-backend,osv-scanner,axios,5.3,GHSA-5c9x-8gcm-mpgx,unknown
posx-ugaoo-backend,osv-scanner,axios,7.5,GHSA-62hf-57xw-28j9,unknown
posx-ugaoo-backend,osv-scanner,axios,7.4,GHSA-6chq-wfr3-2hj9,unknown
posx-ugaoo-backend,osv-scanner,axios,7.5,GHSA-777c-7fjr-54vf,unknown
posx-ugaoo-backend,osv-scanner,axios,6.3,GHSA-7q8q-rj6j-mhjq,unknown
posx-ugaoo-backend,osv-scanner,axios,4.8,GHSA-898c-q2cr-xwhg,unknown
posx-ugaoo-backend,osv-scanner,axios,4.8,GHSA-fvcv-3m26-pcqx,unknown
posx-ugaoo-backend,osv-scanner,axios,7.5,GHSA-hfxv-24rg-xrqf,unknown
posx-ugaoo-backend,osv-scanner,axios,7.5,GHSA-j5f8-grm9-p9fc,unknown
posx-ugaoo-backend,osv-scanner,axios,6.3,GHSA-jqh4-m9w3-8hp9,unknown
posx-ugaoo-backend,osv-scanner,axios,6.8,GHSA-m7pr-hjqh-92cm,unknown
posx-ugaoo-backend,osv-scanner,axios,6.3,GHSA-mmx7-hfxf-jppx,unknown
posx-ugaoo-backend,osv-scanner,axios,6.3,GHSA-mwf2-3pr3-8698,unknown
posx-ugaoo-backend,osv-scanner,axios,8.2,GHSA-p92q-9vqr-4j8v,unknown
posx-ugaoo-backend,osv-scanner,axios,7.4,GHSA-pf86-5x62-jrwf,unknown
posx-ugaoo-backend,osv-scanner,axios,6.3,GHSA-pmv8-rq9r-6j72,unknown
posx-ugaoo-backend,osv-scanner,axios,7.2,GHSA-pmwg-cvhr-8vh7,unknown
posx-ugaoo-backend,osv-scanner,axios,7.4,GHSA-q8qp-cvcw-x6jj,unknown
posx-ugaoo-backend,osv-scanner,axios,5.3,GHSA-vf2m-468p-8v99,unknown
posx-ugaoo-backend,osv-scanner,axios,4.8,GHSA-w9j2-pvgh-6h63,unknown
posx-ugaoo-backend,osv-scanner,axios,3.7,GHSA-xhjh-pmcv-23jw,unknown
posx-ugaoo-backend,osv-scanner,axios,5.4,GHSA-xx6v-rp6x-q39c,unknown
posx-ugaoo-backend,osv-scanner,basic-ftp,9.1,GHSA-5rq4-664w-9x2c,unknown
posx-ugaoo-backend,osv-scanner,basic-ftp,8.2,GHSA-6v7q-wjvx-w8wg,unknown
posx-ugaoo-backend,osv-scanner,basic-ftp,7.5,GHSA-rp42-5vxx-qpwr,unknown
posx-ugaoo-backend,osv-scanner,basic-ftp,7.5,GHSA-rpmf-866q-6p89,unknown
posx-ugaoo-backend,osv-scanner,body-parser,3.7,GHSA-v422-hmwv-36x6,unknown
posx-ugaoo-backend,osv-scanner,brace-expansion,7.7,GHSA-3jxr-9vmj-r5cp,unknown
posx-ugaoo-backend,osv-scanner,brace-expansion,6.5,GHSA-f886-m6hf-6m8v,unknown
posx-ugaoo-backend,osv-scanner,brace-expansion,7.5,GHSA-mh99-v99m-4gvg,unknown
posx-ugaoo-backend,osv-scanner,brace-expansion,7.5,GHSA-rgw5-rvv9-x895,unknown
posx-ugaoo-backend,osv-scanner,brace-expansion,3.1,GHSA-v6h2-p8h4-qcjw,unknown
posx-ugaoo-backend,osv-scanner,brace-expansion,7.7,GHSA-3jxr-9vmj-r5cp,unknown
posx-ugaoo-backend,osv-scanner,brace-expansion,6.5,GHSA-f886-m6hf-6m8v,unknown
posx-ugaoo-backend,osv-scanner,brace-expansion,7.5,GHSA-mh99-v99m-4gvg,unknown
posx-ugaoo-backend,osv-scanner,brace-expansion,7.5,GHSA-rgw5-rvv9-x895,unknown
posx-ugaoo-backend,osv-scanner,brace-expansion,3.1,GHSA-v6h2-p8h4-qcjw,unknown
posx-ugaoo-backend,osv-scanner,brace-expansion,7.7,GHSA-3jxr-9vmj-r5cp,unknown
posx-ugaoo-backend,osv-scanner,brace-expansion,6.5,GHSA-f886-m6hf-6m8v,unknown
posx-ugaoo-backend,osv-scanner,brace-expansion,6.5,GHSA-jxxr-4gwj-5jf2,unknown
posx-ugaoo-backend,osv-scanner,brace-expansion,7.5,GHSA-mh99-v99m-4gvg,unknown
posx-ugaoo-backend,osv-scanner,brace-expansion,7.5,GHSA-rgw5-rvv9-x895,unknown
posx-ugaoo-backend,osv-scanner,browserslist,7.5,GHSA-73wf-gq98-2v4g,unknown
posx-ugaoo-backend,osv-scanner,browserslist,7.5,GHSA-c83g-rgw3-j3cx,unknown
posx-ugaoo-backend,osv-scanner,diff,2.7,GHSA-73rr-hh4g-fpgx,unknown
posx-ugaoo-backend,osv-scanner,esbuild,5.3,GHSA-67mh-4wv8-2f99,unknown
posx-ugaoo-backend,osv-scanner,extract-zip,8.6,GHSA-jmr9-qjv8-65gv,unknown
posx-ugaoo-backend,osv-scanner,fast-xml-parser,7.5,GHSA-8gc5-j5rx-235r,unknown
posx-ugaoo-backend,osv-scanner,fast-xml-parser,2.7,GHSA-fj3w-jwp8-x2g3,unknown
posx-ugaoo-backend,osv-scanner,fast-xml-parser,6.1,GHSA-gh4j-gqv2-49f6,unknown
posx-ugaoo-backend,osv-scanner,fast-xml-parser,7.5,GHSA-jmr7-xgp7-cmfj,unknown
posx-ugaoo-backend,osv-scanner,fast-xml-parser,5.9,GHSA-jp2q-39xq-3w4g,unknown
posx-ugaoo-backend,osv-scanner,fast-xml-parser,9.3,GHSA-m7jm-9gc2-mpf2,unknown
posx-ugaoo-backend,osv-scanner,follow-redirects,6.9,GHSA-r4q5-vmmm-2653,unknown
posx-ugaoo-backend,osv-scanner,form-data,8.7,GHSA-hmw2-7cc7-3qxx,unknown
posx-ugaoo-backend,osv-scanner,i18next-http-backend,6.5,GHSA-q89c-q3h5-w34g,unknown
posx-ugaoo-backend,osv-scanner,immutable,8.7,GHSA-v56q-mh7h-f735,unknown
posx-ugaoo-backend,osv-scanner,immutable,9.8,GHSA-wf6x-7x77-mvgw,unknown
posx-ugaoo-backend,osv-scanner,immutable,8.7,GHSA-xvcm-6775-5m9r,unknown
posx-ugaoo-backend,osv-scanner,ip-address,7.7,GHSA-mwp4-54f8-5fhr,unknown
posx-ugaoo-backend,osv-scanner,ip-address,5.3,GHSA-v2v4-37r5-5v8g,unknown
posx-ugaoo-backend,osv-scanner,js-yaml,7.5,GHSA-52cp-r559-cp3m,unknown
posx-ugaoo-backend,osv-scanner,js-yaml,7.5,GHSA-5p4m-2wfm-xmqj,unknown
posx-ugaoo-backend,osv-scanner,js-yaml,5.3,GHSA-h67p-54hq-rp68,unknown
posx-ugaoo-backend,osv-scanner,js-yaml,5.3,GHSA-mh29-5h37-fv8m,unknown
posx-ugaoo-backend,osv-scanner,js-yaml,7.5,GHSA-52cp-r559-cp3m,unknown
posx-ugaoo-backend,osv-scanner,js-yaml,7.5,GHSA-5p4m-2wfm-xmqj,unknown
posx-ugaoo-backend,osv-scanner,js-yaml,5.3,GHSA-h67p-54hq-rp68,unknown
posx-ugaoo-backend,osv-scanner,js-yaml,5.3,GHSA-mh29-5h37-fv8m,unknown
posx-ugaoo-backend,osv-scanner,json-2-csv,6.8,GHSA-g27c-q7cp-mhx6,unknown
posx-ugaoo-backend,osv-scanner,jws,7.5,GHSA-869p-cjfg-cm3x,unknown
posx-ugaoo-backend,osv-scanner,lodash,6.9,GHSA-f23m-r3pf-42rh,unknown
posx-ugaoo-backend,osv-scanner,lodash,8.1,GHSA-r5fr-rjxr-66jc,unknown
posx-ugaoo-backend,osv-scanner,lodash,6.9,GHSA-xxjr-mmjv-4gpg,unknown
posx-ugaoo-backend,osv-scanner,minimatch,7.5,GHSA-23c5-xmqv-rm74,unknown
posx-ugaoo-backend,osv-scanner,minimatch,8.7,GHSA-3ppc-4f35-3m26,unknown
posx-ugaoo-backend,osv-scanner,minimatch,7.5,GHSA-7r86-cg39-jmmj,unknown
posx-ugaoo-backend,osv-scanner,minimatch,7.5,GHSA-23c5-xmqv-rm74,unknown
posx-ugaoo-backend,osv-scanner,minimatch,8.7,GHSA-3ppc-4f35-3m26,unknown
posx-ugaoo-backend,osv-scanner,minimatch,7.5,GHSA-7r86-cg39-jmmj,unknown
posx-ugaoo-backend,osv-scanner,morgan,5.3,GHSA-4vj7-5mj6-jm8m,unknown
posx-ugaoo-backend,osv-scanner,multer,5.3,GHSA-3p4h-7m6x-2hcm,unknown
posx-ugaoo-backend,osv-scanner,multer,8.7,GHSA-5528-5vmv-3xc2,unknown
posx-ugaoo-backend,osv-scanner,multer,7.5,GHSA-72gw-mp4g-v24j,unknown
posx-ugaoo-backend,osv-scanner,nanoid,8.2,GHSA-28wg-ghj8-5hjv,unknown
posx-ugaoo-backend,osv-scanner,nanoid,8.2,GHSA-2v37-7h3g-55p8,unknown
posx-ugaoo-backend,osv-scanner,nanoid,7.4,GHSA-xwg4-73v4-xw9w,unknown
posx-ugaoo-backend,osv-scanner,nodemailer,5.4,GHSA-268h-hp4c-crq3,unknown
posx-ugaoo-backend,osv-scanner,nodemailer,2.3,GHSA-c7w3-x93f-qmm8,unknown
posx-ugaoo-backend,osv-scanner,nodemailer,5.5,GHSA-mm7p-fcc7-pg87,unknown
posx-ugaoo-backend,osv-scanner,nodemailer,7.1,GHSA-p6gq-j5cr-w38f,unknown
posx-ugaoo-backend,osv-scanner,nodemailer,6.5,GHSA-r7g4-qg5f-qqm2,unknown
posx-ugaoo-backend,osv-scanner,nodemailer,7.5,GHSA-rcmh-qjqh-p98v,unknown
posx-ugaoo-backend,osv-scanner,nodemailer,4.9,GHSA-vvjj-xcjg-gr5g,unknown
posx-ugaoo-backend,osv-scanner,nodemailer,5.4,GHSA-wqvq-jvpq-h66f,unknown
posx-ugaoo-backend,osv-scanner,on-headers,3.4,GHSA-76c9-3jph-rj3q,unknown
posx-ugaoo-backend,osv-scanner,path-to-regexp,7.5,GHSA-37ch-88jc-xwx2,unknown
posx-ugaoo-backend,osv-scanner,path-to-regexp,5.9,GHSA-27v5-c462-wpq7,unknown
posx-ugaoo-backend,osv-scanner,path-to-regexp,7.5,GHSA-j3q9-mxjg-w52f,unknown
posx-ugaoo-backend,osv-scanner,picomatch,5.3,GHSA-3v7f-55p6-f55p,unknown
posx-ugaoo-backend,osv-scanner,picomatch,7.5,GHSA-c2c7-rcm5-vvqj,unknown
posx-ugaoo-backend,osv-scanner,picomatch,5.3,GHSA-3v7f-55p6-f55p,unknown
posx-ugaoo-backend,osv-scanner,picomatch,7.5,GHSA-c2c7-rcm5-vvqj,unknown
posx-ugaoo-backend,osv-scanner,postcss,7.5,GHSA-6g55-p6wh-862q,unknown
posx-ugaoo-backend,osv-scanner,postcss,6.3,GHSA-fxqj-rqcc-2cmp,unknown
posx-ugaoo-backend,osv-scanner,postcss,6.1,GHSA-qx2v-qp2m-jg93,unknown
posx-ugaoo-backend,osv-scanner,postcss,7.5,GHSA-r28c-9q8g-f849,unknown
posx-ugaoo-backend,osv-scanner,postcss-selector-parser,4.3,GHSA-w9m9-85wc-3x92,unknown
posx-ugaoo-backend,osv-scanner,protobufjs,5.3,GHSA-2pr8-phx7-x9h3,unknown
posx-ugaoo-backend,osv-scanner,protobufjs,7.7,GHSA-66ff-xgx4-vchm,unknown
posx-ugaoo-backend,osv-scanner,protobufjs,7.5,GHSA-685m-2w69-288q,unknown
posx-ugaoo-backend,osv-scanner,protobufjs,8.1,GHSA-75px-5xx7-5xc7,unknown
posx-ugaoo-backend,osv-scanner,protobufjs,5.3,GHSA-f38q-mgvj-vph7,unknown
posx-ugaoo-backend,osv-scanner,protobufjs,5.3,GHSA-fx83-v9x8-x52w,unknown
posx-ugaoo-backend,osv-scanner,protobufjs,5.3,GHSA-j3f2-48v5-ccww,unknown
posx-ugaoo-backend,osv-scanner,protobufjs,5.3,GHSA-jggg-4jg4-v7c6,unknown
posx-ugaoo-backend,osv-scanner,protobufjs,7.5,GHSA-jvwf-75h9-cwgg,unknown
posx-ugaoo-backend,osv-scanner,protobufjs,5.3,GHSA-q6x5-8v7m-xcrf,unknown
posx-ugaoo-backend,osv-scanner,protobufjs,7.5,GHSA-wcpc-wj8m-hjx6,unknown
posx-ugaoo-backend,osv-scanner,protobufjs,9.8,GHSA-xq3m-2v4x-88gg,unknown
posx-ugaoo-backend,osv-scanner,qs,6.3,GHSA-4mjr-xmp4-gh2g,unknown
posx-ugaoo-backend,osv-scanner,qs,6.3,GHSA-6rw7-vpxm-498p,unknown
posx-ugaoo-backend,osv-scanner,qs,6.3,GHSA-q8mj-m7cp-5q26,unknown
posx-ugaoo-backend,osv-scanner,qs,3.7,GHSA-w7fw-mjwx-w883,unknown
posx-ugaoo-backend,osv-scanner,qs,6.3,GHSA-4mjr-xmp4-gh2g,unknown
posx-ugaoo-backend,osv-scanner,qs,6.3,GHSA-q8mj-m7cp-5q26,unknown
posx-ugaoo-backend,osv-scanner,qs,6.3,GHSA-x5fp-wj9c-mxmx,unknown
posx-ugaoo-backend,osv-scanner,react-router,6.6,GHSA-2j2x-hqr9-3h42,unknown
posx-ugaoo-backend,osv-scanner,react-router,6.1,GHSA-337j-9hxr-rhxg,unknown
posx-ugaoo-backend,osv-scanner,react-router,5.1,GHSA-wrjc-x8rr-h8h6,unknown
posx-ugaoo-backend,osv-scanner,react-router-dom,6.9,GHSA-jjmj-jmhj-qwj2,unknown
posx-ugaoo-backend,osv-scanner,rollup,8.8,GHSA-mw96-cpmx-2vgc,unknown
posx-ugaoo-backend,osv-scanner,tar-fs,8.7,GHSA-8cj5-5rvv-wf4v,unknown
posx-ugaoo-backend,osv-scanner,tar-fs,8.7,GHSA-vj76-c3g6-qr5v,unknown
posx-ugaoo-backend,osv-scanner,tmp,2.5,GHSA-52f5-9888-hmc6,unknown
posx-ugaoo-backend,osv-scanner,tmp,7.7,GHSA-ph9p-34f9-6g65,unknown
posx-ugaoo-backend,osv-scanner,uuid,7.5,GHSA-w5hq-g745-h8pq,unknown
posx-ugaoo-backend,osv-scanner,vite,6.3,GHSA-4w7w-66w2-5vf9,unknown
posx-ugaoo-backend,osv-scanner,vite,8.2,GHSA-fx2h-pf6j-xcff,unknown
posx-ugaoo-backend,osv-scanner,vite,5.5,GHSA-v6wh-96g9-6wx3,unknown
posx-ugaoo-backend,osv-scanner,ws,4.4,GHSA-58qx-3vcg-4xpx,unknown
posx-ugaoo-backend,osv-scanner,ws,7.5,GHSA-96hv-2xvq-fx4p,unknown
posx-ugaoo-store,osv-scanner,@babel/core,3.2,GHSA-4x5r-pxfx-6jf8,unknown
posx-ugaoo-store,osv-scanner,@eslint/plugin-kit,2.3,GHSA-xffm-g5w8-qvg7,unknown
posx-ugaoo-store,osv-scanner,@humanfs/node,5.7,GHSA-p498-v437-472g,unknown
posx-ugaoo-store,osv-scanner,ajv,5.5,GHSA-2g4f-4pwh-qvx6,unknown
posx-ugaoo-store,osv-scanner,axios,8.7,GHSA-35jp-ww65-95wh,unknown
posx-ugaoo-store,osv-scanner,axios,7.0,GHSA-3g43-6gmg-66jw,unknown
posx-ugaoo-store,osv-scanner,axios,6.3,GHSA-3p68-rc4w-qgx5,unknown
posx-ugaoo-store,osv-scanner,axios,6.5,GHSA-3w6x-2g7m-8v23,unknown
posx-ugaoo-store,osv-scanner,axios,6.3,GHSA-42h9-826w-cgv3,unknown
posx-ugaoo-store,osv-scanner,axios,7.5,GHSA-43fc-jf86-j433,unknown
posx-ugaoo-store,osv-scanner,axios,5.3,GHSA-445q-vr5w-6q77,unknown
posx-ugaoo-store,osv-scanner,axios,7.5,GHSA-4hjh-wcwx-xvwj,unknown
posx-ugaoo-store,osv-scanner,axios,5.3,GHSA-5c9x-8gcm-mpgx,unknown
posx-ugaoo-store,osv-scanner,axios,7.5,GHSA-62hf-57xw-28j9,unknown
posx-ugaoo-store,osv-scanner,axios,7.4,GHSA-6chq-wfr3-2hj9,unknown
posx-ugaoo-store,osv-scanner,axios,7.5,GHSA-777c-7fjr-54vf,unknown
posx-ugaoo-store,osv-scanner,axios,6.3,GHSA-7q8q-rj6j-mhjq,unknown
posx-ugaoo-store,osv-scanner,axios,4.8,GHSA-898c-q2cr-xwhg,unknown
posx-ugaoo-store,osv-scanner,axios,4.8,GHSA-fvcv-3m26-pcqx,unknown
posx-ugaoo-store,osv-scanner,axios,7.5,GHSA-hfxv-24rg-xrqf,unknown
posx-ugaoo-store,osv-scanner,axios,7.5,GHSA-j5f8-grm9-p9fc,unknown
posx-ugaoo-store,osv-scanner,axios,6.3,GHSA-jqh4-m9w3-8hp9,unknown
posx-ugaoo-store,osv-scanner,axios,6.8,GHSA-m7pr-hjqh-92cm,unknown
posx-ugaoo-store,osv-scanner,axios,6.3,GHSA-mmx7-hfxf-jppx,unknown
posx-ugaoo-store,osv-scanner,axios,8.2,GHSA-p92q-9vqr-4j8v,unknown
posx-ugaoo-store,osv-scanner,axios,7.4,GHSA-pf86-5x62-jrwf,unknown
posx-ugaoo-store,osv-scanner,axios,6.3,GHSA-pmv8-rq9r-6j72,unknown
posx-ugaoo-store,osv-scanner,axios,7.2,GHSA-pmwg-cvhr-8vh7,unknown
posx-ugaoo-store,osv-scanner,axios,7.4,GHSA-q8qp-cvcw-x6jj,unknown
posx-ugaoo-store,osv-scanner,axios,5.3,GHSA-vf2m-468p-8v99,unknown
posx-ugaoo-store,osv-scanner,axios,4.8,GHSA-w9j2-pvgh-6h63,unknown
posx-ugaoo-store,osv-scanner,axios,3.7,GHSA-xhjh-pmcv-23jw,unknown
posx-ugaoo-store,osv-scanner,axios,5.4,GHSA-xx6v-rp6x-q39c,unknown
posx-ugaoo-store,osv-scanner,brace-expansion,7.7,GHSA-3jxr-9vmj-r5cp,unknown
posx-ugaoo-store,osv-scanner,brace-expansion,6.5,GHSA-f886-m6hf-6m8v,unknown
posx-ugaoo-store,osv-scanner,brace-expansion,7.5,GHSA-mh99-v99m-4gvg,unknown
posx-ugaoo-store,osv-scanner,brace-expansion,7.5,GHSA-rgw5-rvv9-x895,unknown
posx-ugaoo-store,osv-scanner,brace-expansion,3.1,GHSA-v6h2-p8h4-qcjw,unknown
posx-ugaoo-store,osv-scanner,brace-expansion,7.7,GHSA-3jxr-9vmj-r5cp,unknown
posx-ugaoo-store,osv-scanner,brace-expansion,6.5,GHSA-f886-m6hf-6m8v,unknown
posx-ugaoo-store,osv-scanner,brace-expansion,7.5,GHSA-mh99-v99m-4gvg,unknown
posx-ugaoo-store,osv-scanner,brace-expansion,7.5,GHSA-rgw5-rvv9-x895,unknown
posx-ugaoo-store,osv-scanner,brace-expansion,3.1,GHSA-v6h2-p8h4-qcjw,unknown
posx-ugaoo-store,osv-scanner,browserslist,7.5,GHSA-73wf-gq98-2v4g,unknown
posx-ugaoo-store,osv-scanner,browserslist,7.5,GHSA-c83g-rgw3-j3cx,unknown
posx-ugaoo-store,osv-scanner,esbuild,2.5,GHSA-g7r4-m6w7-qqqr,unknown
posx-ugaoo-store,osv-scanner,flatted,7.5,GHSA-25h7-pfq9-p65f,unknown
posx-ugaoo-store,osv-scanner,flatted,8.9,GHSA-rf6f-7fwh-wjgh,unknown
posx-ugaoo-store,osv-scanner,follow-redirects,6.9,GHSA-r4q5-vmmm-2653,unknown
posx-ugaoo-store,osv-scanner,form-data,9.4,GHSA-fjxv-7rqg-78g4,unknown
posx-ugaoo-store,osv-scanner,form-data,8.7,GHSA-hmw2-7cc7-3qxx,unknown
posx-ugaoo-store,osv-scanner,js-yaml,7.5,GHSA-52cp-r559-cp3m,unknown
posx-ugaoo-store,osv-scanner,js-yaml,7.5,GHSA-5p4m-2wfm-xmqj,unknown
posx-ugaoo-store,osv-scanner,js-yaml,5.3,GHSA-h67p-54hq-rp68,unknown
posx-ugaoo-store,osv-scanner,js-yaml,5.3,GHSA-mh29-5h37-fv8m,unknown
posx-ugaoo-store,osv-scanner,minimatch,7.5,GHSA-23c5-xmqv-rm74,unknown
posx-ugaoo-store,osv-scanner,minimatch,8.7,GHSA-3ppc-4f35-3m26,unknown
posx-ugaoo-store,osv-scanner,minimatch,7.5,GHSA-7r86-cg39-jmmj,unknown
posx-ugaoo-store,osv-scanner,minimatch,7.5,GHSA-23c5-xmqv-rm74,unknown
posx-ugaoo-store,osv-scanner,minimatch,8.7,GHSA-3ppc-4f35-3m26,unknown
posx-ugaoo-store,osv-scanner,minimatch,7.5,GHSA-7r86-cg39-jmmj,unknown
posx-ugaoo-store,osv-scanner,nanoid,8.2,GHSA-28wg-ghj8-5hjv,unknown
posx-ugaoo-store,osv-scanner,nanoid,8.2,GHSA-2v37-7h3g-55p8,unknown
posx-ugaoo-store,osv-scanner,nanoid,7.4,GHSA-xwg4-73v4-xw9w,unknown
posx-ugaoo-store,osv-scanner,nanoid,8.2,GHSA-28wg-ghj8-5hjv,unknown
posx-ugaoo-store,osv-scanner,nanoid,8.2,GHSA-2v37-7h3g-55p8,unknown
posx-ugaoo-store,osv-scanner,nanoid,7.4,GHSA-xwg4-73v4-xw9w,unknown
posx-ugaoo-store,osv-scanner,picomatch,5.3,GHSA-3v7f-55p6-f55p,unknown
posx-ugaoo-store,osv-scanner,picomatch,7.5,GHSA-c2c7-rcm5-vvqj,unknown
posx-ugaoo-store,osv-scanner,postcss,7.5,GHSA-6g55-p6wh-862q,unknown
posx-ugaoo-store,osv-scanner,postcss,6.3,GHSA-fxqj-rqcc-2cmp,unknown
posx-ugaoo-store,osv-scanner,postcss,6.1,GHSA-qx2v-qp2m-jg93,unknown
posx-ugaoo-store,osv-scanner,postcss,7.5,GHSA-r28c-9q8g-f849,unknown
posx-ugaoo-store,osv-scanner,react-router,6.6,GHSA-2j2x-hqr9-3h42,unknown
posx-ugaoo-store,osv-scanner,react-router,8.0,GHSA-2w69-qvjg-hvjx,unknown
posx-ugaoo-store,osv-scanner,react-router,6.1,GHSA-337j-9hxr-rhxg,unknown
posx-ugaoo-store,osv-scanner,react-router,7.6,GHSA-3cgp-3xvw-98x8,unknown
posx-ugaoo-store,osv-scanner,react-router,8.1,GHSA-49rj-9fvp-4h2h,unknown
posx-ugaoo-store,osv-scanner,react-router,8.2,GHSA-8v8x-cx79-35w7,unknown
posx-ugaoo-store,osv-scanner,react-router,7.5,GHSA-8x6r-g9mw-2r78,unknown
posx-ugaoo-store,osv-scanner,react-router,6.5,GHSA-9jcx-v3wj-wh4m,unknown
posx-ugaoo-store,osv-scanner,react-router,8.7,GHSA-chx6-hx7r-mcp5,unknown
posx-ugaoo-store,osv-scanner,react-router,8.2,GHSA-cpj6-fhp6-mr6j,unknown
posx-ugaoo-store,osv-scanner,react-router,7.5,GHSA-f46r-rw29-r322,unknown
posx-ugaoo-store,osv-scanner,react-router,6.5,GHSA-h5cw-625j-3rxh,unknown
posx-ugaoo-store,osv-scanner,react-router,7.5,GHSA-rxv8-25v2-qmq8,unknown
posx-ugaoo-store,osv-scanner,react-router,5.1,GHSA-wrjc-x8rr-h8h6,unknown
posx-ugaoo-store,osv-scanner,rollup,8.8,GHSA-mw96-cpmx-2vgc,unknown
posx-ugaoo-store,osv-scanner,turbo-stream,7.5,GHSA-rxv8-25v2-qmq8,unknown
posx-ugaoo-store,osv-scanner,vite,6.0,GHSA-356w-63v5-8wf4,unknown
posx-ugaoo-store,osv-scanner,vite,6.3,GHSA-4w7w-66w2-5vf9,unknown
posx-ugaoo-store,osv-scanner,vite,6.0,GHSA-859w-5945-r5v3,unknown
posx-ugaoo-store,osv-scanner,vite,6.0,GHSA-93m4-6634-74q7,unknown
posx-ugaoo-store,osv-scanner,vite,8.2,GHSA-fx2h-pf6j-xcff,unknown
posx-ugaoo-store,osv-scanner,vite,2.3,GHSA-g4jq-h2w9-997c,unknown
posx-ugaoo-store,osv-scanner,vite,2.3,GHSA-jqfw-vq24-v9c3,unknown
posx-ugaoo-store,osv-scanner,vite,8.2,GHSA-p9ff-h696-f583,unknown
posx-ugaoo-store,osv-scanner,vite,5.5,GHSA-v6wh-96g9-6wx3,unknown
