relative_path,repo_count,repos
eslint.config.js,11,posx-comet-store;posx-demo-store;posx-eume-store;posx-frido-b2b-backend;posx-frido-b2b-store;posx-frido-backend;posx-frido-mobility-backend;posx-frido-mobility-store;posx-frido-store;posx-mokobara-store;posx-ugaoo-store
jest.config.js,9,posx-comet-backend;posx-demo-backend;posx-eume-backend;posx-frido-b2b-backend;posx-frido-backend;posx-frido-mobility-backend;posx-mokobara-backend;posx-mokobara-clearance-backend;posx-ugaoo-backend
medusa-config.ts,9,posx-comet-backend;posx-demo-backend;posx-eume-backend;posx-frido-b2b-backend;posx-frido-backend;posx-frido-mobility-backend;posx-mokobara-backend;posx-mokobara-clearance-backend;posx-ugaoo-backend
src/api/admin/employee/[id]/route.ts,9,posx-comet-backend;posx-demo-backend;posx-eume-backend;posx-frido-b2b-backend;posx-frido-backend;posx-frido-mobility-backend;posx-mokobara-backend;posx-mokobara-clearance-backend;posx-ugaoo-backend
src/api/admin/employee/route.ts,9,posx-comet-backend;posx-demo-backend;posx-eume-backend;posx-frido-b2b-backend;posx-frido-backend;posx-frido-mobility-backend;posx-mokobara-backend;posx-mokobara-clearance-backend;posx-ugaoo-backend
src/api/admin/global-config/[key]/route.ts,9,posx-comet-backend;posx-demo-backend;posx-eume-backend;posx-frido-b2b-backend;posx-frido-backend;posx-frido-mobility-backend;posx-mokobara-backend;posx-mokobara-clearance-backend;posx-ugaoo-backend
src/api/admin/global-config/route.ts,9,posx-comet-backend;posx-demo-backend;posx-eume-backend;posx-frido-b2b-backend;posx-frido-backend;posx-frido-mobility-backend;posx-mokobara-backend;posx-mokobara-clearance-backend;posx-ugaoo-backend
src/api/admin/order-detail/past-orders/route.ts,9,posx-comet-backend;posx-demo-backend;posx-eume-backend;posx-frido-b2b-backend;posx-frido-backend;posx-frido-mobility-backend;posx-mokobara-backend;posx-mokobara-clearance-backend;posx-ugaoo-backend
src/api/admin/pincode/[pincode]/route.ts,9,posx-comet-backend;posx-demo-backend;posx-eume-backend;posx-frido-b2b-backend;posx-frido-backend;posx-frido-mobility-backend;posx-mokobara-backend;posx-mokobara-clearance-backend;posx-ugaoo-backend
src/api/admin/shopify-collection/[id]/route.ts,9,posx-comet-backend;posx-demo-backend;posx-eume-backend;posx-frido-b2b-backend;posx-frido-backend;posx-frido-mobility-backend;posx-mokobara-backend;posx-mokobara-clearance-backend;posx-ugaoo-backend
src/api/admin/shopify-customer/route.ts,9,posx-comet-backend;posx-demo-backend;posx-eume-backend;posx-frido-b2b-backend;posx-frido-backend;posx-frido-mobility-backend;posx-mokobara-backend;posx-mokobara-clearance-backend;posx-ugaoo-backend
src/api/admin/shopify-product/route.ts,9,posx-comet-backend;posx-demo-backend;posx-eume-backend;posx-frido-b2b-backend;posx-frido-backend;posx-frido-mobility-backend;posx-mokobara-backend;posx-mokobara-clearance-backend;posx-ugaoo-backend
src/api/admin/store-details/[id]/route.ts,9,posx-comet-backend;posx-demo-backend;posx-eume-backend;posx-frido-b2b-backend;posx-frido-backend;posx-frido-mobility-backend;posx-mokobara-backend;posx-mokobara-clearance-backend;posx-ugaoo-backend
src/api/admin/system-config/[key]/route.ts,9,posx-comet-backend;posx-demo-backend;posx-eume-backend;posx-frido-b2b-backend;posx-frido-backend;posx-frido-mobility-backend;posx-mokobara-backend;posx-mokobara-clearance-backend;posx-ugaoo-backend
src/api/admin/system-config/route.ts,9,posx-comet-backend;posx-demo-backend;posx-eume-backend;posx-frido-b2b-backend;posx-frido-backend;posx-frido-mobility-backend;posx-mokobara-backend;posx-mokobara-clearance-backend;posx-ugaoo-backend
src/api/direct-razorpay/callback/route.ts,9,posx-comet-backend;posx-demo-backend;posx-eume-backend;posx-frido-b2b-backend;posx-frido-backend;posx-frido-mobility-backend;posx-mokobara-backend;posx-mokobara-clearance-backend;posx-ugaoo-backend
src/api/middlewares.ts,9,posx-comet-backend;posx-demo-backend;posx-eume-backend;posx-frido-b2b-backend;posx-frido-backend;posx-frido-mobility-backend;posx-mokobara-backend;posx-mokobara-clearance-backend;posx-ugaoo-backend
src/jobs/daily-order-errors-report.ts,9,posx-comet-backend;posx-demo-backend;posx-eume-backend;posx-frido-b2b-backend;posx-frido-backend;posx-frido-mobility-backend;posx-mokobara-backend;posx-mokobara-clearance-backend;posx-ugaoo-backend
src/lib/helpers/get-financial-year.ts,9,posx-comet-backend;posx-demo-backend;posx-eume-backend;posx-frido-b2b-backend;posx-frido-backend;posx-frido-mobility-backend;posx-mokobara-backend;posx-mokobara-clearance-backend;posx-ugaoo-backend
src/lib/helpers/get-hsn-code-from-shopify.ts,9,posx-comet-backend;posx-demo-backend;posx-eume-backend;posx-frido-b2b-backend;posx-frido-backend;posx-frido-mobility-backend;posx-mokobara-backend;posx-mokobara-clearance-backend;posx-ugaoo-backend
src/lib/helpers/get-total-amount.ts,9,posx-comet-backend;posx-demo-backend;posx-eume-backend;posx-frido-b2b-backend;posx-frido-backend;posx-frido-mobility-backend;posx-mokobara-backend;posx-mokobara-clearance-backend;posx-ugaoo-backend
src/lib/helpers/order-detail-errors.ts,9,posx-comet-backend;posx-demo-backend;posx-eume-backend;posx-frido-b2b-backend;posx-frido-backend;posx-frido-mobility-backend;posx-mokobara-backend;posx-mokobara-clearance-backend;posx-ugaoo-backend
src/lib/puppeteer.ts,9,posx-comet-backend;posx-demo-backend;posx-eume-backend;posx-frido-b2b-backend;posx-frido-backend;posx-frido-mobility-backend;posx-mokobara-backend;posx-mokobara-clearance-backend;posx-ugaoo-backend
src/modules/direct-razorpay/service.ts,9,posx-comet-backend;posx-demo-backend;posx-eume-backend;posx-frido-b2b-backend;posx-frido-backend;posx-frido-mobility-backend;posx-mokobara-backend;posx-mokobara-clearance-backend;posx-ugaoo-backend
src/modules/order-detail/models/order-detail-address.ts,9,posx-comet-backend;posx-demo-backend;posx-eume-backend;posx-frido-b2b-backend;posx-frido-backend;posx-frido-mobility-backend;posx-mokobara-backend;posx-mokobara-clearance-backend;posx-ugaoo-backend
src/modules/order-detail/models/order-detail.ts,9,posx-comet-backend;posx-demo-backend;posx-eume-backend;posx-frido-b2b-backend;posx-frido-backend;posx-frido-mobility-backend;posx-mokobara-backend;posx-mokobara-clearance-backend;posx-ugaoo-backend
src/modules/order-detail/models/order-product-detail.ts,9,posx-comet-backend;posx-demo-backend;posx-eume-backend;posx-frido-b2b-backend;posx-frido-backend;posx-frido-mobility-backend;posx-mokobara-backend;posx-mokobara-clearance-backend;posx-ugaoo-backend
src/modules/order-detail/service.ts,9,posx-comet-backend;posx-demo-backend;posx-eume-backend;posx-frido-b2b-backend;posx-frido-backend;posx-frido-mobility-backend;posx-mokobara-backend;posx-mokobara-clearance-backend;posx-ugaoo-backend
src/modules/payment-details/models/payment-details.ts,9,posx-comet-backend;posx-demo-backend;posx-eume-backend;posx-frido-b2b-backend;posx-frido-backend;posx-frido-mobility-backend;posx-mokobara-backend;posx-mokobara-clearance-backend;posx-ugaoo-backend
src/modules/pdf-client/service.ts,9,posx-comet-backend;posx-demo-backend;posx-eume-backend;posx-frido-b2b-backend;posx-frido-backend;posx-frido-mobility-backend;posx-mokobara-backend;posx-mokobara-clearance-backend;posx-ugaoo-backend
src/modules/pincode/models/pincode.ts,9,posx-comet-backend;posx-demo-backend;posx-eume-backend;posx-frido-b2b-backend;posx-frido-backend;posx-frido-mobility-backend;posx-mokobara-backend;posx-mokobara-clearance-backend;posx-ugaoo-backend
src/modules/pos-inventory/models/inventory-product-item.ts,9,posx-comet-backend;posx-demo-backend;posx-eume-backend;posx-frido-b2b-backend;posx-frido-backend;posx-frido-mobility-backend;posx-mokobara-backend;posx-mokobara-clearance-backend;posx-ugaoo-backend
src/modules/pos-inventory/models/inventory-tracking.ts,9,posx-comet-backend;posx-demo-backend;posx-eume-backend;posx-frido-b2b-backend;posx-frido-backend;posx-frido-mobility-backend;posx-mokobara-backend;posx-mokobara-clearance-backend;posx-ugaoo-backend
src/modules/razorpay-pos/service.ts,9,posx-comet-backend;posx-demo-backend;posx-eume-backend;posx-frido-b2b-backend;posx-frido-backend;posx-frido-mobility-backend;posx-mokobara-backend;posx-mokobara-clearance-backend;posx-ugaoo-backend
src/modules/shopify-collection/models/shopify-collection.ts,9,posx-comet-backend;posx-demo-backend;posx-eume-backend;posx-frido-b2b-backend;posx-frido-backend;posx-frido-mobility-backend;posx-mokobara-backend;posx-mokobara-clearance-backend;posx-ugaoo-backend
src/modules/shopify-product/models/shopify-product.ts,9,posx-comet-backend;posx-demo-backend;posx-eume-backend;posx-frido-b2b-backend;posx-frido-backend;posx-frido-mobility-backend;posx-mokobara-backend;posx-mokobara-clearance-backend;posx-ugaoo-backend
src/modules/shopify-product/models/shopify-variant.ts,9,posx-comet-backend;posx-demo-backend;posx-eume-backend;posx-frido-b2b-backend;posx-frido-backend;posx-frido-mobility-backend;posx-mokobara-backend;posx-mokobara-clearance-backend;posx-ugaoo-backend
src/scripts/seed.ts,9,posx-comet-backend;posx-demo-backend;posx-eume-backend;posx-frido-b2b-backend;posx-frido-backend;posx-frido-mobility-backend;posx-mokobara-backend;posx-mokobara-clearance-backend;posx-ugaoo-backend
src/types/validators/direct-razorpay.ts,9,posx-comet-backend;posx-demo-backend;posx-eume-backend;posx-frido-b2b-backend;posx-frido-backend;posx-frido-mobility-backend;posx-mokobara-backend;posx-mokobara-clearance-backend;posx-ugaoo-backend
src/types/validators/employee.ts,9,posx-comet-backend;posx-demo-backend;posx-eume-backend;posx-frido-b2b-backend;posx-frido-backend;posx-frido-mobility-backend;posx-mokobara-backend;posx-mokobara-clearance-backend;posx-ugaoo-backend
src/types/validators/footfall.ts,9,posx-comet-backend;posx-demo-backend;posx-eume-backend;posx-frido-b2b-backend;posx-frido-backend;posx-frido-mobility-backend;posx-mokobara-backend;posx-mokobara-clearance-backend;posx-ugaoo-backend
src/types/validators/global-config.ts,9,posx-comet-backend;posx-demo-backend;posx-eume-backend;posx-frido-b2b-backend;posx-frido-backend;posx-frido-mobility-backend;posx-mokobara-backend;posx-mokobara-clearance-backend;posx-ugaoo-backend
src/types/validators/order-detail.ts,9,posx-comet-backend;posx-demo-backend;posx-eume-backend;posx-frido-b2b-backend;posx-frido-backend;posx-frido-mobility-backend;posx-mokobara-backend;posx-mokobara-clearance-backend;posx-ugaoo-backend
src/types/validators/payment-detail.ts,9,posx-comet-backend;posx-demo-backend;posx-eume-backend;posx-frido-b2b-backend;posx-frido-backend;posx-frido-mobility-backend;posx-mokobara-backend;posx-mokobara-clearance-backend;posx-ugaoo-backend
src/types/validators/pos-inventory.ts,9,posx-comet-backend;posx-demo-backend;posx-eume-backend;posx-frido-b2b-backend;posx-frido-backend;posx-frido-mobility-backend;posx-mokobara-backend;posx-mokobara-clearance-backend;posx-ugaoo-backend
src/types/validators/store-details.ts,9,posx-comet-backend;posx-demo-backend;posx-eume-backend;posx-frido-b2b-backend;posx-frido-backend;posx-frido-mobility-backend;posx-mokobara-backend;posx-mokobara-clearance-backend;posx-ugaoo-backend
src/types/validators/system-config.ts,9,posx-comet-backend;posx-demo-backend;posx-eume-backend;posx-frido-b2b-backend;posx-frido-backend;posx-frido-mobility-backend;posx-mokobara-backend;posx-mokobara-clearance-backend;posx-ugaoo-backend
src/types/workflows/store-details.ts,9,posx-comet-backend;posx-demo-backend;posx-eume-backend;posx-frido-b2b-backend;posx-frido-backend;posx-frido-mobility-backend;posx-mokobara-backend;posx-mokobara-clearance-backend;posx-ugaoo-backend
src/workflows/employee/steps/create-employee-step.ts,9,posx-comet-backend;posx-demo-backend;posx-eume-backend;posx-frido-b2b-backend;posx-frido-backend;posx-frido-mobility-backend;posx-mokobara-backend;posx-mokobara-clearance-backend;posx-ugaoo-backend
src/workflows/footfall/steps/generate-footfall-csv-step.ts,9,posx-comet-backend;posx-demo-backend;posx-eume-backend;posx-frido-b2b-backend;posx-frido-backend;posx-frido-mobility-backend;posx-mokobara-backend;posx-mokobara-clearance-backend;posx-ugaoo-backend
src/workflows/footfall/workflows/create-footfall.ts,9,posx-comet-backend;posx-demo-backend;posx-eume-backend;posx-frido-b2b-backend;posx-frido-backend;posx-frido-mobility-backend;posx-mokobara-backend;posx-mokobara-clearance-backend;posx-ugaoo-backend
src/workflows/footfall/workflows/export-footfall-workflow.ts,9,posx-comet-backend;posx-demo-backend;posx-eume-backend;posx-frido-b2b-backend;posx-frido-backend;posx-frido-mobility-backend;posx-mokobara-backend;posx-mokobara-clearance-backend;posx-ugaoo-backend
src/workflows/global-config/steps/update-global-config-step.ts,9,posx-comet-backend;posx-demo-backend;posx-eume-backend;posx-frido-b2b-backend;posx-frido-backend;posx-frido-mobility-backend;posx-mokobara-backend;posx-mokobara-clearance-backend;posx-ugaoo-backend
src/workflows/order-detail/steps/generate-and-send-file-step.ts,9,posx-comet-backend;posx-demo-backend;posx-eume-backend;posx-frido-b2b-backend;posx-frido-backend;posx-frido-mobility-backend;posx-mokobara-backend;posx-mokobara-clearance-backend;posx-ugaoo-backend
src/workflows/order-detail/steps/generate-receipt-step.ts,9,posx-comet-backend;posx-demo-backend;posx-eume-backend;posx-frido-b2b-backend;posx-frido-backend;posx-frido-mobility-backend;posx-mokobara-backend;posx-mokobara-clearance-backend;posx-ugaoo-backend
src/workflows/order-detail/steps/validate-order-status-step.ts,9,posx-comet-backend;posx-demo-backend;posx-eume-backend;posx-frido-b2b-backend;posx-frido-backend;posx-frido-mobility-backend;posx-mokobara-backend;posx-mokobara-clearance-backend;posx-ugaoo-backend
src/workflows/order-detail/workflows/confirm-order-details.ts,9,posx-comet-backend;posx-demo-backend;posx-eume-backend;posx-frido-b2b-backend;posx-frido-backend;posx-frido-mobility-backend;posx-mokobara-backend;posx-mokobara-clearance-backend;posx-ugaoo-backend
src/workflows/order-detail/workflows/generate-and-send-file.ts,9,posx-comet-backend;posx-demo-backend;posx-eume-backend;posx-frido-b2b-backend;posx-frido-backend;posx-frido-mobility-backend;posx-mokobara-backend;posx-mokobara-clearance-backend;posx-ugaoo-backend
src/workflows/order-detail/workflows/generate-receipt.ts,9,posx-comet-backend;posx-demo-backend;posx-eume-backend;posx-frido-b2b-backend;posx-frido-backend;posx-frido-mobility-backend;posx-mokobara-backend;posx-mokobara-clearance-backend;posx-ugaoo-backend
src/workflows/payment-detail/steps/cancel-payment-details-step.ts,9,posx-comet-backend;posx-demo-backend;posx-eume-backend;posx-frido-b2b-backend;posx-frido-backend;posx-frido-mobility-backend;posx-mokobara-backend;posx-mokobara-clearance-backend;posx-ugaoo-backend
src/workflows/payment-detail/steps/create-payment-detail.ts,9,posx-comet-backend;posx-demo-backend;posx-eume-backend;posx-frido-b2b-backend;posx-frido-backend;posx-frido-mobility-backend;posx-mokobara-backend;posx-mokobara-clearance-backend;posx-ugaoo-backend
src/workflows/payment-detail/steps/get-all-payment-by-orderid-step.ts,9,posx-comet-backend;posx-demo-backend;posx-eume-backend;posx-frido-b2b-backend;posx-frido-backend;posx-frido-mobility-backend;posx-mokobara-backend;posx-mokobara-clearance-backend;posx-ugaoo-backend
src/workflows/payment-detail/steps/verify-payment-details-step.ts,9,posx-comet-backend;posx-demo-backend;posx-eume-backend;posx-frido-b2b-backend;posx-frido-backend;posx-frido-mobility-backend;posx-mokobara-backend;posx-mokobara-clearance-backend;posx-ugaoo-backend
src/workflows/pos-inventory/add-inventory-product-item-workflow.ts,9,posx-comet-backend;posx-demo-backend;posx-eume-backend;posx-frido-b2b-backend;posx-frido-backend;posx-frido-mobility-backend;posx-mokobara-backend;posx-mokobara-clearance-backend;posx-ugaoo-backend
src/workflows/pos-inventory/steps/create-item-codes-step.ts,9,posx-comet-backend;posx-demo-backend;posx-eume-backend;posx-frido-b2b-backend;posx-frido-backend;posx-frido-mobility-backend;posx-mokobara-backend;posx-mokobara-clearance-backend;posx-ugaoo-backend
src/workflows/pos-inventory/steps/validate-item-codes-step.ts,9,posx-comet-backend;posx-demo-backend;posx-eume-backend;posx-frido-b2b-backend;posx-frido-backend;posx-frido-mobility-backend;posx-mokobara-backend;posx-mokobara-clearance-backend;posx-ugaoo-backend
src/workflows/pos-inventory/workflows/generate-inventory-export-csv.ts,9,posx-comet-backend;posx-demo-backend;posx-eume-backend;posx-frido-b2b-backend;posx-frido-backend;posx-frido-mobility-backend;posx-mokobara-backend;posx-mokobara-clearance-backend;posx-ugaoo-backend
src/workflows/shopify-collection/steps/check-shopify-collection-existance-step.ts,9,posx-comet-backend;posx-demo-backend;posx-eume-backend;posx-frido-b2b-backend;posx-frido-backend;posx-frido-mobility-backend;posx-mokobara-backend;posx-mokobara-clearance-backend;posx-ugaoo-backend
src/workflows/shopify-collection/steps/create-shopify-collection.ts,9,posx-comet-backend;posx-demo-backend;posx-eume-backend;posx-frido-b2b-backend;posx-frido-backend;posx-frido-mobility-backend;posx-mokobara-backend;posx-mokobara-clearance-backend;posx-ugaoo-backend
src/workflows/shopify-collection/steps/delete-collection-steps.ts,9,posx-comet-backend;posx-demo-backend;posx-eume-backend;posx-frido-b2b-backend;posx-frido-backend;posx-frido-mobility-backend;posx-mokobara-backend;posx-mokobara-clearance-backend;posx-ugaoo-backend
src/workflows/shopify-collection/steps/throw-error-if-collection-do-not-exists-step.ts,9,posx-comet-backend;posx-demo-backend;posx-eume-backend;posx-frido-b2b-backend;posx-frido-backend;posx-frido-mobility-backend;posx-mokobara-backend;posx-mokobara-clearance-backend;posx-ugaoo-backend
src/workflows/shopify-collection/steps/update-product-association-with-collection-step.ts,9,posx-comet-backend;posx-demo-backend;posx-eume-backend;posx-frido-b2b-backend;posx-frido-backend;posx-frido-mobility-backend;posx-mokobara-backend;posx-mokobara-clearance-backend;posx-ugaoo-backend
src/workflows/shopify-collection/steps/update-shopify-collection.ts,9,posx-comet-backend;posx-demo-backend;posx-eume-backend;posx-frido-b2b-backend;posx-frido-backend;posx-frido-mobility-backend;posx-mokobara-backend;posx-mokobara-clearance-backend;posx-ugaoo-backend
src/workflows/shopify-collection/workflows/create-shopify-collection.ts,9,posx-comet-backend;posx-demo-backend;posx-eume-backend;posx-frido-b2b-backend;posx-frido-backend;posx-frido-mobility-backend;posx-mokobara-backend;posx-mokobara-clearance-backend;posx-ugaoo-backend
src/workflows/shopify-product/create-shopify-product.ts,9,posx-comet-backend;posx-demo-backend;posx-eume-backend;posx-frido-b2b-backend;posx-frido-backend;posx-frido-mobility-backend;posx-mokobara-backend;posx-mokobara-clearance-backend;posx-ugaoo-backend
src/workflows/shopify-product/delete-shopify-product.ts,9,posx-comet-backend;posx-demo-backend;posx-eume-backend;posx-frido-b2b-backend;posx-frido-backend;posx-frido-mobility-backend;posx-mokobara-backend;posx-mokobara-clearance-backend;posx-ugaoo-backend
src/workflows/shopify-product/steps/check-shopify-product-existance-step.ts,9,posx-comet-backend;posx-demo-backend;posx-eume-backend;posx-frido-b2b-backend;posx-frido-backend;posx-frido-mobility-backend;posx-mokobara-backend;posx-mokobara-clearance-backend;posx-ugaoo-backend
src/workflows/shopify-product/steps/create-medusa-product-step.ts,9,posx-comet-backend;posx-demo-backend;posx-eume-backend;posx-frido-b2b-backend;posx-frido-backend;posx-frido-mobility-backend;posx-mokobara-backend;posx-mokobara-clearance-backend;posx-ugaoo-backend
src/workflows/shopify-product/steps/create-shopify-product-step.ts,9,posx-comet-backend;posx-demo-backend;posx-eume-backend;posx-frido-b2b-backend;posx-frido-backend;posx-frido-mobility-backend;posx-mokobara-backend;posx-mokobara-clearance-backend;posx-ugaoo-backend
src/workflows/shopify-product/steps/create-shopify-product-variant-step.ts,9,posx-comet-backend;posx-demo-backend;posx-eume-backend;posx-frido-b2b-backend;posx-frido-backend;posx-frido-mobility-backend;posx-mokobara-backend;posx-mokobara-clearance-backend;posx-ugaoo-backend
src/workflows/shopify-product/steps/delete-product-steps.ts,9,posx-comet-backend;posx-demo-backend;posx-eume-backend;posx-frido-b2b-backend;posx-frido-backend;posx-frido-mobility-backend;posx-mokobara-backend;posx-mokobara-clearance-backend;posx-ugaoo-backend
src/workflows/shopify-product/steps/delete-product-variant-steps.ts,9,posx-comet-backend;posx-demo-backend;posx-eume-backend;posx-frido-b2b-backend;posx-frido-backend;posx-frido-mobility-backend;posx-mokobara-backend;posx-mokobara-clearance-backend;posx-ugaoo-backend
src/workflows/shopify-product/steps/generate-product-variant-operation-step.ts,9,posx-comet-backend;posx-demo-backend;posx-eume-backend;posx-frido-b2b-backend;posx-frido-backend;posx-frido-mobility-backend;posx-mokobara-backend;posx-mokobara-clearance-backend;posx-ugaoo-backend
src/workflows/shopify-product/steps/update-product-variant-steps.ts,9,posx-comet-backend;posx-demo-backend;posx-eume-backend;posx-frido-b2b-backend;posx-frido-backend;posx-frido-mobility-backend;posx-mokobara-backend;posx-mokobara-clearance-backend;posx-ugaoo-backend
src/workflows/shopify-product/steps/update-shopify-product-step.ts,9,posx-comet-backend;posx-demo-backend;posx-eume-backend;posx-frido-b2b-backend;posx-frido-backend;posx-frido-mobility-backend;posx-mokobara-backend;posx-mokobara-clearance-backend;posx-ugaoo-backend
src/workflows/shopify-product/steps/validate-product-for-pos-system-step.ts,9,posx-comet-backend;posx-demo-backend;posx-eume-backend;posx-frido-b2b-backend;posx-frido-backend;posx-frido-mobility-backend;posx-mokobara-backend;posx-mokobara-clearance-backend;posx-ugaoo-backend
src/workflows/shopify-product/update-shopify-product.ts,9,posx-comet-backend;posx-demo-backend;posx-eume-backend;posx-frido-b2b-backend;posx-frido-backend;posx-frido-mobility-backend;posx-mokobara-backend;posx-mokobara-clearance-backend;posx-ugaoo-backend
src/workflows/store-details/steps/create-store-details-step.ts,9,posx-comet-backend;posx-demo-backend;posx-eume-backend;posx-frido-b2b-backend;posx-frido-backend;posx-frido-mobility-backend;posx-mokobara-backend;posx-mokobara-clearance-backend;posx-ugaoo-backend
src/workflows/system-config/steps/update-system-config-step.ts,9,posx-comet-backend;posx-demo-backend;posx-eume-backend;posx-frido-b2b-backend;posx-frido-backend;posx-frido-mobility-backend;posx-mokobara-backend;posx-mokobara-clearance-backend;posx-ugaoo-backend
src/workflows/user/steps/deactivate-user-step.ts,9,posx-comet-backend;posx-demo-backend;posx-eume-backend;posx-frido-b2b-backend;posx-frido-backend;posx-frido-mobility-backend;posx-mokobara-backend;posx-mokobara-clearance-backend;posx-ugaoo-backend
scripts/generate-currencies.js,8,posx-comet-admin;posx-demo-admin;posx-eume-admin;posx-frido-admin;posx-frido-b2b-admin;posx-frido-mobility-admin;posx-mokobara-admin;posx-ugaoo-admin
scripts/generate-types.js,8,posx-comet-admin;posx-demo-admin;posx-eume-admin;posx-frido-admin;posx-frido-b2b-admin;posx-frido-mobility-admin;posx-mokobara-admin;posx-ugaoo-admin
scripts/i18n/generate-schema.js,8,posx-comet-admin;posx-demo-admin;posx-eume-admin;posx-frido-admin;posx-frido-b2b-admin;posx-frido-mobility-admin;posx-mokobara-admin;posx-ugaoo-admin
scripts/i18n/validate-translation.js,8,posx-comet-admin;posx-demo-admin;posx-eume-admin;posx-frido-admin;posx-frido-b2b-admin;posx-frido-mobility-admin;posx-mokobara-admin;posx-ugaoo-admin
src/app.tsx,8,posx-comet-admin;posx-demo-admin;posx-eume-admin;posx-frido-admin;posx-frido-b2b-admin;posx-frido-mobility-admin;posx-mokobara-admin;posx-ugaoo-admin
src/components/common/action-menu/action-menu.tsx,8,posx-comet-admin;posx-demo-admin;posx-eume-admin;posx-frido-admin;posx-frido-b2b-admin;posx-frido-mobility-admin;posx-mokobara-admin;posx-ugaoo-admin
src/components/common/badge-list-summary/badge-list-summary.tsx,8,posx-comet-admin;posx-demo-admin;posx-eume-admin;posx-frido-admin;posx-frido-b2b-admin;posx-frido-mobility-admin;posx-mokobara-admin;posx-ugaoo-admin
src/components/common/chip-group/chip-group.tsx,8,posx-comet-admin;posx-demo-admin;posx-eume-admin;posx-frido-admin;posx-frido-b2b-admin;posx-frido-mobility-admin;posx-mokobara-admin;posx-ugaoo-admin
src/components/common/conditional-tooltip/conditional-tooltip.tsx,8,posx-comet-admin;posx-demo-admin;posx-eume-admin;posx-frido-admin;posx-frido-b2b-admin;posx-frido-mobility-admin;posx-mokobara-admin;posx-ugaoo-admin
src/components/common/customer-info/customer-info.tsx,8,posx-comet-admin;posx-demo-admin;posx-eume-admin;posx-frido-admin;posx-frido-b2b-admin;posx-frido-mobility-admin;posx-mokobara-admin;posx-ugaoo-admin
src/components/common/date-range-display/date-range-display.tsx,8,posx-comet-admin;posx-demo-admin;posx-eume-admin;posx-frido-admin;posx-frido-b2b-admin;posx-frido-mobility-admin;posx-mokobara-admin;posx-ugaoo-admin
src/components/common/display-id/display-id.tsx,8,posx-comet-admin;posx-demo-admin;posx-eume-admin;posx-frido-admin;posx-frido-b2b-admin;posx-frido-mobility-admin;posx-mokobara-admin;posx-ugaoo-admin
src/components/common/empty-table-content/empty-table-content.tsx,8,posx-comet-admin;posx-demo-admin;posx-eume-admin;posx-frido-admin;posx-frido-b2b-admin;posx-frido-mobility-admin;posx-mokobara-admin;posx-ugaoo-admin
src/components/common/file-preview/file-preview.tsx,8,posx-comet-admin;posx-demo-admin;posx-eume-admin;posx-frido-admin;posx-frido-b2b-admin;posx-frido-mobility-admin;posx-mokobara-admin;posx-ugaoo-admin
src/components/common/file-upload/file-upload.tsx,8,posx-comet-admin;posx-demo-admin;posx-eume-admin;posx-frido-admin;posx-frido-b2b-admin;posx-frido-mobility-admin;posx-mokobara-admin;posx-ugaoo-admin
src/components/common/form/form.tsx,8,posx-comet-admin;posx-demo-admin;posx-eume-admin;posx-frido-admin;posx-frido-b2b-admin;posx-frido-mobility-admin;posx-mokobara-admin;posx-ugaoo-admin
src/components/common/icon-avatar/icon-avatar.tsx,8,posx-comet-admin;posx-demo-admin;posx-eume-admin;posx-frido-admin;posx-frido-b2b-admin;posx-frido-mobility-admin;posx-mokobara-admin;posx-ugaoo-admin
src/components/common/infinite-list/infinite-list.tsx,8,posx-comet-admin;posx-demo-admin;posx-eume-admin;posx-frido-admin;posx-frido-b2b-admin;posx-frido-mobility-admin;posx-mokobara-admin;posx-ugaoo-admin
src/components/common/json-view-section/json-view-section.tsx,8,posx-comet-admin;posx-demo-admin;posx-eume-admin;posx-frido-admin;posx-frido-b2b-admin;posx-frido-mobility-admin;posx-mokobara-admin;posx-ugaoo-admin
src/components/common/link-button/link-button.tsx,8,posx-comet-admin;posx-demo-admin;posx-eume-admin;posx-frido-admin;posx-frido-b2b-admin;posx-frido-mobility-admin;posx-mokobara-admin;posx-ugaoo-admin
src/components/common/list-summary/list-summary.tsx,8,posx-comet-admin;posx-demo-admin;posx-eume-admin;posx-frido-admin;posx-frido-b2b-admin;posx-frido-mobility-admin;posx-mokobara-admin;posx-ugaoo-admin
src/components/common/logo-box/logo-box.tsx,8,posx-comet-admin;posx-demo-admin;posx-eume-admin;posx-frido-admin;posx-frido-b2b-admin;posx-frido-mobility-admin;posx-mokobara-admin;posx-ugaoo-admin
src/components/common/metadata-section/metadata-section.tsx,8,posx-comet-admin;posx-demo-admin;posx-eume-admin;posx-frido-admin;posx-frido-b2b-admin;posx-frido-mobility-admin;posx-mokobara-admin;posx-ugaoo-admin
src/components/common/progress-bar/progress-bar.tsx,8,posx-comet-admin;posx-demo-admin;posx-eume-admin;posx-frido-admin;posx-frido-b2b-admin;posx-frido-mobility-admin;posx-mokobara-admin;posx-ugaoo-admin
src/components/common/section/section-row.tsx,8,posx-comet-admin;posx-demo-admin;posx-eume-admin;posx-frido-admin;posx-frido-b2b-admin;posx-frido-mobility-admin;posx-mokobara-admin;posx-ugaoo-admin
src/components/common/sidebar-link/sidebar-link.tsx,8,posx-comet-admin;posx-demo-admin;posx-eume-admin;posx-frido-admin;posx-frido-b2b-admin;posx-frido-mobility-admin;posx-mokobara-admin;posx-ugaoo-admin
src/components/common/skeleton/skeleton.tsx,8,posx-comet-admin;posx-demo-admin;posx-eume-admin;posx-frido-admin;posx-frido-b2b-admin;posx-frido-mobility-admin;posx-mokobara-admin;posx-ugaoo-admin
src/components/common/sortable-list/sortable-list.tsx,8,posx-comet-admin;posx-demo-admin;posx-eume-admin;posx-frido-admin;posx-frido-b2b-admin;posx-frido-mobility-admin;posx-mokobara-admin;posx-ugaoo-admin
src/components/common/sortable-tree/keyboard-coordinates.ts,8,posx-comet-admin;posx-demo-admin;posx-eume-admin;posx-frido-admin;posx-frido-b2b-admin;posx-frido-mobility-admin;posx-mokobara-admin;posx-ugaoo-admin
src/components/common/sortable-tree/sortable-tree-item.tsx,8,posx-comet-admin;posx-demo-admin;posx-eume-admin;posx-frido-admin;posx-frido-b2b-admin;posx-frido-mobility-admin;posx-mokobara-admin;posx-ugaoo-admin
src/components/common/sortable-tree/sortable-tree.tsx,8,posx-comet-admin;posx-demo-admin;posx-eume-admin;posx-frido-admin;posx-frido-b2b-admin;posx-frido-mobility-admin;posx-mokobara-admin;posx-ugaoo-admin
src/components/common/sortable-tree/tree-item.tsx,8,posx-comet-admin;posx-demo-admin;posx-eume-admin;posx-frido-admin;posx-frido-b2b-admin;posx-frido-mobility-admin;posx-mokobara-admin;posx-ugaoo-admin
src/components/common/sortable-tree/types.ts,8,posx-comet-admin;posx-demo-admin;posx-eume-admin;posx-frido-admin;posx-frido-b2b-admin;posx-frido-mobility-admin;posx-mokobara-admin;posx-ugaoo-admin
src/components/common/sortable-tree/utils.ts,8,posx-comet-admin;posx-demo-admin;posx-eume-admin;posx-frido-admin;posx-frido-b2b-admin;posx-frido-mobility-admin;posx-mokobara-admin;posx-ugaoo-admin
src/components/common/switch-box/switch-box.tsx,8,posx-comet-admin;posx-demo-admin;posx-eume-admin;posx-frido-admin;posx-frido-b2b-admin;posx-frido-mobility-admin;posx-mokobara-admin;posx-ugaoo-admin
src/components/common/tax-badge/tax-badge.tsx,8,posx-comet-admin;posx-demo-admin;posx-eume-admin;posx-frido-admin;posx-frido-b2b-admin;posx-frido-mobility-admin;posx-mokobara-admin;posx-ugaoo-admin
src/components/common/thumbnail/thumbnail.tsx,8,posx-comet-admin;posx-demo-admin;posx-eume-admin;posx-frido-admin;posx-frido-b2b-admin;posx-frido-mobility-admin;posx-mokobara-admin;posx-ugaoo-admin
src/components/common/user-link/user-link.tsx,8,posx-comet-admin;posx-demo-admin;posx-eume-admin;posx-frido-admin;posx-frido-b2b-admin;posx-frido-mobility-admin;posx-mokobara-admin;posx-ugaoo-admin
src/components/custom-filter/custom-filter.tsx,8,posx-comet-admin;posx-demo-admin;posx-eume-admin;posx-frido-admin;posx-frido-b2b-admin;posx-frido-mobility-admin;posx-mokobara-admin;posx-ugaoo-admin
src/components/custom-sort/custom-sort.tsx,8,posx-comet-admin;posx-demo-admin;posx-eume-admin;posx-frido-admin;posx-frido-b2b-admin;posx-frido-mobility-admin;posx-mokobara-admin;posx-ugaoo-admin
src/components/data-grid/components/data-grid-boolean-cell.tsx,8,posx-comet-admin;posx-demo-admin;posx-eume-admin;posx-frido-admin;posx-frido-b2b-admin;posx-frido-mobility-admin;posx-mokobara-admin;posx-ugaoo-admin
src/components/data-grid/components/data-grid-cell-container.tsx,8,posx-comet-admin;posx-demo-admin;posx-eume-admin;posx-frido-admin;posx-frido-b2b-admin;posx-frido-mobility-admin;posx-mokobara-admin;posx-ugaoo-admin
src/components/data-grid/components/data-grid-currency-cell.tsx,8,posx-comet-admin;posx-demo-admin;posx-eume-admin;posx-frido-admin;posx-frido-b2b-admin;posx-frido-mobility-admin;posx-mokobara-admin;posx-ugaoo-admin
src/components/data-grid/components/data-grid-duplicate-cell.tsx,8,posx-comet-admin;posx-demo-admin;posx-eume-admin;posx-frido-admin;posx-frido-b2b-admin;posx-frido-mobility-admin;posx-mokobara-admin;posx-ugaoo-admin
src/components/data-grid/components/data-grid-keyboard-shortcut-modal.tsx,8,posx-comet-admin;posx-demo-admin;posx-eume-admin;posx-frido-admin;posx-frido-b2b-admin;posx-frido-mobility-admin;posx-mokobara-admin;posx-ugaoo-admin
src/components/data-grid/components/data-grid-number-cell.tsx,8,posx-comet-admin;posx-demo-admin;posx-eume-admin;posx-frido-admin;posx-frido-b2b-admin;posx-frido-mobility-admin;posx-mokobara-admin;posx-ugaoo-admin
src/components/data-grid/components/data-grid-readonly-cell.tsx,8,posx-comet-admin;posx-demo-admin;posx-eume-admin;posx-frido-admin;posx-frido-b2b-admin;posx-frido-mobility-admin;posx-mokobara-admin;posx-ugaoo-admin
src/components/data-grid/components/data-grid-root.tsx,8,posx-comet-admin;posx-demo-admin;posx-eume-admin;posx-frido-admin;posx-frido-b2b-admin;posx-frido-mobility-admin;posx-mokobara-admin;posx-ugaoo-admin
src/components/data-grid/components/data-grid-row-error-indicator.tsx,8,posx-comet-admin;posx-demo-admin;posx-eume-admin;posx-frido-admin;posx-frido-b2b-admin;posx-frido-mobility-admin;posx-mokobara-admin;posx-ugaoo-admin
src/components/data-grid/components/data-grid-skeleton.tsx,8,posx-comet-admin;posx-demo-admin;posx-eume-admin;posx-frido-admin;posx-frido-b2b-admin;posx-frido-mobility-admin;posx-mokobara-admin;posx-ugaoo-admin
src/components/data-grid/components/data-grid-text-cell.tsx,8,posx-comet-admin;posx-demo-admin;posx-eume-admin;posx-frido-admin;posx-frido-b2b-admin;posx-frido-mobility-admin;posx-mokobara-admin;posx-ugaoo-admin
src/components/data-grid/components/data-grid-toggleable-number-cell.tsx,8,posx-comet-admin;posx-demo-admin;posx-eume-admin;posx-frido-admin;posx-frido-b2b-admin;posx-frido-mobility-admin;posx-mokobara-admin;posx-ugaoo-admin
src/components/data-grid/context/data-grid-context.tsx,8,posx-comet-admin;posx-demo-admin;posx-eume-admin;posx-frido-admin;posx-frido-b2b-admin;posx-frido-mobility-admin;posx-mokobara-admin;posx-ugaoo-admin
src/components/data-grid/data-grid.tsx,8,posx-comet-admin;posx-demo-admin;posx-eume-admin;posx-frido-admin;posx-frido-b2b-admin;posx-frido-mobility-admin;posx-mokobara-admin;posx-ugaoo-admin
src/components/data-grid/helpers/create-data-grid-column-helper.ts,8,posx-comet-admin;posx-demo-admin;posx-eume-admin;posx-frido-admin;posx-frido-b2b-admin;posx-frido-mobility-admin;posx-mokobara-admin;posx-ugaoo-admin
src/components/data-grid/helpers/create-data-grid-price-columns.tsx,8,posx-comet-admin;posx-demo-admin;posx-eume-admin;posx-frido-admin;posx-frido-b2b-admin;posx-frido-mobility-admin;posx-mokobara-admin;posx-ugaoo-admin
src/components/data-grid/hooks/use-data-grid-cell-error.tsx,8,posx-comet-admin;posx-demo-admin;posx-eume-admin;posx-frido-admin;posx-frido-b2b-admin;posx-frido-mobility-admin;posx-mokobara-admin;posx-ugaoo-admin
src/components/data-grid/hooks/use-data-grid-cell-handlers.tsx,8,posx-comet-admin;posx-demo-admin;posx-eume-admin;posx-frido-admin;posx-frido-b2b-admin;posx-frido-mobility-admin;posx-mokobara-admin;posx-ugaoo-admin
src/components/data-grid/hooks/use-data-grid-cell-metadata.tsx,8,posx-comet-admin;posx-demo-admin;posx-eume-admin;posx-frido-admin;posx-frido-b2b-admin;posx-frido-mobility-admin;posx-mokobara-admin;posx-ugaoo-admin
src/components/data-grid/hooks/use-data-grid-cell-snapshot.tsx,8,posx-comet-admin;posx-demo-admin;posx-eume-admin;posx-frido-admin;posx-frido-b2b-admin;posx-frido-mobility-admin;posx-mokobara-admin;posx-ugaoo-admin
src/components/data-grid/hooks/use-data-grid-cell.tsx,8,posx-comet-admin;posx-demo-admin;posx-eume-admin;posx-frido-admin;posx-frido-b2b-admin;posx-frido-mobility-admin;posx-mokobara-admin;posx-ugaoo-admin
src/components/data-grid/hooks/use-data-grid-clipboard-events.tsx,8,posx-comet-admin;posx-demo-admin;posx-eume-admin;posx-frido-admin;posx-frido-b2b-admin;posx-frido-mobility-admin;posx-mokobara-admin;posx-ugaoo-admin
src/components/data-grid/hooks/use-data-grid-column-visibility.tsx,8,posx-comet-admin;posx-demo-admin;posx-eume-admin;posx-frido-admin;posx-frido-b2b-admin;posx-frido-mobility-admin;posx-mokobara-admin;posx-ugaoo-admin
src/components/data-grid/hooks/use-data-grid-error-highlighting.tsx,8,posx-comet-admin;posx-demo-admin;posx-eume-admin;posx-frido-admin;posx-frido-b2b-admin;posx-frido-mobility-admin;posx-mokobara-admin;posx-ugaoo-admin
src/components/data-grid/hooks/use-data-grid-form-handlers.tsx,8,posx-comet-admin;posx-demo-admin;posx-eume-admin;posx-frido-admin;posx-frido-b2b-admin;posx-frido-mobility-admin;posx-mokobara-admin;posx-ugaoo-admin
src/components/data-grid/hooks/use-data-grid-keydown-event.tsx,8,posx-comet-admin;posx-demo-admin;posx-eume-admin;posx-frido-admin;posx-frido-b2b-admin;posx-frido-mobility-admin;posx-mokobara-admin;posx-ugaoo-admin
src/components/data-grid/hooks/use-data-grid-mouse-up-event.tsx,8,posx-comet-admin;posx-demo-admin;posx-eume-admin;posx-frido-admin;posx-frido-b2b-admin;posx-frido-mobility-admin;posx-mokobara-admin;posx-ugaoo-admin
src/components/data-grid/hooks/use-data-grid-navigation.tsx,8,posx-comet-admin;posx-demo-admin;posx-eume-admin;posx-frido-admin;posx-frido-b2b-admin;posx-frido-mobility-admin;posx-mokobara-admin;posx-ugaoo-admin
src/components/data-grid/hooks/use-data-grid-query-tool.tsx,8,posx-comet-admin;posx-demo-admin;posx-eume-admin;posx-frido-admin;posx-frido-b2b-admin;posx-frido-mobility-admin;posx-mokobara-admin;posx-ugaoo-admin
src/components/data-grid/models/data-grid-bulk-update-command.ts,8,posx-comet-admin;posx-demo-admin;posx-eume-admin;posx-frido-admin;posx-frido-b2b-admin;posx-frido-mobility-admin;posx-mokobara-admin;posx-ugaoo-admin
src/components/data-grid/models/data-grid-matrix.ts,8,posx-comet-admin;posx-demo-admin;posx-eume-admin;posx-frido-admin;posx-frido-b2b-admin;posx-frido-mobility-admin;posx-mokobara-admin;posx-ugaoo-admin
src/components/data-grid/models/data-grid-query-tool.ts,8,posx-comet-admin;posx-demo-admin;posx-eume-admin;posx-frido-admin;posx-frido-b2b-admin;posx-frido-mobility-admin;posx-mokobara-admin;posx-ugaoo-admin
src/components/data-grid/models/data-grid-update-command.ts,8,posx-comet-admin;posx-demo-admin;posx-eume-admin;posx-frido-admin;posx-frido-b2b-admin;posx-frido-mobility-admin;posx-mokobara-admin;posx-ugaoo-admin
src/components/data-grid/types.ts,8,posx-comet-admin;posx-demo-admin;posx-eume-admin;posx-frido-admin;posx-frido-b2b-admin;posx-frido-mobility-admin;posx-mokobara-admin;posx-ugaoo-admin
src/components/data-grid/utils.ts,8,posx-comet-admin;posx-demo-admin;posx-eume-admin;posx-frido-admin;posx-frido-b2b-admin;posx-frido-mobility-admin;posx-mokobara-admin;posx-ugaoo-admin
src/components/data-table/components/data-table-status-cell/data-table-status-cell.tsx,8,posx-comet-admin;posx-demo-admin;posx-eume-admin;posx-frido-admin;posx-frido-b2b-admin;posx-frido-mobility-admin;posx-mokobara-admin;posx-ugaoo-admin
src/components/data-table/data-table.tsx,8,posx-comet-admin;posx-demo-admin;posx-eume-admin;posx-frido-admin;posx-frido-b2b-admin;posx-frido-mobility-admin;posx-mokobara-admin;posx-ugaoo-admin
src/components/data-table/helpers/general/use-data-table-date-columns.tsx,8,posx-comet-admin;posx-demo-admin;posx-eume-admin;posx-frido-admin;posx-frido-b2b-admin;posx-frido-mobility-admin;posx-mokobara-admin;posx-ugaoo-admin
src/components/data-table/helpers/general/use-data-table-date-filters.tsx,8,posx-comet-admin;posx-demo-admin;posx-eume-admin;posx-frido-admin;posx-frido-b2b-admin;posx-frido-mobility-admin;posx-mokobara-admin;posx-ugaoo-admin
src/components/data-table/helpers/sales-channels/use-sales-channel-table-columns.tsx,8,posx-comet-admin;posx-demo-admin;posx-eume-admin;posx-frido-admin;posx-frido-b2b-admin;posx-frido-mobility-admin;posx-mokobara-admin;posx-ugaoo-admin
src/components/data-table/helpers/sales-channels/use-sales-channel-table-empty-state.tsx,8,posx-comet-admin;posx-demo-admin;posx-eume-admin;posx-frido-admin;posx-frido-b2b-admin;posx-frido-mobility-admin;posx-mokobara-admin;posx-ugaoo-admin
src/components/data-table/helpers/sales-channels/use-sales-channel-table-filters.tsx,8,posx-comet-admin;posx-demo-admin;posx-eume-admin;posx-frido-admin;posx-frido-b2b-admin;posx-frido-mobility-admin;posx-mokobara-admin;posx-ugaoo-admin
src/components/data-table/helpers/sales-channels/use-sales-channel-table-query.tsx,8,posx-comet-admin;posx-demo-admin;posx-eume-admin;posx-frido-admin;posx-frido-b2b-admin;posx-frido-mobility-admin;posx-mokobara-admin;posx-ugaoo-admin
src/components/filtering/filter-group/filter-group.tsx,8,posx-comet-admin;posx-demo-admin;posx-eume-admin;posx-frido-admin;posx-frido-b2b-admin;posx-frido-mobility-admin;posx-mokobara-admin;posx-ugaoo-admin
src/components/filtering/order-by/order-by.tsx,8,posx-comet-admin;posx-demo-admin;posx-eume-admin;posx-frido-admin;posx-frido-b2b-admin;posx-frido-mobility-admin;posx-mokobara-admin;posx-ugaoo-admin
src/components/filtering/query/query.tsx,8,posx-comet-admin;posx-demo-admin;posx-eume-admin;posx-frido-admin;posx-frido-b2b-admin;posx-frido-mobility-admin;posx-mokobara-admin;posx-ugaoo-admin
src/components/filters/text-filter-with-operator.tsx,8,posx-comet-admin;posx-demo-admin;posx-eume-admin;posx-frido-admin;posx-frido-b2b-admin;posx-frido-mobility-admin;posx-mokobara-admin;posx-ugaoo-admin
src/components/forms/address-form/address-form.tsx,8,posx-comet-admin;posx-demo-admin;posx-eume-admin;posx-frido-admin;posx-frido-b2b-admin;posx-frido-mobility-admin;posx-mokobara-admin;posx-ugaoo-admin
src/components/forms/email-form/email-form.tsx,8,posx-comet-admin;posx-demo-admin;posx-eume-admin;posx-frido-admin;posx-frido-b2b-admin;posx-frido-mobility-admin;posx-mokobara-admin;posx-ugaoo-admin
src/components/forms/metadata-form/metadata-form.tsx,8,posx-comet-admin;posx-demo-admin;posx-eume-admin;posx-frido-admin;posx-frido-b2b-admin;posx-frido-mobility-admin;posx-mokobara-admin;posx-ugaoo-admin
src/components/inputs/chip-input/chip-input.tsx,8,posx-comet-admin;posx-demo-admin;posx-eume-admin;posx-frido-admin;posx-frido-b2b-admin;posx-frido-mobility-admin;posx-mokobara-admin;posx-ugaoo-admin
src/components/inputs/combobox/combobox.tsx,8,posx-comet-admin;posx-demo-admin;posx-eume-admin;posx-frido-admin;posx-frido-b2b-admin;posx-frido-mobility-admin;posx-mokobara-admin;posx-ugaoo-admin
src/components/inputs/country-select/country-select.tsx,8,posx-comet-admin;posx-demo-admin;posx-eume-admin;posx-frido-admin;posx-frido-b2b-admin;posx-frido-mobility-admin;posx-mokobara-admin;posx-ugaoo-admin
src/components/inputs/handle-input/handle-input.tsx,8,posx-comet-admin;posx-demo-admin;posx-eume-admin;posx-frido-admin;posx-frido-b2b-admin;posx-frido-mobility-admin;posx-mokobara-admin;posx-ugaoo-admin
src/components/inputs/percentage-input/percentage-input.tsx,8,posx-comet-admin;posx-demo-admin;posx-eume-admin;posx-frido-admin;posx-frido-b2b-admin;posx-frido-mobility-admin;posx-mokobara-admin;posx-ugaoo-admin
src/components/inputs/province-select/province-select.tsx,8,posx-comet-admin;posx-demo-admin;posx-eume-admin;posx-frido-admin;posx-frido-b2b-admin;posx-frido-mobility-admin;posx-mokobara-admin;posx-ugaoo-admin
src/components/layout/main-layout/main-layout.tsx,8,posx-comet-admin;posx-demo-admin;posx-eume-admin;posx-frido-admin;posx-frido-b2b-admin;posx-frido-mobility-admin;posx-mokobara-admin;posx-ugaoo-admin
src/components/layout/nav-item/nav-item.tsx,8,posx-comet-admin;posx-demo-admin;posx-eume-admin;posx-frido-admin;posx-frido-b2b-admin;posx-frido-mobility-admin;posx-mokobara-admin;posx-ugaoo-admin
src/components/layout/notifications/notifications.tsx,8,posx-comet-admin;posx-demo-admin;posx-eume-admin;posx-frido-admin;posx-frido-b2b-admin;posx-frido-mobility-admin;posx-mokobara-admin;posx-ugaoo-admin
src/components/layout/pages/single-column-page/single-column-page.tsx,8,posx-comet-admin;posx-demo-admin;posx-eume-admin;posx-frido-admin;posx-frido-b2b-admin;posx-frido-mobility-admin;posx-mokobara-admin;posx-ugaoo-admin
src/components/layout/pages/two-column-page/two-column-page.tsx,8,posx-comet-admin;posx-demo-admin;posx-eume-admin;posx-frido-admin;posx-frido-b2b-admin;posx-frido-mobility-admin;posx-mokobara-admin;posx-ugaoo-admin
src/components/layout/settings-layout/settings-layout.tsx,8,posx-comet-admin;posx-demo-admin;posx-eume-admin;posx-frido-admin;posx-frido-b2b-admin;posx-frido-mobility-admin;posx-mokobara-admin;posx-ugaoo-admin
src/components/layout/shell/shell.tsx,8,posx-comet-admin;posx-demo-admin;posx-eume-admin;posx-frido-admin;posx-frido-b2b-admin;posx-frido-mobility-admin;posx-mokobara-admin;posx-ugaoo-admin
src/components/layout/user-menu/user-menu.tsx,8,posx-comet-admin;posx-demo-admin;posx-eume-admin;posx-frido-admin;posx-frido-b2b-admin;posx-frido-mobility-admin;posx-mokobara-admin;posx-ugaoo-admin
src/components/localization/localized-table-pagination/localized-table-pagination.tsx,8,posx-comet-admin;posx-demo-admin;posx-eume-admin;posx-frido-admin;posx-frido-b2b-admin;posx-frido-mobility-admin;posx-mokobara-admin;posx-ugaoo-admin
src/components/modals/hooks/use-state-aware-to.tsx,8,posx-comet-admin;posx-demo-admin;posx-eume-admin;posx-frido-admin;posx-frido-b2b-admin;posx-frido-mobility-admin;posx-mokobara-admin;posx-ugaoo-admin
src/components/modals/route-drawer/route-drawer.tsx,8,posx-comet-admin;posx-demo-admin;posx-eume-admin;posx-frido-admin;posx-frido-b2b-admin;posx-frido-mobility-admin;posx-mokobara-admin;posx-ugaoo-admin
src/components/modals/route-focus-modal/route-focus-modal.tsx,8,posx-comet-admin;posx-demo-admin;posx-eume-admin;posx-frido-admin;posx-frido-b2b-admin;posx-frido-mobility-admin;posx-mokobara-admin;posx-ugaoo-admin
src/components/modals/route-modal-form/route-modal-form.tsx,8,posx-comet-admin;posx-demo-admin;posx-eume-admin;posx-frido-admin;posx-frido-b2b-admin;posx-frido-mobility-admin;posx-mokobara-admin;posx-ugaoo-admin
src/components/modals/route-modal-provider/route-provider.tsx,8,posx-comet-admin;posx-demo-admin;posx-eume-admin;posx-frido-admin;posx-frido-b2b-admin;posx-frido-mobility-admin;posx-mokobara-admin;posx-ugaoo-admin
src/components/modals/stacked-drawer/stacked-drawer.tsx,8,posx-comet-admin;posx-demo-admin;posx-eume-admin;posx-frido-admin;posx-frido-b2b-admin;posx-frido-mobility-admin;posx-mokobara-admin;posx-ugaoo-admin
src/components/modals/stacked-focus-modal/stacked-focus-modal.tsx,8,posx-comet-admin;posx-demo-admin;posx-eume-admin;posx-frido-admin;posx-frido-b2b-admin;posx-frido-mobility-admin;posx-mokobara-admin;posx-ugaoo-admin
src/components/modals/stacked-modal-provider/stacked-modal-provider.tsx,8,posx-comet-admin;posx-demo-admin;posx-eume-admin;posx-frido-admin;posx-frido-b2b-admin;posx-frido-mobility-admin;posx-mokobara-admin;posx-ugaoo-admin
src/components/search/search.tsx,8,posx-comet-admin;posx-demo-admin;posx-eume-admin;posx-frido-admin;posx-frido-b2b-admin;posx-frido-mobility-admin;posx-mokobara-admin;posx-ugaoo-admin
src/components/search/use-search-results.tsx,8,posx-comet-admin;posx-demo-admin;posx-eume-admin;posx-frido-admin;posx-frido-b2b-admin;posx-frido-mobility-admin;posx-mokobara-admin;posx-ugaoo-admin
src/components/table/data-table/data-table-filter/context.tsx,8,posx-comet-admin;posx-demo-admin;posx-eume-admin;posx-frido-admin;posx-frido-b2b-admin;posx-frido-mobility-admin;posx-mokobara-admin;posx-ugaoo-admin
src/components/table/data-table/data-table-filter/data-table-filter.tsx,8,posx-comet-admin;posx-demo-admin;posx-eume-admin;posx-frido-admin;posx-frido-b2b-admin;posx-frido-mobility-admin;posx-mokobara-admin;posx-ugaoo-admin
src/components/table/data-table/data-table-filter/date-filter.tsx,8,posx-comet-admin;posx-demo-admin;posx-eume-admin;posx-frido-admin;posx-frido-b2b-admin;posx-frido-mobility-admin;posx-mokobara-admin;posx-ugaoo-admin
src/components/table/data-table/data-table-filter/filter-chip.tsx,8,posx-comet-admin;posx-demo-admin;posx-eume-admin;posx-frido-admin;posx-frido-b2b-admin;posx-frido-mobility-admin;posx-mokobara-admin;posx-ugaoo-admin
src/components/table/data-table/data-table-filter/number-filter.tsx,8,posx-comet-admin;posx-demo-admin;posx-eume-admin;posx-frido-admin;posx-frido-b2b-admin;posx-frido-mobility-admin;posx-mokobara-admin;posx-ugaoo-admin
src/components/table/data-table/data-table-filter/select-filter.tsx,8,posx-comet-admin;posx-demo-admin;posx-eume-admin;posx-frido-admin;posx-frido-b2b-admin;posx-frido-mobility-admin;posx-mokobara-admin;posx-ugaoo-admin
src/components/table/data-table/data-table-filter/string-filter.tsx,8,posx-comet-admin;posx-demo-admin;posx-eume-admin;posx-frido-admin;posx-frido-b2b-admin;posx-frido-mobility-admin;posx-mokobara-admin;posx-ugaoo-admin
src/components/table/data-table/data-table-order-by/data-table-order-by.tsx,8,posx-comet-admin;posx-demo-admin;posx-eume-admin;posx-frido-admin;posx-frido-b2b-admin;posx-frido-mobility-admin;posx-mokobara-admin;posx-ugaoo-admin
src/components/table/data-table/data-table-query/data-table-query.tsx,8,posx-comet-admin;posx-demo-admin;posx-eume-admin;posx-frido-admin;posx-frido-b2b-admin;posx-frido-mobility-admin;posx-mokobara-admin;posx-ugaoo-admin
src/components/table/data-table/data-table-root/data-table-root.tsx,8,posx-comet-admin;posx-demo-admin;posx-eume-admin;posx-frido-admin;posx-frido-b2b-admin;posx-frido-mobility-admin;posx-mokobara-admin;posx-ugaoo-admin
src/components/table/data-table/data-table-search/data-table-search.tsx,8,posx-comet-admin;posx-demo-admin;posx-eume-admin;posx-frido-admin;posx-frido-b2b-admin;posx-frido-mobility-admin;posx-mokobara-admin;posx-ugaoo-admin
src/components/table/data-table/data-table.tsx,8,posx-comet-admin;posx-demo-admin;posx-eume-admin;posx-frido-admin;posx-frido-b2b-admin;posx-frido-mobility-admin;posx-mokobara-admin;posx-ugaoo-admin
src/components/table/data-table/hooks.tsx,8,posx-comet-admin;posx-demo-admin;posx-eume-admin;posx-frido-admin;posx-frido-b2b-admin;posx-frido-mobility-admin;posx-mokobara-admin;posx-ugaoo-admin
src/components/table/table-cells/common/code-cell/code-cell.tsx,8,posx-comet-admin;posx-demo-admin;posx-eume-admin;posx-frido-admin;posx-frido-b2b-admin;posx-frido-mobility-admin;posx-mokobara-admin;posx-ugaoo-admin
src/components/table/table-cells/common/created-at-cell/created-at-cell.tsx,8,posx-comet-admin;posx-demo-admin;posx-eume-admin;posx-frido-admin;posx-frido-b2b-admin;posx-frido-mobility-admin;posx-mokobara-admin;posx-ugaoo-admin
src/components/table/table-cells/common/date-cell/date-cell.tsx,8,posx-comet-admin;posx-demo-admin;posx-eume-admin;posx-frido-admin;posx-frido-b2b-admin;posx-frido-mobility-admin;posx-mokobara-admin;posx-ugaoo-admin
src/components/table/table-cells/common/email-cell/email-cell.tsx,8,posx-comet-admin;posx-demo-admin;posx-eume-admin;posx-frido-admin;posx-frido-b2b-admin;posx-frido-mobility-admin;posx-mokobara-admin;posx-ugaoo-admin
src/components/table/table-cells/common/money-amount-cell/money-amount-cell.tsx,8,posx-comet-admin;posx-demo-admin;posx-eume-admin;posx-frido-admin;posx-frido-b2b-admin;posx-frido-mobility-admin;posx-mokobara-admin;posx-ugaoo-admin
src/components/table/table-cells/common/name-cell/name-cell.tsx,8,posx-comet-admin;posx-demo-admin;posx-eume-admin;posx-frido-admin;posx-frido-b2b-admin;posx-frido-mobility-admin;posx-mokobara-admin;posx-ugaoo-admin
src/components/table/table-cells/common/status-cell/status-cell.tsx,8,posx-comet-admin;posx-demo-admin;posx-eume-admin;posx-frido-admin;posx-frido-b2b-admin;posx-frido-mobility-admin;posx-mokobara-admin;posx-ugaoo-admin
src/components/table/table-cells/common/text-cell/text-cell.tsx,8,posx-comet-admin;posx-demo-admin;posx-eume-admin;posx-frido-admin;posx-frido-b2b-admin;posx-frido-mobility-admin;posx-mokobara-admin;posx-ugaoo-admin
src/components/table/table-cells/customer/account-cell/account-cell.tsx,8,posx-comet-admin;posx-demo-admin;posx-eume-admin;posx-frido-admin;posx-frido-b2b-admin;posx-frido-mobility-admin;posx-mokobara-admin;posx-ugaoo-admin
src/components/table/table-cells/customer/first-seen-cell/first-seen-cell.tsx,8,posx-comet-admin;posx-demo-admin;posx-eume-admin;posx-frido-admin;posx-frido-b2b-admin;posx-frido-mobility-admin;posx-mokobara-admin;posx-ugaoo-admin
src/components/table/table-cells/order/country-cell/country-cell.tsx,8,posx-comet-admin;posx-demo-admin;posx-eume-admin;posx-frido-admin;posx-frido-b2b-admin;posx-frido-mobility-admin;posx-mokobara-admin;posx-ugaoo-admin
src/components/table/table-cells/order/customer-cell/customer-cell.tsx,8,posx-comet-admin;posx-demo-admin;posx-eume-admin;posx-frido-admin;posx-frido-b2b-admin;posx-frido-mobility-admin;posx-mokobara-admin;posx-ugaoo-admin
src/components/table/table-cells/order/display-id-cell/display-id-cell.tsx,8,posx-comet-admin;posx-demo-admin;posx-eume-admin;posx-frido-admin;posx-frido-b2b-admin;posx-frido-mobility-admin;posx-mokobara-admin;posx-ugaoo-admin
src/components/table/table-cells/order/fulfillment-status-cell/fulfillment-status-cell.tsx,8,posx-comet-admin;posx-demo-admin;posx-eume-admin;posx-frido-admin;posx-frido-b2b-admin;posx-frido-mobility-admin;posx-mokobara-admin;posx-ugaoo-admin
src/components/table/table-cells/order/payment-status-cell/payment-status-cell.tsx,8,posx-comet-admin;posx-demo-admin;posx-eume-admin;posx-frido-admin;posx-frido-b2b-admin;posx-frido-mobility-admin;posx-mokobara-admin;posx-ugaoo-admin
src/components/table/table-cells/order/sales-channel-cell/sales-channel-cell.tsx,8,posx-comet-admin;posx-demo-admin;posx-eume-admin;posx-frido-admin;posx-frido-b2b-admin;posx-frido-mobility-admin;posx-mokobara-admin;posx-ugaoo-admin
src/components/table/table-cells/order/total-cell/total-cell.tsx,8,posx-comet-admin;posx-demo-admin;posx-eume-admin;posx-frido-admin;posx-frido-b2b-admin;posx-frido-mobility-admin;posx-mokobara-admin;posx-ugaoo-admin
src/components/table/table-cells/product/collection-cell/collection-cell.tsx,8,posx-comet-admin;posx-demo-admin;posx-eume-admin;posx-frido-admin;posx-frido-b2b-admin;posx-frido-mobility-admin;posx-mokobara-admin;posx-ugaoo-admin
src/components/table/table-cells/product/product-cell/product-cell.tsx,8,posx-comet-admin;posx-demo-admin;posx-eume-admin;posx-frido-admin;posx-frido-b2b-admin;posx-frido-mobility-admin;posx-mokobara-admin;posx-ugaoo-admin
src/components/table/table-cells/product/sales-channels-cell/sales-channels-cell.tsx,8,posx-comet-admin;posx-demo-admin;posx-eume-admin;posx-frido-admin;posx-frido-b2b-admin;posx-frido-mobility-admin;posx-mokobara-admin;posx-ugaoo-admin
src/components/table/table-cells/product/variant-cell/variant-cell.tsx,8,posx-comet-admin;posx-demo-admin;posx-eume-admin;posx-frido-admin;posx-frido-b2b-admin;posx-frido-mobility-admin;posx-mokobara-admin;posx-ugaoo-admin
src/components/table/table-cells/promotion/status-cell/status-cell.tsx,8,posx-comet-admin;posx-demo-admin;posx-eume-admin;posx-frido-admin;posx-frido-b2b-admin;posx-frido-mobility-admin;posx-mokobara-admin;posx-ugaoo-admin
src/components/table/table-cells/region/countries-cell/countries-cell.tsx,8,posx-comet-admin;posx-demo-admin;posx-eume-admin;posx-frido-admin;posx-frido-b2b-admin;posx-frido-mobility-admin;posx-mokobara-admin;posx-ugaoo-admin
src/components/table/table-cells/region/fulfillment-providers-cell/fulfillment-providers-cell.tsx,8,posx-comet-admin;posx-demo-admin;posx-eume-admin;posx-frido-admin;posx-frido-b2b-admin;posx-frido-mobility-admin;posx-mokobara-admin;posx-ugaoo-admin
src/components/table/table-cells/region/payment-providers-cell/payment-providers-cell.tsx,8,posx-comet-admin;posx-demo-admin;posx-eume-admin;posx-frido-admin;posx-frido-b2b-admin;posx-frido-mobility-admin;posx-mokobara-admin;posx-ugaoo-admin
src/components/table/table-cells/region/region-cell/region-cell.tsx,8,posx-comet-admin;posx-demo-admin;posx-eume-admin;posx-frido-admin;posx-frido-b2b-admin;posx-frido-mobility-admin;posx-mokobara-admin;posx-ugaoo-admin
src/components/table/table-cells/sales-channel/description-cell/description-cell.tsx,8,posx-comet-admin;posx-demo-admin;posx-eume-admin;posx-frido-admin;posx-frido-b2b-admin;posx-frido-mobility-admin;posx-mokobara-admin;posx-ugaoo-admin
src/components/table/table-cells/sales-channel/name-cell/name-cell.tsx,8,posx-comet-admin;posx-demo-admin;posx-eume-admin;posx-frido-admin;posx-frido-b2b-admin;posx-frido-mobility-admin;posx-mokobara-admin;posx-ugaoo-admin
src/components/table/table-cells/shipping-option/admin-only-cell/admin-only-cell.tsx,8,posx-comet-admin;posx-demo-admin;posx-eume-admin;posx-frido-admin;posx-frido-b2b-admin;posx-frido-mobility-admin;posx-mokobara-admin;posx-ugaoo-admin
src/components/table/table-cells/shipping-option/is-return-cell/is-return-cell.tsx,8,posx-comet-admin;posx-demo-admin;posx-eume-admin;posx-frido-admin;posx-frido-b2b-admin;posx-frido-mobility-admin;posx-mokobara-admin;posx-ugaoo-admin
src/components/table/table-cells/shipping-option/price-type-cell/price-type-cell.tsx,8,posx-comet-admin;posx-demo-admin;posx-eume-admin;posx-frido-admin;posx-frido-b2b-admin;posx-frido-mobility-admin;posx-mokobara-admin;posx-ugaoo-admin
src/components/table/table-cells/shipping-option/shipping-option-cell/shipping-option-cell.tsx,8,posx-comet-admin;posx-demo-admin;posx-eume-admin;posx-frido-admin;posx-frido-b2b-admin;posx-frido-mobility-admin;posx-mokobara-admin;posx-ugaoo-admin
src/components/table/table-cells/shipping-option/shipping-price-cell/shipping-price-cell.tsx,8,posx-comet-admin;posx-demo-admin;posx-eume-admin;posx-frido-admin;posx-frido-b2b-admin;posx-frido-mobility-admin;posx-mokobara-admin;posx-ugaoo-admin
src/components/table/table-cells/taxes/type-cell/type-cell.tsx,8,posx-comet-admin;posx-demo-admin;posx-eume-admin;posx-frido-admin;posx-frido-b2b-admin;posx-frido-mobility-admin;posx-mokobara-admin;posx-ugaoo-admin
src/components/utilities/error-boundary/error-boundary.tsx,8,posx-comet-admin;posx-demo-admin;posx-eume-admin;posx-frido-admin;posx-frido-b2b-admin;posx-frido-mobility-admin;posx-mokobara-admin;posx-ugaoo-admin
src/components/utilities/i18n/i18n.tsx,8,posx-comet-admin;posx-demo-admin;posx-eume-admin;posx-frido-admin;posx-frido-b2b-admin;posx-frido-mobility-admin;posx-mokobara-admin;posx-ugaoo-admin
src/components/utilities/keybound-form/keybound-form.tsx,8,posx-comet-admin;posx-demo-admin;posx-eume-admin;posx-frido-admin;posx-frido-b2b-admin;posx-frido-mobility-admin;posx-mokobara-admin;posx-ugaoo-admin
src/extensions/dashboard-extension-manager/dashboard-extension-manager.tsx,8,posx-comet-admin;posx-demo-admin;posx-eume-admin;posx-frido-admin;posx-frido-b2b-admin;posx-frido-mobility-admin;posx-mokobara-admin;posx-ugaoo-admin
src/extensions/dashboard-extension-provider/dashboard-extension-provider.tsx,8,posx-comet-admin;posx-demo-admin;posx-eume-admin;posx-frido-admin;posx-frido-b2b-admin;posx-frido-mobility-admin;posx-mokobara-admin;posx-ugaoo-admin
src/extensions/forms/form-extension-zone/form-extension-zone.tsx,8,posx-comet-admin;posx-demo-admin;posx-eume-admin;posx-frido-admin;posx-frido-b2b-admin;posx-frido-mobility-admin;posx-mokobara-admin;posx-ugaoo-admin
src/extensions/forms/form-extension-zone/utils.ts,8,posx-comet-admin;posx-demo-admin;posx-eume-admin;posx-frido-admin;posx-frido-b2b-admin;posx-frido-mobility-admin;posx-mokobara-admin;posx-ugaoo-admin
src/extensions/forms/hooks.tsx,8,posx-comet-admin;posx-demo-admin;posx-eume-admin;posx-frido-admin;posx-frido-b2b-admin;posx-frido-mobility-admin;posx-mokobara-admin;posx-ugaoo-admin
src/extensions/links/utils.ts,8,posx-comet-admin;posx-demo-admin;posx-eume-admin;posx-frido-admin;posx-frido-b2b-admin;posx-frido-mobility-admin;posx-mokobara-admin;posx-ugaoo-admin
src/extensions/types.ts,8,posx-comet-admin;posx-demo-admin;posx-eume-admin;posx-frido-admin;posx-frido-b2b-admin;posx-frido-mobility-admin;posx-mokobara-admin;posx-ugaoo-admin
src/hooks/api/api-keys.tsx,8,posx-comet-admin;posx-demo-admin;posx-eume-admin;posx-frido-admin;posx-frido-b2b-admin;posx-frido-mobility-admin;posx-mokobara-admin;posx-ugaoo-admin
src/hooks/api/auth.tsx,8,posx-comet-admin;posx-demo-admin;posx-eume-admin;posx-frido-admin;posx-frido-b2b-admin;posx-frido-mobility-admin;posx-mokobara-admin;posx-ugaoo-admin
src/hooks/api/campaigns.tsx,8,posx-comet-admin;posx-demo-admin;posx-eume-admin;posx-frido-admin;posx-frido-b2b-admin;posx-frido-mobility-admin;posx-mokobara-admin;posx-ugaoo-admin
src/hooks/api/categories.tsx,8,posx-comet-admin;posx-demo-admin;posx-eume-admin;posx-frido-admin;posx-frido-b2b-admin;posx-frido-mobility-admin;posx-mokobara-admin;posx-ugaoo-admin
src/hooks/api/claims.tsx,8,posx-comet-admin;posx-demo-admin;posx-eume-admin;posx-frido-admin;posx-frido-b2b-admin;posx-frido-mobility-admin;posx-mokobara-admin;posx-ugaoo-admin
src/hooks/api/collections.tsx,8,posx-comet-admin;posx-demo-admin;posx-eume-admin;posx-frido-admin;posx-frido-b2b-admin;posx-frido-mobility-admin;posx-mokobara-admin;posx-ugaoo-admin
src/hooks/api/currencies.tsx,8,posx-comet-admin;posx-demo-admin;posx-eume-admin;posx-frido-admin;posx-frido-b2b-admin;posx-frido-mobility-admin;posx-mokobara-admin;posx-ugaoo-admin
src/hooks/api/customer-groups.tsx,8,posx-comet-admin;posx-demo-admin;posx-eume-admin;posx-frido-admin;posx-frido-b2b-admin;posx-frido-mobility-admin;posx-mokobara-admin;posx-ugaoo-admin
src/hooks/api/customers.tsx,8,posx-comet-admin;posx-demo-admin;posx-eume-admin;posx-frido-admin;posx-frido-b2b-admin;posx-frido-mobility-admin;posx-mokobara-admin;posx-ugaoo-admin
src/hooks/api/employee.tsx,8,posx-comet-admin;posx-demo-admin;posx-eume-admin;posx-frido-admin;posx-frido-b2b-admin;posx-frido-mobility-admin;posx-mokobara-admin;posx-ugaoo-admin
src/hooks/api/exchanges.tsx,8,posx-comet-admin;posx-demo-admin;posx-eume-admin;posx-frido-admin;posx-frido-b2b-admin;posx-frido-mobility-admin;posx-mokobara-admin;posx-ugaoo-admin
src/hooks/api/fulfillment-providers.tsx,8,posx-comet-admin;posx-demo-admin;posx-eume-admin;posx-frido-admin;posx-frido-b2b-admin;posx-frido-mobility-admin;posx-mokobara-admin;posx-ugaoo-admin
src/hooks/api/fulfillment-sets.tsx,8,posx-comet-admin;posx-demo-admin;posx-eume-admin;posx-frido-admin;posx-frido-b2b-admin;posx-frido-mobility-admin;posx-mokobara-admin;posx-ugaoo-admin
src/hooks/api/fulfillment.tsx,8,posx-comet-admin;posx-demo-admin;posx-eume-admin;posx-frido-admin;posx-frido-b2b-admin;posx-frido-mobility-admin;posx-mokobara-admin;posx-ugaoo-admin
src/hooks/api/global-config.tsx,8,posx-comet-admin;posx-demo-admin;posx-eume-admin;posx-frido-admin;posx-frido-b2b-admin;posx-frido-mobility-admin;posx-mokobara-admin;posx-ugaoo-admin
src/hooks/api/index.ts,8,posx-comet-admin;posx-demo-admin;posx-eume-admin;posx-frido-admin;posx-frido-b2b-admin;posx-frido-mobility-admin;posx-mokobara-admin;posx-ugaoo-admin
src/hooks/api/inventory.tsx,8,posx-comet-admin;posx-demo-admin;posx-eume-admin;posx-frido-admin;posx-frido-b2b-admin;posx-frido-mobility-admin;posx-mokobara-admin;posx-ugaoo-admin
src/hooks/api/notification.tsx,8,posx-comet-admin;posx-demo-admin;posx-eume-admin;posx-frido-admin;posx-frido-b2b-admin;posx-frido-mobility-admin;posx-mokobara-admin;posx-ugaoo-admin
src/hooks/api/order-details.tsx,8,posx-comet-admin;posx-demo-admin;posx-eume-admin;posx-frido-admin;posx-frido-b2b-admin;posx-frido-mobility-admin;posx-mokobara-admin;posx-ugaoo-admin
src/hooks/api/order-edits.tsx,8,posx-comet-admin;posx-demo-admin;posx-eume-admin;posx-frido-admin;posx-frido-b2b-admin;posx-frido-mobility-admin;posx-mokobara-admin;posx-ugaoo-admin
src/hooks/api/orders.tsx,8,posx-comet-admin;posx-demo-admin;posx-eume-admin;posx-frido-admin;posx-frido-b2b-admin;posx-frido-mobility-admin;posx-mokobara-admin;posx-ugaoo-admin
src/hooks/api/payment-collections.tsx,8,posx-comet-admin;posx-demo-admin;posx-eume-admin;posx-frido-admin;posx-frido-b2b-admin;posx-frido-mobility-admin;posx-mokobara-admin;posx-ugaoo-admin
src/hooks/api/payments.tsx,8,posx-comet-admin;posx-demo-admin;posx-eume-admin;posx-frido-admin;posx-frido-b2b-admin;posx-frido-mobility-admin;posx-mokobara-admin;posx-ugaoo-admin
src/hooks/api/pos-inventory.tsx,8,posx-comet-admin;posx-demo-admin;posx-eume-admin;posx-frido-admin;posx-frido-b2b-admin;posx-frido-mobility-admin;posx-mokobara-admin;posx-ugaoo-admin
src/hooks/api/price-lists.tsx,8,posx-comet-admin;posx-demo-admin;posx-eume-admin;posx-frido-admin;posx-frido-b2b-admin;posx-frido-mobility-admin;posx-mokobara-admin;posx-ugaoo-admin
src/hooks/api/price-preferences.tsx,8,posx-comet-admin;posx-demo-admin;posx-eume-admin;posx-frido-admin;posx-frido-b2b-admin;posx-frido-mobility-admin;posx-mokobara-admin;posx-ugaoo-admin
src/hooks/api/product-types.tsx,8,posx-comet-admin;posx-demo-admin;posx-eume-admin;posx-frido-admin;posx-frido-b2b-admin;posx-frido-mobility-admin;posx-mokobara-admin;posx-ugaoo-admin
src/hooks/api/product-variants.tsx,8,posx-comet-admin;posx-demo-admin;posx-eume-admin;posx-frido-admin;posx-frido-b2b-admin;posx-frido-mobility-admin;posx-mokobara-admin;posx-ugaoo-admin
src/hooks/api/products.tsx,8,posx-comet-admin;posx-demo-admin;posx-eume-admin;posx-frido-admin;posx-frido-b2b-admin;posx-frido-mobility-admin;posx-mokobara-admin;posx-ugaoo-admin
src/hooks/api/promotions.tsx,8,posx-comet-admin;posx-demo-admin;posx-eume-admin;posx-frido-admin;posx-frido-b2b-admin;posx-frido-mobility-admin;posx-mokobara-admin;posx-ugaoo-admin
src/hooks/api/refund-reasons.tsx,8,posx-comet-admin;posx-demo-admin;posx-eume-admin;posx-frido-admin;posx-frido-b2b-admin;posx-frido-mobility-admin;posx-mokobara-admin;posx-ugaoo-admin
src/hooks/api/regions.tsx,8,posx-comet-admin;posx-demo-admin;posx-eume-admin;posx-frido-admin;posx-frido-b2b-admin;posx-frido-mobility-admin;posx-mokobara-admin;posx-ugaoo-admin
src/hooks/api/reservations.tsx,8,posx-comet-admin;posx-demo-admin;posx-eume-admin;posx-frido-admin;posx-frido-b2b-admin;posx-frido-mobility-admin;posx-mokobara-admin;posx-ugaoo-admin
src/hooks/api/return-reasons.tsx,8,posx-comet-admin;posx-demo-admin;posx-eume-admin;posx-frido-admin;posx-frido-b2b-admin;posx-frido-mobility-admin;posx-mokobara-admin;posx-ugaoo-admin
src/hooks/api/returns.tsx,8,posx-comet-admin;posx-demo-admin;posx-eume-admin;posx-frido-admin;posx-frido-b2b-admin;posx-frido-mobility-admin;posx-mokobara-admin;posx-ugaoo-admin
src/hooks/api/sales-channels.tsx,8,posx-comet-admin;posx-demo-admin;posx-eume-admin;posx-frido-admin;posx-frido-b2b-admin;posx-frido-mobility-admin;posx-mokobara-admin;posx-ugaoo-admin
src/hooks/api/shipping-options.tsx,8,posx-comet-admin;posx-demo-admin;posx-eume-admin;posx-frido-admin;posx-frido-b2b-admin;posx-frido-mobility-admin;posx-mokobara-admin;posx-ugaoo-admin
src/hooks/api/shipping-profiles.tsx,8,posx-comet-admin;posx-demo-admin;posx-eume-admin;posx-frido-admin;posx-frido-b2b-admin;posx-frido-mobility-admin;posx-mokobara-admin;posx-ugaoo-admin
src/hooks/api/stock-locations.tsx,8,posx-comet-admin;posx-demo-admin;posx-eume-admin;posx-frido-admin;posx-frido-b2b-admin;posx-frido-mobility-admin;posx-mokobara-admin;posx-ugaoo-admin
src/hooks/api/store-details.tsx,8,posx-comet-admin;posx-demo-admin;posx-eume-admin;posx-frido-admin;posx-frido-b2b-admin;posx-frido-mobility-admin;posx-mokobara-admin;posx-ugaoo-admin
src/hooks/api/store.tsx,8,posx-comet-admin;posx-demo-admin;posx-eume-admin;posx-frido-admin;posx-frido-b2b-admin;posx-frido-mobility-admin;posx-mokobara-admin;posx-ugaoo-admin
src/hooks/api/tags.tsx,8,posx-comet-admin;posx-demo-admin;posx-eume-admin;posx-frido-admin;posx-frido-b2b-admin;posx-frido-mobility-admin;posx-mokobara-admin;posx-ugaoo-admin
src/hooks/api/tax-rates.tsx,8,posx-comet-admin;posx-demo-admin;posx-eume-admin;posx-frido-admin;posx-frido-b2b-admin;posx-frido-mobility-admin;posx-mokobara-admin;posx-ugaoo-admin
src/hooks/api/tax-regions.tsx,8,posx-comet-admin;posx-demo-admin;posx-eume-admin;posx-frido-admin;posx-frido-b2b-admin;posx-frido-mobility-admin;posx-mokobara-admin;posx-ugaoo-admin
src/hooks/api/users.tsx,8,posx-comet-admin;posx-demo-admin;posx-eume-admin;posx-frido-admin;posx-frido-b2b-admin;posx-frido-mobility-admin;posx-mokobara-admin;posx-ugaoo-admin
src/hooks/api/workflow-executions.tsx,8,posx-comet-admin;posx-demo-admin;posx-eume-admin;posx-frido-admin;posx-frido-b2b-admin;posx-frido-mobility-admin;posx-mokobara-admin;posx-ugaoo-admin
src/hooks/table/columns/use-campaign-table-columns.tsx,8,posx-comet-admin;posx-demo-admin;posx-eume-admin;posx-frido-admin;posx-frido-b2b-admin;posx-frido-mobility-admin;posx-mokobara-admin;posx-ugaoo-admin
src/hooks/table/columns/use-collection-table-columns.tsx,8,posx-comet-admin;posx-demo-admin;posx-eume-admin;posx-frido-admin;posx-frido-b2b-admin;posx-frido-mobility-admin;posx-mokobara-admin;posx-ugaoo-admin
src/hooks/table/columns/use-customer-group-table-columns.tsx,8,posx-comet-admin;posx-demo-admin;posx-eume-admin;posx-frido-admin;posx-frido-b2b-admin;posx-frido-mobility-admin;posx-mokobara-admin;posx-ugaoo-admin
src/hooks/table/columns/use-customer-table-columns.tsx,8,posx-comet-admin;posx-demo-admin;posx-eume-admin;posx-frido-admin;posx-frido-b2b-admin;posx-frido-mobility-admin;posx-mokobara-admin;posx-ugaoo-admin
src/hooks/table/columns/use-fulfillment-provider-table-columns.tsx,8,posx-comet-admin;posx-demo-admin;posx-eume-admin;posx-frido-admin;posx-frido-b2b-admin;posx-frido-mobility-admin;posx-mokobara-admin;posx-ugaoo-admin
src/hooks/table/columns/use-order-table-columns.tsx,8,posx-comet-admin;posx-demo-admin;posx-eume-admin;posx-frido-admin;posx-frido-b2b-admin;posx-frido-mobility-admin;posx-mokobara-admin;posx-ugaoo-admin
src/hooks/table/columns/use-product-table-columns.tsx,8,posx-comet-admin;posx-demo-admin;posx-eume-admin;posx-frido-admin;posx-frido-b2b-admin;posx-frido-mobility-admin;posx-mokobara-admin;posx-ugaoo-admin
src/hooks/table/columns/use-product-tag-table-columns.tsx,8,posx-comet-admin;posx-demo-admin;posx-eume-admin;posx-frido-admin;posx-frido-b2b-admin;posx-frido-mobility-admin;posx-mokobara-admin;posx-ugaoo-admin
src/hooks/table/columns/use-product-type-table-columns.tsx,8,posx-comet-admin;posx-demo-admin;posx-eume-admin;posx-frido-admin;posx-frido-b2b-admin;posx-frido-mobility-admin;posx-mokobara-admin;posx-ugaoo-admin
src/hooks/table/columns/use-promotion-table-columns.tsx,8,posx-comet-admin;posx-demo-admin;posx-eume-admin;posx-frido-admin;posx-frido-b2b-admin;posx-frido-mobility-admin;posx-mokobara-admin;posx-ugaoo-admin
src/hooks/table/columns/use-region-table-columns.tsx,8,posx-comet-admin;posx-demo-admin;posx-eume-admin;posx-frido-admin;posx-frido-b2b-admin;posx-frido-mobility-admin;posx-mokobara-admin;posx-ugaoo-admin
src/hooks/table/columns/use-return-reason-table-columns.tsx,8,posx-comet-admin;posx-demo-admin;posx-eume-admin;posx-frido-admin;posx-frido-b2b-admin;posx-frido-mobility-admin;posx-mokobara-admin;posx-ugaoo-admin
src/hooks/table/columns/use-tax-rates-table-columns.tsx,8,posx-comet-admin;posx-demo-admin;posx-eume-admin;posx-frido-admin;posx-frido-b2b-admin;posx-frido-mobility-admin;posx-mokobara-admin;posx-ugaoo-admin
src/hooks/table/filters/use-customer-group-table-filters.tsx,8,posx-comet-admin;posx-demo-admin;posx-eume-admin;posx-frido-admin;posx-frido-b2b-admin;posx-frido-mobility-admin;posx-mokobara-admin;posx-ugaoo-admin
src/hooks/table/filters/use-customer-table-filters.tsx,8,posx-comet-admin;posx-demo-admin;posx-eume-admin;posx-frido-admin;posx-frido-b2b-admin;posx-frido-mobility-admin;posx-mokobara-admin;posx-ugaoo-admin
src/hooks/table/filters/use-date-table-filters.tsx,8,posx-comet-admin;posx-demo-admin;posx-eume-admin;posx-frido-admin;posx-frido-b2b-admin;posx-frido-mobility-admin;posx-mokobara-admin;posx-ugaoo-admin
src/hooks/table/filters/use-order-table-filters.tsx,8,posx-comet-admin;posx-demo-admin;posx-eume-admin;posx-frido-admin;posx-frido-b2b-admin;posx-frido-mobility-admin;posx-mokobara-admin;posx-ugaoo-admin
src/hooks/table/filters/use-product-table-filters.tsx,8,posx-comet-admin;posx-demo-admin;posx-eume-admin;posx-frido-admin;posx-frido-b2b-admin;posx-frido-mobility-admin;posx-mokobara-admin;posx-ugaoo-admin
src/hooks/table/filters/use-promotion-table-filters.tsx,8,posx-comet-admin;posx-demo-admin;posx-eume-admin;posx-frido-admin;posx-frido-b2b-admin;posx-frido-mobility-admin;posx-mokobara-admin;posx-ugaoo-admin
src/hooks/table/filters/use-region-table-filters.tsx,8,posx-comet-admin;posx-demo-admin;posx-eume-admin;posx-frido-admin;posx-frido-b2b-admin;posx-frido-mobility-admin;posx-mokobara-admin;posx-ugaoo-admin
src/hooks/table/filters/use-shipping-option-table-filters.tsx,8,posx-comet-admin;posx-demo-admin;posx-eume-admin;posx-frido-admin;posx-frido-b2b-admin;posx-frido-mobility-admin;posx-mokobara-admin;posx-ugaoo-admin
src/hooks/table/filters/use-tax-rate-table-filters.tsx,8,posx-comet-admin;posx-demo-admin;posx-eume-admin;posx-frido-admin;posx-frido-b2b-admin;posx-frido-mobility-admin;posx-mokobara-admin;posx-ugaoo-admin
src/hooks/table/query/use-campaign-table-query.tsx,8,posx-comet-admin;posx-demo-admin;posx-eume-admin;posx-frido-admin;posx-frido-b2b-admin;posx-frido-mobility-admin;posx-mokobara-admin;posx-ugaoo-admin
src/hooks/table/query/use-collection-table-query.tsx,8,posx-comet-admin;posx-demo-admin;posx-eume-admin;posx-frido-admin;posx-frido-b2b-admin;posx-frido-mobility-admin;posx-mokobara-admin;posx-ugaoo-admin
src/hooks/table/query/use-customer-group-table-query.tsx,8,posx-comet-admin;posx-demo-admin;posx-eume-admin;posx-frido-admin;posx-frido-b2b-admin;posx-frido-mobility-admin;posx-mokobara-admin;posx-ugaoo-admin
src/hooks/table/query/use-customer-table-query.tsx,8,posx-comet-admin;posx-demo-admin;posx-eume-admin;posx-frido-admin;posx-frido-b2b-admin;posx-frido-mobility-admin;posx-mokobara-admin;posx-ugaoo-admin
src/hooks/table/query/use-fulfillment-providers-table-query.tsx,8,posx-comet-admin;posx-demo-admin;posx-eume-admin;posx-frido-admin;posx-frido-b2b-admin;posx-frido-mobility-admin;posx-mokobara-admin;posx-ugaoo-admin
src/hooks/table/query/use-order-table-query.tsx,8,posx-comet-admin;posx-demo-admin;posx-eume-admin;posx-frido-admin;posx-frido-b2b-admin;posx-frido-mobility-admin;posx-mokobara-admin;posx-ugaoo-admin
src/hooks/table/query/use-product-tag-table-query.tsx,8,posx-comet-admin;posx-demo-admin;posx-eume-admin;posx-frido-admin;posx-frido-b2b-admin;posx-frido-mobility-admin;posx-mokobara-admin;posx-ugaoo-admin
src/hooks/table/query/use-product-type-table-query.tsx,8,posx-comet-admin;posx-demo-admin;posx-eume-admin;posx-frido-admin;posx-frido-b2b-admin;posx-frido-mobility-admin;posx-mokobara-admin;posx-ugaoo-admin
src/hooks/table/query/use-promotion-table-query.tsx,8,posx-comet-admin;posx-demo-admin;posx-eume-admin;posx-frido-admin;posx-frido-b2b-admin;posx-frido-mobility-admin;posx-mokobara-admin;posx-ugaoo-admin
src/hooks/table/query/use-region-table-query.tsx,8,posx-comet-admin;posx-demo-admin;posx-eume-admin;posx-frido-admin;posx-frido-b2b-admin;posx-frido-mobility-admin;posx-mokobara-admin;posx-ugaoo-admin
src/hooks/table/query/use-return-reason-table-query.tsx,8,posx-comet-admin;posx-demo-admin;posx-eume-admin;posx-frido-admin;posx-frido-b2b-admin;posx-frido-mobility-admin;posx-mokobara-admin;posx-ugaoo-admin
src/hooks/table/query/use-shipping-option-table-query.tsx,8,posx-comet-admin;posx-demo-admin;posx-eume-admin;posx-frido-admin;posx-frido-b2b-admin;posx-frido-mobility-admin;posx-mokobara-admin;posx-ugaoo-admin
src/hooks/table/query/use-tax-rate-table-query.tsx,8,posx-comet-admin;posx-demo-admin;posx-eume-admin;posx-frido-admin;posx-frido-b2b-admin;posx-frido-mobility-admin;posx-mokobara-admin;posx-ugaoo-admin
src/hooks/table/query/use-tax-region-table-query.tsx,8,posx-comet-admin;posx-demo-admin;posx-eume-admin;posx-frido-admin;posx-frido-b2b-admin;posx-frido-mobility-admin;posx-mokobara-admin;posx-ugaoo-admin
src/hooks/table/query/use-user-invite-table-query.tsx,8,posx-comet-admin;posx-demo-admin;posx-eume-admin;posx-frido-admin;posx-frido-b2b-admin;posx-frido-mobility-admin;posx-mokobara-admin;posx-ugaoo-admin
src/hooks/use-combined-refs.tsx,8,posx-comet-admin;posx-demo-admin;posx-eume-admin;posx-frido-admin;posx-frido-b2b-admin;posx-frido-mobility-admin;posx-mokobara-admin;posx-ugaoo-admin
src/hooks/use-combobox-data.tsx,8,posx-comet-admin;posx-demo-admin;posx-eume-admin;posx-frido-admin;posx-frido-b2b-admin;posx-frido-mobility-admin;posx-mokobara-admin;posx-ugaoo-admin
src/hooks/use-command-history.tsx,8,posx-comet-admin;posx-demo-admin;posx-eume-admin;posx-frido-admin;posx-frido-b2b-admin;posx-frido-mobility-admin;posx-mokobara-admin;posx-ugaoo-admin
src/hooks/use-data-table.tsx,8,posx-comet-admin;posx-demo-admin;posx-eume-admin;posx-frido-admin;posx-frido-b2b-admin;posx-frido-mobility-admin;posx-mokobara-admin;posx-ugaoo-admin
src/hooks/use-date.tsx,8,posx-comet-admin;posx-demo-admin;posx-eume-admin;posx-frido-admin;posx-frido-b2b-admin;posx-frido-mobility-admin;posx-mokobara-admin;posx-ugaoo-admin
src/hooks/use-debounced-search.tsx,8,posx-comet-admin;posx-demo-admin;posx-eume-admin;posx-frido-admin;posx-frido-b2b-admin;posx-frido-mobility-admin;posx-mokobara-admin;posx-ugaoo-admin
src/hooks/use-handle-table-scroll.tsx,8,posx-comet-admin;posx-demo-admin;posx-eume-admin;posx-frido-admin;posx-frido-b2b-admin;posx-frido-mobility-admin;posx-mokobara-admin;posx-ugaoo-admin
src/hooks/use-media-query.tsx,8,posx-comet-admin;posx-demo-admin;posx-eume-admin;posx-frido-admin;posx-frido-b2b-admin;posx-frido-mobility-admin;posx-mokobara-admin;posx-ugaoo-admin
src/hooks/use-query-params.tsx,8,posx-comet-admin;posx-demo-admin;posx-eume-admin;posx-frido-admin;posx-frido-b2b-admin;posx-frido-mobility-admin;posx-mokobara-admin;posx-ugaoo-admin
src/i18n/config.ts,8,posx-comet-admin;posx-demo-admin;posx-eume-admin;posx-frido-admin;posx-frido-b2b-admin;posx-frido-mobility-admin;posx-mokobara-admin;posx-ugaoo-admin
src/i18n/languages.ts,8,posx-comet-admin;posx-demo-admin;posx-eume-admin;posx-frido-admin;posx-frido-b2b-admin;posx-frido-mobility-admin;posx-mokobara-admin;posx-ugaoo-admin
src/i18n/translations/__tests__/validate-translations.spec.ts,8,posx-comet-admin;posx-demo-admin;posx-eume-admin;posx-frido-admin;posx-frido-b2b-admin;posx-frido-mobility-admin;posx-mokobara-admin;posx-ugaoo-admin
src/lib/addresses.ts,8,posx-comet-admin;posx-demo-admin;posx-eume-admin;posx-frido-admin;posx-frido-b2b-admin;posx-frido-mobility-admin;posx-mokobara-admin;posx-ugaoo-admin
src/lib/common.ts,8,posx-comet-admin;posx-demo-admin;posx-eume-admin;posx-frido-admin;posx-frido-b2b-admin;posx-frido-mobility-admin;posx-mokobara-admin;posx-ugaoo-admin
src/lib/data/countries.ts,8,posx-comet-admin;posx-demo-admin;posx-eume-admin;posx-frido-admin;posx-frido-b2b-admin;posx-frido-mobility-admin;posx-mokobara-admin;posx-ugaoo-admin
src/lib/data/country-states.ts,8,posx-comet-admin;posx-demo-admin;posx-eume-admin;posx-frido-admin;posx-frido-b2b-admin;posx-frido-mobility-admin;posx-mokobara-admin;posx-ugaoo-admin
src/lib/data/currencies.ts,8,posx-comet-admin;posx-demo-admin;posx-eume-admin;posx-frido-admin;posx-frido-b2b-admin;posx-frido-mobility-admin;posx-mokobara-admin;posx-ugaoo-admin
src/lib/form-helpers.ts,8,posx-comet-admin;posx-demo-admin;posx-eume-admin;posx-frido-admin;posx-frido-b2b-admin;posx-frido-mobility-admin;posx-mokobara-admin;posx-ugaoo-admin
src/lib/money-amount-helpers.ts,8,posx-comet-admin;posx-demo-admin;posx-eume-admin;posx-frido-admin;posx-frido-b2b-admin;posx-frido-mobility-admin;posx-mokobara-admin;posx-ugaoo-admin
src/lib/order-helpers.ts,8,posx-comet-admin;posx-demo-admin;posx-eume-admin;posx-frido-admin;posx-frido-b2b-admin;posx-frido-mobility-admin;posx-mokobara-admin;posx-ugaoo-admin
src/lib/payment.ts,8,posx-comet-admin;posx-demo-admin;posx-eume-admin;posx-frido-admin;posx-frido-b2b-admin;posx-frido-mobility-admin;posx-mokobara-admin;posx-ugaoo-admin
src/lib/promotions.ts,8,posx-comet-admin;posx-demo-admin;posx-eume-admin;posx-frido-admin;posx-frido-b2b-admin;posx-frido-mobility-admin;posx-mokobara-admin;posx-ugaoo-admin
src/lib/query-key-factory.ts,8,posx-comet-admin;posx-demo-admin;posx-eume-admin;posx-frido-admin;posx-frido-b2b-admin;posx-frido-mobility-admin;posx-mokobara-admin;posx-ugaoo-admin
src/lib/schemas.ts,8,posx-comet-admin;posx-demo-admin;posx-eume-admin;posx-frido-admin;posx-frido-b2b-admin;posx-frido-mobility-admin;posx-mokobara-admin;posx-ugaoo-admin
src/lib/shipping-options.ts,8,posx-comet-admin;posx-demo-admin;posx-eume-admin;posx-frido-admin;posx-frido-b2b-admin;posx-frido-mobility-admin;posx-mokobara-admin;posx-ugaoo-admin
src/lib/validation.ts,8,posx-comet-admin;posx-demo-admin;posx-eume-admin;posx-frido-admin;posx-frido-b2b-admin;posx-frido-mobility-admin;posx-mokobara-admin;posx-ugaoo-admin
src/module.d.ts,8,posx-comet-admin;posx-demo-admin;posx-eume-admin;posx-frido-admin;posx-frido-b2b-admin;posx-frido-mobility-admin;posx-mokobara-admin;posx-ugaoo-admin
src/providers/i18n-provider/i18n-provider.tsx,8,posx-comet-admin;posx-demo-admin;posx-eume-admin;posx-frido-admin;posx-frido-b2b-admin;posx-frido-mobility-admin;posx-mokobara-admin;posx-ugaoo-admin
src/providers/keybind-provider/hooks.tsx,8,posx-comet-admin;posx-demo-admin;posx-eume-admin;posx-frido-admin;posx-frido-b2b-admin;posx-frido-mobility-admin;posx-mokobara-admin;posx-ugaoo-admin
src/providers/keybind-provider/keybind-provider.tsx,8,posx-comet-admin;posx-demo-admin;posx-eume-admin;posx-frido-admin;posx-frido-b2b-admin;posx-frido-mobility-admin;posx-mokobara-admin;posx-ugaoo-admin
src/providers/keybind-provider/types.ts,8,posx-comet-admin;posx-demo-admin;posx-eume-admin;posx-frido-admin;posx-frido-b2b-admin;posx-frido-mobility-admin;posx-mokobara-admin;posx-ugaoo-admin
src/providers/keybind-provider/utils.ts,8,posx-comet-admin;posx-demo-admin;posx-eume-admin;posx-frido-admin;posx-frido-b2b-admin;posx-frido-mobility-admin;posx-mokobara-admin;posx-ugaoo-admin
src/providers/providers.tsx,8,posx-comet-admin;posx-demo-admin;posx-eume-admin;posx-frido-admin;posx-frido-b2b-admin;posx-frido-mobility-admin;posx-mokobara-admin;posx-ugaoo-admin
src/providers/router-provider/route-map.tsx,8,posx-comet-admin;posx-demo-admin;posx-eume-admin;posx-frido-admin;posx-frido-b2b-admin;posx-frido-mobility-admin;posx-mokobara-admin;posx-ugaoo-admin
src/providers/search-provider/search-provider.tsx,8,posx-comet-admin;posx-demo-admin;posx-eume-admin;posx-frido-admin;posx-frido-b2b-admin;posx-frido-mobility-admin;posx-mokobara-admin;posx-ugaoo-admin
src/providers/sidebar-provider/sidebar-provider.tsx,8,posx-comet-admin;posx-demo-admin;posx-eume-admin;posx-frido-admin;posx-frido-b2b-admin;posx-frido-mobility-admin;posx-mokobara-admin;posx-ugaoo-admin
src/providers/theme-provider/theme-provider.tsx,8,posx-comet-admin;posx-demo-admin;posx-eume-admin;posx-frido-admin;posx-frido-b2b-admin;posx-frido-mobility-admin;posx-mokobara-admin;posx-ugaoo-admin
src/routes/api-key-management/api-key-management-create/components/api-key-create-form/api-key-create-form.tsx,8,posx-comet-admin;posx-demo-admin;posx-eume-admin;posx-frido-admin;posx-frido-b2b-admin;posx-frido-mobility-admin;posx-mokobara-admin;posx-ugaoo-admin
src/routes/api-key-management/api-key-management-detail/api-key-management-detail.tsx,8,posx-comet-admin;posx-demo-admin;posx-eume-admin;posx-frido-admin;posx-frido-b2b-admin;posx-frido-mobility-admin;posx-mokobara-admin;posx-ugaoo-admin
src/routes/api-key-management/api-key-management-detail/breadcrumb.tsx,8,posx-comet-admin;posx-demo-admin;posx-eume-admin;posx-frido-admin;posx-frido-b2b-admin;posx-frido-mobility-admin;posx-mokobara-admin;posx-ugaoo-admin
src/routes/api-key-management/api-key-management-detail/components/api-key-general-section/api-key-general-section.tsx,8,posx-comet-admin;posx-demo-admin;posx-eume-admin;posx-frido-admin;posx-frido-b2b-admin;posx-frido-mobility-admin;posx-mokobara-admin;posx-ugaoo-admin
src/routes/api-key-management/api-key-management-detail/components/api-key-sales-channel-section/api-key-sales-channel-section.tsx,8,posx-comet-admin;posx-demo-admin;posx-eume-admin;posx-frido-admin;posx-frido-b2b-admin;posx-frido-mobility-admin;posx-mokobara-admin;posx-ugaoo-admin
src/routes/api-key-management/api-key-management-detail/loader.ts,8,posx-comet-admin;posx-demo-admin;posx-eume-admin;posx-frido-admin;posx-frido-b2b-admin;posx-frido-mobility-admin;posx-mokobara-admin;posx-ugaoo-admin
src/routes/api-key-management/api-key-management-edit/api-key-management-edit.tsx,8,posx-comet-admin;posx-demo-admin;posx-eume-admin;posx-frido-admin;posx-frido-b2b-admin;posx-frido-mobility-admin;posx-mokobara-admin;posx-ugaoo-admin
src/routes/api-key-management/api-key-management-edit/components/edit-api-key-form/edit-api-key-form.tsx,8,posx-comet-admin;posx-demo-admin;posx-eume-admin;posx-frido-admin;posx-frido-b2b-admin;posx-frido-mobility-admin;posx-mokobara-admin;posx-ugaoo-admin
src/routes/api-key-management/api-key-management-list/api-key-management-list.tsx,8,posx-comet-admin;posx-demo-admin;posx-eume-admin;posx-frido-admin;posx-frido-b2b-admin;posx-frido-mobility-admin;posx-mokobara-admin;posx-ugaoo-admin
src/routes/api-key-management/api-key-management-list/components/api-key-management-list-table/api-key-management-list-table.tsx,8,posx-comet-admin;posx-demo-admin;posx-eume-admin;posx-frido-admin;posx-frido-b2b-admin;posx-frido-mobility-admin;posx-mokobara-admin;posx-ugaoo-admin
src/routes/api-key-management/api-key-management-list/components/api-key-management-list-table/api-key-row-actions.tsx,8,posx-comet-admin;posx-demo-admin;posx-eume-admin;posx-frido-admin;posx-frido-b2b-admin;posx-frido-mobility-admin;posx-mokobara-admin;posx-ugaoo-admin
src/routes/api-key-management/api-key-management-list/components/api-key-management-list-table/use-api-key-management-table-columns.tsx,8,posx-comet-admin;posx-demo-admin;posx-eume-admin;posx-frido-admin;posx-frido-b2b-admin;posx-frido-mobility-admin;posx-mokobara-admin;posx-ugaoo-admin
src/routes/api-key-management/api-key-management-list/components/api-key-management-list-table/use-api-key-management-table-filters.tsx,8,posx-comet-admin;posx-demo-admin;posx-eume-admin;posx-frido-admin;posx-frido-b2b-admin;posx-frido-mobility-admin;posx-mokobara-admin;posx-ugaoo-admin
src/routes/api-key-management/api-key-management-list/components/api-key-management-list-table/use-api-key-management-table-query.tsx,8,posx-comet-admin;posx-demo-admin;posx-eume-admin;posx-frido-admin;posx-frido-b2b-admin;posx-frido-mobility-admin;posx-mokobara-admin;posx-ugaoo-admin
src/routes/api-key-management/api-key-management-sales-channels/api-key-management-sales-channels.tsx,8,posx-comet-admin;posx-demo-admin;posx-eume-admin;posx-frido-admin;posx-frido-b2b-admin;posx-frido-mobility-admin;posx-mokobara-admin;posx-ugaoo-admin
src/routes/api-key-management/api-key-management-sales-channels/components/api-key-sales-channels-form/api-key-sales-channels-form.tsx,8,posx-comet-admin;posx-demo-admin;posx-eume-admin;posx-frido-admin;posx-frido-b2b-admin;posx-frido-mobility-admin;posx-mokobara-admin;posx-ugaoo-admin
src/routes/api-key-management/common/utils.ts,8,posx-comet-admin;posx-demo-admin;posx-eume-admin;posx-frido-admin;posx-frido-b2b-admin;posx-frido-mobility-admin;posx-mokobara-admin;posx-ugaoo-admin
src/routes/campaigns/add-campaign-promotions/add-campaign-promotions.tsx,8,posx-comet-admin;posx-demo-admin;posx-eume-admin;posx-frido-admin;posx-frido-b2b-admin;posx-frido-mobility-admin;posx-mokobara-admin;posx-ugaoo-admin
src/routes/campaigns/add-campaign-promotions/components/add-campaign-promotions-form.tsx,8,posx-comet-admin;posx-demo-admin;posx-eume-admin;posx-frido-admin;posx-frido-b2b-admin;posx-frido-mobility-admin;posx-mokobara-admin;posx-ugaoo-admin
src/routes/campaigns/campaign-budget-edit/campaign-budget-edit.tsx,8,posx-comet-admin;posx-demo-admin;posx-eume-admin;posx-frido-admin;posx-frido-b2b-admin;posx-frido-mobility-admin;posx-mokobara-admin;posx-ugaoo-admin
src/routes/campaigns/campaign-budget-edit/components/edit-campaign-budget-form/edit-campaign-budget-form.tsx,8,posx-comet-admin;posx-demo-admin;posx-eume-admin;posx-frido-admin;posx-frido-b2b-admin;posx-frido-mobility-admin;posx-mokobara-admin;posx-ugaoo-admin
src/routes/campaigns/campaign-configuration/campaign-configuration.tsx,8,posx-comet-admin;posx-demo-admin;posx-eume-admin;posx-frido-admin;posx-frido-b2b-admin;posx-frido-mobility-admin;posx-mokobara-admin;posx-ugaoo-admin
src/routes/campaigns/campaign-configuration/components/campaign-configuration-form/campaign-configuration-form.tsx,8,posx-comet-admin;posx-demo-admin;posx-eume-admin;posx-frido-admin;posx-frido-b2b-admin;posx-frido-mobility-admin;posx-mokobara-admin;posx-ugaoo-admin
src/routes/campaigns/campaign-create/components/create-campaign-form/create-campaign-form.tsx,8,posx-comet-admin;posx-demo-admin;posx-eume-admin;posx-frido-admin;posx-frido-b2b-admin;posx-frido-mobility-admin;posx-mokobara-admin;posx-ugaoo-admin
src/routes/campaigns/campaign-detail/breadcrumb.tsx,8,posx-comet-admin;posx-demo-admin;posx-eume-admin;posx-frido-admin;posx-frido-b2b-admin;posx-frido-mobility-admin;posx-mokobara-admin;posx-ugaoo-admin
src/routes/campaigns/campaign-detail/campaign-detail.tsx,8,posx-comet-admin;posx-demo-admin;posx-eume-admin;posx-frido-admin;posx-frido-b2b-admin;posx-frido-mobility-admin;posx-mokobara-admin;posx-ugaoo-admin
src/routes/campaigns/campaign-detail/components/campaign-budget/campaign-budget.tsx,8,posx-comet-admin;posx-demo-admin;posx-eume-admin;posx-frido-admin;posx-frido-b2b-admin;posx-frido-mobility-admin;posx-mokobara-admin;posx-ugaoo-admin
src/routes/campaigns/campaign-detail/components/campaign-configuration-section/campaign-configuration-section.tsx,8,posx-comet-admin;posx-demo-admin;posx-eume-admin;posx-frido-admin;posx-frido-b2b-admin;posx-frido-mobility-admin;posx-mokobara-admin;posx-ugaoo-admin
src/routes/campaigns/campaign-detail/components/campaign-general-section/campaign-general-section.tsx,8,posx-comet-admin;posx-demo-admin;posx-eume-admin;posx-frido-admin;posx-frido-b2b-admin;posx-frido-mobility-admin;posx-mokobara-admin;posx-ugaoo-admin
src/routes/campaigns/campaign-detail/components/campaign-promotion-section/campaign-promotion-section.tsx,8,posx-comet-admin;posx-demo-admin;posx-eume-admin;posx-frido-admin;posx-frido-b2b-admin;posx-frido-mobility-admin;posx-mokobara-admin;posx-ugaoo-admin
src/routes/campaigns/campaign-detail/components/campaign-spend/campaign-spend.tsx,8,posx-comet-admin;posx-demo-admin;posx-eume-admin;posx-frido-admin;posx-frido-b2b-admin;posx-frido-mobility-admin;posx-mokobara-admin;posx-ugaoo-admin
src/routes/campaigns/campaign-detail/loader.ts,8,posx-comet-admin;posx-demo-admin;posx-eume-admin;posx-frido-admin;posx-frido-b2b-admin;posx-frido-mobility-admin;posx-mokobara-admin;posx-ugaoo-admin
src/routes/campaigns/campaign-edit/campaign-edit.tsx,8,posx-comet-admin;posx-demo-admin;posx-eume-admin;posx-frido-admin;posx-frido-b2b-admin;posx-frido-mobility-admin;posx-mokobara-admin;posx-ugaoo-admin
src/routes/campaigns/campaign-edit/components/edit-campaign-form/edit-campaign-form.tsx,8,posx-comet-admin;posx-demo-admin;posx-eume-admin;posx-frido-admin;posx-frido-b2b-admin;posx-frido-mobility-admin;posx-mokobara-admin;posx-ugaoo-admin
src/routes/campaigns/campaign-list/campaign-list.tsx,8,posx-comet-admin;posx-demo-admin;posx-eume-admin;posx-frido-admin;posx-frido-b2b-admin;posx-frido-mobility-admin;posx-mokobara-admin;posx-ugaoo-admin
src/routes/campaigns/campaign-list/components/campaign-list-table.tsx,8,posx-comet-admin;posx-demo-admin;posx-eume-admin;posx-frido-admin;posx-frido-b2b-admin;posx-frido-mobility-admin;posx-mokobara-admin;posx-ugaoo-admin
src/routes/campaigns/common/components/create-campaign-form-fields/create-campaign-form-fields.tsx,8,posx-comet-admin;posx-demo-admin;posx-eume-admin;posx-frido-admin;posx-frido-b2b-admin;posx-frido-mobility-admin;posx-mokobara-admin;posx-ugaoo-admin
src/routes/campaigns/common/utils/campaign-status.ts,8,posx-comet-admin;posx-demo-admin;posx-eume-admin;posx-frido-admin;posx-frido-b2b-admin;posx-frido-mobility-admin;posx-mokobara-admin;posx-ugaoo-admin
src/routes/categories/categories-metadata/categories-metadata.tsx,8,posx-comet-admin;posx-demo-admin;posx-eume-admin;posx-frido-admin;posx-frido-b2b-admin;posx-frido-mobility-admin;posx-mokobara-admin;posx-ugaoo-admin
src/routes/categories/category-create/components/create-category-form/create-category-details.tsx,8,posx-comet-admin;posx-demo-admin;posx-eume-admin;posx-frido-admin;posx-frido-b2b-admin;posx-frido-mobility-admin;posx-mokobara-admin;posx-ugaoo-admin
src/routes/categories/category-create/components/create-category-form/create-category-form.tsx,8,posx-comet-admin;posx-demo-admin;posx-eume-admin;posx-frido-admin;posx-frido-b2b-admin;posx-frido-mobility-admin;posx-mokobara-admin;posx-ugaoo-admin
src/routes/categories/category-create/components/create-category-form/create-category-nesting.tsx,8,posx-comet-admin;posx-demo-admin;posx-eume-admin;posx-frido-admin;posx-frido-b2b-admin;posx-frido-mobility-admin;posx-mokobara-admin;posx-ugaoo-admin
src/routes/categories/category-create/components/create-category-form/schema.ts,8,posx-comet-admin;posx-demo-admin;posx-eume-admin;posx-frido-admin;posx-frido-b2b-admin;posx-frido-mobility-admin;posx-mokobara-admin;posx-ugaoo-admin
src/routes/categories/category-detail/breadcrumb.tsx,8,posx-comet-admin;posx-demo-admin;posx-eume-admin;posx-frido-admin;posx-frido-b2b-admin;posx-frido-mobility-admin;posx-mokobara-admin;posx-ugaoo-admin
src/routes/categories/category-detail/category-detail.tsx,8,posx-comet-admin;posx-demo-admin;posx-eume-admin;posx-frido-admin;posx-frido-b2b-admin;posx-frido-mobility-admin;posx-mokobara-admin;posx-ugaoo-admin
src/routes/categories/category-detail/components/category-general-section/category-general-section.tsx,8,posx-comet-admin;posx-demo-admin;posx-eume-admin;posx-frido-admin;posx-frido-b2b-admin;posx-frido-mobility-admin;posx-mokobara-admin;posx-ugaoo-admin
src/routes/categories/category-detail/components/category-organize-section/category-organize-section.tsx,8,posx-comet-admin;posx-demo-admin;posx-eume-admin;posx-frido-admin;posx-frido-b2b-admin;posx-frido-mobility-admin;posx-mokobara-admin;posx-ugaoo-admin
src/routes/categories/category-detail/components/category-product-section/category-product-section.tsx,8,posx-comet-admin;posx-demo-admin;posx-eume-admin;posx-frido-admin;posx-frido-b2b-admin;posx-frido-mobility-admin;posx-mokobara-admin;posx-ugaoo-admin
src/routes/categories/category-detail/loader.ts,8,posx-comet-admin;posx-demo-admin;posx-eume-admin;posx-frido-admin;posx-frido-b2b-admin;posx-frido-mobility-admin;posx-mokobara-admin;posx-ugaoo-admin
src/routes/categories/category-edit/category-edit.tsx,8,posx-comet-admin;posx-demo-admin;posx-eume-admin;posx-frido-admin;posx-frido-b2b-admin;posx-frido-mobility-admin;posx-mokobara-admin;posx-ugaoo-admin
src/routes/categories/category-edit/components/edit-category-form/edit-category-form.tsx,8,posx-comet-admin;posx-demo-admin;posx-eume-admin;posx-frido-admin;posx-frido-b2b-admin;posx-frido-mobility-admin;posx-mokobara-admin;posx-ugaoo-admin
src/routes/categories/category-list/category-list.tsx,8,posx-comet-admin;posx-demo-admin;posx-eume-admin;posx-frido-admin;posx-frido-b2b-admin;posx-frido-mobility-admin;posx-mokobara-admin;posx-ugaoo-admin
src/routes/categories/category-list/components/category-list-table/category-list-table.tsx,8,posx-comet-admin;posx-demo-admin;posx-eume-admin;posx-frido-admin;posx-frido-b2b-admin;posx-frido-mobility-admin;posx-mokobara-admin;posx-ugaoo-admin
src/routes/categories/category-list/components/category-list-table/use-category-table-columns.tsx,8,posx-comet-admin;posx-demo-admin;posx-eume-admin;posx-frido-admin;posx-frido-b2b-admin;posx-frido-mobility-admin;posx-mokobara-admin;posx-ugaoo-admin
src/routes/categories/category-list/components/category-list-table/use-category-table-query.tsx,8,posx-comet-admin;posx-demo-admin;posx-eume-admin;posx-frido-admin;posx-frido-b2b-admin;posx-frido-mobility-admin;posx-mokobara-admin;posx-ugaoo-admin
src/routes/categories/category-organize/components/organize-category-form/organize-category-form.tsx,8,posx-comet-admin;posx-demo-admin;posx-eume-admin;posx-frido-admin;posx-frido-b2b-admin;posx-frido-mobility-admin;posx-mokobara-admin;posx-ugaoo-admin
src/routes/categories/category-products/category-products.tsx,8,posx-comet-admin;posx-demo-admin;posx-eume-admin;posx-frido-admin;posx-frido-b2b-admin;posx-frido-mobility-admin;posx-mokobara-admin;posx-ugaoo-admin
src/routes/categories/category-products/components/edit-category-products-form/edit-category-products-form.tsx,8,posx-comet-admin;posx-demo-admin;posx-eume-admin;posx-frido-admin;posx-frido-b2b-admin;posx-frido-mobility-admin;posx-mokobara-admin;posx-ugaoo-admin
src/routes/categories/common/components/category-tree/category-tree.tsx,8,posx-comet-admin;posx-demo-admin;posx-eume-admin;posx-frido-admin;posx-frido-b2b-admin;posx-frido-mobility-admin;posx-mokobara-admin;posx-ugaoo-admin
src/routes/categories/common/hooks/use-delete-product-category-action.tsx,8,posx-comet-admin;posx-demo-admin;posx-eume-admin;posx-frido-admin;posx-frido-b2b-admin;posx-frido-mobility-admin;posx-mokobara-admin;posx-ugaoo-admin
src/routes/categories/common/utils.ts,8,posx-comet-admin;posx-demo-admin;posx-eume-admin;posx-frido-admin;posx-frido-b2b-admin;posx-frido-mobility-admin;posx-mokobara-admin;posx-ugaoo-admin
src/routes/collections/collection-add-products/collection-add-products.tsx,8,posx-comet-admin;posx-demo-admin;posx-eume-admin;posx-frido-admin;posx-frido-b2b-admin;posx-frido-mobility-admin;posx-mokobara-admin;posx-ugaoo-admin
src/routes/collections/collection-add-products/components/add-products-to-collection-form/add-products-to-collection-form.tsx,8,posx-comet-admin;posx-demo-admin;posx-eume-admin;posx-frido-admin;posx-frido-b2b-admin;posx-frido-mobility-admin;posx-mokobara-admin;posx-ugaoo-admin
src/routes/collections/collection-create/components/create-collection-form/create-collection-form.tsx,8,posx-comet-admin;posx-demo-admin;posx-eume-admin;posx-frido-admin;posx-frido-b2b-admin;posx-frido-mobility-admin;posx-mokobara-admin;posx-ugaoo-admin
src/routes/collections/collection-detail/breadcrumb.tsx,8,posx-comet-admin;posx-demo-admin;posx-eume-admin;posx-frido-admin;posx-frido-b2b-admin;posx-frido-mobility-admin;posx-mokobara-admin;posx-ugaoo-admin
src/routes/collections/collection-detail/collection-detail.tsx,8,posx-comet-admin;posx-demo-admin;posx-eume-admin;posx-frido-admin;posx-frido-b2b-admin;posx-frido-mobility-admin;posx-mokobara-admin;posx-ugaoo-admin
src/routes/collections/collection-detail/components/collection-general-section/collection-general-section.tsx,8,posx-comet-admin;posx-demo-admin;posx-eume-admin;posx-frido-admin;posx-frido-b2b-admin;posx-frido-mobility-admin;posx-mokobara-admin;posx-ugaoo-admin
src/routes/collections/collection-detail/components/collection-product-section/collection-product-section.tsx,8,posx-comet-admin;posx-demo-admin;posx-eume-admin;posx-frido-admin;posx-frido-b2b-admin;posx-frido-mobility-admin;posx-mokobara-admin;posx-ugaoo-admin
src/routes/collections/collection-detail/loader.ts,8,posx-comet-admin;posx-demo-admin;posx-eume-admin;posx-frido-admin;posx-frido-b2b-admin;posx-frido-mobility-admin;posx-mokobara-admin;posx-ugaoo-admin
src/routes/collections/collection-edit/collection-edit.tsx,8,posx-comet-admin;posx-demo-admin;posx-eume-admin;posx-frido-admin;posx-frido-b2b-admin;posx-frido-mobility-admin;posx-mokobara-admin;posx-ugaoo-admin
src/routes/collections/collection-edit/components/edit-collection-form/edit-collection-form.tsx,8,posx-comet-admin;posx-demo-admin;posx-eume-admin;posx-frido-admin;posx-frido-b2b-admin;posx-frido-mobility-admin;posx-mokobara-admin;posx-ugaoo-admin
src/routes/collections/collection-list/collection-list.tsx,8,posx-comet-admin;posx-demo-admin;posx-eume-admin;posx-frido-admin;posx-frido-b2b-admin;posx-frido-mobility-admin;posx-mokobara-admin;posx-ugaoo-admin
src/routes/collections/collection-list/components/collection-list-table/collection-list-table.tsx,8,posx-comet-admin;posx-demo-admin;posx-eume-admin;posx-frido-admin;posx-frido-b2b-admin;posx-frido-mobility-admin;posx-mokobara-admin;posx-ugaoo-admin
src/routes/collections/collection-list/components/collection-list-table/collection-row-actions.tsx,8,posx-comet-admin;posx-demo-admin;posx-eume-admin;posx-frido-admin;posx-frido-b2b-admin;posx-frido-mobility-admin;posx-mokobara-admin;posx-ugaoo-admin
src/routes/collections/collection-metadata/collection-metadata.tsx,8,posx-comet-admin;posx-demo-admin;posx-eume-admin;posx-frido-admin;posx-frido-b2b-admin;posx-frido-mobility-admin;posx-mokobara-admin;posx-ugaoo-admin
src/routes/customer-groups/customer-group-add-customers/components/add-customers-form/add-customers-form.tsx,8,posx-comet-admin;posx-demo-admin;posx-eume-admin;posx-frido-admin;posx-frido-b2b-admin;posx-frido-mobility-admin;posx-mokobara-admin;posx-ugaoo-admin
src/routes/customer-groups/customer-group-create/components/create-customer-group-form/create-customer-group-form.tsx,8,posx-comet-admin;posx-demo-admin;posx-eume-admin;posx-frido-admin;posx-frido-b2b-admin;posx-frido-mobility-admin;posx-mokobara-admin;posx-ugaoo-admin
src/routes/customer-groups/customer-group-detail/breadcrumb.tsx,8,posx-comet-admin;posx-demo-admin;posx-eume-admin;posx-frido-admin;posx-frido-b2b-admin;posx-frido-mobility-admin;posx-mokobara-admin;posx-ugaoo-admin
src/routes/customer-groups/customer-group-detail/components/customer-group-customer-section/customer-group-customer-section.tsx,8,posx-comet-admin;posx-demo-admin;posx-eume-admin;posx-frido-admin;posx-frido-b2b-admin;posx-frido-mobility-admin;posx-mokobara-admin;posx-ugaoo-admin
src/routes/customer-groups/customer-group-detail/components/customer-group-general-section/customer-group-general-section.tsx,8,posx-comet-admin;posx-demo-admin;posx-eume-admin;posx-frido-admin;posx-frido-b2b-admin;posx-frido-mobility-admin;posx-mokobara-admin;posx-ugaoo-admin
src/routes/customer-groups/customer-group-detail/customer-group-detail.tsx,8,posx-comet-admin;posx-demo-admin;posx-eume-admin;posx-frido-admin;posx-frido-b2b-admin;posx-frido-mobility-admin;posx-mokobara-admin;posx-ugaoo-admin
src/routes/customer-groups/customer-group-detail/loader.ts,8,posx-comet-admin;posx-demo-admin;posx-eume-admin;posx-frido-admin;posx-frido-b2b-admin;posx-frido-mobility-admin;posx-mokobara-admin;posx-ugaoo-admin
src/routes/customer-groups/customer-group-edit/components/edit-customer-group-form/edit-customer-group-form.tsx,8,posx-comet-admin;posx-demo-admin;posx-eume-admin;posx-frido-admin;posx-frido-b2b-admin;posx-frido-mobility-admin;posx-mokobara-admin;posx-ugaoo-admin
src/routes/customer-groups/customer-group-edit/customer-group-edit.tsx,8,posx-comet-admin;posx-demo-admin;posx-eume-admin;posx-frido-admin;posx-frido-b2b-admin;posx-frido-mobility-admin;posx-mokobara-admin;posx-ugaoo-admin
src/routes/customer-groups/customer-group-list/components/customer-group-list-table/customer-group-list-table.tsx,8,posx-comet-admin;posx-demo-admin;posx-eume-admin;posx-frido-admin;posx-frido-b2b-admin;posx-frido-mobility-admin;posx-mokobara-admin;posx-ugaoo-admin
src/routes/customer-groups/customer-group-list/customer-group-list.tsx,8,posx-comet-admin;posx-demo-admin;posx-eume-admin;posx-frido-admin;posx-frido-b2b-admin;posx-frido-mobility-admin;posx-mokobara-admin;posx-ugaoo-admin
src/routes/customer-groups/customer-group-metadata/customer-metadata.tsx,8,posx-comet-admin;posx-demo-admin;posx-eume-admin;posx-frido-admin;posx-frido-b2b-admin;posx-frido-mobility-admin;posx-mokobara-admin;posx-ugaoo-admin
src/routes/customers/customer-create/components/create-customer-form/create-customer-form.tsx,8,posx-comet-admin;posx-demo-admin;posx-eume-admin;posx-frido-admin;posx-frido-b2b-admin;posx-frido-mobility-admin;posx-mokobara-admin;posx-ugaoo-admin
src/routes/customers/customer-detail/breadcrumb.tsx,8,posx-comet-admin;posx-demo-admin;posx-eume-admin;posx-frido-admin;posx-frido-b2b-admin;posx-frido-mobility-admin;posx-mokobara-admin;posx-ugaoo-admin
src/routes/customers/customer-detail/components/customer-general-section/customer-general-section.tsx,8,posx-comet-admin;posx-demo-admin;posx-eume-admin;posx-frido-admin;posx-frido-b2b-admin;posx-frido-mobility-admin;posx-mokobara-admin;posx-ugaoo-admin
src/routes/customers/customer-detail/components/customer-group-section/customer-group-section.tsx,8,posx-comet-admin;posx-demo-admin;posx-eume-admin;posx-frido-admin;posx-frido-b2b-admin;posx-frido-mobility-admin;posx-mokobara-admin;posx-ugaoo-admin
src/routes/customers/customer-detail/components/customer-order-section/customer-order-section.tsx,8,posx-comet-admin;posx-demo-admin;posx-eume-admin;posx-frido-admin;posx-frido-b2b-admin;posx-frido-mobility-admin;posx-mokobara-admin;posx-ugaoo-admin
src/routes/customers/customer-detail/customer-detail.tsx,8,posx-comet-admin;posx-demo-admin;posx-eume-admin;posx-frido-admin;posx-frido-b2b-admin;posx-frido-mobility-admin;posx-mokobara-admin;posx-ugaoo-admin
src/routes/customers/customer-detail/loader.ts,8,posx-comet-admin;posx-demo-admin;posx-eume-admin;posx-frido-admin;posx-frido-b2b-admin;posx-frido-mobility-admin;posx-mokobara-admin;posx-ugaoo-admin
src/routes/customers/customer-edit/components/edit-customer-form/edit-customer-form.tsx,8,posx-comet-admin;posx-demo-admin;posx-eume-admin;posx-frido-admin;posx-frido-b2b-admin;posx-frido-mobility-admin;posx-mokobara-admin;posx-ugaoo-admin
src/routes/customers/customer-edit/customer-edit.tsx,8,posx-comet-admin;posx-demo-admin;posx-eume-admin;posx-frido-admin;posx-frido-b2b-admin;posx-frido-mobility-admin;posx-mokobara-admin;posx-ugaoo-admin
src/routes/customers/customer-list/components/customer-list-table/customer-list-table.tsx,8,posx-comet-admin;posx-demo-admin;posx-eume-admin;posx-frido-admin;posx-frido-b2b-admin;posx-frido-mobility-admin;posx-mokobara-admin;posx-ugaoo-admin
src/routes/customers/customer-list/customer-list.tsx,8,posx-comet-admin;posx-demo-admin;posx-eume-admin;posx-frido-admin;posx-frido-b2b-admin;posx-frido-mobility-admin;posx-mokobara-admin;posx-ugaoo-admin
src/routes/customers/customer-metadata/customer-metadata.tsx,8,posx-comet-admin;posx-demo-admin;posx-eume-admin;posx-frido-admin;posx-frido-b2b-admin;posx-frido-mobility-admin;posx-mokobara-admin;posx-ugaoo-admin
src/routes/employees/employee-create/components/basic-info-create-form/basic-info-create-form.tsx,8,posx-comet-admin;posx-demo-admin;posx-eume-admin;posx-frido-admin;posx-frido-b2b-admin;posx-frido-mobility-admin;posx-mokobara-admin;posx-ugaoo-admin
src/routes/employees/employee-create/components/employee-create-form/employee-create-form.tsx,8,posx-comet-admin;posx-demo-admin;posx-eume-admin;posx-frido-admin;posx-frido-b2b-admin;posx-frido-mobility-admin;posx-mokobara-admin;posx-ugaoo-admin
src/routes/employees/employee-create/employee-create.tsx,8,posx-comet-admin;posx-demo-admin;posx-eume-admin;posx-frido-admin;posx-frido-b2b-admin;posx-frido-mobility-admin;posx-mokobara-admin;posx-ugaoo-admin
src/routes/employees/employee-edit/components/edit-employee-form/edit-employee-form.tsx,8,posx-comet-admin;posx-demo-admin;posx-eume-admin;posx-frido-admin;posx-frido-b2b-admin;posx-frido-mobility-admin;posx-mokobara-admin;posx-ugaoo-admin
src/routes/employees/employee-list/components/employee-list-table/employee-list-table.tsx,8,posx-comet-admin;posx-demo-admin;posx-eume-admin;posx-frido-admin;posx-frido-b2b-admin;posx-frido-mobility-admin;posx-mokobara-admin;posx-ugaoo-admin
src/routes/employees/employee-list/components/use-employee-table-query.tsx,8,posx-comet-admin;posx-demo-admin;posx-eume-admin;posx-frido-admin;posx-frido-b2b-admin;posx-frido-mobility-admin;posx-mokobara-admin;posx-ugaoo-admin
src/routes/employees/employee-list/employee-list.tsx,8,posx-comet-admin;posx-demo-admin;posx-eume-admin;posx-frido-admin;posx-frido-b2b-admin;posx-frido-mobility-admin;posx-mokobara-admin;posx-ugaoo-admin
src/routes/global-config/global-config-create/components/global-config-create-form/global-config-create-form.tsx,8,posx-comet-admin;posx-demo-admin;posx-eume-admin;posx-frido-admin;posx-frido-b2b-admin;posx-frido-mobility-admin;posx-mokobara-admin;posx-ugaoo-admin
src/routes/global-config/global-config-create/components/global-config-info-create-form/basic-info-create-form.tsx,8,posx-comet-admin;posx-demo-admin;posx-eume-admin;posx-frido-admin;posx-frido-b2b-admin;posx-frido-mobility-admin;posx-mokobara-admin;posx-ugaoo-admin
src/routes/global-config/global-config-create/global-config-create.tsx,8,posx-comet-admin;posx-demo-admin;posx-eume-admin;posx-frido-admin;posx-frido-b2b-admin;posx-frido-mobility-admin;posx-mokobara-admin;posx-ugaoo-admin
src/routes/global-config/global-config-detail/breadcrumb.tsx,8,posx-comet-admin;posx-demo-admin;posx-eume-admin;posx-frido-admin;posx-frido-b2b-admin;posx-frido-mobility-admin;posx-mokobara-admin;posx-ugaoo-admin
src/routes/global-config/global-config-detail/components/global-config-info-section.tsx,8,posx-comet-admin;posx-demo-admin;posx-eume-admin;posx-frido-admin;posx-frido-b2b-admin;posx-frido-mobility-admin;posx-mokobara-admin;posx-ugaoo-admin
src/routes/global-config/global-config-detail/global-config-detail.tsx,8,posx-comet-admin;posx-demo-admin;posx-eume-admin;posx-frido-admin;posx-frido-b2b-admin;posx-frido-mobility-admin;posx-mokobara-admin;posx-ugaoo-admin
src/routes/global-config/global-config-detail/loader.ts,8,posx-comet-admin;posx-demo-admin;posx-eume-admin;posx-frido-admin;posx-frido-b2b-admin;posx-frido-mobility-admin;posx-mokobara-admin;posx-ugaoo-admin
src/routes/global-config/global-config-edit/components/edit-global-config-form/edit-global-config-form.tsx,8,posx-comet-admin;posx-demo-admin;posx-eume-admin;posx-frido-admin;posx-frido-b2b-admin;posx-frido-mobility-admin;posx-mokobara-admin;posx-ugaoo-admin
src/routes/global-config/global-config-edit/global-config-edit.tsx,8,posx-comet-admin;posx-demo-admin;posx-eume-admin;posx-frido-admin;posx-frido-b2b-admin;posx-frido-mobility-admin;posx-mokobara-admin;posx-ugaoo-admin
src/routes/global-config/global-config-list/components/global-config-list-table/global-config-list-table.tsx,8,posx-comet-admin;posx-demo-admin;posx-eume-admin;posx-frido-admin;posx-frido-b2b-admin;posx-frido-mobility-admin;posx-mokobara-admin;posx-ugaoo-admin
src/routes/global-config/global-config-list/components/use-global-config-table-query.tsx,8,posx-comet-admin;posx-demo-admin;posx-eume-admin;posx-frido-admin;posx-frido-b2b-admin;posx-frido-mobility-admin;posx-mokobara-admin;posx-ugaoo-admin
src/routes/global-config/global-config-list/global-config-list.tsx,8,posx-comet-admin;posx-demo-admin;posx-eume-admin;posx-frido-admin;posx-frido-b2b-admin;posx-frido-mobility-admin;posx-mokobara-admin;posx-ugaoo-admin
src/routes/global-config/types.ts,8,posx-comet-admin;posx-demo-admin;posx-eume-admin;posx-frido-admin;posx-frido-b2b-admin;posx-frido-mobility-admin;posx-mokobara-admin;posx-ugaoo-admin
src/routes/inventory/inventory-create/components/inventory-create-form/inventory-availability-form.tsx,8,posx-comet-admin;posx-demo-admin;posx-eume-admin;posx-frido-admin;posx-frido-b2b-admin;posx-frido-mobility-admin;posx-mokobara-admin;posx-ugaoo-admin
src/routes/inventory/inventory-create/components/inventory-create-form/inventory-create-form.tsx,8,posx-comet-admin;posx-demo-admin;posx-eume-admin;posx-frido-admin;posx-frido-b2b-admin;posx-frido-mobility-admin;posx-mokobara-admin;posx-ugaoo-admin
src/routes/inventory/inventory-create/components/inventory-create-form/schema.ts,8,posx-comet-admin;posx-demo-admin;posx-eume-admin;posx-frido-admin;posx-frido-b2b-admin;posx-frido-mobility-admin;posx-mokobara-admin;posx-ugaoo-admin
src/routes/inventory/inventory-create/inventory-create.tsx,8,posx-comet-admin;posx-demo-admin;posx-eume-admin;posx-frido-admin;posx-frido-b2b-admin;posx-frido-mobility-admin;posx-mokobara-admin;posx-ugaoo-admin
src/routes/inventory/inventory-detail/breadcrumb.tsx,8,posx-comet-admin;posx-demo-admin;posx-eume-admin;posx-frido-admin;posx-frido-b2b-admin;posx-frido-mobility-admin;posx-mokobara-admin;posx-ugaoo-admin
src/routes/inventory/inventory-detail/components/adjust-inventory/adjust-inventory-drawer.tsx,8,posx-comet-admin;posx-demo-admin;posx-eume-admin;posx-frido-admin;posx-frido-b2b-admin;posx-frido-mobility-admin;posx-mokobara-admin;posx-ugaoo-admin
src/routes/inventory/inventory-detail/components/adjust-inventory/components/adjust-inventory-form.tsx,8,posx-comet-admin;posx-demo-admin;posx-eume-admin;posx-frido-admin;posx-frido-b2b-admin;posx-frido-mobility-admin;posx-mokobara-admin;posx-ugaoo-admin
src/routes/inventory/inventory-detail/components/edit-inventory-item-attributes/components/edit-item-attributes-form.tsx,8,posx-comet-admin;posx-demo-admin;posx-eume-admin;posx-frido-admin;posx-frido-b2b-admin;posx-frido-mobility-admin;posx-mokobara-admin;posx-ugaoo-admin
src/routes/inventory/inventory-detail/components/edit-inventory-item-attributes/edit-item-attributes-drawer.tsx,8,posx-comet-admin;posx-demo-admin;posx-eume-admin;posx-frido-admin;posx-frido-b2b-admin;posx-frido-mobility-admin;posx-mokobara-admin;posx-ugaoo-admin
src/routes/inventory/inventory-detail/components/edit-inventory-item/components/edit-item-form.tsx,8,posx-comet-admin;posx-demo-admin;posx-eume-admin;posx-frido-admin;posx-frido-b2b-admin;posx-frido-mobility-admin;posx-mokobara-admin;posx-ugaoo-admin
src/routes/inventory/inventory-detail/components/edit-inventory-item/edit-item-drawer.tsx,8,posx-comet-admin;posx-demo-admin;posx-eume-admin;posx-frido-admin;posx-frido-b2b-admin;posx-frido-mobility-admin;posx-mokobara-admin;posx-ugaoo-admin
src/routes/inventory/inventory-detail/components/inventory-item-attributes/attributes-section.tsx,8,posx-comet-admin;posx-demo-admin;posx-eume-admin;posx-frido-admin;posx-frido-b2b-admin;posx-frido-mobility-admin;posx-mokobara-admin;posx-ugaoo-admin
src/routes/inventory/inventory-detail/components/inventory-item-general-section.tsx,8,posx-comet-admin;posx-demo-admin;posx-eume-admin;posx-frido-admin;posx-frido-b2b-admin;posx-frido-mobility-admin;posx-mokobara-admin;posx-ugaoo-admin
src/routes/inventory/inventory-detail/components/inventory-item-location-levels.tsx,8,posx-comet-admin;posx-demo-admin;posx-eume-admin;posx-frido-admin;posx-frido-b2b-admin;posx-frido-mobility-admin;posx-mokobara-admin;posx-ugaoo-admin
src/routes/inventory/inventory-detail/components/inventory-item-reservations.tsx,8,posx-comet-admin;posx-demo-admin;posx-eume-admin;posx-frido-admin;posx-frido-b2b-admin;posx-frido-mobility-admin;posx-mokobara-admin;posx-ugaoo-admin
src/routes/inventory/inventory-detail/components/inventory-item-variants/variants-section.tsx,8,posx-comet-admin;posx-demo-admin;posx-eume-admin;posx-frido-admin;posx-frido-b2b-admin;posx-frido-mobility-admin;posx-mokobara-admin;posx-ugaoo-admin
src/routes/inventory/inventory-detail/components/location-levels-table/location-actions.tsx,8,posx-comet-admin;posx-demo-admin;posx-eume-admin;posx-frido-admin;posx-frido-b2b-admin;posx-frido-mobility-admin;posx-mokobara-admin;posx-ugaoo-admin
src/routes/inventory/inventory-detail/components/location-levels-table/location-list-table.tsx,8,posx-comet-admin;posx-demo-admin;posx-eume-admin;posx-frido-admin;posx-frido-b2b-admin;posx-frido-mobility-admin;posx-mokobara-admin;posx-ugaoo-admin
src/routes/inventory/inventory-detail/components/location-levels-table/use-location-list-table-columns.tsx,8,posx-comet-admin;posx-demo-admin;posx-eume-admin;posx-frido-admin;posx-frido-b2b-admin;posx-frido-mobility-admin;posx-mokobara-admin;posx-ugaoo-admin
src/routes/inventory/inventory-detail/components/location-levels-table/use-location-list-table-query.tsx,8,posx-comet-admin;posx-demo-admin;posx-eume-admin;posx-frido-admin;posx-frido-b2b-admin;posx-frido-mobility-admin;posx-mokobara-admin;posx-ugaoo-admin
src/routes/inventory/inventory-detail/components/manage-locations/components/location-item.tsx,8,posx-comet-admin;posx-demo-admin;posx-eume-admin;posx-frido-admin;posx-frido-b2b-admin;posx-frido-mobility-admin;posx-mokobara-admin;posx-ugaoo-admin
src/routes/inventory/inventory-detail/components/manage-locations/components/manage-locations-form.tsx,8,posx-comet-admin;posx-demo-admin;posx-eume-admin;posx-frido-admin;posx-frido-b2b-admin;posx-frido-mobility-admin;posx-mokobara-admin;posx-ugaoo-admin
src/routes/inventory/inventory-detail/components/manage-locations/manage-locations-drawer.tsx,8,posx-comet-admin;posx-demo-admin;posx-eume-admin;posx-frido-admin;posx-frido-b2b-admin;posx-frido-mobility-admin;posx-mokobara-admin;posx-ugaoo-admin
src/routes/inventory/inventory-detail/components/reservations-table/reservation-actions.tsx,8,posx-comet-admin;posx-demo-admin;posx-eume-admin;posx-frido-admin;posx-frido-b2b-admin;posx-frido-mobility-admin;posx-mokobara-admin;posx-ugaoo-admin
src/routes/inventory/inventory-detail/components/reservations-table/reservation-list-table.tsx,8,posx-comet-admin;posx-demo-admin;posx-eume-admin;posx-frido-admin;posx-frido-b2b-admin;posx-frido-mobility-admin;posx-mokobara-admin;posx-ugaoo-admin
src/routes/inventory/inventory-detail/components/reservations-table/use-reservation-list-table-columns.tsx,8,posx-comet-admin;posx-demo-admin;posx-eume-admin;posx-frido-admin;posx-frido-b2b-admin;posx-frido-mobility-admin;posx-mokobara-admin;posx-ugaoo-admin
src/routes/inventory/inventory-detail/components/reservations-table/use-reservation-list-table-query.tsx,8,posx-comet-admin;posx-demo-admin;posx-eume-admin;posx-frido-admin;posx-frido-b2b-admin;posx-frido-mobility-admin;posx-mokobara-admin;posx-ugaoo-admin
src/routes/inventory/inventory-detail/inventory-detail.tsx,8,posx-comet-admin;posx-demo-admin;posx-eume-admin;posx-frido-admin;posx-frido-b2b-admin;posx-frido-mobility-admin;posx-mokobara-admin;posx-ugaoo-admin
src/routes/inventory/inventory-detail/loader.ts,8,posx-comet-admin;posx-demo-admin;posx-eume-admin;posx-frido-admin;posx-frido-b2b-admin;posx-frido-mobility-admin;posx-mokobara-admin;posx-ugaoo-admin
src/routes/inventory/inventory-list/components/inventory-actions.tsx,8,posx-comet-admin;posx-demo-admin;posx-eume-admin;posx-frido-admin;posx-frido-b2b-admin;posx-frido-mobility-admin;posx-mokobara-admin;posx-ugaoo-admin
src/routes/inventory/inventory-list/components/inventory-list-table.tsx,8,posx-comet-admin;posx-demo-admin;posx-eume-admin;posx-frido-admin;posx-frido-b2b-admin;posx-frido-mobility-admin;posx-mokobara-admin;posx-ugaoo-admin
src/routes/inventory/inventory-list/components/use-inventory-table-columns.tsx,8,posx-comet-admin;posx-demo-admin;posx-eume-admin;posx-frido-admin;posx-frido-b2b-admin;posx-frido-mobility-admin;posx-mokobara-admin;posx-ugaoo-admin
src/routes/inventory/inventory-list/components/use-inventory-table-filters.tsx,8,posx-comet-admin;posx-demo-admin;posx-eume-admin;posx-frido-admin;posx-frido-b2b-admin;posx-frido-mobility-admin;posx-mokobara-admin;posx-ugaoo-admin
src/routes/inventory/inventory-list/components/use-inventory-table-query.tsx,8,posx-comet-admin;posx-demo-admin;posx-eume-admin;posx-frido-admin;posx-frido-b2b-admin;posx-frido-mobility-admin;posx-mokobara-admin;posx-ugaoo-admin
src/routes/inventory/inventory-list/inventory-list.tsx,8,posx-comet-admin;posx-demo-admin;posx-eume-admin;posx-frido-admin;posx-frido-b2b-admin;posx-frido-mobility-admin;posx-mokobara-admin;posx-ugaoo-admin
src/routes/inventory/inventory-metadata/inventory-metadata.tsx,8,posx-comet-admin;posx-demo-admin;posx-eume-admin;posx-frido-admin;posx-frido-b2b-admin;posx-frido-mobility-admin;posx-mokobara-admin;posx-ugaoo-admin
src/routes/inventory/inventory-stock/components/inventory-stock-form/inventory-stock-form.tsx,8,posx-comet-admin;posx-demo-admin;posx-eume-admin;posx-frido-admin;posx-frido-b2b-admin;posx-frido-mobility-admin;posx-mokobara-admin;posx-ugaoo-admin
src/routes/inventory/inventory-stock/hooks/use-inventory-stock-columns.tsx,8,posx-comet-admin;posx-demo-admin;posx-eume-admin;posx-frido-admin;posx-frido-b2b-admin;posx-frido-mobility-admin;posx-mokobara-admin;posx-ugaoo-admin
src/routes/inventory/inventory-stock/inventory-stock.tsx,8,posx-comet-admin;posx-demo-admin;posx-eume-admin;posx-frido-admin;posx-frido-b2b-admin;posx-frido-mobility-admin;posx-mokobara-admin;posx-ugaoo-admin
src/routes/inventory/inventory-stock/schema.ts,8,posx-comet-admin;posx-demo-admin;posx-eume-admin;posx-frido-admin;posx-frido-b2b-admin;posx-frido-mobility-admin;posx-mokobara-admin;posx-ugaoo-admin
src/routes/invite/invite.tsx,8,posx-comet-admin;posx-demo-admin;posx-eume-admin;posx-frido-admin;posx-frido-b2b-admin;posx-frido-mobility-admin;posx-mokobara-admin;posx-ugaoo-admin
src/routes/locations/common/components/conditional-price-form/conditional-price-form.tsx,8,posx-comet-admin;posx-demo-admin;posx-eume-admin;posx-frido-admin;posx-frido-b2b-admin;posx-frido-mobility-admin;posx-mokobara-admin;posx-ugaoo-admin
src/routes/locations/common/components/geo-zone-form/geo-zone-form.tsx,8,posx-comet-admin;posx-demo-admin;posx-eume-admin;posx-frido-admin;posx-frido-b2b-admin;posx-frido-mobility-admin;posx-mokobara-admin;posx-ugaoo-admin
src/routes/locations/common/components/shipping-option-price-cell/shipping-option-price-cell.tsx,8,posx-comet-admin;posx-demo-admin;posx-eume-admin;posx-frido-admin;posx-frido-b2b-admin;posx-frido-mobility-admin;posx-mokobara-admin;posx-ugaoo-admin
src/routes/locations/common/components/shipping-option-price-provider/shipping-option-price-provider.tsx,8,posx-comet-admin;posx-demo-admin;posx-eume-admin;posx-frido-admin;posx-frido-b2b-admin;posx-frido-mobility-admin;posx-mokobara-admin;posx-ugaoo-admin
src/routes/locations/common/hooks/use-shipping-option-price-columns.tsx,8,posx-comet-admin;posx-demo-admin;posx-eume-admin;posx-frido-admin;posx-frido-b2b-admin;posx-frido-mobility-admin;posx-mokobara-admin;posx-ugaoo-admin
src/routes/locations/common/schema.ts,8,posx-comet-admin;posx-demo-admin;posx-eume-admin;posx-frido-admin;posx-frido-b2b-admin;posx-frido-mobility-admin;posx-mokobara-admin;posx-ugaoo-admin
src/routes/locations/common/utils/price-rule-helpers.ts,8,posx-comet-admin;posx-demo-admin;posx-eume-admin;posx-frido-admin;posx-frido-b2b-admin;posx-frido-mobility-admin;posx-mokobara-admin;posx-ugaoo-admin
src/routes/locations/location-create/components/create-location-form/create-location-form.tsx,8,posx-comet-admin;posx-demo-admin;posx-eume-admin;posx-frido-admin;posx-frido-b2b-admin;posx-frido-mobility-admin;posx-mokobara-admin;posx-ugaoo-admin
src/routes/locations/location-detail/breadcrumb.tsx,8,posx-comet-admin;posx-demo-admin;posx-eume-admin;posx-frido-admin;posx-frido-b2b-admin;posx-frido-mobility-admin;posx-mokobara-admin;posx-ugaoo-admin
src/routes/locations/location-detail/components/location-fulfillment-providers-section/location-fulfillment-providers-section.tsx,8,posx-comet-admin;posx-demo-admin;posx-eume-admin;posx-frido-admin;posx-frido-b2b-admin;posx-frido-mobility-admin;posx-mokobara-admin;posx-ugaoo-admin
src/routes/locations/location-detail/components/location-general-section/location-general-section.tsx,8,posx-comet-admin;posx-demo-admin;posx-eume-admin;posx-frido-admin;posx-frido-b2b-admin;posx-frido-mobility-admin;posx-mokobara-admin;posx-ugaoo-admin
src/routes/locations/location-detail/components/location-sales-channels-section/locations-sales-channels-section.tsx,8,posx-comet-admin;posx-demo-admin;posx-eume-admin;posx-frido-admin;posx-frido-b2b-admin;posx-frido-mobility-admin;posx-mokobara-admin;posx-ugaoo-admin
src/routes/locations/location-detail/loader.ts,8,posx-comet-admin;posx-demo-admin;posx-eume-admin;posx-frido-admin;posx-frido-b2b-admin;posx-frido-mobility-admin;posx-mokobara-admin;posx-ugaoo-admin
src/routes/locations/location-detail/location-detail.tsx,8,posx-comet-admin;posx-demo-admin;posx-eume-admin;posx-frido-admin;posx-frido-b2b-admin;posx-frido-mobility-admin;posx-mokobara-admin;posx-ugaoo-admin
src/routes/locations/location-edit/components/edit-location-form/edit-location-form.tsx,8,posx-comet-admin;posx-demo-admin;posx-eume-admin;posx-frido-admin;posx-frido-b2b-admin;posx-frido-mobility-admin;posx-mokobara-admin;posx-ugaoo-admin
src/routes/locations/location-edit/location-edit.tsx,8,posx-comet-admin;posx-demo-admin;posx-eume-admin;posx-frido-admin;posx-frido-b2b-admin;posx-frido-mobility-admin;posx-mokobara-admin;posx-ugaoo-admin
src/routes/locations/location-fulfillment-providers/components/edit-fulfillment-providers-form/edit-fulfillment-providers-form.tsx,8,posx-comet-admin;posx-demo-admin;posx-eume-admin;posx-frido-admin;posx-frido-b2b-admin;posx-frido-mobility-admin;posx-mokobara-admin;posx-ugaoo-admin
src/routes/locations/location-fulfillment-providers/location-fulfillment-providers.tsx,8,posx-comet-admin;posx-demo-admin;posx-eume-admin;posx-frido-admin;posx-frido-b2b-admin;posx-frido-mobility-admin;posx-mokobara-admin;posx-ugaoo-admin
src/routes/locations/location-list/components/location-list-header/location-list-header.tsx,8,posx-comet-admin;posx-demo-admin;posx-eume-admin;posx-frido-admin;posx-frido-b2b-admin;posx-frido-mobility-admin;posx-mokobara-admin;posx-ugaoo-admin
src/routes/locations/location-list/components/location-list-item/location-list-item.tsx,8,posx-comet-admin;posx-demo-admin;posx-eume-admin;posx-frido-admin;posx-frido-b2b-admin;posx-frido-mobility-admin;posx-mokobara-admin;posx-ugaoo-admin
src/routes/locations/location-list/loader.ts,8,posx-comet-admin;posx-demo-admin;posx-eume-admin;posx-frido-admin;posx-frido-b2b-admin;posx-frido-mobility-admin;posx-mokobara-admin;posx-ugaoo-admin
src/routes/locations/location-list/location-list.tsx,8,posx-comet-admin;posx-demo-admin;posx-eume-admin;posx-frido-admin;posx-frido-b2b-admin;posx-frido-mobility-admin;posx-mokobara-admin;posx-ugaoo-admin
src/routes/locations/location-sales-channels/components/edit-sales-channels-form/edit-sales-channels-form.tsx,8,posx-comet-admin;posx-demo-admin;posx-eume-admin;posx-frido-admin;posx-frido-b2b-admin;posx-frido-mobility-admin;posx-mokobara-admin;posx-ugaoo-admin
src/routes/locations/location-sales-channels/location-sales-channels.tsx,8,posx-comet-admin;posx-demo-admin;posx-eume-admin;posx-frido-admin;posx-frido-b2b-admin;posx-frido-mobility-admin;posx-mokobara-admin;posx-ugaoo-admin
src/routes/locations/location-service-zone-create/components/create-service-zone-form/create-service-zone-form.tsx,8,posx-comet-admin;posx-demo-admin;posx-eume-admin;posx-frido-admin;posx-frido-b2b-admin;posx-frido-mobility-admin;posx-mokobara-admin;posx-ugaoo-admin
src/routes/locations/location-service-zone-create/location-service-zone-create.tsx,8,posx-comet-admin;posx-demo-admin;posx-eume-admin;posx-frido-admin;posx-frido-b2b-admin;posx-frido-mobility-admin;posx-mokobara-admin;posx-ugaoo-admin
src/routes/locations/location-service-zone-edit/components/edit-region-form/edit-service-zone-form.tsx,8,posx-comet-admin;posx-demo-admin;posx-eume-admin;posx-frido-admin;posx-frido-b2b-admin;posx-frido-mobility-admin;posx-mokobara-admin;posx-ugaoo-admin
src/routes/locations/location-service-zone-edit/location-service-zone-edit.tsx,8,posx-comet-admin;posx-demo-admin;posx-eume-admin;posx-frido-admin;posx-frido-b2b-admin;posx-frido-mobility-admin;posx-mokobara-admin;posx-ugaoo-admin
src/routes/locations/location-service-zone-manage-areas/components/edit-region-areas-form/edit-service-zone-areas-form.tsx,8,posx-comet-admin;posx-demo-admin;posx-eume-admin;posx-frido-admin;posx-frido-b2b-admin;posx-frido-mobility-admin;posx-mokobara-admin;posx-ugaoo-admin
src/routes/locations/location-service-zone-manage-areas/location-service-zone-manage-areas.tsx,8,posx-comet-admin;posx-demo-admin;posx-eume-admin;posx-frido-admin;posx-frido-b2b-admin;posx-frido-mobility-admin;posx-mokobara-admin;posx-ugaoo-admin
src/routes/locations/location-service-zone-shipping-option-create/components/create-shipping-options-form/create-shipping-option-details-form.tsx,8,posx-comet-admin;posx-demo-admin;posx-eume-admin;posx-frido-admin;posx-frido-b2b-admin;posx-frido-mobility-admin;posx-mokobara-admin;posx-ugaoo-admin
src/routes/locations/location-service-zone-shipping-option-create/components/create-shipping-options-form/create-shipping-options-form.tsx,8,posx-comet-admin;posx-demo-admin;posx-eume-admin;posx-frido-admin;posx-frido-b2b-admin;posx-frido-mobility-admin;posx-mokobara-admin;posx-ugaoo-admin
src/routes/locations/location-service-zone-shipping-option-create/components/create-shipping-options-form/create-shipping-options-prices-form.tsx,8,posx-comet-admin;posx-demo-admin;posx-eume-admin;posx-frido-admin;posx-frido-b2b-admin;posx-frido-mobility-admin;posx-mokobara-admin;posx-ugaoo-admin
src/routes/locations/location-service-zone-shipping-option-create/components/create-shipping-options-form/schema.ts,8,posx-comet-admin;posx-demo-admin;posx-eume-admin;posx-frido-admin;posx-frido-b2b-admin;posx-frido-mobility-admin;posx-mokobara-admin;posx-ugaoo-admin
src/routes/locations/location-service-zone-shipping-option-create/location-service-zone-shipping-option-create.tsx,8,posx-comet-admin;posx-demo-admin;posx-eume-admin;posx-frido-admin;posx-frido-b2b-admin;posx-frido-mobility-admin;posx-mokobara-admin;posx-ugaoo-admin
src/routes/locations/location-service-zone-shipping-option-edit/components/edit-region-form/edit-shipping-option-form.tsx,8,posx-comet-admin;posx-demo-admin;posx-eume-admin;posx-frido-admin;posx-frido-b2b-admin;posx-frido-mobility-admin;posx-mokobara-admin;posx-ugaoo-admin
src/routes/locations/location-service-zone-shipping-option-edit/location-service-zone-shipping-option-edit.tsx,8,posx-comet-admin;posx-demo-admin;posx-eume-admin;posx-frido-admin;posx-frido-b2b-admin;posx-frido-mobility-admin;posx-mokobara-admin;posx-ugaoo-admin
src/routes/locations/location-service-zone-shipping-option-pricing/components/create-shipping-options-form/edit-shipping-options-pricing-form.tsx,8,posx-comet-admin;posx-demo-admin;posx-eume-admin;posx-frido-admin;posx-frido-b2b-admin;posx-frido-mobility-admin;posx-mokobara-admin;posx-ugaoo-admin
src/routes/locations/location-service-zone-shipping-option-pricing/location-service-zone-shipping-option-pricing.tsx,8,posx-comet-admin;posx-demo-admin;posx-eume-admin;posx-frido-admin;posx-frido-b2b-admin;posx-frido-mobility-admin;posx-mokobara-admin;posx-ugaoo-admin
src/routes/login/login.tsx,8,posx-comet-admin;posx-demo-admin;posx-eume-admin;posx-frido-admin;posx-frido-b2b-admin;posx-frido-mobility-admin;posx-mokobara-admin;posx-ugaoo-admin
src/routes/no-match/no-match.tsx,8,posx-comet-admin;posx-demo-admin;posx-eume-admin;posx-frido-admin;posx-frido-b2b-admin;posx-frido-mobility-admin;posx-mokobara-admin;posx-ugaoo-admin
src/routes/order-details/order-detail/breadcrumb.tsx,8,posx-comet-admin;posx-demo-admin;posx-eume-admin;posx-frido-admin;posx-frido-b2b-admin;posx-frido-mobility-admin;posx-mokobara-admin;posx-ugaoo-admin
src/routes/order-details/order-detail/components/gatepass-info-section.tsx,8,posx-comet-admin;posx-demo-admin;posx-eume-admin;posx-frido-admin;posx-frido-b2b-admin;posx-frido-mobility-admin;posx-mokobara-admin;posx-ugaoo-admin
src/routes/order-details/order-detail/components/payment-section.tsx,8,posx-comet-admin;posx-demo-admin;posx-eume-admin;posx-frido-admin;posx-frido-b2b-admin;posx-frido-mobility-admin;posx-mokobara-admin;posx-ugaoo-admin
src/routes/order-details/order-detail/loader.ts,8,posx-comet-admin;posx-demo-admin;posx-eume-admin;posx-frido-admin;posx-frido-b2b-admin;posx-frido-mobility-admin;posx-mokobara-admin;posx-ugaoo-admin
src/routes/order-details/order-detail/order-detail.tsx,8,posx-comet-admin;posx-demo-admin;posx-eume-admin;posx-frido-admin;posx-frido-b2b-admin;posx-frido-mobility-admin;posx-mokobara-admin;posx-ugaoo-admin
src/routes/order-details/order-list/components/order-list-table/order-list-table.tsx,8,posx-comet-admin;posx-demo-admin;posx-eume-admin;posx-frido-admin;posx-frido-b2b-admin;posx-frido-mobility-admin;posx-mokobara-admin;posx-ugaoo-admin
src/routes/order-details/order-list/components/use-order-details-table-query.tsx,8,posx-comet-admin;posx-demo-admin;posx-eume-admin;posx-frido-admin;posx-frido-b2b-admin;posx-frido-mobility-admin;posx-mokobara-admin;posx-ugaoo-admin
src/routes/orders/common/placeholders.tsx,8,posx-comet-admin;posx-demo-admin;posx-eume-admin;posx-frido-admin;posx-frido-b2b-admin;posx-frido-mobility-admin;posx-mokobara-admin;posx-ugaoo-admin
src/routes/orders/order-allocate-items/components/order-create-fulfillment-form/order-allocate-items-form.tsx,8,posx-comet-admin;posx-demo-admin;posx-eume-admin;posx-frido-admin;posx-frido-b2b-admin;posx-frido-mobility-admin;posx-mokobara-admin;posx-ugaoo-admin
src/routes/orders/order-allocate-items/components/order-create-fulfillment-form/order-allocate-items-item.tsx,8,posx-comet-admin;posx-demo-admin;posx-eume-admin;posx-frido-admin;posx-frido-b2b-admin;posx-frido-mobility-admin;posx-mokobara-admin;posx-ugaoo-admin
src/routes/orders/order-allocate-items/order-allocate-items.tsx,8,posx-comet-admin;posx-demo-admin;posx-eume-admin;posx-frido-admin;posx-frido-b2b-admin;posx-frido-mobility-admin;posx-mokobara-admin;posx-ugaoo-admin
src/routes/orders/order-create-claim/claim-create.tsx,8,posx-comet-admin;posx-demo-admin;posx-eume-admin;posx-frido-admin;posx-frido-b2b-admin;posx-frido-mobility-admin;posx-mokobara-admin;posx-ugaoo-admin
src/routes/orders/order-create-claim/components/add-claim-items-table/add-claim-items-table.tsx,8,posx-comet-admin;posx-demo-admin;posx-eume-admin;posx-frido-admin;posx-frido-b2b-admin;posx-frido-mobility-admin;posx-mokobara-admin;posx-ugaoo-admin
src/routes/orders/order-create-claim/components/add-claim-items-table/use-claim-item-table-columns.tsx,8,posx-comet-admin;posx-demo-admin;posx-eume-admin;posx-frido-admin;posx-frido-b2b-admin;posx-frido-mobility-admin;posx-mokobara-admin;posx-ugaoo-admin
src/routes/orders/order-create-claim/components/add-claim-items-table/use-claim-item-table-filters.tsx,8,posx-comet-admin;posx-demo-admin;posx-eume-admin;posx-frido-admin;posx-frido-b2b-admin;posx-frido-mobility-admin;posx-mokobara-admin;posx-ugaoo-admin
src/routes/orders/order-create-claim/components/add-claim-items-table/use-claim-item-table-query.tsx,8,posx-comet-admin;posx-demo-admin;posx-eume-admin;posx-frido-admin;posx-frido-b2b-admin;posx-frido-mobility-admin;posx-mokobara-admin;posx-ugaoo-admin
src/routes/orders/order-create-claim/components/add-claim-outbound-items-table/add-claim-outbound-items-table.tsx,8,posx-comet-admin;posx-demo-admin;posx-eume-admin;posx-frido-admin;posx-frido-b2b-admin;posx-frido-mobility-admin;posx-mokobara-admin;posx-ugaoo-admin
src/routes/orders/order-create-claim/components/add-claim-outbound-items-table/use-claim-outbound-item-table-columns.tsx,8,posx-comet-admin;posx-demo-admin;posx-eume-admin;posx-frido-admin;posx-frido-b2b-admin;posx-frido-mobility-admin;posx-mokobara-admin;posx-ugaoo-admin
src/routes/orders/order-create-claim/components/add-claim-outbound-items-table/use-claim-outbound-item-table-filters.tsx,8,posx-comet-admin;posx-demo-admin;posx-eume-admin;posx-frido-admin;posx-frido-b2b-admin;posx-frido-mobility-admin;posx-mokobara-admin;posx-ugaoo-admin
src/routes/orders/order-create-claim/components/add-claim-outbound-items-table/use-claim-outbound-item-table-query.tsx,8,posx-comet-admin;posx-demo-admin;posx-eume-admin;posx-frido-admin;posx-frido-b2b-admin;posx-frido-mobility-admin;posx-mokobara-admin;posx-ugaoo-admin
src/routes/orders/order-create-claim/components/claim-create-form/claim-create-form.tsx,8,posx-comet-admin;posx-demo-admin;posx-eume-admin;posx-frido-admin;posx-frido-b2b-admin;posx-frido-mobility-admin;posx-mokobara-admin;posx-ugaoo-admin
src/routes/orders/order-create-claim/components/claim-create-form/claim-inbound-item.tsx,8,posx-comet-admin;posx-demo-admin;posx-eume-admin;posx-frido-admin;posx-frido-b2b-admin;posx-frido-mobility-admin;posx-mokobara-admin;posx-ugaoo-admin
src/routes/orders/order-create-claim/components/claim-create-form/claim-outbound-item.tsx,8,posx-comet-admin;posx-demo-admin;posx-eume-admin;posx-frido-admin;posx-frido-b2b-admin;posx-frido-mobility-admin;posx-mokobara-admin;posx-ugaoo-admin
src/routes/orders/order-create-claim/components/claim-create-form/claim-outbound-section.tsx,8,posx-comet-admin;posx-demo-admin;posx-eume-admin;posx-frido-admin;posx-frido-b2b-admin;posx-frido-mobility-admin;posx-mokobara-admin;posx-ugaoo-admin
src/routes/orders/order-create-claim/components/claim-create-form/schema.ts,8,posx-comet-admin;posx-demo-admin;posx-eume-admin;posx-frido-admin;posx-frido-b2b-admin;posx-frido-mobility-admin;posx-mokobara-admin;posx-ugaoo-admin
src/routes/orders/order-create-edit/components/add-order-edit-items-table/add-order-edit-items-table.tsx,8,posx-comet-admin;posx-demo-admin;posx-eume-admin;posx-frido-admin;posx-frido-b2b-admin;posx-frido-mobility-admin;posx-mokobara-admin;posx-ugaoo-admin
src/routes/orders/order-create-edit/components/add-order-edit-items-table/use-order-edit-item-table-columns.tsx,8,posx-comet-admin;posx-demo-admin;posx-eume-admin;posx-frido-admin;posx-frido-b2b-admin;posx-frido-mobility-admin;posx-mokobara-admin;posx-ugaoo-admin
src/routes/orders/order-create-edit/components/add-order-edit-items-table/use-order-edit-item-table-filters.tsx,8,posx-comet-admin;posx-demo-admin;posx-eume-admin;posx-frido-admin;posx-frido-b2b-admin;posx-frido-mobility-admin;posx-mokobara-admin;posx-ugaoo-admin
src/routes/orders/order-create-edit/components/add-order-edit-items-table/use-order-edit-item-table-query.tsx,8,posx-comet-admin;posx-demo-admin;posx-eume-admin;posx-frido-admin;posx-frido-b2b-admin;posx-frido-mobility-admin;posx-mokobara-admin;posx-ugaoo-admin
src/routes/orders/order-create-edit/components/order-edit-create-form/order-edit-create-form.tsx,8,posx-comet-admin;posx-demo-admin;posx-eume-admin;posx-frido-admin;posx-frido-b2b-admin;posx-frido-mobility-admin;posx-mokobara-admin;posx-ugaoo-admin
src/routes/orders/order-create-edit/components/order-edit-create-form/order-edit-item.tsx,8,posx-comet-admin;posx-demo-admin;posx-eume-admin;posx-frido-admin;posx-frido-b2b-admin;posx-frido-mobility-admin;posx-mokobara-admin;posx-ugaoo-admin
src/routes/orders/order-create-edit/components/order-edit-create-form/order-edit-items-section.tsx,8,posx-comet-admin;posx-demo-admin;posx-eume-admin;posx-frido-admin;posx-frido-b2b-admin;posx-frido-mobility-admin;posx-mokobara-admin;posx-ugaoo-admin
src/routes/orders/order-create-edit/order-edit-create.tsx,8,posx-comet-admin;posx-demo-admin;posx-eume-admin;posx-frido-admin;posx-frido-b2b-admin;posx-frido-mobility-admin;posx-mokobara-admin;posx-ugaoo-admin
src/routes/orders/order-create-exchange/components/add-exchange-inbound-items-table/add-exchange-inbound-items-table.tsx,8,posx-comet-admin;posx-demo-admin;posx-eume-admin;posx-frido-admin;posx-frido-b2b-admin;posx-frido-mobility-admin;posx-mokobara-admin;posx-ugaoo-admin
src/routes/orders/order-create-exchange/components/add-exchange-inbound-items-table/use-exchange-item-table-columns.tsx,8,posx-comet-admin;posx-demo-admin;posx-eume-admin;posx-frido-admin;posx-frido-b2b-admin;posx-frido-mobility-admin;posx-mokobara-admin;posx-ugaoo-admin
src/routes/orders/order-create-exchange/components/add-exchange-inbound-items-table/use-exchange-item-table-filters.tsx,8,posx-comet-admin;posx-demo-admin;posx-eume-admin;posx-frido-admin;posx-frido-b2b-admin;posx-frido-mobility-admin;posx-mokobara-admin;posx-ugaoo-admin
src/routes/orders/order-create-exchange/components/add-exchange-inbound-items-table/use-exchange-item-table-query.tsx,8,posx-comet-admin;posx-demo-admin;posx-eume-admin;posx-frido-admin;posx-frido-b2b-admin;posx-frido-mobility-admin;posx-mokobara-admin;posx-ugaoo-admin
src/routes/orders/order-create-exchange/components/add-exchange-outbound-items-table/add-exchange-outbound-items-table.tsx,8,posx-comet-admin;posx-demo-admin;posx-eume-admin;posx-frido-admin;posx-frido-b2b-admin;posx-frido-mobility-admin;posx-mokobara-admin;posx-ugaoo-admin
src/routes/orders/order-create-exchange/components/add-exchange-outbound-items-table/use-exchange-outbound-item-table-columns.tsx,8,posx-comet-admin;posx-demo-admin;posx-eume-admin;posx-frido-admin;posx-frido-b2b-admin;posx-frido-mobility-admin;posx-mokobara-admin;posx-ugaoo-admin
src/routes/orders/order-create-exchange/components/add-exchange-outbound-items-table/use-exchange-outbound-item-table-filters.tsx,8,posx-comet-admin;posx-demo-admin;posx-eume-admin;posx-frido-admin;posx-frido-b2b-admin;posx-frido-mobility-admin;posx-mokobara-admin;posx-ugaoo-admin
src/routes/orders/order-create-exchange/components/add-exchange-outbound-items-table/use-exchange-outbound-item-table-query.tsx,8,posx-comet-admin;posx-demo-admin;posx-eume-admin;posx-frido-admin;posx-frido-b2b-admin;posx-frido-mobility-admin;posx-mokobara-admin;posx-ugaoo-admin
src/routes/orders/order-create-exchange/components/exchange-create-form/exchange-create-form.tsx,8,posx-comet-admin;posx-demo-admin;posx-eume-admin;posx-frido-admin;posx-frido-b2b-admin;posx-frido-mobility-admin;posx-mokobara-admin;posx-ugaoo-admin
src/routes/orders/order-create-exchange/components/exchange-create-form/exchange-inbound-section.tsx,8,posx-comet-admin;posx-demo-admin;posx-eume-admin;posx-frido-admin;posx-frido-b2b-admin;posx-frido-mobility-admin;posx-mokobara-admin;posx-ugaoo-admin
src/routes/orders/order-create-exchange/components/exchange-create-form/exchange-outbound-item.tsx,8,posx-comet-admin;posx-demo-admin;posx-eume-admin;posx-frido-admin;posx-frido-b2b-admin;posx-frido-mobility-admin;posx-mokobara-admin;posx-ugaoo-admin
src/routes/orders/order-create-exchange/components/exchange-create-form/exchange-outbound-section.tsx,8,posx-comet-admin;posx-demo-admin;posx-eume-admin;posx-frido-admin;posx-frido-b2b-admin;posx-frido-mobility-admin;posx-mokobara-admin;posx-ugaoo-admin
src/routes/orders/order-create-exchange/components/exchange-create-form/schema.ts,8,posx-comet-admin;posx-demo-admin;posx-eume-admin;posx-frido-admin;posx-frido-b2b-admin;posx-frido-mobility-admin;posx-mokobara-admin;posx-ugaoo-admin
src/routes/orders/order-create-exchange/exchange-create.tsx,8,posx-comet-admin;posx-demo-admin;posx-eume-admin;posx-frido-admin;posx-frido-b2b-admin;posx-frido-mobility-admin;posx-mokobara-admin;posx-ugaoo-admin
src/routes/orders/order-create-fulfillment/components/order-create-fulfillment-form/order-create-fulfillment-form.tsx,8,posx-comet-admin;posx-demo-admin;posx-eume-admin;posx-frido-admin;posx-frido-b2b-admin;posx-frido-mobility-admin;posx-mokobara-admin;posx-ugaoo-admin
src/routes/orders/order-create-fulfillment/components/order-create-fulfillment-form/order-create-fulfillment-item.tsx,8,posx-comet-admin;posx-demo-admin;posx-eume-admin;posx-frido-admin;posx-frido-b2b-admin;posx-frido-mobility-admin;posx-mokobara-admin;posx-ugaoo-admin
src/routes/orders/order-create-fulfillment/order-create-fulfillments.tsx,8,posx-comet-admin;posx-demo-admin;posx-eume-admin;posx-frido-admin;posx-frido-b2b-admin;posx-frido-mobility-admin;posx-mokobara-admin;posx-ugaoo-admin
src/routes/orders/order-create-refund/components/create-refund-form/create-refund-form.tsx,8,posx-comet-admin;posx-demo-admin;posx-eume-admin;posx-frido-admin;posx-frido-b2b-admin;posx-frido-mobility-admin;posx-mokobara-admin;posx-ugaoo-admin
src/routes/orders/order-create-refund/order-create-refund.tsx,8,posx-comet-admin;posx-demo-admin;posx-eume-admin;posx-frido-admin;posx-frido-b2b-admin;posx-frido-mobility-admin;posx-mokobara-admin;posx-ugaoo-admin
src/routes/orders/order-create-return/components/add-return-items-table/add-return-items-table.tsx,8,posx-comet-admin;posx-demo-admin;posx-eume-admin;posx-frido-admin;posx-frido-b2b-admin;posx-frido-mobility-admin;posx-mokobara-admin;posx-ugaoo-admin
src/routes/orders/order-create-return/components/add-return-items-table/use-return-item-table-columns.tsx,8,posx-comet-admin;posx-demo-admin;posx-eume-admin;posx-frido-admin;posx-frido-b2b-admin;posx-frido-mobility-admin;posx-mokobara-admin;posx-ugaoo-admin
src/routes/orders/order-create-return/components/add-return-items-table/use-return-item-table-filters.tsx,8,posx-comet-admin;posx-demo-admin;posx-eume-admin;posx-frido-admin;posx-frido-b2b-admin;posx-frido-mobility-admin;posx-mokobara-admin;posx-ugaoo-admin
src/routes/orders/order-create-return/components/add-return-items-table/use-return-item-table-query.tsx,8,posx-comet-admin;posx-demo-admin;posx-eume-admin;posx-frido-admin;posx-frido-b2b-admin;posx-frido-mobility-admin;posx-mokobara-admin;posx-ugaoo-admin
src/routes/orders/order-create-return/components/return-create-form/return-create-form.tsx,8,posx-comet-admin;posx-demo-admin;posx-eume-admin;posx-frido-admin;posx-frido-b2b-admin;posx-frido-mobility-admin;posx-mokobara-admin;posx-ugaoo-admin
src/routes/orders/order-create-return/components/return-create-form/return-item.tsx,8,posx-comet-admin;posx-demo-admin;posx-eume-admin;posx-frido-admin;posx-frido-b2b-admin;posx-frido-mobility-admin;posx-mokobara-admin;posx-ugaoo-admin
src/routes/orders/order-create-return/components/return-create-form/schema.ts,8,posx-comet-admin;posx-demo-admin;posx-eume-admin;posx-frido-admin;posx-frido-b2b-admin;posx-frido-mobility-admin;posx-mokobara-admin;posx-ugaoo-admin
src/routes/orders/order-create-return/return-create.tsx,8,posx-comet-admin;posx-demo-admin;posx-eume-admin;posx-frido-admin;posx-frido-b2b-admin;posx-frido-mobility-admin;posx-mokobara-admin;posx-ugaoo-admin
src/routes/orders/order-create-shipment/components/order-create-shipment-form/constants.ts,8,posx-comet-admin;posx-demo-admin;posx-eume-admin;posx-frido-admin;posx-frido-b2b-admin;posx-frido-mobility-admin;posx-mokobara-admin;posx-ugaoo-admin
src/routes/orders/order-create-shipment/components/order-create-shipment-form/order-create-shipment-form.tsx,8,posx-comet-admin;posx-demo-admin;posx-eume-admin;posx-frido-admin;posx-frido-b2b-admin;posx-frido-mobility-admin;posx-mokobara-admin;posx-ugaoo-admin
src/routes/orders/order-create-shipment/order-create-shipment.tsx,8,posx-comet-admin;posx-demo-admin;posx-eume-admin;posx-frido-admin;posx-frido-b2b-admin;posx-frido-mobility-admin;posx-mokobara-admin;posx-ugaoo-admin
src/routes/orders/order-detail/breadcrumb.tsx,8,posx-comet-admin;posx-demo-admin;posx-eume-admin;posx-frido-admin;posx-frido-b2b-admin;posx-frido-mobility-admin;posx-mokobara-admin;posx-ugaoo-admin
src/routes/orders/order-detail/components/active-order-claim-section/active-order-claim-section.tsx,8,posx-comet-admin;posx-demo-admin;posx-eume-admin;posx-frido-admin;posx-frido-b2b-admin;posx-frido-mobility-admin;posx-mokobara-admin;posx-ugaoo-admin
src/routes/orders/order-detail/components/active-order-exchange-section/active-order-exchange-section.tsx,8,posx-comet-admin;posx-demo-admin;posx-eume-admin;posx-frido-admin;posx-frido-b2b-admin;posx-frido-mobility-admin;posx-mokobara-admin;posx-ugaoo-admin
src/routes/orders/order-detail/components/active-order-return-section/active-order-return-section.tsx,8,posx-comet-admin;posx-demo-admin;posx-eume-admin;posx-frido-admin;posx-frido-b2b-admin;posx-frido-mobility-admin;posx-mokobara-admin;posx-ugaoo-admin
src/routes/orders/order-detail/components/copy-payment-link/copy-payment-link.tsx,8,posx-comet-admin;posx-demo-admin;posx-eume-admin;posx-frido-admin;posx-frido-b2b-admin;posx-frido-mobility-admin;posx-mokobara-admin;posx-ugaoo-admin
src/routes/orders/order-detail/components/order-active-edit-section/order-active-edit-section.tsx,8,posx-comet-admin;posx-demo-admin;posx-eume-admin;posx-frido-admin;posx-frido-b2b-admin;posx-frido-mobility-admin;posx-mokobara-admin;posx-ugaoo-admin
src/routes/orders/order-detail/components/order-activity-section/activity-items.tsx,8,posx-comet-admin;posx-demo-admin;posx-eume-admin;posx-frido-admin;posx-frido-b2b-admin;posx-frido-mobility-admin;posx-mokobara-admin;posx-ugaoo-admin
src/routes/orders/order-detail/components/order-activity-section/change-details-tooltip.tsx,8,posx-comet-admin;posx-demo-admin;posx-eume-admin;posx-frido-admin;posx-frido-b2b-admin;posx-frido-mobility-admin;posx-mokobara-admin;posx-ugaoo-admin
src/routes/orders/order-detail/components/order-activity-section/order-activity-section.tsx,8,posx-comet-admin;posx-demo-admin;posx-eume-admin;posx-frido-admin;posx-frido-b2b-admin;posx-frido-mobility-admin;posx-mokobara-admin;posx-ugaoo-admin
src/routes/orders/order-detail/components/order-activity-section/order-note-form.tsx,8,posx-comet-admin;posx-demo-admin;posx-eume-admin;posx-frido-admin;posx-frido-b2b-admin;posx-frido-mobility-admin;posx-mokobara-admin;posx-ugaoo-admin
src/routes/orders/order-detail/components/order-activity-section/order-timeline.tsx,8,posx-comet-admin;posx-demo-admin;posx-eume-admin;posx-frido-admin;posx-frido-b2b-admin;posx-frido-mobility-admin;posx-mokobara-admin;posx-ugaoo-admin
src/routes/orders/order-detail/components/order-customer-section/order-customer-section.tsx,8,posx-comet-admin;posx-demo-admin;posx-eume-admin;posx-frido-admin;posx-frido-b2b-admin;posx-frido-mobility-admin;posx-mokobara-admin;posx-ugaoo-admin
src/routes/orders/order-detail/components/order-fulfillment-section/order-fulfillment-section.tsx,8,posx-comet-admin;posx-demo-admin;posx-eume-admin;posx-frido-admin;posx-frido-b2b-admin;posx-frido-mobility-admin;posx-mokobara-admin;posx-ugaoo-admin
src/routes/orders/order-detail/components/order-general-section/order-general-section.tsx,8,posx-comet-admin;posx-demo-admin;posx-eume-admin;posx-frido-admin;posx-frido-b2b-admin;posx-frido-mobility-admin;posx-mokobara-admin;posx-ugaoo-admin
src/routes/orders/order-detail/components/order-payment-section/order-payment-section.tsx,8,posx-comet-admin;posx-demo-admin;posx-eume-admin;posx-frido-admin;posx-frido-b2b-admin;posx-frido-mobility-admin;posx-mokobara-admin;posx-ugaoo-admin
src/routes/orders/order-detail/components/order-summary-section/order-summary-section.tsx,8,posx-comet-admin;posx-demo-admin;posx-eume-admin;posx-frido-admin;posx-frido-b2b-admin;posx-frido-mobility-admin;posx-mokobara-admin;posx-ugaoo-admin
src/routes/orders/order-detail/components/order-summary-section/return-info-popover.tsx,8,posx-comet-admin;posx-demo-admin;posx-eume-admin;posx-frido-admin;posx-frido-b2b-admin;posx-frido-mobility-admin;posx-mokobara-admin;posx-ugaoo-admin
src/routes/orders/order-detail/components/order-summary-section/shipping-info-popover.tsx,8,posx-comet-admin;posx-demo-admin;posx-eume-admin;posx-frido-admin;posx-frido-b2b-admin;posx-frido-mobility-admin;posx-mokobara-admin;posx-ugaoo-admin
src/routes/orders/order-detail/constants.ts,8,posx-comet-admin;posx-demo-admin;posx-eume-admin;posx-frido-admin;posx-frido-b2b-admin;posx-frido-mobility-admin;posx-mokobara-admin;posx-ugaoo-admin
src/routes/orders/order-detail/loader.ts,8,posx-comet-admin;posx-demo-admin;posx-eume-admin;posx-frido-admin;posx-frido-b2b-admin;posx-frido-mobility-admin;posx-mokobara-admin;posx-ugaoo-admin
src/routes/orders/order-detail/order-detail.tsx,8,posx-comet-admin;posx-demo-admin;posx-eume-admin;posx-frido-admin;posx-frido-b2b-admin;posx-frido-mobility-admin;posx-mokobara-admin;posx-ugaoo-admin
src/routes/orders/order-edit-billing-address/components/edit-order-billing-address-form/edit-order-billing-address-form.tsx,8,posx-comet-admin;posx-demo-admin;posx-eume-admin;posx-frido-admin;posx-frido-b2b-admin;posx-frido-mobility-admin;posx-mokobara-admin;posx-ugaoo-admin
src/routes/orders/order-edit-billing-address/order-edit-billing-address.tsx,8,posx-comet-admin;posx-demo-admin;posx-eume-admin;posx-frido-admin;posx-frido-b2b-admin;posx-frido-mobility-admin;posx-mokobara-admin;posx-ugaoo-admin
src/routes/orders/order-edit-email/components/edit-order-email-form/edit-order-email-form.tsx,8,posx-comet-admin;posx-demo-admin;posx-eume-admin;posx-frido-admin;posx-frido-b2b-admin;posx-frido-mobility-admin;posx-mokobara-admin;posx-ugaoo-admin
src/routes/orders/order-edit-email/order-edit-email.tsx,8,posx-comet-admin;posx-demo-admin;posx-eume-admin;posx-frido-admin;posx-frido-b2b-admin;posx-frido-mobility-admin;posx-mokobara-admin;posx-ugaoo-admin
src/routes/orders/order-edit-shipping-address/order-edit-shipping-address.tsx,8,posx-comet-admin;posx-demo-admin;posx-eume-admin;posx-frido-admin;posx-frido-b2b-admin;posx-frido-mobility-admin;posx-mokobara-admin;posx-ugaoo-admin
src/routes/orders/order-list/components/order-list-table/order-list-table.tsx,8,posx-comet-admin;posx-demo-admin;posx-eume-admin;posx-frido-admin;posx-frido-b2b-admin;posx-frido-mobility-admin;posx-mokobara-admin;posx-ugaoo-admin
src/routes/orders/order-list/order-list.tsx,8,posx-comet-admin;posx-demo-admin;posx-eume-admin;posx-frido-admin;posx-frido-b2b-admin;posx-frido-mobility-admin;posx-mokobara-admin;posx-ugaoo-admin
src/routes/orders/order-metadata/order-metadata.tsx,8,posx-comet-admin;posx-demo-admin;posx-eume-admin;posx-frido-admin;posx-frido-b2b-admin;posx-frido-mobility-admin;posx-mokobara-admin;posx-ugaoo-admin
src/routes/orders/order-receive-return/components/order-receive-return-form/constants.ts,8,posx-comet-admin;posx-demo-admin;posx-eume-admin;posx-frido-admin;posx-frido-b2b-admin;posx-frido-mobility-admin;posx-mokobara-admin;posx-ugaoo-admin
src/routes/orders/order-receive-return/components/order-receive-return-form/dismissed-quantity.tsx,8,posx-comet-admin;posx-demo-admin;posx-eume-admin;posx-frido-admin;posx-frido-b2b-admin;posx-frido-mobility-admin;posx-mokobara-admin;posx-ugaoo-admin
src/routes/orders/order-receive-return/components/order-receive-return-form/order-receive-return-form.tsx,8,posx-comet-admin;posx-demo-admin;posx-eume-admin;posx-frido-admin;posx-frido-b2b-admin;posx-frido-mobility-admin;posx-mokobara-admin;posx-ugaoo-admin
src/routes/orders/order-receive-return/order-receive-return.tsx,8,posx-comet-admin;posx-demo-admin;posx-eume-admin;posx-frido-admin;posx-frido-b2b-admin;posx-frido-mobility-admin;posx-mokobara-admin;posx-ugaoo-admin
src/routes/orders/order-request-transfer/components/create-order-transfer-form/create-order-transfer-form.tsx,8,posx-comet-admin;posx-demo-admin;posx-eume-admin;posx-frido-admin;posx-frido-b2b-admin;posx-frido-mobility-admin;posx-mokobara-admin;posx-ugaoo-admin
src/routes/orders/order-request-transfer/components/create-order-transfer-form/transfer-header.tsx,8,posx-comet-admin;posx-demo-admin;posx-eume-admin;posx-frido-admin;posx-frido-b2b-admin;posx-frido-mobility-admin;posx-mokobara-admin;posx-ugaoo-admin
src/routes/orders/order-request-transfer/order-request-transfer.tsx,8,posx-comet-admin;posx-demo-admin;posx-eume-admin;posx-frido-admin;posx-frido-b2b-admin;posx-frido-mobility-admin;posx-mokobara-admin;posx-ugaoo-admin
src/routes/pos-inventory/inventory-list/components/use-pos-inventory-table-query.tsx,8,posx-comet-admin;posx-demo-admin;posx-eume-admin;posx-frido-admin;posx-frido-b2b-admin;posx-frido-mobility-admin;posx-mokobara-admin;posx-ugaoo-admin
src/routes/pos-inventory/inventory-list/inventory-list.tsx,8,posx-comet-admin;posx-demo-admin;posx-eume-admin;posx-frido-admin;posx-frido-b2b-admin;posx-frido-mobility-admin;posx-mokobara-admin;posx-ugaoo-admin
src/routes/pos-inventory/types.ts,8,posx-comet-admin;posx-demo-admin;posx-eume-admin;posx-frido-admin;posx-frido-b2b-admin;posx-frido-mobility-admin;posx-mokobara-admin;posx-ugaoo-admin
src/routes/price-lists/common/components/price-list-customer-group-rule-form/price-list-customer-group-rule-form.tsx,8,posx-comet-admin;posx-demo-admin;posx-eume-admin;posx-frido-admin;posx-frido-b2b-admin;posx-frido-mobility-admin;posx-mokobara-admin;posx-ugaoo-admin
src/routes/price-lists/common/hooks/use-delete-price-list-action.tsx,8,posx-comet-admin;posx-demo-admin;posx-eume-admin;posx-frido-admin;posx-frido-b2b-admin;posx-frido-mobility-admin;posx-mokobara-admin;posx-ugaoo-admin
src/routes/price-lists/common/hooks/use-price-list-currency-data.tsx,8,posx-comet-admin;posx-demo-admin;posx-eume-admin;posx-frido-admin;posx-frido-b2b-admin;posx-frido-mobility-admin;posx-mokobara-admin;posx-ugaoo-admin
src/routes/price-lists/common/hooks/use-price-list-grid-columns.tsx,8,posx-comet-admin;posx-demo-admin;posx-eume-admin;posx-frido-admin;posx-frido-b2b-admin;posx-frido-mobility-admin;posx-mokobara-admin;posx-ugaoo-admin
src/routes/price-lists/common/schemas.ts,8,posx-comet-admin;posx-demo-admin;posx-eume-admin;posx-frido-admin;posx-frido-b2b-admin;posx-frido-mobility-admin;posx-mokobara-admin;posx-ugaoo-admin
src/routes/price-lists/common/utils.ts,8,posx-comet-admin;posx-demo-admin;posx-eume-admin;posx-frido-admin;posx-frido-b2b-admin;posx-frido-mobility-admin;posx-mokobara-admin;posx-ugaoo-admin
src/routes/price-lists/price-list-configuration/components/price-list-configuration-form/price-list-configuration-form.tsx,8,posx-comet-admin;posx-demo-admin;posx-eume-admin;posx-frido-admin;posx-frido-b2b-admin;posx-frido-mobility-admin;posx-mokobara-admin;posx-ugaoo-admin
src/routes/price-lists/price-list-configuration/price-list-configuration.tsx,8,posx-comet-admin;posx-demo-admin;posx-eume-admin;posx-frido-admin;posx-frido-b2b-admin;posx-frido-mobility-admin;posx-mokobara-admin;posx-ugaoo-admin
src/routes/price-lists/price-list-create/components/price-list-create-form/price-list-create-form.tsx,8,posx-comet-admin;posx-demo-admin;posx-eume-admin;posx-frido-admin;posx-frido-b2b-admin;posx-frido-mobility-admin;posx-mokobara-admin;posx-ugaoo-admin
src/routes/price-lists/price-list-create/components/price-list-create-form/price-list-details-form.tsx,8,posx-comet-admin;posx-demo-admin;posx-eume-admin;posx-frido-admin;posx-frido-b2b-admin;posx-frido-mobility-admin;posx-mokobara-admin;posx-ugaoo-admin
src/routes/price-lists/price-list-create/components/price-list-create-form/price-list-prices-form.tsx,8,posx-comet-admin;posx-demo-admin;posx-eume-admin;posx-frido-admin;posx-frido-b2b-admin;posx-frido-mobility-admin;posx-mokobara-admin;posx-ugaoo-admin
src/routes/price-lists/price-list-create/components/price-list-create-form/price-list-products-form.tsx,8,posx-comet-admin;posx-demo-admin;posx-eume-admin;posx-frido-admin;posx-frido-b2b-admin;posx-frido-mobility-admin;posx-mokobara-admin;posx-ugaoo-admin
src/routes/price-lists/price-list-create/components/price-list-create-form/schema.ts,8,posx-comet-admin;posx-demo-admin;posx-eume-admin;posx-frido-admin;posx-frido-b2b-admin;posx-frido-mobility-admin;posx-mokobara-admin;posx-ugaoo-admin
src/routes/price-lists/price-list-create/price-list-create.tsx,8,posx-comet-admin;posx-demo-admin;posx-eume-admin;posx-frido-admin;posx-frido-b2b-admin;posx-frido-mobility-admin;posx-mokobara-admin;posx-ugaoo-admin
src/routes/price-lists/price-list-detail/breadcrumb.tsx,8,posx-comet-admin;posx-demo-admin;posx-eume-admin;posx-frido-admin;posx-frido-b2b-admin;posx-frido-mobility-admin;posx-mokobara-admin;posx-ugaoo-admin
src/routes/price-lists/price-list-detail/components/price-list-configuration-section/price-list-configuration-section.tsx,8,posx-comet-admin;posx-demo-admin;posx-eume-admin;posx-frido-admin;posx-frido-b2b-admin;posx-frido-mobility-admin;posx-mokobara-admin;posx-ugaoo-admin
src/routes/price-lists/price-list-detail/components/price-list-general-section/price-list-general-section.tsx,8,posx-comet-admin;posx-demo-admin;posx-eume-admin;posx-frido-admin;posx-frido-b2b-admin;posx-frido-mobility-admin;posx-mokobara-admin;posx-ugaoo-admin
src/routes/price-lists/price-list-detail/components/price-list-product-section/price-list-product-section.tsx,8,posx-comet-admin;posx-demo-admin;posx-eume-admin;posx-frido-admin;posx-frido-b2b-admin;posx-frido-mobility-admin;posx-mokobara-admin;posx-ugaoo-admin
src/routes/price-lists/price-list-detail/loader.ts,8,posx-comet-admin;posx-demo-admin;posx-eume-admin;posx-frido-admin;posx-frido-b2b-admin;posx-frido-mobility-admin;posx-mokobara-admin;posx-ugaoo-admin
src/routes/price-lists/price-list-detail/price-list-detail.tsx,8,posx-comet-admin;posx-demo-admin;posx-eume-admin;posx-frido-admin;posx-frido-b2b-admin;posx-frido-mobility-admin;posx-mokobara-admin;posx-ugaoo-admin
src/routes/price-lists/price-list-edit/components/price-list-edit-form/edit-price-list-form.tsx,8,posx-comet-admin;posx-demo-admin;posx-eume-admin;posx-frido-admin;posx-frido-b2b-admin;posx-frido-mobility-admin;posx-mokobara-admin;posx-ugaoo-admin
src/routes/price-lists/price-list-edit/price-list-edit.tsx,8,posx-comet-admin;posx-demo-admin;posx-eume-admin;posx-frido-admin;posx-frido-b2b-admin;posx-frido-mobility-admin;posx-mokobara-admin;posx-ugaoo-admin
src/routes/price-lists/price-list-list/components/price-list-list-table/price-list-list-table-actions.tsx,8,posx-comet-admin;posx-demo-admin;posx-eume-admin;posx-frido-admin;posx-frido-b2b-admin;posx-frido-mobility-admin;posx-mokobara-admin;posx-ugaoo-admin
src/routes/price-lists/price-list-list/components/price-list-list-table/price-list-list-table.tsx,8,posx-comet-admin;posx-demo-admin;posx-eume-admin;posx-frido-admin;posx-frido-b2b-admin;posx-frido-mobility-admin;posx-mokobara-admin;posx-ugaoo-admin
src/routes/price-lists/price-list-list/components/price-list-list-table/use-pricing-table-columns.tsx,8,posx-comet-admin;posx-demo-admin;posx-eume-admin;posx-frido-admin;posx-frido-b2b-admin;posx-frido-mobility-admin;posx-mokobara-admin;posx-ugaoo-admin
src/routes/price-lists/price-list-list/components/price-list-list-table/use-pricing-table-query.tsx,8,posx-comet-admin;posx-demo-admin;posx-eume-admin;posx-frido-admin;posx-frido-b2b-admin;posx-frido-mobility-admin;posx-mokobara-admin;posx-ugaoo-admin
src/routes/price-lists/price-list-list/price-list-list.tsx,8,posx-comet-admin;posx-demo-admin;posx-eume-admin;posx-frido-admin;posx-frido-b2b-admin;posx-frido-mobility-admin;posx-mokobara-admin;posx-ugaoo-admin
src/routes/price-lists/price-list-prices-add/components/price-list-prices-add-form/price-list-prices-add-form.tsx,8,posx-comet-admin;posx-demo-admin;posx-eume-admin;posx-frido-admin;posx-frido-b2b-admin;posx-frido-mobility-admin;posx-mokobara-admin;posx-ugaoo-admin
src/routes/price-lists/price-list-prices-add/components/price-list-prices-add-form/price-list-prices-add-prices-form.tsx,8,posx-comet-admin;posx-demo-admin;posx-eume-admin;posx-frido-admin;posx-frido-b2b-admin;posx-frido-mobility-admin;posx-mokobara-admin;posx-ugaoo-admin
src/routes/price-lists/price-list-prices-add/components/price-list-prices-add-form/price-list-prices-add-product-ids-form.tsx,8,posx-comet-admin;posx-demo-admin;posx-eume-admin;posx-frido-admin;posx-frido-b2b-admin;posx-frido-mobility-admin;posx-mokobara-admin;posx-ugaoo-admin
src/routes/price-lists/price-list-prices-add/components/price-list-prices-add-form/schema.ts,8,posx-comet-admin;posx-demo-admin;posx-eume-admin;posx-frido-admin;posx-frido-b2b-admin;posx-frido-mobility-admin;posx-mokobara-admin;posx-ugaoo-admin
src/routes/price-lists/price-list-prices-add/price-list-prices-add.tsx,8,posx-comet-admin;posx-demo-admin;posx-eume-admin;posx-frido-admin;posx-frido-b2b-admin;posx-frido-mobility-admin;posx-mokobara-admin;posx-ugaoo-admin
src/routes/price-lists/price-list-prices-edit/components/price-list-prices-edit-form/price-list-prices-edit-form.tsx,8,posx-comet-admin;posx-demo-admin;posx-eume-admin;posx-frido-admin;posx-frido-b2b-admin;posx-frido-mobility-admin;posx-mokobara-admin;posx-ugaoo-admin
src/routes/price-lists/price-list-prices-edit/price-list-prices-edit.tsx,8,posx-comet-admin;posx-demo-admin;posx-eume-admin;posx-frido-admin;posx-frido-b2b-admin;posx-frido-mobility-admin;posx-mokobara-admin;posx-ugaoo-admin
src/routes/product-tags/common/hooks/use-delete-product-tag-action.tsx,8,posx-comet-admin;posx-demo-admin;posx-eume-admin;posx-frido-admin;posx-frido-b2b-admin;posx-frido-mobility-admin;posx-mokobara-admin;posx-ugaoo-admin
src/routes/product-tags/product-tag-create/components/product-tag-create-form/product-tag-create-form.tsx,8,posx-comet-admin;posx-demo-admin;posx-eume-admin;posx-frido-admin;posx-frido-b2b-admin;posx-frido-mobility-admin;posx-mokobara-admin;posx-ugaoo-admin
src/routes/product-tags/product-tag-detail/breadcrumb.tsx,8,posx-comet-admin;posx-demo-admin;posx-eume-admin;posx-frido-admin;posx-frido-b2b-admin;posx-frido-mobility-admin;posx-mokobara-admin;posx-ugaoo-admin
src/routes/product-tags/product-tag-detail/components/product-tag-general-section/product-tag-general-section.tsx,8,posx-comet-admin;posx-demo-admin;posx-eume-admin;posx-frido-admin;posx-frido-b2b-admin;posx-frido-mobility-admin;posx-mokobara-admin;posx-ugaoo-admin
src/routes/product-tags/product-tag-detail/components/product-tag-product-section/product-tag-product-section.tsx,8,posx-comet-admin;posx-demo-admin;posx-eume-admin;posx-frido-admin;posx-frido-b2b-admin;posx-frido-mobility-admin;posx-mokobara-admin;posx-ugaoo-admin
src/routes/product-tags/product-tag-detail/loader.ts,8,posx-comet-admin;posx-demo-admin;posx-eume-admin;posx-frido-admin;posx-frido-b2b-admin;posx-frido-mobility-admin;posx-mokobara-admin;posx-ugaoo-admin
src/routes/product-tags/product-tag-detail/product-tag-detail.tsx,8,posx-comet-admin;posx-demo-admin;posx-eume-admin;posx-frido-admin;posx-frido-b2b-admin;posx-frido-mobility-admin;posx-mokobara-admin;posx-ugaoo-admin
src/routes/product-tags/product-tag-edit/components/product-tag-edit-form/product-tag-edit-form.tsx,8,posx-comet-admin;posx-demo-admin;posx-eume-admin;posx-frido-admin;posx-frido-b2b-admin;posx-frido-mobility-admin;posx-mokobara-admin;posx-ugaoo-admin
src/routes/product-tags/product-tag-edit/product-tag-edit.tsx,8,posx-comet-admin;posx-demo-admin;posx-eume-admin;posx-frido-admin;posx-frido-b2b-admin;posx-frido-mobility-admin;posx-mokobara-admin;posx-ugaoo-admin
src/routes/product-tags/product-tag-list/components/product-tag-list-table/product-tag-list-table.tsx,8,posx-comet-admin;posx-demo-admin;posx-eume-admin;posx-frido-admin;posx-frido-b2b-admin;posx-frido-mobility-admin;posx-mokobara-admin;posx-ugaoo-admin
src/routes/product-tags/product-tag-list/loader.ts,8,posx-comet-admin;posx-demo-admin;posx-eume-admin;posx-frido-admin;posx-frido-b2b-admin;posx-frido-mobility-admin;posx-mokobara-admin;posx-ugaoo-admin
src/routes/product-tags/product-tag-list/product-tag-list.tsx,8,posx-comet-admin;posx-demo-admin;posx-eume-admin;posx-frido-admin;posx-frido-b2b-admin;posx-frido-mobility-admin;posx-mokobara-admin;posx-ugaoo-admin
src/routes/product-types/common/hooks/use-delete-product-type-action.tsx,8,posx-comet-admin;posx-demo-admin;posx-eume-admin;posx-frido-admin;posx-frido-b2b-admin;posx-frido-mobility-admin;posx-mokobara-admin;posx-ugaoo-admin
src/routes/product-types/product-type-create/components/create-product-type-form/create-product-type-form.tsx,8,posx-comet-admin;posx-demo-admin;posx-eume-admin;posx-frido-admin;posx-frido-b2b-admin;posx-frido-mobility-admin;posx-mokobara-admin;posx-ugaoo-admin
src/routes/product-types/product-type-detail/breadcrumb.tsx,8,posx-comet-admin;posx-demo-admin;posx-eume-admin;posx-frido-admin;posx-frido-b2b-admin;posx-frido-mobility-admin;posx-mokobara-admin;posx-ugaoo-admin
src/routes/product-types/product-type-detail/components/product-type-general-section/product-type-general-section.tsx,8,posx-comet-admin;posx-demo-admin;posx-eume-admin;posx-frido-admin;posx-frido-b2b-admin;posx-frido-mobility-admin;posx-mokobara-admin;posx-ugaoo-admin
src/routes/product-types/product-type-detail/components/product-type-product-section/product-type-product-section.tsx,8,posx-comet-admin;posx-demo-admin;posx-eume-admin;posx-frido-admin;posx-frido-b2b-admin;posx-frido-mobility-admin;posx-mokobara-admin;posx-ugaoo-admin
src/routes/product-types/product-type-detail/loader.ts,8,posx-comet-admin;posx-demo-admin;posx-eume-admin;posx-frido-admin;posx-frido-b2b-admin;posx-frido-mobility-admin;posx-mokobara-admin;posx-ugaoo-admin
src/routes/product-types/product-type-detail/product-type-detail.tsx,8,posx-comet-admin;posx-demo-admin;posx-eume-admin;posx-frido-admin;posx-frido-b2b-admin;posx-frido-mobility-admin;posx-mokobara-admin;posx-ugaoo-admin
src/routes/product-types/product-type-edit/components/edit-product-type-form/edit-product-type-form.tsx,8,posx-comet-admin;posx-demo-admin;posx-eume-admin;posx-frido-admin;posx-frido-b2b-admin;posx-frido-mobility-admin;posx-mokobara-admin;posx-ugaoo-admin
src/routes/product-types/product-type-edit/product-type-edit.tsx,8,posx-comet-admin;posx-demo-admin;posx-eume-admin;posx-frido-admin;posx-frido-b2b-admin;posx-frido-mobility-admin;posx-mokobara-admin;posx-ugaoo-admin
src/routes/product-types/product-type-list/components/product-type-list-table/product-table-row-actions.tsx,8,posx-comet-admin;posx-demo-admin;posx-eume-admin;posx-frido-admin;posx-frido-b2b-admin;posx-frido-mobility-admin;posx-mokobara-admin;posx-ugaoo-admin
src/routes/product-types/product-type-list/components/product-type-list-table/product-type-list-table.tsx,8,posx-comet-admin;posx-demo-admin;posx-eume-admin;posx-frido-admin;posx-frido-b2b-admin;posx-frido-mobility-admin;posx-mokobara-admin;posx-ugaoo-admin
src/routes/product-types/product-type-list/product-type-list.tsx,8,posx-comet-admin;posx-demo-admin;posx-eume-admin;posx-frido-admin;posx-frido-b2b-admin;posx-frido-mobility-admin;posx-mokobara-admin;posx-ugaoo-admin
src/routes/product-variants/product-variant-detail/breadcrumb.tsx,8,posx-comet-admin;posx-demo-admin;posx-eume-admin;posx-frido-admin;posx-frido-b2b-admin;posx-frido-mobility-admin;posx-mokobara-admin;posx-ugaoo-admin
src/routes/product-variants/product-variant-detail/components/variant-general-section/variant-general-section.tsx,8,posx-comet-admin;posx-demo-admin;posx-eume-admin;posx-frido-admin;posx-frido-b2b-admin;posx-frido-mobility-admin;posx-mokobara-admin;posx-ugaoo-admin
src/routes/product-variants/product-variant-detail/components/variant-inventory-section/inventory-actions.tsx,8,posx-comet-admin;posx-demo-admin;posx-eume-admin;posx-frido-admin;posx-frido-b2b-admin;posx-frido-mobility-admin;posx-mokobara-admin;posx-ugaoo-admin
src/routes/product-variants/product-variant-detail/components/variant-inventory-section/use-inventory-table-columns.tsx,8,posx-comet-admin;posx-demo-admin;posx-eume-admin;posx-frido-admin;posx-frido-b2b-admin;posx-frido-mobility-admin;posx-mokobara-admin;posx-ugaoo-admin
src/routes/product-variants/product-variant-detail/components/variant-inventory-section/variant-inventory-section.tsx,8,posx-comet-admin;posx-demo-admin;posx-eume-admin;posx-frido-admin;posx-frido-b2b-admin;posx-frido-mobility-admin;posx-mokobara-admin;posx-ugaoo-admin
src/routes/product-variants/product-variant-detail/loader.ts,8,posx-comet-admin;posx-demo-admin;posx-eume-admin;posx-frido-admin;posx-frido-b2b-admin;posx-frido-mobility-admin;posx-mokobara-admin;posx-ugaoo-admin
src/routes/product-variants/product-variant-detail/product-variant-detail.tsx,8,posx-comet-admin;posx-demo-admin;posx-eume-admin;posx-frido-admin;posx-frido-b2b-admin;posx-frido-mobility-admin;posx-mokobara-admin;posx-ugaoo-admin
src/routes/product-variants/product-variant-edit/components/product-edit-variant-form/product-edit-variant-form.tsx,8,posx-comet-admin;posx-demo-admin;posx-eume-admin;posx-frido-admin;posx-frido-b2b-admin;posx-frido-mobility-admin;posx-mokobara-admin;posx-ugaoo-admin
src/routes/product-variants/product-variant-manage-inventory-items/components/manage-variant-inventory-items-form/manage-variant-inventory-items-form.tsx,8,posx-comet-admin;posx-demo-admin;posx-eume-admin;posx-frido-admin;posx-frido-b2b-admin;posx-frido-mobility-admin;posx-mokobara-admin;posx-ugaoo-admin
src/routes/product-variants/product-variant-manage-inventory-items/product-variant-manage-inventory-items.tsx,8,posx-comet-admin;posx-demo-admin;posx-eume-admin;posx-frido-admin;posx-frido-b2b-admin;posx-frido-mobility-admin;posx-mokobara-admin;posx-ugaoo-admin
src/routes/product-variants/product-variant-metadata/product-variant-metadata.tsx,8,posx-comet-admin;posx-demo-admin;posx-eume-admin;posx-frido-admin;posx-frido-b2b-admin;posx-frido-mobility-admin;posx-mokobara-admin;posx-ugaoo-admin
src/routes/products/common/components/category-combobox/category-combobox.tsx,8,posx-comet-admin;posx-demo-admin;posx-eume-admin;posx-frido-admin;posx-frido-b2b-admin;posx-frido-mobility-admin;posx-mokobara-admin;posx-ugaoo-admin
src/routes/products/common/components/upload-media-form-item/upload-media-form-item.tsx,8,posx-comet-admin;posx-demo-admin;posx-eume-admin;posx-frido-admin;posx-frido-b2b-admin;posx-frido-mobility-admin;posx-mokobara-admin;posx-ugaoo-admin
src/routes/products/common/variant-pricing-form.tsx,8,posx-comet-admin;posx-demo-admin;posx-eume-admin;posx-frido-admin;posx-frido-b2b-admin;posx-frido-mobility-admin;posx-mokobara-admin;posx-ugaoo-admin
src/routes/products/product-attributes/components/product-attributes-form/product-attributes-form.tsx,8,posx-comet-admin;posx-demo-admin;posx-eume-admin;posx-frido-admin;posx-frido-b2b-admin;posx-frido-mobility-admin;posx-mokobara-admin;posx-ugaoo-admin
src/routes/products/product-attributes/product-attributes.tsx,8,posx-comet-admin;posx-demo-admin;posx-eume-admin;posx-frido-admin;posx-frido-b2b-admin;posx-frido-mobility-admin;posx-mokobara-admin;posx-ugaoo-admin
src/routes/products/product-create-option/components/create-product-option-form/create-product-option-form.tsx,8,posx-comet-admin;posx-demo-admin;posx-eume-admin;posx-frido-admin;posx-frido-b2b-admin;posx-frido-mobility-admin;posx-mokobara-admin;posx-ugaoo-admin
src/routes/products/product-create-option/product-create-option.tsx,8,posx-comet-admin;posx-demo-admin;posx-eume-admin;posx-frido-admin;posx-frido-b2b-admin;posx-frido-mobility-admin;posx-mokobara-admin;posx-ugaoo-admin
src/routes/products/product-create-variant/components/create-product-variant-form/constants.ts,8,posx-comet-admin;posx-demo-admin;posx-eume-admin;posx-frido-admin;posx-frido-b2b-admin;posx-frido-mobility-admin;posx-mokobara-admin;posx-ugaoo-admin
src/routes/products/product-create-variant/components/create-product-variant-form/create-product-variant-form.tsx,8,posx-comet-admin;posx-demo-admin;posx-eume-admin;posx-frido-admin;posx-frido-b2b-admin;posx-frido-mobility-admin;posx-mokobara-admin;posx-ugaoo-admin
src/routes/products/product-create-variant/components/create-product-variant-form/details-tab.tsx,8,posx-comet-admin;posx-demo-admin;posx-eume-admin;posx-frido-admin;posx-frido-b2b-admin;posx-frido-mobility-admin;posx-mokobara-admin;posx-ugaoo-admin
src/routes/products/product-create-variant/components/create-product-variant-form/inventory-kit-tab.tsx,8,posx-comet-admin;posx-demo-admin;posx-eume-admin;posx-frido-admin;posx-frido-b2b-admin;posx-frido-mobility-admin;posx-mokobara-admin;posx-ugaoo-admin
src/routes/products/product-create-variant/components/create-product-variant-form/pricing-tab.tsx,8,posx-comet-admin;posx-demo-admin;posx-eume-admin;posx-frido-admin;posx-frido-b2b-admin;posx-frido-mobility-admin;posx-mokobara-admin;posx-ugaoo-admin
src/routes/products/product-create-variant/product-create-variant.tsx,8,posx-comet-admin;posx-demo-admin;posx-eume-admin;posx-frido-admin;posx-frido-b2b-admin;posx-frido-mobility-admin;posx-mokobara-admin;posx-ugaoo-admin
src/routes/products/product-create/components/product-create-details-form/components/product-create-details-general-section/product-create-general-section.tsx,8,posx-comet-admin;posx-demo-admin;posx-eume-admin;posx-frido-admin;posx-frido-b2b-admin;posx-frido-mobility-admin;posx-mokobara-admin;posx-ugaoo-admin
src/routes/products/product-create/components/product-create-details-form/components/product-create-details-media-section/product-create-details-media-section.tsx,8,posx-comet-admin;posx-demo-admin;posx-eume-admin;posx-frido-admin;posx-frido-b2b-admin;posx-frido-mobility-admin;posx-mokobara-admin;posx-ugaoo-admin
src/routes/products/product-create/components/product-create-details-form/components/product-create-details-variant-section/product-create-details-variant-section.tsx,8,posx-comet-admin;posx-demo-admin;posx-eume-admin;posx-frido-admin;posx-frido-b2b-admin;posx-frido-mobility-admin;posx-mokobara-admin;posx-ugaoo-admin
src/routes/products/product-create/components/product-create-details-form/product-create-details-form.tsx,8,posx-comet-admin;posx-demo-admin;posx-eume-admin;posx-frido-admin;posx-frido-b2b-admin;posx-frido-mobility-admin;posx-mokobara-admin;posx-ugaoo-admin
src/routes/products/product-create/components/product-create-form/product-create-form.tsx,8,posx-comet-admin;posx-demo-admin;posx-eume-admin;posx-frido-admin;posx-frido-b2b-admin;posx-frido-mobility-admin;posx-mokobara-admin;posx-ugaoo-admin
src/routes/products/product-create/components/product-create-inventory-kit-form/components/product-create-inventory-kit-section/product-create-inventory-kit-section.tsx,8,posx-comet-admin;posx-demo-admin;posx-eume-admin;posx-frido-admin;posx-frido-b2b-admin;posx-frido-mobility-admin;posx-mokobara-admin;posx-ugaoo-admin
src/routes/products/product-create/components/product-create-inventory-kit-form/product-create-inventory-kit-form.tsx,8,posx-comet-admin;posx-demo-admin;posx-eume-admin;posx-frido-admin;posx-frido-b2b-admin;posx-frido-mobility-admin;posx-mokobara-admin;posx-ugaoo-admin
src/routes/products/product-create/components/product-create-organize-form/components/product-create-organize-attribute-section/product-create-details-attribute-section.tsx,8,posx-comet-admin;posx-demo-admin;posx-eume-admin;posx-frido-admin;posx-frido-b2b-admin;posx-frido-mobility-admin;posx-mokobara-admin;posx-ugaoo-admin
src/routes/products/product-create/components/product-create-organize-form/components/product-create-organize-section/product-create-details-organize-section.tsx,8,posx-comet-admin;posx-demo-admin;posx-eume-admin;posx-frido-admin;posx-frido-b2b-admin;posx-frido-mobility-admin;posx-mokobara-admin;posx-ugaoo-admin
src/routes/products/product-create/components/product-create-organize-form/components/product-create-sales-channel-stacked-modal/product-create-sales-channel-drawer.tsx,8,posx-comet-admin;posx-demo-admin;posx-eume-admin;posx-frido-admin;posx-frido-b2b-admin;posx-frido-mobility-admin;posx-mokobara-admin;posx-ugaoo-admin
src/routes/products/product-create/components/product-create-organize-form/product-create-organize-form.tsx,8,posx-comet-admin;posx-demo-admin;posx-eume-admin;posx-frido-admin;posx-frido-b2b-admin;posx-frido-mobility-admin;posx-mokobara-admin;posx-ugaoo-admin
src/routes/products/product-create/components/product-create-variants-form/product-create-variants-form.tsx,8,posx-comet-admin;posx-demo-admin;posx-eume-admin;posx-frido-admin;posx-frido-b2b-admin;posx-frido-mobility-admin;posx-mokobara-admin;posx-ugaoo-admin
src/routes/products/product-create/constants.ts,8,posx-comet-admin;posx-demo-admin;posx-eume-admin;posx-frido-admin;posx-frido-b2b-admin;posx-frido-mobility-admin;posx-mokobara-admin;posx-ugaoo-admin
src/routes/products/product-create/product-create.tsx,8,posx-comet-admin;posx-demo-admin;posx-eume-admin;posx-frido-admin;posx-frido-b2b-admin;posx-frido-mobility-admin;posx-mokobara-admin;posx-ugaoo-admin
src/routes/products/product-create/utils.ts,8,posx-comet-admin;posx-demo-admin;posx-eume-admin;posx-frido-admin;posx-frido-b2b-admin;posx-frido-mobility-admin;posx-mokobara-admin;posx-ugaoo-admin
src/routes/products/product-detail/breadcrumb.tsx,8,posx-comet-admin;posx-demo-admin;posx-eume-admin;posx-frido-admin;posx-frido-b2b-admin;posx-frido-mobility-admin;posx-mokobara-admin;posx-ugaoo-admin
src/routes/products/product-detail/components/product-attribute-section/product-attribute-section.tsx,8,posx-comet-admin;posx-demo-admin;posx-eume-admin;posx-frido-admin;posx-frido-b2b-admin;posx-frido-mobility-admin;posx-mokobara-admin;posx-ugaoo-admin
src/routes/products/product-detail/components/product-general-section/product-general-section.tsx,8,posx-comet-admin;posx-demo-admin;posx-eume-admin;posx-frido-admin;posx-frido-b2b-admin;posx-frido-mobility-admin;posx-mokobara-admin;posx-ugaoo-admin
src/routes/products/product-detail/components/product-media-section/product-media-section.tsx,8,posx-comet-admin;posx-demo-admin;posx-eume-admin;posx-frido-admin;posx-frido-b2b-admin;posx-frido-mobility-admin;posx-mokobara-admin;posx-ugaoo-admin
src/routes/products/product-detail/components/product-option-section/product-option-section.tsx,8,posx-comet-admin;posx-demo-admin;posx-eume-admin;posx-frido-admin;posx-frido-b2b-admin;posx-frido-mobility-admin;posx-mokobara-admin;posx-ugaoo-admin
src/routes/products/product-detail/components/product-organization-section/product-organization-section.tsx,8,posx-comet-admin;posx-demo-admin;posx-eume-admin;posx-frido-admin;posx-frido-b2b-admin;posx-frido-mobility-admin;posx-mokobara-admin;posx-ugaoo-admin
src/routes/products/product-detail/components/product-sales-channel-section/product-sales-channel-section.tsx,8,posx-comet-admin;posx-demo-admin;posx-eume-admin;posx-frido-admin;posx-frido-b2b-admin;posx-frido-mobility-admin;posx-mokobara-admin;posx-ugaoo-admin
src/routes/products/product-detail/components/product-shipping-profile-section/product-shipping-profile-section.tsx,8,posx-comet-admin;posx-demo-admin;posx-eume-admin;posx-frido-admin;posx-frido-b2b-admin;posx-frido-mobility-admin;posx-mokobara-admin;posx-ugaoo-admin
src/routes/products/product-detail/components/product-shopify-section/product-shopify-section.tsx,8,posx-comet-admin;posx-demo-admin;posx-eume-admin;posx-frido-admin;posx-frido-b2b-admin;posx-frido-mobility-admin;posx-mokobara-admin;posx-ugaoo-admin
src/routes/products/product-detail/components/product-variant-section/product-variant-section.tsx,8,posx-comet-admin;posx-demo-admin;posx-eume-admin;posx-frido-admin;posx-frido-b2b-admin;posx-frido-mobility-admin;posx-mokobara-admin;posx-ugaoo-admin
src/routes/products/product-detail/loader.ts,8,posx-comet-admin;posx-demo-admin;posx-eume-admin;posx-frido-admin;posx-frido-b2b-admin;posx-frido-mobility-admin;posx-mokobara-admin;posx-ugaoo-admin
src/routes/products/product-detail/product-detail.tsx,8,posx-comet-admin;posx-demo-admin;posx-eume-admin;posx-frido-admin;posx-frido-b2b-admin;posx-frido-mobility-admin;posx-mokobara-admin;posx-ugaoo-admin
src/routes/products/product-edit-option/components/edit-product-option-form/edit-product-option-form.tsx,8,posx-comet-admin;posx-demo-admin;posx-eume-admin;posx-frido-admin;posx-frido-b2b-admin;posx-frido-mobility-admin;posx-mokobara-admin;posx-ugaoo-admin
src/routes/products/product-edit-option/product-edit-option.tsx,8,posx-comet-admin;posx-demo-admin;posx-eume-admin;posx-frido-admin;posx-frido-b2b-admin;posx-frido-mobility-admin;posx-mokobara-admin;posx-ugaoo-admin
src/routes/products/product-edit/components/edit-product-form/edit-product-form.tsx,8,posx-comet-admin;posx-demo-admin;posx-eume-admin;posx-frido-admin;posx-frido-b2b-admin;posx-frido-mobility-admin;posx-mokobara-admin;posx-ugaoo-admin
src/routes/products/product-edit/product-edit.tsx,8,posx-comet-admin;posx-demo-admin;posx-eume-admin;posx-frido-admin;posx-frido-b2b-admin;posx-frido-mobility-admin;posx-mokobara-admin;posx-ugaoo-admin
src/routes/products/product-export/components/export-filters.tsx,8,posx-comet-admin;posx-demo-admin;posx-eume-admin;posx-frido-admin;posx-frido-b2b-admin;posx-frido-mobility-admin;posx-mokobara-admin;posx-ugaoo-admin
src/routes/products/product-import/components/import-summary.tsx,8,posx-comet-admin;posx-demo-admin;posx-eume-admin;posx-frido-admin;posx-frido-b2b-admin;posx-frido-mobility-admin;posx-mokobara-admin;posx-ugaoo-admin
src/routes/products/product-import/components/upload-import.tsx,8,posx-comet-admin;posx-demo-admin;posx-eume-admin;posx-frido-admin;posx-frido-b2b-admin;posx-frido-mobility-admin;posx-mokobara-admin;posx-ugaoo-admin
src/routes/products/product-import/product-import.tsx,8,posx-comet-admin;posx-demo-admin;posx-eume-admin;posx-frido-admin;posx-frido-b2b-admin;posx-frido-mobility-admin;posx-mokobara-admin;posx-ugaoo-admin
src/routes/products/product-list/loader.ts,8,posx-comet-admin;posx-demo-admin;posx-eume-admin;posx-frido-admin;posx-frido-b2b-admin;posx-frido-mobility-admin;posx-mokobara-admin;posx-ugaoo-admin
src/routes/products/product-list/product-list.tsx,8,posx-comet-admin;posx-demo-admin;posx-eume-admin;posx-frido-admin;posx-frido-b2b-admin;posx-frido-mobility-admin;posx-mokobara-admin;posx-ugaoo-admin
src/routes/products/product-media/components/edit-product-media-form/edit-product-media-form.tsx,8,posx-comet-admin;posx-demo-admin;posx-eume-admin;posx-frido-admin;posx-frido-b2b-admin;posx-frido-mobility-admin;posx-mokobara-admin;posx-ugaoo-admin
src/routes/products/product-media/components/product-media-gallery/product-media-gallery.tsx,8,posx-comet-admin;posx-demo-admin;posx-eume-admin;posx-frido-admin;posx-frido-b2b-admin;posx-frido-mobility-admin;posx-mokobara-admin;posx-ugaoo-admin
src/routes/products/product-media/components/product-media-view/product-media-view.tsx,8,posx-comet-admin;posx-demo-admin;posx-eume-admin;posx-frido-admin;posx-frido-b2b-admin;posx-frido-mobility-admin;posx-mokobara-admin;posx-ugaoo-admin
src/routes/products/product-media/product-media.tsx,8,posx-comet-admin;posx-demo-admin;posx-eume-admin;posx-frido-admin;posx-frido-b2b-admin;posx-frido-mobility-admin;posx-mokobara-admin;posx-ugaoo-admin
src/routes/products/product-metadata/product-metadata.tsx,8,posx-comet-admin;posx-demo-admin;posx-eume-admin;posx-frido-admin;posx-frido-b2b-admin;posx-frido-mobility-admin;posx-mokobara-admin;posx-ugaoo-admin
src/routes/products/product-organization/components/product-organization-form/product-organization-form.tsx,8,posx-comet-admin;posx-demo-admin;posx-eume-admin;posx-frido-admin;posx-frido-b2b-admin;posx-frido-mobility-admin;posx-mokobara-admin;posx-ugaoo-admin
src/routes/products/product-organization/product-organization.tsx,8,posx-comet-admin;posx-demo-admin;posx-eume-admin;posx-frido-admin;posx-frido-b2b-admin;posx-frido-mobility-admin;posx-mokobara-admin;posx-ugaoo-admin
src/routes/products/product-prices/pricing-edit.tsx,8,posx-comet-admin;posx-demo-admin;posx-eume-admin;posx-frido-admin;posx-frido-b2b-admin;posx-frido-mobility-admin;posx-mokobara-admin;posx-ugaoo-admin
src/routes/products/product-prices/product-prices.tsx,8,posx-comet-admin;posx-demo-admin;posx-eume-admin;posx-frido-admin;posx-frido-b2b-admin;posx-frido-mobility-admin;posx-mokobara-admin;posx-ugaoo-admin
src/routes/products/product-sales-channels/components/edit-sales-channels-form/edit-sales-channels-form.tsx,8,posx-comet-admin;posx-demo-admin;posx-eume-admin;posx-frido-admin;posx-frido-b2b-admin;posx-frido-mobility-admin;posx-mokobara-admin;posx-ugaoo-admin
src/routes/products/product-sales-channels/product-sales-channels.tsx,8,posx-comet-admin;posx-demo-admin;posx-eume-admin;posx-frido-admin;posx-frido-b2b-admin;posx-frido-mobility-admin;posx-mokobara-admin;posx-ugaoo-admin
src/routes/products/product-shipping-profile/components/product-organization-form/product-shipping-profile-form.tsx,8,posx-comet-admin;posx-demo-admin;posx-eume-admin;posx-frido-admin;posx-frido-b2b-admin;posx-frido-mobility-admin;posx-mokobara-admin;posx-ugaoo-admin
src/routes/products/product-shipping-profile/product-shipping-profile.tsx,8,posx-comet-admin;posx-demo-admin;posx-eume-admin;posx-frido-admin;posx-frido-b2b-admin;posx-frido-mobility-admin;posx-mokobara-admin;posx-ugaoo-admin
src/routes/products/product-stock/components/product-stock-form/product-stock-form.tsx,8,posx-comet-admin;posx-demo-admin;posx-eume-admin;posx-frido-admin;posx-frido-b2b-admin;posx-frido-mobility-admin;posx-mokobara-admin;posx-ugaoo-admin
src/routes/products/product-stock/hooks/use-product-stock-columns.tsx,8,posx-comet-admin;posx-demo-admin;posx-eume-admin;posx-frido-admin;posx-frido-b2b-admin;posx-frido-mobility-admin;posx-mokobara-admin;posx-ugaoo-admin
src/routes/products/product-stock/loader.ts,8,posx-comet-admin;posx-demo-admin;posx-eume-admin;posx-frido-admin;posx-frido-b2b-admin;posx-frido-mobility-admin;posx-mokobara-admin;posx-ugaoo-admin
src/routes/products/product-stock/product-stock.tsx,8,posx-comet-admin;posx-demo-admin;posx-eume-admin;posx-frido-admin;posx-frido-b2b-admin;posx-frido-mobility-admin;posx-mokobara-admin;posx-ugaoo-admin
src/routes/products/product-stock/schema.ts,8,posx-comet-admin;posx-demo-admin;posx-eume-admin;posx-frido-admin;posx-frido-b2b-admin;posx-frido-mobility-admin;posx-mokobara-admin;posx-ugaoo-admin
src/routes/products/product-stock/utils.ts,8,posx-comet-admin;posx-demo-admin;posx-eume-admin;posx-frido-admin;posx-frido-b2b-admin;posx-frido-mobility-admin;posx-mokobara-admin;posx-ugaoo-admin
src/routes/profile/profile-detail/components/profile-general-section/profile-general-section.tsx,8,posx-comet-admin;posx-demo-admin;posx-eume-admin;posx-frido-admin;posx-frido-b2b-admin;posx-frido-mobility-admin;posx-mokobara-admin;posx-ugaoo-admin
src/routes/profile/profile-detail/profile-detail.tsx,8,posx-comet-admin;posx-demo-admin;posx-eume-admin;posx-frido-admin;posx-frido-b2b-admin;posx-frido-mobility-admin;posx-mokobara-admin;posx-ugaoo-admin
src/routes/profile/profile-edit/components/edit-profile-form/edit-profile-form.tsx,8,posx-comet-admin;posx-demo-admin;posx-eume-admin;posx-frido-admin;posx-frido-b2b-admin;posx-frido-mobility-admin;posx-mokobara-admin;posx-ugaoo-admin
src/routes/profile/profile-edit/profile-edit.tsx,8,posx-comet-admin;posx-demo-admin;posx-eume-admin;posx-frido-admin;posx-frido-b2b-admin;posx-frido-mobility-admin;posx-mokobara-admin;posx-ugaoo-admin
src/routes/promotions/common/edit-rules/components/edit-rules-form/edit-rules-form.tsx,8,posx-comet-admin;posx-demo-admin;posx-eume-admin;posx-frido-admin;posx-frido-b2b-admin;posx-frido-mobility-admin;posx-mokobara-admin;posx-ugaoo-admin
src/routes/promotions/common/edit-rules/components/edit-rules-form/form-schema.ts,8,posx-comet-admin;posx-demo-admin;posx-eume-admin;posx-frido-admin;posx-frido-b2b-admin;posx-frido-mobility-admin;posx-mokobara-admin;posx-ugaoo-admin
src/routes/promotions/common/edit-rules/components/edit-rules-form/utils.ts,8,posx-comet-admin;posx-demo-admin;posx-eume-admin;posx-frido-admin;posx-frido-b2b-admin;posx-frido-mobility-admin;posx-mokobara-admin;posx-ugaoo-admin
src/routes/promotions/common/edit-rules/components/edit-rules-wrapper/edit-rules-wrapper.tsx,8,posx-comet-admin;posx-demo-admin;posx-eume-admin;posx-frido-admin;posx-frido-b2b-admin;posx-frido-mobility-admin;posx-mokobara-admin;posx-ugaoo-admin
src/routes/promotions/common/edit-rules/components/rule-value-form-field/rule-value-form-field.tsx,8,posx-comet-admin;posx-demo-admin;posx-eume-admin;posx-frido-admin;posx-frido-b2b-admin;posx-frido-mobility-admin;posx-mokobara-admin;posx-ugaoo-admin
src/routes/promotions/common/edit-rules/components/rules-form-field/rules-form-field.tsx,8,posx-comet-admin;posx-demo-admin;posx-eume-admin;posx-frido-admin;posx-frido-b2b-admin;posx-frido-mobility-admin;posx-mokobara-admin;posx-ugaoo-admin
src/routes/promotions/common/edit-rules/edit-rules.tsx,8,posx-comet-admin;posx-demo-admin;posx-eume-admin;posx-frido-admin;posx-frido-b2b-admin;posx-frido-mobility-admin;posx-mokobara-admin;posx-ugaoo-admin
src/routes/promotions/promotion-add-campaign/components/add-campaign-promotion-form/add-campaign-promotion-form.tsx,8,posx-comet-admin;posx-demo-admin;posx-eume-admin;posx-frido-admin;posx-frido-b2b-admin;posx-frido-mobility-admin;posx-mokobara-admin;posx-ugaoo-admin
src/routes/promotions/promotion-add-campaign/components/add-campaign-promotion-form/campaign-details.tsx,8,posx-comet-admin;posx-demo-admin;posx-eume-admin;posx-frido-admin;posx-frido-b2b-admin;posx-frido-mobility-admin;posx-mokobara-admin;posx-ugaoo-admin
src/routes/promotions/promotion-add-campaign/promotion-add-campaign.tsx,8,posx-comet-admin;posx-demo-admin;posx-eume-admin;posx-frido-admin;posx-frido-b2b-admin;posx-frido-mobility-admin;posx-mokobara-admin;posx-ugaoo-admin
src/routes/promotions/promotion-create/components/create-promotion-form/create-promotion-form.tsx,8,posx-comet-admin;posx-demo-admin;posx-eume-admin;posx-frido-admin;posx-frido-b2b-admin;posx-frido-mobility-admin;posx-mokobara-admin;posx-ugaoo-admin
src/routes/promotions/promotion-create/components/create-promotion-form/form-schema.ts,8,posx-comet-admin;posx-demo-admin;posx-eume-admin;posx-frido-admin;posx-frido-b2b-admin;posx-frido-mobility-admin;posx-mokobara-admin;posx-ugaoo-admin
src/routes/promotions/promotion-create/components/create-promotion-form/templates.ts,8,posx-comet-admin;posx-demo-admin;posx-eume-admin;posx-frido-admin;posx-frido-b2b-admin;posx-frido-mobility-admin;posx-mokobara-admin;posx-ugaoo-admin
src/routes/promotions/promotion-detail/breadcrumb.tsx,8,posx-comet-admin;posx-demo-admin;posx-eume-admin;posx-frido-admin;posx-frido-b2b-admin;posx-frido-mobility-admin;posx-mokobara-admin;posx-ugaoo-admin
src/routes/promotions/promotion-detail/components/campaign-section/campaign-section.tsx,8,posx-comet-admin;posx-demo-admin;posx-eume-admin;posx-frido-admin;posx-frido-b2b-admin;posx-frido-mobility-admin;posx-mokobara-admin;posx-ugaoo-admin
src/routes/promotions/promotion-detail/components/promotion-conditions-section/promotion-conditions-section.tsx,8,posx-comet-admin;posx-demo-admin;posx-eume-admin;posx-frido-admin;posx-frido-b2b-admin;posx-frido-mobility-admin;posx-mokobara-admin;posx-ugaoo-admin
src/routes/promotions/promotion-detail/components/promotion-general-section/promotion-general-section.tsx,8,posx-comet-admin;posx-demo-admin;posx-eume-admin;posx-frido-admin;posx-frido-b2b-admin;posx-frido-mobility-admin;posx-mokobara-admin;posx-ugaoo-admin
src/routes/promotions/promotion-detail/loader.ts,8,posx-comet-admin;posx-demo-admin;posx-eume-admin;posx-frido-admin;posx-frido-b2b-admin;posx-frido-mobility-admin;posx-mokobara-admin;posx-ugaoo-admin
src/routes/promotions/promotion-detail/promotion-detail.tsx,8,posx-comet-admin;posx-demo-admin;posx-eume-admin;posx-frido-admin;posx-frido-b2b-admin;posx-frido-mobility-admin;posx-mokobara-admin;posx-ugaoo-admin
src/routes/promotions/promotion-edit-details/components/edit-promotion-form/edit-promotion-details-form.tsx,8,posx-comet-admin;posx-demo-admin;posx-eume-admin;posx-frido-admin;posx-frido-b2b-admin;posx-frido-mobility-admin;posx-mokobara-admin;posx-ugaoo-admin
src/routes/promotions/promotion-edit-details/promotion-edit-details.tsx,8,posx-comet-admin;posx-demo-admin;posx-eume-admin;posx-frido-admin;posx-frido-b2b-admin;posx-frido-mobility-admin;posx-mokobara-admin;posx-ugaoo-admin
src/routes/promotions/promotion-list/components/promotion-list-table/promotion-list-table.tsx,8,posx-comet-admin;posx-demo-admin;posx-eume-admin;posx-frido-admin;posx-frido-b2b-admin;posx-frido-mobility-admin;posx-mokobara-admin;posx-ugaoo-admin
src/routes/promotions/promotion-list/loader.ts,8,posx-comet-admin;posx-demo-admin;posx-eume-admin;posx-frido-admin;posx-frido-b2b-admin;posx-frido-mobility-admin;posx-mokobara-admin;posx-ugaoo-admin
src/routes/promotions/promotion-list/promotions-list.tsx,8,posx-comet-admin;posx-demo-admin;posx-eume-admin;posx-frido-admin;posx-frido-b2b-admin;posx-frido-mobility-admin;posx-mokobara-admin;posx-ugaoo-admin
src/routes/regions/common/hooks/use-countries.tsx,8,posx-comet-admin;posx-demo-admin;posx-eume-admin;posx-frido-admin;posx-frido-b2b-admin;posx-frido-mobility-admin;posx-mokobara-admin;posx-ugaoo-admin
src/routes/regions/common/hooks/use-country-table-columns.tsx,8,posx-comet-admin;posx-demo-admin;posx-eume-admin;posx-frido-admin;posx-frido-b2b-admin;posx-frido-mobility-admin;posx-mokobara-admin;posx-ugaoo-admin
src/routes/regions/common/hooks/use-country-table-query.tsx,8,posx-comet-admin;posx-demo-admin;posx-eume-admin;posx-frido-admin;posx-frido-b2b-admin;posx-frido-mobility-admin;posx-mokobara-admin;posx-ugaoo-admin
src/routes/regions/region-add-countries/components/add-countries-form/add-countries-form.tsx,8,posx-comet-admin;posx-demo-admin;posx-eume-admin;posx-frido-admin;posx-frido-b2b-admin;posx-frido-mobility-admin;posx-mokobara-admin;posx-ugaoo-admin
src/routes/regions/region-add-countries/region-add-countries.tsx,8,posx-comet-admin;posx-demo-admin;posx-eume-admin;posx-frido-admin;posx-frido-b2b-admin;posx-frido-mobility-admin;posx-mokobara-admin;posx-ugaoo-admin
src/routes/regions/region-create/components/create-region-form/create-region-form.tsx,8,posx-comet-admin;posx-demo-admin;posx-eume-admin;posx-frido-admin;posx-frido-b2b-admin;posx-frido-mobility-admin;posx-mokobara-admin;posx-ugaoo-admin
src/routes/regions/region-create/region-create.tsx,8,posx-comet-admin;posx-demo-admin;posx-eume-admin;posx-frido-admin;posx-frido-b2b-admin;posx-frido-mobility-admin;posx-mokobara-admin;posx-ugaoo-admin
src/routes/regions/region-detail/breadcrumb.tsx,8,posx-comet-admin;posx-demo-admin;posx-eume-admin;posx-frido-admin;posx-frido-b2b-admin;posx-frido-mobility-admin;posx-mokobara-admin;posx-ugaoo-admin
src/routes/regions/region-detail/components/region-country-section/region-country-section.tsx,8,posx-comet-admin;posx-demo-admin;posx-eume-admin;posx-frido-admin;posx-frido-b2b-admin;posx-frido-mobility-admin;posx-mokobara-admin;posx-ugaoo-admin
src/routes/regions/region-detail/components/region-general-section/region-general-section.tsx,8,posx-comet-admin;posx-demo-admin;posx-eume-admin;posx-frido-admin;posx-frido-b2b-admin;posx-frido-mobility-admin;posx-mokobara-admin;posx-ugaoo-admin
src/routes/regions/region-detail/loader.ts,8,posx-comet-admin;posx-demo-admin;posx-eume-admin;posx-frido-admin;posx-frido-b2b-admin;posx-frido-mobility-admin;posx-mokobara-admin;posx-ugaoo-admin
src/routes/regions/region-detail/region-detail.tsx,8,posx-comet-admin;posx-demo-admin;posx-eume-admin;posx-frido-admin;posx-frido-b2b-admin;posx-frido-mobility-admin;posx-mokobara-admin;posx-ugaoo-admin
src/routes/regions/region-edit/components/edit-region-form/edit-region-form.tsx,8,posx-comet-admin;posx-demo-admin;posx-eume-admin;posx-frido-admin;posx-frido-b2b-admin;posx-frido-mobility-admin;posx-mokobara-admin;posx-ugaoo-admin
src/routes/regions/region-edit/region-edit.tsx,8,posx-comet-admin;posx-demo-admin;posx-eume-admin;posx-frido-admin;posx-frido-b2b-admin;posx-frido-mobility-admin;posx-mokobara-admin;posx-ugaoo-admin
src/routes/regions/region-list/components/region-list-table/region-list-table.tsx,8,posx-comet-admin;posx-demo-admin;posx-eume-admin;posx-frido-admin;posx-frido-b2b-admin;posx-frido-mobility-admin;posx-mokobara-admin;posx-ugaoo-admin
src/routes/regions/region-list/region-list.tsx,8,posx-comet-admin;posx-demo-admin;posx-eume-admin;posx-frido-admin;posx-frido-b2b-admin;posx-frido-mobility-admin;posx-mokobara-admin;posx-ugaoo-admin
src/routes/regions/region-metadata/region-metadata.tsx,8,posx-comet-admin;posx-demo-admin;posx-eume-admin;posx-frido-admin;posx-frido-b2b-admin;posx-frido-mobility-admin;posx-mokobara-admin;posx-ugaoo-admin
src/routes/reservations/reservation-create/components/reservation-create-from/reservation-create-from.tsx,8,posx-comet-admin;posx-demo-admin;posx-eume-admin;posx-frido-admin;posx-frido-b2b-admin;posx-frido-mobility-admin;posx-mokobara-admin;posx-ugaoo-admin
src/routes/reservations/reservation-detail/breadcrumb.tsx,8,posx-comet-admin;posx-demo-admin;posx-eume-admin;posx-frido-admin;posx-frido-b2b-admin;posx-frido-mobility-admin;posx-mokobara-admin;posx-ugaoo-admin
src/routes/reservations/reservation-detail/components/edit-reservation/components/edit-reservation-form.tsx,8,posx-comet-admin;posx-demo-admin;posx-eume-admin;posx-frido-admin;posx-frido-b2b-admin;posx-frido-mobility-admin;posx-mokobara-admin;posx-ugaoo-admin
src/routes/reservations/reservation-detail/components/edit-reservation/edit-reservation-modal.tsx,8,posx-comet-admin;posx-demo-admin;posx-eume-admin;posx-frido-admin;posx-frido-b2b-admin;posx-frido-mobility-admin;posx-mokobara-admin;posx-ugaoo-admin
src/routes/reservations/reservation-detail/components/reservation-general-section/reservation-general-section.tsx,8,posx-comet-admin;posx-demo-admin;posx-eume-admin;posx-frido-admin;posx-frido-b2b-admin;posx-frido-mobility-admin;posx-mokobara-admin;posx-ugaoo-admin
src/routes/reservations/reservation-detail/loader.ts,8,posx-comet-admin;posx-demo-admin;posx-eume-admin;posx-frido-admin;posx-frido-b2b-admin;posx-frido-mobility-admin;posx-mokobara-admin;posx-ugaoo-admin
src/routes/reservations/reservation-detail/reservation-detail.tsx,8,posx-comet-admin;posx-demo-admin;posx-eume-admin;posx-frido-admin;posx-frido-b2b-admin;posx-frido-mobility-admin;posx-mokobara-admin;posx-ugaoo-admin
src/routes/reservations/reservation-list/components/reservation-list-table/reservation-actions.tsx,8,posx-comet-admin;posx-demo-admin;posx-eume-admin;posx-frido-admin;posx-frido-b2b-admin;posx-frido-mobility-admin;posx-mokobara-admin;posx-ugaoo-admin
src/routes/reservations/reservation-list/components/reservation-list-table/reservation-list-table.tsx,8,posx-comet-admin;posx-demo-admin;posx-eume-admin;posx-frido-admin;posx-frido-b2b-admin;posx-frido-mobility-admin;posx-mokobara-admin;posx-ugaoo-admin
src/routes/reservations/reservation-list/components/reservation-list-table/use-reservation-table-columns.tsx,8,posx-comet-admin;posx-demo-admin;posx-eume-admin;posx-frido-admin;posx-frido-b2b-admin;posx-frido-mobility-admin;posx-mokobara-admin;posx-ugaoo-admin
src/routes/reservations/reservation-list/components/reservation-list-table/use-reservation-table-filters.tsx,8,posx-comet-admin;posx-demo-admin;posx-eume-admin;posx-frido-admin;posx-frido-b2b-admin;posx-frido-mobility-admin;posx-mokobara-admin;posx-ugaoo-admin
src/routes/reservations/reservation-list/components/reservation-list-table/use-reservation-table-query.tsx,8,posx-comet-admin;posx-demo-admin;posx-eume-admin;posx-frido-admin;posx-frido-b2b-admin;posx-frido-mobility-admin;posx-mokobara-admin;posx-ugaoo-admin
src/routes/reservations/reservation-list/reservation-list.tsx,8,posx-comet-admin;posx-demo-admin;posx-eume-admin;posx-frido-admin;posx-frido-b2b-admin;posx-frido-mobility-admin;posx-mokobara-admin;posx-ugaoo-admin
src/routes/reservations/reservation-metadata/reservation-metadata.tsx,8,posx-comet-admin;posx-demo-admin;posx-eume-admin;posx-frido-admin;posx-frido-b2b-admin;posx-frido-mobility-admin;posx-mokobara-admin;posx-ugaoo-admin
src/routes/return-reasons/common/hooks/use-delete-return-reason-action.tsx,8,posx-comet-admin;posx-demo-admin;posx-eume-admin;posx-frido-admin;posx-frido-b2b-admin;posx-frido-mobility-admin;posx-mokobara-admin;posx-ugaoo-admin
src/routes/return-reasons/return-reason-create/components/return-reason-create-form/return-reason-create-form.tsx,8,posx-comet-admin;posx-demo-admin;posx-eume-admin;posx-frido-admin;posx-frido-b2b-admin;posx-frido-mobility-admin;posx-mokobara-admin;posx-ugaoo-admin
src/routes/return-reasons/return-reason-edit/components/return-reason-edit-form/return-reason-edit-form.tsx,8,posx-comet-admin;posx-demo-admin;posx-eume-admin;posx-frido-admin;posx-frido-b2b-admin;posx-frido-mobility-admin;posx-mokobara-admin;posx-ugaoo-admin
src/routes/return-reasons/return-reason-edit/return-reason-edit.tsx,8,posx-comet-admin;posx-demo-admin;posx-eume-admin;posx-frido-admin;posx-frido-b2b-admin;posx-frido-mobility-admin;posx-mokobara-admin;posx-ugaoo-admin
src/routes/return-reasons/return-reason-list/components/return-reason-list-table/return-reason-list-table.tsx,8,posx-comet-admin;posx-demo-admin;posx-eume-admin;posx-frido-admin;posx-frido-b2b-admin;posx-frido-mobility-admin;posx-mokobara-admin;posx-ugaoo-admin
src/routes/return-reasons/return-reason-list/loader.ts,8,posx-comet-admin;posx-demo-admin;posx-eume-admin;posx-frido-admin;posx-frido-b2b-admin;posx-frido-mobility-admin;posx-mokobara-admin;posx-ugaoo-admin
src/routes/return-reasons/return-reason-list/return-reason-list.tsx,8,posx-comet-admin;posx-demo-admin;posx-eume-admin;posx-frido-admin;posx-frido-b2b-admin;posx-frido-mobility-admin;posx-mokobara-admin;posx-ugaoo-admin
src/routes/sales-channels/sales-channel-add-products/components/add-products-to-sales-channel-form.tsx,8,posx-comet-admin;posx-demo-admin;posx-eume-admin;posx-frido-admin;posx-frido-b2b-admin;posx-frido-mobility-admin;posx-mokobara-admin;posx-ugaoo-admin
src/routes/sales-channels/sales-channel-add-products/sales-channel-add-products.tsx,8,posx-comet-admin;posx-demo-admin;posx-eume-admin;posx-frido-admin;posx-frido-b2b-admin;posx-frido-mobility-admin;posx-mokobara-admin;posx-ugaoo-admin
src/routes/sales-channels/sales-channel-create/components/create-sales-channel-form/create-sales-channel-form.tsx,8,posx-comet-admin;posx-demo-admin;posx-eume-admin;posx-frido-admin;posx-frido-b2b-admin;posx-frido-mobility-admin;posx-mokobara-admin;posx-ugaoo-admin
src/routes/sales-channels/sales-channel-detail/breadcrumb.tsx,8,posx-comet-admin;posx-demo-admin;posx-eume-admin;posx-frido-admin;posx-frido-b2b-admin;posx-frido-mobility-admin;posx-mokobara-admin;posx-ugaoo-admin
src/routes/sales-channels/sales-channel-detail/components/sales-channel-general-section/sales-channel-general-section.tsx,8,posx-comet-admin;posx-demo-admin;posx-eume-admin;posx-frido-admin;posx-frido-b2b-admin;posx-frido-mobility-admin;posx-mokobara-admin;posx-ugaoo-admin
src/routes/sales-channels/sales-channel-detail/components/sales-channel-product-section/sales-channel-product-section.tsx,8,posx-comet-admin;posx-demo-admin;posx-eume-admin;posx-frido-admin;posx-frido-b2b-admin;posx-frido-mobility-admin;posx-mokobara-admin;posx-ugaoo-admin
src/routes/sales-channels/sales-channel-detail/loader.ts,8,posx-comet-admin;posx-demo-admin;posx-eume-admin;posx-frido-admin;posx-frido-b2b-admin;posx-frido-mobility-admin;posx-mokobara-admin;posx-ugaoo-admin
src/routes/sales-channels/sales-channel-detail/sales-channel-detail.tsx,8,posx-comet-admin;posx-demo-admin;posx-eume-admin;posx-frido-admin;posx-frido-b2b-admin;posx-frido-mobility-admin;posx-mokobara-admin;posx-ugaoo-admin
src/routes/sales-channels/sales-channel-edit/components/edit-sales-channel-form/edit-sales-channel-form.tsx,8,posx-comet-admin;posx-demo-admin;posx-eume-admin;posx-frido-admin;posx-frido-b2b-admin;posx-frido-mobility-admin;posx-mokobara-admin;posx-ugaoo-admin
src/routes/sales-channels/sales-channel-edit/sales-channel-edit.tsx,8,posx-comet-admin;posx-demo-admin;posx-eume-admin;posx-frido-admin;posx-frido-b2b-admin;posx-frido-mobility-admin;posx-mokobara-admin;posx-ugaoo-admin
src/routes/sales-channels/sales-channel-list/components/sales-channel-list-table.tsx,8,posx-comet-admin;posx-demo-admin;posx-eume-admin;posx-frido-admin;posx-frido-b2b-admin;posx-frido-mobility-admin;posx-mokobara-admin;posx-ugaoo-admin
src/routes/sales-channels/sales-channel-list/sales-channel-list.tsx,8,posx-comet-admin;posx-demo-admin;posx-eume-admin;posx-frido-admin;posx-frido-b2b-admin;posx-frido-mobility-admin;posx-mokobara-admin;posx-ugaoo-admin
src/routes/sales-channels/sales-channel-metadata/sales-channel-metadata.tsx,8,posx-comet-admin;posx-demo-admin;posx-eume-admin;posx-frido-admin;posx-frido-b2b-admin;posx-frido-mobility-admin;posx-mokobara-admin;posx-ugaoo-admin
src/routes/settings/settings.tsx,8,posx-comet-admin;posx-demo-admin;posx-eume-admin;posx-frido-admin;posx-frido-b2b-admin;posx-frido-mobility-admin;posx-mokobara-admin;posx-ugaoo-admin
src/routes/shipping-profiles/shipping-profile-create/components/create-shipping-profile-form/create-shipping-profile-form.tsx,8,posx-comet-admin;posx-demo-admin;posx-eume-admin;posx-frido-admin;posx-frido-b2b-admin;posx-frido-mobility-admin;posx-mokobara-admin;posx-ugaoo-admin
src/routes/shipping-profiles/shipping-profile-detail/breadcrumb.tsx,8,posx-comet-admin;posx-demo-admin;posx-eume-admin;posx-frido-admin;posx-frido-b2b-admin;posx-frido-mobility-admin;posx-mokobara-admin;posx-ugaoo-admin
src/routes/shipping-profiles/shipping-profile-detail/components/shipping-profile-general-section/shipping-profile-general-section.tsx,8,posx-comet-admin;posx-demo-admin;posx-eume-admin;posx-frido-admin;posx-frido-b2b-admin;posx-frido-mobility-admin;posx-mokobara-admin;posx-ugaoo-admin
src/routes/shipping-profiles/shipping-profile-detail/loader.ts,8,posx-comet-admin;posx-demo-admin;posx-eume-admin;posx-frido-admin;posx-frido-b2b-admin;posx-frido-mobility-admin;posx-mokobara-admin;posx-ugaoo-admin
src/routes/shipping-profiles/shipping-profile-detail/shipping-profile-detail.tsx,8,posx-comet-admin;posx-demo-admin;posx-eume-admin;posx-frido-admin;posx-frido-b2b-admin;posx-frido-mobility-admin;posx-mokobara-admin;posx-ugaoo-admin
src/routes/shipping-profiles/shipping-profile-metadata/shipping-profile-metadata.tsx,8,posx-comet-admin;posx-demo-admin;posx-eume-admin;posx-frido-admin;posx-frido-b2b-admin;posx-frido-mobility-admin;posx-mokobara-admin;posx-ugaoo-admin
src/routes/shipping-profiles/shipping-profiles-list/components/shipping-profile-list-table/shipping-options-row-actions.tsx,8,posx-comet-admin;posx-demo-admin;posx-eume-admin;posx-frido-admin;posx-frido-b2b-admin;posx-frido-mobility-admin;posx-mokobara-admin;posx-ugaoo-admin
src/routes/shipping-profiles/shipping-profiles-list/components/shipping-profile-list-table/shipping-profile-list-table.tsx,8,posx-comet-admin;posx-demo-admin;posx-eume-admin;posx-frido-admin;posx-frido-b2b-admin;posx-frido-mobility-admin;posx-mokobara-admin;posx-ugaoo-admin
src/routes/shipping-profiles/shipping-profiles-list/components/shipping-profile-list-table/use-shipping-profile-table-columns.tsx,8,posx-comet-admin;posx-demo-admin;posx-eume-admin;posx-frido-admin;posx-frido-b2b-admin;posx-frido-mobility-admin;posx-mokobara-admin;posx-ugaoo-admin
src/routes/shipping-profiles/shipping-profiles-list/components/shipping-profile-list-table/use-shipping-profile-table-filters.tsx,8,posx-comet-admin;posx-demo-admin;posx-eume-admin;posx-frido-admin;posx-frido-b2b-admin;posx-frido-mobility-admin;posx-mokobara-admin;posx-ugaoo-admin
src/routes/shipping-profiles/shipping-profiles-list/components/shipping-profile-list-table/use-shipping-profile-table-query.tsx,8,posx-comet-admin;posx-demo-admin;posx-eume-admin;posx-frido-admin;posx-frido-b2b-admin;posx-frido-mobility-admin;posx-mokobara-admin;posx-ugaoo-admin
src/routes/shipping-profiles/shipping-profiles-list/shipping-profile-list.tsx,8,posx-comet-admin;posx-demo-admin;posx-eume-admin;posx-frido-admin;posx-frido-b2b-admin;posx-frido-mobility-admin;posx-mokobara-admin;posx-ugaoo-admin
src/routes/store-details/store-detail/breadcrumb.tsx,8,posx-comet-admin;posx-demo-admin;posx-eume-admin;posx-frido-admin;posx-frido-b2b-admin;posx-frido-mobility-admin;posx-mokobara-admin;posx-ugaoo-admin
src/routes/store-details/store-detail/components/address-section/address-section.tsx,8,posx-comet-admin;posx-demo-admin;posx-eume-admin;posx-frido-admin;posx-frido-b2b-admin;posx-frido-mobility-admin;posx-mokobara-admin;posx-ugaoo-admin
src/routes/store-details/store-detail/components/basic-info-section.tsx,8,posx-comet-admin;posx-demo-admin;posx-eume-admin;posx-frido-admin;posx-frido-b2b-admin;posx-frido-mobility-admin;posx-mokobara-admin;posx-ugaoo-admin
src/routes/store-details/store-detail/components/store-codes-section.tsx,8,posx-comet-admin;posx-demo-admin;posx-eume-admin;posx-frido-admin;posx-frido-b2b-admin;posx-frido-mobility-admin;posx-mokobara-admin;posx-ugaoo-admin
src/routes/store-details/store-detail/components/tax-info-section.tsx,8,posx-comet-admin;posx-demo-admin;posx-eume-admin;posx-frido-admin;posx-frido-b2b-admin;posx-frido-mobility-admin;posx-mokobara-admin;posx-ugaoo-admin
src/routes/store-details/store-detail/loader.ts,8,posx-comet-admin;posx-demo-admin;posx-eume-admin;posx-frido-admin;posx-frido-b2b-admin;posx-frido-mobility-admin;posx-mokobara-admin;posx-ugaoo-admin
src/routes/store-details/store-detail/store-detail.tsx,8,posx-comet-admin;posx-demo-admin;posx-eume-admin;posx-frido-admin;posx-frido-b2b-admin;posx-frido-mobility-admin;posx-mokobara-admin;posx-ugaoo-admin
src/routes/store-details/store-details-create/components/address-create-form/address-create-form.tsx,8,posx-comet-admin;posx-demo-admin;posx-eume-admin;posx-frido-admin;posx-frido-b2b-admin;posx-frido-mobility-admin;posx-mokobara-admin;posx-ugaoo-admin
src/routes/store-details/store-details-create/components/billing-address-create-form/billing-address-create-form.tsx,8,posx-comet-admin;posx-demo-admin;posx-eume-admin;posx-frido-admin;posx-frido-b2b-admin;posx-frido-mobility-admin;posx-mokobara-admin;posx-ugaoo-admin
src/routes/store-details/store-details-create/components/payment-create-form/payment-create-form.tsx,8,posx-comet-admin;posx-demo-admin;posx-eume-admin;posx-frido-admin;posx-frido-b2b-admin;posx-frido-mobility-admin;posx-mokobara-admin;posx-ugaoo-admin
src/routes/store-details/store-details-create/components/store-code-create-form/store-code-create-form.tsx,8,posx-comet-admin;posx-demo-admin;posx-eume-admin;posx-frido-admin;posx-frido-b2b-admin;posx-frido-mobility-admin;posx-mokobara-admin;posx-ugaoo-admin
src/routes/store-details/store-details-create/components/store-details-create-form/store-details-create-form.tsx,8,posx-comet-admin;posx-demo-admin;posx-eume-admin;posx-frido-admin;posx-frido-b2b-admin;posx-frido-mobility-admin;posx-mokobara-admin;posx-ugaoo-admin
src/routes/store-details/store-details-create/components/tax-create-form/tax-create-form.tsx,8,posx-comet-admin;posx-demo-admin;posx-eume-admin;posx-frido-admin;posx-frido-b2b-admin;posx-frido-mobility-admin;posx-mokobara-admin;posx-ugaoo-admin
src/routes/store-details/store-details-create/constants.ts,8,posx-comet-admin;posx-demo-admin;posx-eume-admin;posx-frido-admin;posx-frido-b2b-admin;posx-frido-mobility-admin;posx-mokobara-admin;posx-ugaoo-admin
src/routes/store-details/store-details-create/store-details-create.tsx,8,posx-comet-admin;posx-demo-admin;posx-eume-admin;posx-frido-admin;posx-frido-b2b-admin;posx-frido-mobility-admin;posx-mokobara-admin;posx-ugaoo-admin
src/routes/store-details/store-edit/components/edit-store-form.tsx,8,posx-comet-admin;posx-demo-admin;posx-eume-admin;posx-frido-admin;posx-frido-b2b-admin;posx-frido-mobility-admin;posx-mokobara-admin;posx-ugaoo-admin
src/routes/store-details/store-edit/store-edit.tsx,8,posx-comet-admin;posx-demo-admin;posx-eume-admin;posx-frido-admin;posx-frido-b2b-admin;posx-frido-mobility-admin;posx-mokobara-admin;posx-ugaoo-admin
src/routes/store-details/store-list/components/store-list-table/store-list-table.tsx,8,posx-comet-admin;posx-demo-admin;posx-eume-admin;posx-frido-admin;posx-frido-b2b-admin;posx-frido-mobility-admin;posx-mokobara-admin;posx-ugaoo-admin
src/routes/store-details/store-list/components/use-store-details-table-query.tsx,8,posx-comet-admin;posx-demo-admin;posx-eume-admin;posx-frido-admin;posx-frido-b2b-admin;posx-frido-mobility-admin;posx-mokobara-admin;posx-ugaoo-admin
src/routes/store-details/store-list/store-list.tsx,8,posx-comet-admin;posx-demo-admin;posx-eume-admin;posx-frido-admin;posx-frido-b2b-admin;posx-frido-mobility-admin;posx-mokobara-admin;posx-ugaoo-admin
src/routes/store-details/types.ts,8,posx-comet-admin;posx-demo-admin;posx-eume-admin;posx-frido-admin;posx-frido-b2b-admin;posx-frido-mobility-admin;posx-mokobara-admin;posx-ugaoo-admin
src/routes/store/common/hooks/use-currencies-table-columns.tsx,8,posx-comet-admin;posx-demo-admin;posx-eume-admin;posx-frido-admin;posx-frido-b2b-admin;posx-frido-mobility-admin;posx-mokobara-admin;posx-ugaoo-admin
src/routes/store/common/hooks/use-currencies-table-query.tsx,8,posx-comet-admin;posx-demo-admin;posx-eume-admin;posx-frido-admin;posx-frido-b2b-admin;posx-frido-mobility-admin;posx-mokobara-admin;posx-ugaoo-admin
src/routes/store/store-add-currencies/components/add-currencies-form/add-currencies-form.tsx,8,posx-comet-admin;posx-demo-admin;posx-eume-admin;posx-frido-admin;posx-frido-b2b-admin;posx-frido-mobility-admin;posx-mokobara-admin;posx-ugaoo-admin
src/routes/store/store-add-currencies/store-add-currencies.tsx,8,posx-comet-admin;posx-demo-admin;posx-eume-admin;posx-frido-admin;posx-frido-b2b-admin;posx-frido-mobility-admin;posx-mokobara-admin;posx-ugaoo-admin
src/routes/store/store-detail/components/store-currency-section/store-currencies-section.tsx/store-currency-section.tsx,8,posx-comet-admin;posx-demo-admin;posx-eume-admin;posx-frido-admin;posx-frido-b2b-admin;posx-frido-mobility-admin;posx-mokobara-admin;posx-ugaoo-admin
src/routes/store/store-detail/components/store-general-section/store-general-section.tsx,8,posx-comet-admin;posx-demo-admin;posx-eume-admin;posx-frido-admin;posx-frido-b2b-admin;posx-frido-mobility-admin;posx-mokobara-admin;posx-ugaoo-admin
src/routes/store/store-detail/loader.ts,8,posx-comet-admin;posx-demo-admin;posx-eume-admin;posx-frido-admin;posx-frido-b2b-admin;posx-frido-mobility-admin;posx-mokobara-admin;posx-ugaoo-admin
src/routes/store/store-detail/store-detail.tsx,8,posx-comet-admin;posx-demo-admin;posx-eume-admin;posx-frido-admin;posx-frido-b2b-admin;posx-frido-mobility-admin;posx-mokobara-admin;posx-ugaoo-admin
src/routes/store/store-edit/components/edit-store-form/edit-store-form.tsx,8,posx-comet-admin;posx-demo-admin;posx-eume-admin;posx-frido-admin;posx-frido-b2b-admin;posx-frido-mobility-admin;posx-mokobara-admin;posx-ugaoo-admin
src/routes/store/store-edit/store-edit.tsx,8,posx-comet-admin;posx-demo-admin;posx-eume-admin;posx-frido-admin;posx-frido-b2b-admin;posx-frido-mobility-admin;posx-mokobara-admin;posx-ugaoo-admin
src/routes/store/store-metadata/store-metadata.tsx,8,posx-comet-admin;posx-demo-admin;posx-eume-admin;posx-frido-admin;posx-frido-b2b-admin;posx-frido-mobility-admin;posx-mokobara-admin;posx-ugaoo-admin
src/routes/tax-regions/common/components/target-form/target-form.tsx,8,posx-comet-admin;posx-demo-admin;posx-eume-admin;posx-frido-admin;posx-frido-b2b-admin;posx-frido-mobility-admin;posx-mokobara-admin;posx-ugaoo-admin
src/routes/tax-regions/common/components/target-item/target-item.tsx,8,posx-comet-admin;posx-demo-admin;posx-eume-admin;posx-frido-admin;posx-frido-b2b-admin;posx-frido-mobility-admin;posx-mokobara-admin;posx-ugaoo-admin
src/routes/tax-regions/common/components/tax-override-card/tax-override-card.tsx,8,posx-comet-admin;posx-demo-admin;posx-eume-admin;posx-frido-admin;posx-frido-b2b-admin;posx-frido-mobility-admin;posx-mokobara-admin;posx-ugaoo-admin
src/routes/tax-regions/common/components/tax-override-table/tax-override-table.tsx,8,posx-comet-admin;posx-demo-admin;posx-eume-admin;posx-frido-admin;posx-frido-b2b-admin;posx-frido-mobility-admin;posx-mokobara-admin;posx-ugaoo-admin
src/routes/tax-regions/common/components/tax-rate-line/tax-rate-line.tsx,8,posx-comet-admin;posx-demo-admin;posx-eume-admin;posx-frido-admin;posx-frido-b2b-admin;posx-frido-mobility-admin;posx-mokobara-admin;posx-ugaoo-admin
src/routes/tax-regions/common/components/tax-region-card/tax-region-card.tsx,8,posx-comet-admin;posx-demo-admin;posx-eume-admin;posx-frido-admin;posx-frido-b2b-admin;posx-frido-mobility-admin;posx-mokobara-admin;posx-ugaoo-admin
src/routes/tax-regions/common/components/tax-region-table/tax-region-table.tsx,8,posx-comet-admin;posx-demo-admin;posx-eume-admin;posx-frido-admin;posx-frido-b2b-admin;posx-frido-mobility-admin;posx-mokobara-admin;posx-ugaoo-admin
src/routes/tax-regions/common/hooks.ts,8,posx-comet-admin;posx-demo-admin;posx-eume-admin;posx-frido-admin;posx-frido-b2b-admin;posx-frido-mobility-admin;posx-mokobara-admin;posx-ugaoo-admin
src/routes/tax-regions/common/hooks/use-tax-override-table.tsx,8,posx-comet-admin;posx-demo-admin;posx-eume-admin;posx-frido-admin;posx-frido-b2b-admin;posx-frido-mobility-admin;posx-mokobara-admin;posx-ugaoo-admin
src/routes/tax-regions/common/hooks/use-tax-region-table.tsx,8,posx-comet-admin;posx-demo-admin;posx-eume-admin;posx-frido-admin;posx-frido-b2b-admin;posx-frido-mobility-admin;posx-mokobara-admin;posx-ugaoo-admin
src/routes/tax-regions/common/schemas.ts,8,posx-comet-admin;posx-demo-admin;posx-eume-admin;posx-frido-admin;posx-frido-b2b-admin;posx-frido-mobility-admin;posx-mokobara-admin;posx-ugaoo-admin
src/routes/tax-regions/tax-region-create/components/tax-region-create-form/tax-region-create-form.tsx,8,posx-comet-admin;posx-demo-admin;posx-eume-admin;posx-frido-admin;posx-frido-b2b-admin;posx-frido-mobility-admin;posx-mokobara-admin;posx-ugaoo-admin
src/routes/tax-regions/tax-region-detail/breadcrumb.tsx,8,posx-comet-admin;posx-demo-admin;posx-eume-admin;posx-frido-admin;posx-frido-b2b-admin;posx-frido-mobility-admin;posx-mokobara-admin;posx-ugaoo-admin
src/routes/tax-regions/tax-region-detail/components/tax-region-detail-section/tax-region-detail-section.tsx,8,posx-comet-admin;posx-demo-admin;posx-eume-admin;posx-frido-admin;posx-frido-b2b-admin;posx-frido-mobility-admin;posx-mokobara-admin;posx-ugaoo-admin
src/routes/tax-regions/tax-region-detail/components/tax-region-override-section/tax-region-override-section.tsx,8,posx-comet-admin;posx-demo-admin;posx-eume-admin;posx-frido-admin;posx-frido-b2b-admin;posx-frido-mobility-admin;posx-mokobara-admin;posx-ugaoo-admin
src/routes/tax-regions/tax-region-detail/components/tax-region-province-section/tax-region-province-section.tsx,8,posx-comet-admin;posx-demo-admin;posx-eume-admin;posx-frido-admin;posx-frido-b2b-admin;posx-frido-mobility-admin;posx-mokobara-admin;posx-ugaoo-admin
src/routes/tax-regions/tax-region-detail/components/tax-region-sublevel-alert/tax-region-sublevel-alert.tsx,8,posx-comet-admin;posx-demo-admin;posx-eume-admin;posx-frido-admin;posx-frido-b2b-admin;posx-frido-mobility-admin;posx-mokobara-admin;posx-ugaoo-admin
src/routes/tax-regions/tax-region-detail/loader.ts,8,posx-comet-admin;posx-demo-admin;posx-eume-admin;posx-frido-admin;posx-frido-b2b-admin;posx-frido-mobility-admin;posx-mokobara-admin;posx-ugaoo-admin
src/routes/tax-regions/tax-region-detail/tax-region-detail.tsx,8,posx-comet-admin;posx-demo-admin;posx-eume-admin;posx-frido-admin;posx-frido-b2b-admin;posx-frido-mobility-admin;posx-mokobara-admin;posx-ugaoo-admin
src/routes/tax-regions/tax-region-list/components/tax-region-list-view/tax-region-list-view.tsx,8,posx-comet-admin;posx-demo-admin;posx-eume-admin;posx-frido-admin;posx-frido-b2b-admin;posx-frido-mobility-admin;posx-mokobara-admin;posx-ugaoo-admin
src/routes/tax-regions/tax-region-list/tax-region-list.tsx,8,posx-comet-admin;posx-demo-admin;posx-eume-admin;posx-frido-admin;posx-frido-b2b-admin;posx-frido-mobility-admin;posx-mokobara-admin;posx-ugaoo-admin
src/routes/tax-regions/tax-region-metadata/tax-region-metadata.tsx,8,posx-comet-admin;posx-demo-admin;posx-eume-admin;posx-frido-admin;posx-frido-b2b-admin;posx-frido-mobility-admin;posx-mokobara-admin;posx-ugaoo-admin
src/routes/tax-regions/tax-region-province-create/components/tax-region-province-create-form/tax-region-province-create-form.tsx,8,posx-comet-admin;posx-demo-admin;posx-eume-admin;posx-frido-admin;posx-frido-b2b-admin;posx-frido-mobility-admin;posx-mokobara-admin;posx-ugaoo-admin
src/routes/tax-regions/tax-region-province-create/tax-region-province-create.tsx,8,posx-comet-admin;posx-demo-admin;posx-eume-admin;posx-frido-admin;posx-frido-b2b-admin;posx-frido-mobility-admin;posx-mokobara-admin;posx-ugaoo-admin
src/routes/tax-regions/tax-region-province-detail/breadcrumb.tsx,8,posx-comet-admin;posx-demo-admin;posx-eume-admin;posx-frido-admin;posx-frido-b2b-admin;posx-frido-mobility-admin;posx-mokobara-admin;posx-ugaoo-admin
src/routes/tax-regions/tax-region-province-detail/components/tax-region-province-detail-section/tax-region-detail-section.tsx,8,posx-comet-admin;posx-demo-admin;posx-eume-admin;posx-frido-admin;posx-frido-b2b-admin;posx-frido-mobility-admin;posx-mokobara-admin;posx-ugaoo-admin
src/routes/tax-regions/tax-region-province-detail/components/tax-region-province-override-section/tax-region-province-override-section.tsx,8,posx-comet-admin;posx-demo-admin;posx-eume-admin;posx-frido-admin;posx-frido-b2b-admin;posx-frido-mobility-admin;posx-mokobara-admin;posx-ugaoo-admin
src/routes/tax-regions/tax-region-province-detail/tax-region-detail.tsx,8,posx-comet-admin;posx-demo-admin;posx-eume-admin;posx-frido-admin;posx-frido-b2b-admin;posx-frido-mobility-admin;posx-mokobara-admin;posx-ugaoo-admin
src/routes/tax-regions/tax-region-tax-override-create/components/tax-region-override-create-form/tax-region-tax-override-create.tsx,8,posx-comet-admin;posx-demo-admin;posx-eume-admin;posx-frido-admin;posx-frido-b2b-admin;posx-frido-mobility-admin;posx-mokobara-admin;posx-ugaoo-admin
src/routes/tax-regions/tax-region-tax-override-create/tax-region-tax-override-create.tsx,8,posx-comet-admin;posx-demo-admin;posx-eume-admin;posx-frido-admin;posx-frido-b2b-admin;posx-frido-mobility-admin;posx-mokobara-admin;posx-ugaoo-admin
src/routes/tax-regions/tax-region-tax-override-edit/components/tax-region-tax-override-edit-form/tax-region-tax-override-edit-form.tsx,8,posx-comet-admin;posx-demo-admin;posx-eume-admin;posx-frido-admin;posx-frido-b2b-admin;posx-frido-mobility-admin;posx-mokobara-admin;posx-ugaoo-admin
src/routes/tax-regions/tax-region-tax-override-edit/tax-region-tax-override-edit.tsx,8,posx-comet-admin;posx-demo-admin;posx-eume-admin;posx-frido-admin;posx-frido-b2b-admin;posx-frido-mobility-admin;posx-mokobara-admin;posx-ugaoo-admin
src/routes/tax-regions/tax-region-tax-rate-create/components/tax-region-tax-rate-create-form/tax-region-tax-rate-create-form.tsx,8,posx-comet-admin;posx-demo-admin;posx-eume-admin;posx-frido-admin;posx-frido-b2b-admin;posx-frido-mobility-admin;posx-mokobara-admin;posx-ugaoo-admin
src/routes/tax-regions/tax-region-tax-rate-create/tax-region-tax-rate-create.tsx,8,posx-comet-admin;posx-demo-admin;posx-eume-admin;posx-frido-admin;posx-frido-b2b-admin;posx-frido-mobility-admin;posx-mokobara-admin;posx-ugaoo-admin
src/routes/tax-regions/tax-region-tax-rate-edit/components/tax-region-tax-rate-edit-form/tax-region-tax-rate-edit-form.tsx,8,posx-comet-admin;posx-demo-admin;posx-eume-admin;posx-frido-admin;posx-frido-b2b-admin;posx-frido-mobility-admin;posx-mokobara-admin;posx-ugaoo-admin
src/routes/tax-regions/tax-region-tax-rate-edit/tax-region-edit.tsx,8,posx-comet-admin;posx-demo-admin;posx-eume-admin;posx-frido-admin;posx-frido-b2b-admin;posx-frido-mobility-admin;posx-mokobara-admin;posx-ugaoo-admin
src/routes/users/user-detail/breadcrumb.tsx,8,posx-comet-admin;posx-demo-admin;posx-eume-admin;posx-frido-admin;posx-frido-b2b-admin;posx-frido-mobility-admin;posx-mokobara-admin;posx-ugaoo-admin
src/routes/users/user-detail/components/user-general-section/user-general-section.tsx,8,posx-comet-admin;posx-demo-admin;posx-eume-admin;posx-frido-admin;posx-frido-b2b-admin;posx-frido-mobility-admin;posx-mokobara-admin;posx-ugaoo-admin
src/routes/users/user-detail/loader.ts,8,posx-comet-admin;posx-demo-admin;posx-eume-admin;posx-frido-admin;posx-frido-b2b-admin;posx-frido-mobility-admin;posx-mokobara-admin;posx-ugaoo-admin
src/routes/users/user-detail/user-detail.tsx,8,posx-comet-admin;posx-demo-admin;posx-eume-admin;posx-frido-admin;posx-frido-b2b-admin;posx-frido-mobility-admin;posx-mokobara-admin;posx-ugaoo-admin
src/routes/users/user-edit/components/edit-user-form/edit-user-form.tsx,8,posx-comet-admin;posx-demo-admin;posx-eume-admin;posx-frido-admin;posx-frido-b2b-admin;posx-frido-mobility-admin;posx-mokobara-admin;posx-ugaoo-admin
src/routes/users/user-edit/user-edit.tsx,8,posx-comet-admin;posx-demo-admin;posx-eume-admin;posx-frido-admin;posx-frido-b2b-admin;posx-frido-mobility-admin;posx-mokobara-admin;posx-ugaoo-admin
src/routes/users/user-invite/components/invite-user-form/invite-user-form.tsx,8,posx-comet-admin;posx-demo-admin;posx-eume-admin;posx-frido-admin;posx-frido-b2b-admin;posx-frido-mobility-admin;posx-mokobara-admin;posx-ugaoo-admin
src/routes/users/user-list/components/user-list-table/user-list-table.tsx,8,posx-comet-admin;posx-demo-admin;posx-eume-admin;posx-frido-admin;posx-frido-b2b-admin;posx-frido-mobility-admin;posx-mokobara-admin;posx-ugaoo-admin
src/routes/users/user-list/user-list.tsx,8,posx-comet-admin;posx-demo-admin;posx-eume-admin;posx-frido-admin;posx-frido-b2b-admin;posx-frido-mobility-admin;posx-mokobara-admin;posx-ugaoo-admin
src/routes/users/user-metadata/user-metadata.tsx,8,posx-comet-admin;posx-demo-admin;posx-eume-admin;posx-frido-admin;posx-frido-b2b-admin;posx-frido-mobility-admin;posx-mokobara-admin;posx-ugaoo-admin
src/routes/workflow-executions/constants.ts,8,posx-comet-admin;posx-demo-admin;posx-eume-admin;posx-frido-admin;posx-frido-b2b-admin;posx-frido-mobility-admin;posx-mokobara-admin;posx-ugaoo-admin
src/routes/workflow-executions/types.ts,8,posx-comet-admin;posx-demo-admin;posx-eume-admin;posx-frido-admin;posx-frido-b2b-admin;posx-frido-mobility-admin;posx-mokobara-admin;posx-ugaoo-admin
src/routes/workflow-executions/utils.ts,8,posx-comet-admin;posx-demo-admin;posx-eume-admin;posx-frido-admin;posx-frido-b2b-admin;posx-frido-mobility-admin;posx-mokobara-admin;posx-ugaoo-admin
src/routes/workflow-executions/workflow-execution-detail/breadcrumb.tsx,8,posx-comet-admin;posx-demo-admin;posx-eume-admin;posx-frido-admin;posx-frido-b2b-admin;posx-frido-mobility-admin;posx-mokobara-admin;posx-ugaoo-admin
src/routes/workflow-executions/workflow-execution-detail/components/workflow-execution-general-section/workflow-execution-general-section.tsx,8,posx-comet-admin;posx-demo-admin;posx-eume-admin;posx-frido-admin;posx-frido-b2b-admin;posx-frido-mobility-admin;posx-mokobara-admin;posx-ugaoo-admin
src/routes/workflow-executions/workflow-execution-detail/components/workflow-execution-history-section/workflow-execution-history-section.tsx,8,posx-comet-admin;posx-demo-admin;posx-eume-admin;posx-frido-admin;posx-frido-b2b-admin;posx-frido-mobility-admin;posx-mokobara-admin;posx-ugaoo-admin
src/routes/workflow-executions/workflow-execution-detail/components/workflow-execution-payload-section/workflow-execution-payload-section.tsx,8,posx-comet-admin;posx-demo-admin;posx-eume-admin;posx-frido-admin;posx-frido-b2b-admin;posx-frido-mobility-admin;posx-mokobara-admin;posx-ugaoo-admin
src/routes/workflow-executions/workflow-execution-detail/components/workflow-execution-timeline-section/workflow-execution-timeline-section.tsx,8,posx-comet-admin;posx-demo-admin;posx-eume-admin;posx-frido-admin;posx-frido-b2b-admin;posx-frido-mobility-admin;posx-mokobara-admin;posx-ugaoo-admin
src/routes/workflow-executions/workflow-execution-detail/loader.ts,8,posx-comet-admin;posx-demo-admin;posx-eume-admin;posx-frido-admin;posx-frido-b2b-admin;posx-frido-mobility-admin;posx-mokobara-admin;posx-ugaoo-admin
src/routes/workflow-executions/workflow-execution-detail/workflow-detail.tsx,8,posx-comet-admin;posx-demo-admin;posx-eume-admin;posx-frido-admin;posx-frido-b2b-admin;posx-frido-mobility-admin;posx-mokobara-admin;posx-ugaoo-admin
src/routes/workflow-executions/workflow-execution-list/components/workflow-execution-list-table/use-workflow-execution-table-columns.tsx,8,posx-comet-admin;posx-demo-admin;posx-eume-admin;posx-frido-admin;posx-frido-b2b-admin;posx-frido-mobility-admin;posx-mokobara-admin;posx-ugaoo-admin
src/routes/workflow-executions/workflow-execution-list/components/workflow-execution-list-table/use-workflow-execution-table-query.tsx,8,posx-comet-admin;posx-demo-admin;posx-eume-admin;posx-frido-admin;posx-frido-b2b-admin;posx-frido-mobility-admin;posx-mokobara-admin;posx-ugaoo-admin
src/routes/workflow-executions/workflow-execution-list/components/workflow-execution-list-table/workflow-execution-list-table.tsx,8,posx-comet-admin;posx-demo-admin;posx-eume-admin;posx-frido-admin;posx-frido-b2b-admin;posx-frido-mobility-admin;posx-mokobara-admin;posx-ugaoo-admin
src/routes/workflow-executions/workflow-execution-list/workflow-execution-list.tsx,8,posx-comet-admin;posx-demo-admin;posx-eume-admin;posx-frido-admin;posx-frido-b2b-admin;posx-frido-mobility-admin;posx-mokobara-admin;posx-ugaoo-admin
src/services/order-export.ts,8,posx-comet-admin;posx-demo-admin;posx-eume-admin;posx-frido-admin;posx-frido-b2b-admin;posx-frido-mobility-admin;posx-mokobara-admin;posx-ugaoo-admin
tailwind.config.cjs,8,posx-comet-admin;posx-demo-admin;posx-eume-admin;posx-frido-admin;posx-frido-b2b-admin;posx-frido-mobility-admin;posx-mokobara-admin;posx-ugaoo-admin
vite.config.mts,8,posx-comet-admin;posx-demo-admin;posx-eume-admin;posx-frido-admin;posx-frido-b2b-admin;posx-frido-mobility-admin;posx-mokobara-admin;posx-ugaoo-admin
integration-tests/http/health.spec.ts,8,posx-comet-backend;posx-demo-backend;posx-eume-backend;posx-frido-backend;posx-frido-mobility-backend;posx-mokobara-backend;posx-mokobara-clearance-backend;posx-ugaoo-backend
src/api/admin/cms/accumulation/[storeId]/route.ts,8,posx-comet-backend;posx-demo-backend;posx-eume-backend;posx-frido-backend;posx-frido-mobility-backend;posx-mokobara-backend;posx-mokobara-clearance-backend;posx-ugaoo-backend
src/api/admin/footfall/route.ts,8,posx-comet-backend;posx-demo-backend;posx-eume-backend;posx-frido-backend;posx-frido-mobility-backend;posx-mokobara-backend;posx-mokobara-clearance-backend;posx-ugaoo-backend
src/api/admin/order-detail/[id]/route.ts,8,posx-comet-backend;posx-demo-backend;posx-eume-backend;posx-frido-b2b-backend;posx-frido-backend;posx-frido-mobility-backend;posx-mokobara-backend;posx-mokobara-clearance-backend
src/api/admin/payment-details/cancel/route.ts,8,posx-comet-backend;posx-demo-backend;posx-eume-backend;posx-frido-b2b-backend;posx-frido-backend;posx-frido-mobility-backend;posx-mokobara-backend;posx-mokobara-clearance-backend
src/api/admin/payment-details/route.ts,8,posx-comet-backend;posx-demo-backend;posx-eume-backend;posx-frido-b2b-backend;posx-frido-backend;posx-frido-mobility-backend;posx-mokobara-backend;posx-mokobara-clearance-backend
src/api/admin/payment-details/verify/route.ts,8,posx-comet-backend;posx-demo-backend;posx-eume-backend;posx-frido-b2b-backend;posx-frido-backend;posx-frido-mobility-backend;posx-mokobara-backend;posx-mokobara-clearance-backend
src/api/admin/pos-inventory/item/route.ts,8,posx-comet-backend;posx-demo-backend;posx-eume-backend;posx-frido-backend;posx-frido-mobility-backend;posx-mokobara-backend;posx-mokobara-clearance-backend;posx-ugaoo-backend
src/api/admin/pos-inventory/tracking/route.ts,8,posx-comet-backend;posx-demo-backend;posx-eume-backend;posx-frido-backend;posx-frido-mobility-backend;posx-mokobara-backend;posx-mokobara-clearance-backend;posx-ugaoo-backend
src/api/admin/store-details/route.ts,8,posx-comet-backend;posx-demo-backend;posx-eume-backend;posx-frido-b2b-backend;posx-frido-backend;posx-frido-mobility-backend;posx-mokobara-clearance-backend;posx-ugaoo-backend
src/lib/helpers/get-gst-info-by-hsn.ts,8,posx-comet-backend;posx-demo-backend;posx-eume-backend;posx-frido-b2b-backend;posx-frido-backend;posx-frido-mobility-backend;posx-mokobara-backend;posx-mokobara-clearance-backend
src/modules/store-details/models/store-details.ts,8,posx-comet-backend;posx-demo-backend;posx-eume-backend;posx-frido-b2b-backend;posx-frido-mobility-backend;posx-mokobara-backend;posx-mokobara-clearance-backend;posx-ugaoo-backend
src/modules/unicommerce/service.ts,8,posx-comet-backend;posx-demo-backend;posx-eume-backend;posx-frido-b2b-backend;posx-frido-backend;posx-frido-mobility-backend;posx-mokobara-backend;posx-ugaoo-backend
src/types/validators/cms.ts,8,posx-comet-backend;posx-demo-backend;posx-eume-backend;posx-frido-b2b-backend;posx-frido-backend;posx-frido-mobility-backend;posx-mokobara-backend;posx-ugaoo-backend
src/types/validators/discard-gatepass.ts,8,posx-comet-backend;posx-demo-backend;posx-eume-backend;posx-frido-b2b-backend;posx-frido-backend;posx-frido-mobility-backend;posx-mokobara-backend;posx-ugaoo-backend
src/types/validators/order-return-exchange.ts,8,posx-comet-backend;posx-demo-backend;posx-eume-backend;posx-frido-b2b-backend;posx-frido-backend;posx-frido-mobility-backend;posx-mokobara-backend;posx-ugaoo-backend
src/types/validators/shopify-customer.ts,8,posx-comet-backend;posx-demo-backend;posx-eume-backend;posx-frido-b2b-backend;posx-frido-backend;posx-frido-mobility-backend;posx-mokobara-backend;posx-mokobara-clearance-backend
src/types/validators/shopify-product.ts,8,posx-comet-backend;posx-demo-backend;posx-eume-backend;posx-frido-backend;posx-frido-mobility-backend;posx-mokobara-backend;posx-mokobara-clearance-backend;posx-ugaoo-backend
src/workflows/cart/steps/get-medusa-product-variant-step.ts,8,posx-comet-backend;posx-demo-backend;posx-eume-backend;posx-frido-backend;posx-frido-mobility-backend;posx-mokobara-backend;posx-mokobara-clearance-backend;posx-ugaoo-backend
src/workflows/employee/workflows/delete-employee.ts,8,posx-comet-backend;posx-demo-backend;posx-eume-backend;posx-frido-b2b-backend;posx-frido-backend;posx-frido-mobility-backend;posx-mokobara-clearance-backend;posx-ugaoo-backend
src/workflows/exports/workflows/export-order-details-workflow.ts,8,posx-comet-backend;posx-demo-backend;posx-eume-backend;posx-frido-b2b-backend;posx-frido-backend;posx-frido-mobility-backend;posx-mokobara-backend;posx-mokobara-clearance-backend
src/workflows/featured-collections/steps/get-all-featured-collections-step.ts,8,posx-comet-backend;posx-demo-backend;posx-eume-backend;posx-frido-b2b-backend;posx-frido-backend;posx-frido-mobility-backend;posx-mokobara-backend;posx-ugaoo-backend
src/workflows/order-detail/steps/confirm-order-detail-step.ts,8,posx-comet-backend;posx-demo-backend;posx-eume-backend;posx-frido-b2b-backend;posx-frido-backend;posx-frido-mobility-backend;posx-mokobara-clearance-backend;posx-ugaoo-backend
src/workflows/order-detail/steps/create-order-detail-step.ts,8,posx-comet-backend;posx-demo-backend;posx-eume-backend;posx-frido-backend;posx-frido-mobility-backend;posx-mokobara-backend;posx-mokobara-clearance-backend;posx-ugaoo-backend
src/workflows/order-detail/steps/delete-order-detail-step.ts,8,posx-comet-backend;posx-demo-backend;posx-eume-backend;posx-frido-b2b-backend;posx-frido-backend;posx-frido-mobility-backend;posx-mokobara-backend;posx-mokobara-clearance-backend
src/workflows/order-detail/steps/validate-order-products-step.ts,8,posx-comet-backend;posx-demo-backend;posx-eume-backend;posx-frido-backend;posx-frido-mobility-backend;posx-mokobara-backend;posx-mokobara-clearance-backend;posx-ugaoo-backend
src/workflows/order-detail/workflows/check-if-item-code-is-already-sold.ts,8,posx-comet-backend;posx-demo-backend;posx-eume-backend;posx-frido-backend;posx-frido-mobility-backend;posx-mokobara-backend;posx-mokobara-clearance-backend;posx-ugaoo-backend
src/workflows/order-detail/workflows/create-order-details.ts,8,posx-comet-backend;posx-demo-backend;posx-eume-backend;posx-frido-backend;posx-frido-mobility-backend;posx-mokobara-backend;posx-mokobara-clearance-backend;posx-ugaoo-backend
src/workflows/payment-detail/steps/verify-refund-payment-step.ts,8,posx-comet-backend;posx-demo-backend;posx-eume-backend;posx-frido-b2b-backend;posx-frido-backend;posx-frido-mobility-backend;posx-mokobara-backend;posx-ugaoo-backend
src/workflows/payment-detail/workflows/cancel-payment-detail.ts,8,posx-comet-backend;posx-demo-backend;posx-eume-backend;posx-frido-b2b-backend;posx-frido-backend;posx-frido-mobility-backend;posx-mokobara-clearance-backend;posx-ugaoo-backend
src/workflows/pos-inventory/steps/generate-inventory-export-csv-step.ts,8,posx-comet-backend;posx-demo-backend;posx-frido-b2b-backend;posx-frido-backend;posx-frido-mobility-backend;posx-mokobara-backend;posx-mokobara-clearance-backend;posx-ugaoo-backend
src/workflows/shopify-collection/workflows/update-shopify-collection.ts,8,posx-comet-backend;posx-demo-backend;posx-eume-backend;posx-frido-b2b-backend;posx-frido-mobility-backend;posx-mokobara-backend;posx-mokobara-clearance-backend;posx-ugaoo-backend
src/workflows/shopify-product/steps/update-medusa-product-step.ts,8,posx-comet-backend;posx-demo-backend;posx-eume-backend;posx-frido-b2b-backend;posx-frido-mobility-backend;posx-mokobara-backend;posx-mokobara-clearance-backend;posx-ugaoo-backend
src/workflows/store-details/steps/check-store-existance-step.ts,8,posx-comet-backend;posx-demo-backend;posx-eume-backend;posx-frido-b2b-backend;posx-frido-backend;posx-frido-mobility-backend;posx-mokobara-clearance-backend;posx-ugaoo-backend
src/workflows/store-details/workflows/delete-store-details.ts,8,posx-comet-backend;posx-demo-backend;posx-eume-backend;posx-frido-b2b-backend;posx-frido-backend;posx-frido-mobility-backend;posx-mokobara-clearance-backend;posx-ugaoo-backend
src/workflows/system-config/steps/generate-code-step.ts,8,posx-comet-backend;posx-demo-backend;posx-eume-backend;posx-frido-b2b-backend;posx-frido-backend;posx-frido-mobility-backend;posx-mokobara-clearance-backend;posx-ugaoo-backend
src/workflows/unicommerce/steps/discard-gatepass-step.ts,8,posx-comet-backend;posx-demo-backend;posx-eume-backend;posx-frido-b2b-backend;posx-frido-backend;posx-frido-mobility-backend;posx-mokobara-backend;posx-ugaoo-backend
src/workflows/unicommerce/steps/get-product-from-item-code-step.ts,8,posx-comet-backend;posx-demo-backend;posx-eume-backend;posx-frido-b2b-backend;posx-frido-backend;posx-frido-mobility-backend;posx-mokobara-backend;posx-ugaoo-backend
src/workflows/user/workflow/deactivate-user.ts,8,posx-comet-backend;posx-demo-backend;posx-eume-backend;posx-frido-b2b-backend;posx-frido-backend;posx-frido-mobility-backend;posx-mokobara-clearance-backend;posx-ugaoo-backend
src/App.tsx,8,posx-comet-store;posx-demo-store;posx-eume-store;posx-frido-b2b-store;posx-frido-mobility-store;posx-frido-store;posx-mokobara-store;posx-ugaoo-store
src/components/app/cms/add-cms/index.tsx,8,posx-comet-store;posx-demo-store;posx-eume-store;posx-frido-b2b-store;posx-frido-mobility-store;posx-frido-store;posx-mokobara-store;posx-ugaoo-store
src/components/app/cms/cash-in-store-card.tsx,8,posx-comet-store;posx-demo-store;posx-eume-store;posx-frido-b2b-store;posx-frido-mobility-store;posx-frido-store;posx-mokobara-store;posx-ugaoo-store
src/components/app/coupons/coupons-filter.tsx,8,posx-comet-store;posx-demo-store;posx-eume-store;posx-frido-b2b-store;posx-frido-mobility-store;posx-frido-store;posx-mokobara-store;posx-ugaoo-store
src/components/app/coupons/coupons-listing.tsx,8,posx-comet-store;posx-demo-store;posx-eume-store;posx-frido-b2b-store;posx-frido-mobility-store;posx-frido-store;posx-mokobara-store;posx-ugaoo-store
src/components/app/coupons/coupons-sort.tsx,8,posx-comet-store;posx-demo-store;posx-eume-store;posx-frido-b2b-store;posx-frido-mobility-store;posx-frido-store;posx-mokobara-store;posx-ugaoo-store
src/components/app/customer/customer-login/index.tsx,8,posx-comet-store;posx-demo-store;posx-eume-store;posx-frido-b2b-store;posx-frido-mobility-store;posx-frido-store;posx-mokobara-store;posx-ugaoo-store
src/components/app/employees/employees-filter.tsx,8,posx-comet-store;posx-demo-store;posx-eume-store;posx-frido-b2b-store;posx-frido-mobility-store;posx-frido-store;posx-mokobara-store;posx-ugaoo-store
src/components/app/employees/employees-sort.tsx,8,posx-comet-store;posx-demo-store;posx-eume-store;posx-frido-b2b-store;posx-frido-mobility-store;posx-frido-store;posx-mokobara-store;posx-ugaoo-store
src/components/app/footfall/footfall-entry.tsx,8,posx-comet-store;posx-demo-store;posx-eume-store;posx-frido-b2b-store;posx-frido-mobility-store;posx-frido-store;posx-mokobara-store;posx-ugaoo-store
src/components/app/home/employee-selector-v1.tsx,8,posx-comet-store;posx-demo-store;posx-eume-store;posx-frido-b2b-store;posx-frido-mobility-store;posx-frido-store;posx-mokobara-store;posx-ugaoo-store
src/components/app/home/employee-selector.tsx,8,posx-comet-store;posx-demo-store;posx-eume-store;posx-frido-b2b-store;posx-frido-mobility-store;posx-frido-store;posx-mokobara-store;posx-ugaoo-store
src/components/app/inventory/inventory-filters.tsx,8,posx-comet-store;posx-demo-store;posx-eume-store;posx-frido-b2b-store;posx-frido-mobility-store;posx-frido-store;posx-mokobara-store;posx-ugaoo-store
src/components/app/order/delete-order-confirmation.tsx,8,posx-comet-store;posx-demo-store;posx-eume-store;posx-frido-b2b-store;posx-frido-mobility-store;posx-frido-store;posx-mokobara-store;posx-ugaoo-store
src/components/app/order/exchange-order-summary.tsx,8,posx-comet-store;posx-demo-store;posx-eume-store;posx-frido-b2b-store;posx-frido-mobility-store;posx-frido-store;posx-mokobara-store;posx-ugaoo-store
src/components/app/order/order-card.tsx,8,posx-comet-store;posx-demo-store;posx-eume-store;posx-frido-b2b-store;posx-frido-mobility-store;posx-frido-store;posx-mokobara-store;posx-ugaoo-store
src/components/app/orders/orders-filter.tsx,8,posx-comet-store;posx-demo-store;posx-eume-store;posx-frido-b2b-store;posx-frido-mobility-store;posx-frido-store;posx-mokobara-store;posx-ugaoo-store
src/components/app/orders/orders-report-options.tsx,8,posx-comet-store;posx-demo-store;posx-eume-store;posx-frido-b2b-store;posx-frido-mobility-store;posx-frido-store;posx-mokobara-store;posx-ugaoo-store
src/components/app/orders/orders-sort.tsx,8,posx-comet-store;posx-demo-store;posx-eume-store;posx-frido-b2b-store;posx-frido-mobility-store;posx-frido-store;posx-mokobara-store;posx-ugaoo-store
src/components/app/past-orders/past-orders-table.tsx,8,posx-comet-store;posx-demo-store;posx-eume-store;posx-frido-b2b-store;posx-frido-mobility-store;posx-frido-store;posx-mokobara-store;posx-ugaoo-store
src/components/app/payments/shared/cancel-transaction-request.tsx,8,posx-comet-store;posx-demo-store;posx-eume-store;posx-frido-b2b-store;posx-frido-mobility-store;posx-frido-store;posx-mokobara-store;posx-ugaoo-store
src/components/app/payments/shared/order-transactions-table.tsx,8,posx-comet-store;posx-demo-store;posx-eume-store;posx-frido-b2b-store;posx-frido-mobility-store;posx-frido-store;posx-mokobara-store;posx-ugaoo-store
src/components/app/payments/shared/resend-transaction-request.tsx,8,posx-comet-store;posx-demo-store;posx-eume-store;posx-frido-b2b-store;posx-frido-mobility-store;posx-frido-store;posx-mokobara-store;posx-ugaoo-store
src/components/app/transactions/transations-table.tsx,8,posx-comet-store;posx-demo-store;posx-eume-store;posx-frido-b2b-store;posx-frido-mobility-store;posx-frido-store;posx-mokobara-store;posx-ugaoo-store
src/components/auth/reset-password-form/schema.ts,8,posx-comet-store;posx-demo-store;posx-eume-store;posx-frido-b2b-store;posx-frido-mobility-store;posx-frido-store;posx-mokobara-store;posx-ugaoo-store
src/components/auth/sign-in-form/index.tsx,8,posx-comet-store;posx-demo-store;posx-eume-store;posx-frido-b2b-store;posx-frido-mobility-store;posx-frido-store;posx-mokobara-store;posx-ugaoo-store
src/components/auth/sign-in-form/schema.ts,8,posx-comet-store;posx-demo-store;posx-eume-store;posx-frido-b2b-store;posx-frido-mobility-store;posx-frido-store;posx-mokobara-store;posx-ugaoo-store
src/components/cursor-pagination.tsx,8,posx-comet-store;posx-demo-store;posx-eume-store;posx-frido-b2b-store;posx-frido-mobility-store;posx-frido-store;posx-mokobara-store;posx-ugaoo-store
src/components/file-input.tsx,8,posx-comet-store;posx-demo-store;posx-eume-store;posx-frido-b2b-store;posx-frido-mobility-store;posx-frido-store;posx-mokobara-store;posx-ugaoo-store
src/components/filters.tsx,8,posx-comet-store;posx-demo-store;posx-eume-store;posx-frido-b2b-store;posx-frido-mobility-store;posx-frido-store;posx-mokobara-store;posx-ugaoo-store
src/components/image.tsx,8,posx-comet-store;posx-demo-store;posx-eume-store;posx-frido-b2b-store;posx-frido-mobility-store;posx-frido-store;posx-mokobara-store;posx-ugaoo-store
src/components/infinite-scroll-select.tsx,8,posx-comet-store;posx-demo-store;posx-eume-store;posx-frido-b2b-store;posx-frido-mobility-store;posx-frido-store;posx-mokobara-store;posx-ugaoo-store
src/components/offset-pagination.tsx,8,posx-comet-store;posx-demo-store;posx-eume-store;posx-frido-b2b-store;posx-frido-mobility-store;posx-frido-store;posx-mokobara-store;posx-ugaoo-store
src/components/page-size-selector.tsx,8,posx-comet-store;posx-demo-store;posx-eume-store;posx-frido-b2b-store;posx-frido-mobility-store;posx-frido-store;posx-mokobara-store;posx-ugaoo-store
src/components/primitives/alert-dialog.tsx,8,posx-comet-store;posx-demo-store;posx-eume-store;posx-frido-b2b-store;posx-frido-mobility-store;posx-frido-store;posx-mokobara-store;posx-ugaoo-store
src/components/primitives/badge.tsx,8,posx-comet-store;posx-demo-store;posx-eume-store;posx-frido-b2b-store;posx-frido-mobility-store;posx-frido-store;posx-mokobara-store;posx-ugaoo-store
src/components/primitives/breadcrumb.tsx,8,posx-comet-store;posx-demo-store;posx-eume-store;posx-frido-b2b-store;posx-frido-mobility-store;posx-frido-store;posx-mokobara-store;posx-ugaoo-store
src/components/primitives/button.tsx,8,posx-comet-store;posx-demo-store;posx-eume-store;posx-frido-b2b-store;posx-frido-mobility-store;posx-frido-store;posx-mokobara-store;posx-ugaoo-store
src/components/primitives/carousel.tsx,8,posx-comet-store;posx-demo-store;posx-eume-store;posx-frido-b2b-store;posx-frido-mobility-store;posx-frido-store;posx-mokobara-store;posx-ugaoo-store
src/components/primitives/checkbox.tsx,8,posx-comet-store;posx-demo-store;posx-eume-store;posx-frido-b2b-store;posx-frido-mobility-store;posx-frido-store;posx-mokobara-store;posx-ugaoo-store
src/components/primitives/command.tsx,8,posx-comet-store;posx-demo-store;posx-eume-store;posx-frido-b2b-store;posx-frido-mobility-store;posx-frido-store;posx-mokobara-store;posx-ugaoo-store
src/components/primitives/date-range-picker.tsx,8,posx-comet-store;posx-demo-store;posx-eume-store;posx-frido-b2b-store;posx-frido-mobility-store;posx-frido-store;posx-mokobara-store;posx-ugaoo-store
src/components/primitives/date-time-picker.tsx,8,posx-comet-store;posx-demo-store;posx-eume-store;posx-frido-b2b-store;posx-frido-mobility-store;posx-frido-store;posx-mokobara-store;posx-ugaoo-store
src/components/primitives/form.tsx,8,posx-comet-store;posx-demo-store;posx-eume-store;posx-frido-b2b-store;posx-frido-mobility-store;posx-frido-store;posx-mokobara-store;posx-ugaoo-store
src/components/primitives/input.tsx,8,posx-comet-store;posx-demo-store;posx-eume-store;posx-frido-b2b-store;posx-frido-mobility-store;posx-frido-store;posx-mokobara-store;posx-ugaoo-store
src/components/primitives/label.tsx,8,posx-comet-store;posx-demo-store;posx-eume-store;posx-frido-b2b-store;posx-frido-mobility-store;posx-frido-store;posx-mokobara-store;posx-ugaoo-store
src/components/primitives/pagination.tsx,8,posx-comet-store;posx-demo-store;posx-eume-store;posx-frido-b2b-store;posx-frido-mobility-store;posx-frido-store;posx-mokobara-store;posx-ugaoo-store
src/components/primitives/popover.tsx,8,posx-comet-store;posx-demo-store;posx-eume-store;posx-frido-b2b-store;posx-frido-mobility-store;posx-frido-store;posx-mokobara-store;posx-ugaoo-store
src/components/primitives/radio-group.tsx,8,posx-comet-store;posx-demo-store;posx-eume-store;posx-frido-b2b-store;posx-frido-mobility-store;posx-frido-store;posx-mokobara-store;posx-ugaoo-store
src/components/primitives/select.tsx,8,posx-comet-store;posx-demo-store;posx-eume-store;posx-frido-b2b-store;posx-frido-mobility-store;posx-frido-store;posx-mokobara-store;posx-ugaoo-store
src/components/primitives/sheet.tsx,8,posx-comet-store;posx-demo-store;posx-eume-store;posx-frido-b2b-store;posx-frido-mobility-store;posx-frido-store;posx-mokobara-store;posx-ugaoo-store
src/components/primitives/table.tsx,8,posx-comet-store;posx-demo-store;posx-eume-store;posx-frido-b2b-store;posx-frido-mobility-store;posx-frido-store;posx-mokobara-store;posx-ugaoo-store
src/components/primitives/tabs.tsx,8,posx-comet-store;posx-demo-store;posx-eume-store;posx-frido-b2b-store;posx-frido-mobility-store;posx-frido-store;posx-mokobara-store;posx-ugaoo-store
src/components/primitives/tags-input.tsx,8,posx-comet-store;posx-demo-store;posx-eume-store;posx-frido-b2b-store;posx-frido-mobility-store;posx-frido-store;posx-mokobara-store;posx-ugaoo-store
src/components/primitives/toast.tsx,8,posx-comet-store;posx-demo-store;posx-eume-store;posx-frido-b2b-store;posx-frido-mobility-store;posx-frido-store;posx-mokobara-store;posx-ugaoo-store
src/components/primitives/toaster.tsx,8,posx-comet-store;posx-demo-store;posx-eume-store;posx-frido-b2b-store;posx-frido-mobility-store;posx-frido-store;posx-mokobara-store;posx-ugaoo-store
src/components/primitives/tooltip.tsx,8,posx-comet-store;posx-demo-store;posx-eume-store;posx-frido-b2b-store;posx-frido-mobility-store;posx-frido-store;posx-mokobara-store;posx-ugaoo-store
src/components/print-button-v2.tsx,8,posx-comet-store;posx-demo-store;posx-eume-store;posx-frido-b2b-store;posx-frido-mobility-store;posx-frido-store;posx-mokobara-store;posx-ugaoo-store
src/components/print-button.tsx,8,posx-comet-store;posx-demo-store;posx-eume-store;posx-frido-b2b-store;posx-frido-mobility-store;posx-frido-store;posx-mokobara-store;posx-ugaoo-store
src/components/spinner.tsx,8,posx-comet-store;posx-demo-store;posx-eume-store;posx-frido-b2b-store;posx-frido-mobility-store;posx-frido-store;posx-mokobara-store;posx-ugaoo-store
src/hooks/useAddToCart.ts,8,posx-comet-store;posx-demo-store;posx-eume-store;posx-frido-b2b-store;posx-frido-mobility-store;posx-frido-store;posx-mokobara-store;posx-ugaoo-store
src/hooks/useDebounce.ts,8,posx-comet-store;posx-demo-store;posx-eume-store;posx-frido-b2b-store;posx-frido-mobility-store;posx-frido-store;posx-mokobara-store;posx-ugaoo-store
src/hooks/usePaidAmount.ts,8,posx-comet-store;posx-demo-store;posx-eume-store;posx-frido-b2b-store;posx-frido-mobility-store;posx-frido-store;posx-mokobara-store;posx-ugaoo-store
src/hooks/useToast.ts,8,posx-comet-store;posx-demo-store;posx-eume-store;posx-frido-b2b-store;posx-frido-mobility-store;posx-frido-store;posx-mokobara-store;posx-ugaoo-store
src/libs/calculate-product-discount.ts,8,posx-comet-store;posx-demo-store;posx-eume-store;posx-frido-b2b-store;posx-frido-mobility-store;posx-frido-store;posx-mokobara-store;posx-ugaoo-store
src/libs/configs/auth-routes.ts,8,posx-comet-store;posx-demo-store;posx-eume-store;posx-frido-b2b-store;posx-frido-mobility-store;posx-frido-store;posx-mokobara-store;posx-ugaoo-store
src/libs/configs/protected-routes.ts,8,posx-comet-store;posx-demo-store;posx-eume-store;posx-frido-b2b-store;posx-frido-mobility-store;posx-frido-store;posx-mokobara-store;posx-ugaoo-store
src/libs/constants.ts,8,posx-comet-store;posx-demo-store;posx-eume-store;posx-frido-b2b-store;posx-frido-mobility-store;posx-frido-store;posx-mokobara-store;posx-ugaoo-store
src/libs/filter.ts,8,posx-comet-store;posx-demo-store;posx-eume-store;posx-frido-b2b-store;posx-frido-mobility-store;posx-frido-store;posx-mokobara-store;posx-ugaoo-store
src/libs/logger.ts,8,posx-comet-store;posx-demo-store;posx-eume-store;posx-frido-b2b-store;posx-frido-mobility-store;posx-frido-store;posx-mokobara-store;posx-ugaoo-store
src/libs/pathbuilder.ts,8,posx-comet-store;posx-demo-store;posx-eume-store;posx-frido-b2b-store;posx-frido-mobility-store;posx-frido-store;posx-mokobara-store;posx-ugaoo-store
src/libs/print.ts,8,posx-comet-store;posx-demo-store;posx-eume-store;posx-frido-b2b-store;posx-frido-mobility-store;posx-frido-store;posx-mokobara-store;posx-ugaoo-store
src/libs/s3.ts,8,posx-comet-store;posx-demo-store;posx-eume-store;posx-frido-b2b-store;posx-frido-mobility-store;posx-frido-store;posx-mokobara-store;posx-ugaoo-store
src/libs/session.ts,8,posx-comet-store;posx-demo-store;posx-eume-store;posx-frido-b2b-store;posx-frido-mobility-store;posx-frido-store;posx-mokobara-store;posx-ugaoo-store
src/pages/configurations/index.tsx,8,posx-comet-store;posx-demo-store;posx-eume-store;posx-frido-b2b-store;posx-frido-mobility-store;posx-frido-store;posx-mokobara-store;posx-ugaoo-store
src/pages/coupons/index.tsx,8,posx-comet-store;posx-demo-store;posx-eume-store;posx-frido-b2b-store;posx-frido-mobility-store;posx-frido-store;posx-mokobara-store;posx-ugaoo-store
src/pages/customer/orders/_layout.tsx,8,posx-comet-store;posx-demo-store;posx-eume-store;posx-frido-b2b-store;posx-frido-mobility-store;posx-frido-store;posx-mokobara-store;posx-ugaoo-store
src/pages/customer/orders/details.tsx,8,posx-comet-store;posx-demo-store;posx-eume-store;posx-frido-b2b-store;posx-frido-mobility-store;posx-frido-store;posx-mokobara-store;posx-ugaoo-store
src/pages/customer/orders/index.tsx,8,posx-comet-store;posx-demo-store;posx-eume-store;posx-frido-b2b-store;posx-frido-mobility-store;posx-frido-store;posx-mokobara-store;posx-ugaoo-store
src/pages/customer/orders/past-orders/details.tsx,8,posx-comet-store;posx-demo-store;posx-eume-store;posx-frido-b2b-store;posx-frido-mobility-store;posx-frido-store;posx-mokobara-store;posx-ugaoo-store
src/pages/customer/orders/past-orders/index.tsx,8,posx-comet-store;posx-demo-store;posx-eume-store;posx-frido-b2b-store;posx-frido-mobility-store;posx-frido-store;posx-mokobara-store;posx-ugaoo-store
src/pages/exchanges/details.tsx,8,posx-comet-store;posx-demo-store;posx-eume-store;posx-frido-b2b-store;posx-frido-mobility-store;posx-frido-store;posx-mokobara-store;posx-ugaoo-store
src/pages/exchanges/details/_layout.tsx,8,posx-comet-store;posx-demo-store;posx-eume-store;posx-frido-b2b-store;posx-frido-mobility-store;posx-frido-store;posx-mokobara-store;posx-ugaoo-store
src/pages/footfalls/index.tsx,8,posx-comet-store;posx-demo-store;posx-eume-store;posx-frido-b2b-store;posx-frido-mobility-store;posx-frido-store;posx-mokobara-store;posx-ugaoo-store
src/pages/orders/details/exchange-payment-details.tsx,8,posx-comet-store;posx-demo-store;posx-eume-store;posx-frido-b2b-store;posx-frido-mobility-store;posx-frido-store;posx-mokobara-store;posx-ugaoo-store
src/pages/products/details.tsx,8,posx-comet-store;posx-demo-store;posx-eume-store;posx-frido-b2b-store;posx-frido-mobility-store;posx-frido-store;posx-mokobara-store;posx-ugaoo-store
src/pages/products/index.tsx,8,posx-comet-store;posx-demo-store;posx-eume-store;posx-frido-b2b-store;posx-frido-mobility-store;posx-frido-store;posx-mokobara-store;posx-ugaoo-store
src/pages/return-and-exchange/index.tsx,8,posx-comet-store;posx-demo-store;posx-eume-store;posx-frido-b2b-store;posx-frido-mobility-store;posx-frido-store;posx-mokobara-store;posx-ugaoo-store
src/pages/returns/details.tsx,8,posx-comet-store;posx-demo-store;posx-eume-store;posx-frido-b2b-store;posx-frido-mobility-store;posx-frido-store;posx-mokobara-store;posx-ugaoo-store
src/providers/redux-provider.tsx,8,posx-comet-store;posx-demo-store;posx-eume-store;posx-frido-b2b-store;posx-frido-mobility-store;posx-frido-store;posx-mokobara-store;posx-ugaoo-store
src/store/actions/auth.action.ts,8,posx-comet-store;posx-demo-store;posx-eume-store;posx-frido-b2b-store;posx-frido-mobility-store;posx-frido-store;posx-mokobara-store;posx-ugaoo-store
src/store/actions/exchange.actions.ts,8,posx-comet-store;posx-demo-store;posx-eume-store;posx-frido-b2b-store;posx-frido-mobility-store;posx-frido-store;posx-mokobara-store;posx-ugaoo-store
src/store/actions/footfall.action.ts,8,posx-comet-store;posx-demo-store;posx-eume-store;posx-frido-b2b-store;posx-frido-mobility-store;posx-frido-store;posx-mokobara-store;posx-ugaoo-store
src/store/actions/index.ts,8,posx-comet-store;posx-demo-store;posx-eume-store;posx-frido-b2b-store;posx-frido-mobility-store;posx-frido-store;posx-mokobara-store;posx-ugaoo-store
src/store/actions/order.action.ts,8,posx-comet-store;posx-demo-store;posx-eume-store;posx-frido-b2b-store;posx-frido-mobility-store;posx-frido-store;posx-mokobara-store;posx-ugaoo-store
src/store/actions/transaction.action.ts,8,posx-comet-store;posx-demo-store;posx-eume-store;posx-frido-b2b-store;posx-frido-mobility-store;posx-frido-store;posx-mokobara-store;posx-ugaoo-store
src/store/apis/auth.request.ts,8,posx-comet-store;posx-demo-store;posx-eume-store;posx-frido-b2b-store;posx-frido-mobility-store;posx-frido-store;posx-mokobara-store;posx-ugaoo-store
src/store/apis/cms.request.ts,8,posx-comet-store;posx-demo-store;posx-eume-store;posx-frido-b2b-store;posx-frido-mobility-store;posx-frido-store;posx-mokobara-store;posx-ugaoo-store
src/store/apis/collection.request.ts,8,posx-comet-store;posx-demo-store;posx-eume-store;posx-frido-b2b-store;posx-frido-mobility-store;posx-frido-store;posx-mokobara-store;posx-ugaoo-store
src/store/apis/configuration.request.ts,8,posx-comet-store;posx-demo-store;posx-eume-store;posx-frido-b2b-store;posx-frido-mobility-store;posx-frido-store;posx-mokobara-store;posx-ugaoo-store
src/store/apis/employee.request.ts,8,posx-comet-store;posx-demo-store;posx-eume-store;posx-frido-b2b-store;posx-frido-mobility-store;posx-frido-store;posx-mokobara-store;posx-ugaoo-store
src/store/apis/exchange.request.ts,8,posx-comet-store;posx-demo-store;posx-eume-store;posx-frido-b2b-store;posx-frido-mobility-store;posx-frido-store;posx-mokobara-store;posx-ugaoo-store
src/store/apis/footfall.request.ts,8,posx-comet-store;posx-demo-store;posx-eume-store;posx-frido-b2b-store;posx-frido-mobility-store;posx-frido-store;posx-mokobara-store;posx-ugaoo-store
src/store/apis/order.request.ts,8,posx-comet-store;posx-demo-store;posx-eume-store;posx-frido-b2b-store;posx-frido-mobility-store;posx-frido-store;posx-mokobara-store;posx-ugaoo-store
src/store/apis/past-order.request.ts,8,posx-comet-store;posx-demo-store;posx-eume-store;posx-frido-b2b-store;posx-frido-mobility-store;posx-frido-store;posx-mokobara-store;posx-ugaoo-store
src/store/apis/report.request.ts,8,posx-comet-store;posx-demo-store;posx-eume-store;posx-frido-b2b-store;posx-frido-mobility-store;posx-frido-store;posx-mokobara-store;posx-ugaoo-store
src/store/apis/s3.request.ts,8,posx-comet-store;posx-demo-store;posx-eume-store;posx-frido-b2b-store;posx-frido-mobility-store;posx-frido-store;posx-mokobara-store;posx-ugaoo-store
src/store/apis/transaction.request.ts,8,posx-comet-store;posx-demo-store;posx-eume-store;posx-frido-b2b-store;posx-frido-mobility-store;posx-frido-store;posx-mokobara-store;posx-ugaoo-store
src/store/index.ts,8,posx-comet-store;posx-demo-store;posx-eume-store;posx-frido-b2b-store;posx-frido-mobility-store;posx-frido-store;posx-mokobara-store;posx-ugaoo-store
src/store/middlewares/cms.middleware.ts,8,posx-comet-store;posx-demo-store;posx-eume-store;posx-frido-b2b-store;posx-frido-mobility-store;posx-frido-store;posx-mokobara-store;posx-ugaoo-store
src/store/middlewares/configuration.middleware.ts,8,posx-comet-store;posx-demo-store;posx-eume-store;posx-frido-b2b-store;posx-frido-mobility-store;posx-frido-store;posx-mokobara-store;posx-ugaoo-store
src/store/middlewares/customer.middleware.ts,8,posx-comet-store;posx-demo-store;posx-eume-store;posx-frido-b2b-store;posx-frido-mobility-store;posx-frido-store;posx-mokobara-store;posx-ugaoo-store
src/store/middlewares/employee.middleware.ts,8,posx-comet-store;posx-demo-store;posx-eume-store;posx-frido-b2b-store;posx-frido-mobility-store;posx-frido-store;posx-mokobara-store;posx-ugaoo-store
src/store/middlewares/exchange.middleware.ts,8,posx-comet-store;posx-demo-store;posx-eume-store;posx-frido-b2b-store;posx-frido-mobility-store;posx-frido-store;posx-mokobara-store;posx-ugaoo-store
src/store/middlewares/footfall.middleware.ts,8,posx-comet-store;posx-demo-store;posx-eume-store;posx-frido-b2b-store;posx-frido-mobility-store;posx-frido-store;posx-mokobara-store;posx-ugaoo-store
src/store/middlewares/index.ts,8,posx-comet-store;posx-demo-store;posx-eume-store;posx-frido-b2b-store;posx-frido-mobility-store;posx-frido-store;posx-mokobara-store;posx-ugaoo-store
src/store/middlewares/inventory.middleware.ts,8,posx-comet-store;posx-demo-store;posx-eume-store;posx-frido-b2b-store;posx-frido-mobility-store;posx-frido-store;posx-mokobara-store;posx-ugaoo-store
src/store/middlewares/order.middleware.ts,8,posx-comet-store;posx-demo-store;posx-eume-store;posx-frido-b2b-store;posx-frido-mobility-store;posx-frido-store;posx-mokobara-store;posx-ugaoo-store
src/store/middlewares/past-order.middleware.ts,8,posx-comet-store;posx-demo-store;posx-eume-store;posx-frido-b2b-store;posx-frido-mobility-store;posx-frido-store;posx-mokobara-store;posx-ugaoo-store
src/store/middlewares/pincode.middleware.ts,8,posx-comet-store;posx-demo-store;posx-eume-store;posx-frido-b2b-store;posx-frido-mobility-store;posx-frido-store;posx-mokobara-store;posx-ugaoo-store
src/store/middlewares/product.middleware.ts,8,posx-comet-store;posx-demo-store;posx-eume-store;posx-frido-b2b-store;posx-frido-mobility-store;posx-frido-store;posx-mokobara-store;posx-ugaoo-store
src/store/middlewares/report.middleware.ts,8,posx-comet-store;posx-demo-store;posx-eume-store;posx-frido-b2b-store;posx-frido-mobility-store;posx-frido-store;posx-mokobara-store;posx-ugaoo-store
src/store/middlewares/return.middleware.ts,8,posx-comet-store;posx-demo-store;posx-eume-store;posx-frido-b2b-store;posx-frido-mobility-store;posx-frido-store;posx-mokobara-store;posx-ugaoo-store
src/store/middlewares/transaction.middleware.ts,8,posx-comet-store;posx-demo-store;posx-eume-store;posx-frido-b2b-store;posx-frido-mobility-store;posx-frido-store;posx-mokobara-store;posx-ugaoo-store
src/store/reducers/cms.reducer.ts,8,posx-comet-store;posx-demo-store;posx-eume-store;posx-frido-b2b-store;posx-frido-mobility-store;posx-frido-store;posx-mokobara-store;posx-ugaoo-store
src/store/reducers/configuration.reducer.ts,8,posx-comet-store;posx-demo-store;posx-eume-store;posx-frido-b2b-store;posx-frido-mobility-store;posx-frido-store;posx-mokobara-store;posx-ugaoo-store
src/store/reducers/customer.reducer.ts,8,posx-comet-store;posx-demo-store;posx-eume-store;posx-frido-b2b-store;posx-frido-mobility-store;posx-frido-store;posx-mokobara-store;posx-ugaoo-store
src/store/reducers/employee.reducer.ts,8,posx-comet-store;posx-demo-store;posx-eume-store;posx-frido-b2b-store;posx-frido-mobility-store;posx-frido-store;posx-mokobara-store;posx-ugaoo-store
src/store/reducers/exchange.reducer.ts,8,posx-comet-store;posx-demo-store;posx-eume-store;posx-frido-b2b-store;posx-frido-mobility-store;posx-frido-store;posx-mokobara-store;posx-ugaoo-store
src/store/reducers/footfall.reducer.ts,8,posx-comet-store;posx-demo-store;posx-eume-store;posx-frido-b2b-store;posx-frido-mobility-store;posx-frido-store;posx-mokobara-store;posx-ugaoo-store
src/store/reducers/init.reducer.ts,8,posx-comet-store;posx-demo-store;posx-eume-store;posx-frido-b2b-store;posx-frido-mobility-store;posx-frido-store;posx-mokobara-store;posx-ugaoo-store
src/store/reducers/order.reducer.ts,8,posx-comet-store;posx-demo-store;posx-eume-store;posx-frido-b2b-store;posx-frido-mobility-store;posx-frido-store;posx-mokobara-store;posx-ugaoo-store
src/store/reducers/past-order.reducer.ts,8,posx-comet-store;posx-demo-store;posx-eume-store;posx-frido-b2b-store;posx-frido-mobility-store;posx-frido-store;posx-mokobara-store;posx-ugaoo-store
src/store/reducers/pincode.reducer.ts,8,posx-comet-store;posx-demo-store;posx-eume-store;posx-frido-b2b-store;posx-frido-mobility-store;posx-frido-store;posx-mokobara-store;posx-ugaoo-store
src/store/reducers/product.reducer.ts,8,posx-comet-store;posx-demo-store;posx-eume-store;posx-frido-b2b-store;posx-frido-mobility-store;posx-frido-store;posx-mokobara-store;posx-ugaoo-store
src/store/reducers/report.reducer.ts,8,posx-comet-store;posx-demo-store;posx-eume-store;posx-frido-b2b-store;posx-frido-mobility-store;posx-frido-store;posx-mokobara-store;posx-ugaoo-store
src/store/reducers/return.reducer.ts,8,posx-comet-store;posx-demo-store;posx-eume-store;posx-frido-b2b-store;posx-frido-mobility-store;posx-frido-store;posx-mokobara-store;posx-ugaoo-store
src/store/reducers/transaction.reducer.ts,8,posx-comet-store;posx-demo-store;posx-eume-store;posx-frido-b2b-store;posx-frido-mobility-store;posx-frido-store;posx-mokobara-store;posx-ugaoo-store
src/store/reducers/ui.reducer.ts,8,posx-comet-store;posx-demo-store;posx-eume-store;posx-frido-b2b-store;posx-frido-mobility-store;posx-frido-store;posx-mokobara-store;posx-ugaoo-store
src/types/footfall.ts,8,posx-comet-store;posx-demo-store;posx-eume-store;posx-frido-b2b-store;posx-frido-mobility-store;posx-frido-store;posx-mokobara-store;posx-ugaoo-store
src/types/order.ts,8,posx-comet-store;posx-demo-store;posx-eume-store;posx-frido-b2b-store;posx-frido-mobility-store;posx-frido-store;posx-mokobara-store;posx-ugaoo-store
src/types/product.ts,8,posx-comet-store;posx-demo-store;posx-eume-store;posx-frido-b2b-store;posx-frido-mobility-store;posx-frido-store;posx-mokobara-store;posx-ugaoo-store
src/types/store.ts,8,posx-comet-store;posx-demo-store;posx-eume-store;posx-frido-b2b-store;posx-frido-mobility-store;posx-frido-store;posx-mokobara-store;posx-ugaoo-store
src/api/admin/shopify-customer/address/route.ts,8,posx-demo-backend;posx-eume-backend;posx-frido-b2b-backend;posx-frido-backend;posx-frido-mobility-backend;posx-mokobara-backend;posx-mokobara-clearance-backend;posx-ugaoo-backend
src/api/admin/upload-s3/route.ts,8,posx-demo-backend;posx-eume-backend;posx-frido-b2b-backend;posx-frido-backend;posx-frido-mobility-backend;posx-mokobara-backend;posx-mokobara-clearance-backend;posx-ugaoo-backend
src/modules/payment-details/service.ts,8,posx-demo-backend;posx-eume-backend;posx-frido-b2b-backend;posx-frido-backend;posx-frido-mobility-backend;posx-mokobara-backend;posx-mokobara-clearance-backend;posx-ugaoo-backend
src/scripts/fill-pincode.ts,8,posx-demo-backend;posx-eume-backend;posx-frido-b2b-backend;posx-frido-backend;posx-frido-mobility-backend;posx-mokobara-backend;posx-mokobara-clearance-backend;posx-ugaoo-backend
src/subscribers/reset-password.ts,8,posx-demo-backend;posx-eume-backend;posx-frido-b2b-backend;posx-frido-backend;posx-frido-mobility-backend;posx-mokobara-backend;posx-mokobara-clearance-backend;posx-ugaoo-backend
src/types/validators/cart.ts,8,posx-demo-backend;posx-eume-backend;posx-frido-b2b-backend;posx-frido-backend;posx-frido-mobility-backend;posx-mokobara-backend;posx-mokobara-clearance-backend;posx-ugaoo-backend
src/types/workflows/employee.ts,8,posx-demo-backend;posx-eume-backend;posx-frido-b2b-backend;posx-frido-backend;posx-frido-mobility-backend;posx-mokobara-backend;posx-mokobara-clearance-backend;posx-ugaoo-backend
src/workflows/employee/steps/delete-employee-step.ts,8,posx-demo-backend;posx-eume-backend;posx-frido-b2b-backend;posx-frido-backend;posx-frido-mobility-backend;posx-mokobara-backend;posx-mokobara-clearance-backend;posx-ugaoo-backend
src/workflows/footfall/steps/check-for-footfall-existence-step.ts,8,posx-demo-backend;posx-eume-backend;posx-frido-b2b-backend;posx-frido-backend;posx-frido-mobility-backend;posx-mokobara-backend;posx-mokobara-clearance-backend;posx-ugaoo-backend
src/workflows/footfall/steps/create-footfall-step.ts,8,posx-demo-backend;posx-eume-backend;posx-frido-b2b-backend;posx-frido-backend;posx-frido-mobility-backend;posx-mokobara-backend;posx-mokobara-clearance-backend;posx-ugaoo-backend
src/workflows/global-config/steps/create-global-config-step.ts,8,posx-demo-backend;posx-eume-backend;posx-frido-b2b-backend;posx-frido-backend;posx-frido-mobility-backend;posx-mokobara-backend;posx-mokobara-clearance-backend;posx-ugaoo-backend
src/workflows/global-config/steps/delete-global-config-step.ts,8,posx-demo-backend;posx-eume-backend;posx-frido-b2b-backend;posx-frido-backend;posx-frido-mobility-backend;posx-mokobara-backend;posx-mokobara-clearance-backend;posx-ugaoo-backend
src/workflows/order-detail/steps/update-order-detail-step.ts,8,posx-demo-backend;posx-eume-backend;posx-frido-b2b-backend;posx-frido-backend;posx-frido-mobility-backend;posx-mokobara-backend;posx-mokobara-clearance-backend;posx-ugaoo-backend
src/workflows/s3-services/steps/store-file-to-s3-step.ts,8,posx-demo-backend;posx-eume-backend;posx-frido-b2b-backend;posx-frido-backend;posx-frido-mobility-backend;posx-mokobara-backend;posx-mokobara-clearance-backend;posx-ugaoo-backend
src/workflows/shopify-customer/steps/add-customer-address-step.ts,8,posx-demo-backend;posx-eume-backend;posx-frido-b2b-backend;posx-frido-backend;posx-frido-mobility-backend;posx-mokobara-backend;posx-mokobara-clearance-backend;posx-ugaoo-backend
src/workflows/shopify-customer/steps/transform-address-response-step.ts,8,posx-demo-backend;posx-eume-backend;posx-frido-b2b-backend;posx-frido-backend;posx-frido-mobility-backend;posx-mokobara-backend;posx-mokobara-clearance-backend;posx-ugaoo-backend
src/workflows/shopify-customer/steps/update-customer-address-step.ts,8,posx-demo-backend;posx-eume-backend;posx-frido-b2b-backend;posx-frido-backend;posx-frido-mobility-backend;posx-mokobara-backend;posx-mokobara-clearance-backend;posx-ugaoo-backend
src/workflows/shopify-customer/steps/update-customer-step.ts,8,posx-demo-backend;posx-eume-backend;posx-frido-b2b-backend;posx-frido-backend;posx-frido-mobility-backend;posx-mokobara-backend;posx-mokobara-clearance-backend;posx-ugaoo-backend
src/workflows/shopify-customer/workflows/add-customer-address.ts,8,posx-demo-backend;posx-eume-backend;posx-frido-b2b-backend;posx-frido-backend;posx-frido-mobility-backend;posx-mokobara-backend;posx-mokobara-clearance-backend;posx-ugaoo-backend
src/workflows/shopify-customer/workflows/update-customer-address.ts,8,posx-demo-backend;posx-eume-backend;posx-frido-b2b-backend;posx-frido-backend;posx-frido-mobility-backend;posx-mokobara-backend;posx-mokobara-clearance-backend;posx-ugaoo-backend
src/workflows/shopify-product/steps/throw-error-if-product-do-not-exists-step.ts,8,posx-demo-backend;posx-eume-backend;posx-frido-b2b-backend;posx-frido-backend;posx-frido-mobility-backend;posx-mokobara-backend;posx-mokobara-clearance-backend;posx-ugaoo-backend
src/workflows/shopify-product/steps/update-medusa-product-variant-step.ts,8,posx-demo-backend;posx-eume-backend;posx-frido-b2b-backend;posx-frido-backend;posx-frido-mobility-backend;posx-mokobara-backend;posx-mokobara-clearance-backend;posx-ugaoo-backend
src/workflows/store-details/steps/delete-store-details-step.ts,8,posx-demo-backend;posx-eume-backend;posx-frido-b2b-backend;posx-frido-backend;posx-frido-mobility-backend;posx-mokobara-backend;posx-mokobara-clearance-backend;posx-ugaoo-backend
src/workflows/store-details/steps/update-store-details-step.ts,8,posx-demo-backend;posx-eume-backend;posx-frido-b2b-backend;posx-frido-backend;posx-frido-mobility-backend;posx-mokobara-backend;posx-mokobara-clearance-backend;posx-ugaoo-backend
src/workflows/system-config/steps/create-system-config-step.ts,8,posx-demo-backend;posx-eume-backend;posx-frido-b2b-backend;posx-frido-backend;posx-frido-mobility-backend;posx-mokobara-backend;posx-mokobara-clearance-backend;posx-ugaoo-backend
src/workflows/system-config/steps/delete-system-config-step.ts,8,posx-demo-backend;posx-eume-backend;posx-frido-b2b-backend;posx-frido-backend;posx-frido-mobility-backend;posx-mokobara-backend;posx-mokobara-clearance-backend;posx-ugaoo-backend
src/workflows/user/steps/send-activation-link-step.ts,8,posx-demo-backend;posx-eume-backend;posx-frido-b2b-backend;posx-frido-backend;posx-frido-mobility-backend;posx-mokobara-backend;posx-mokobara-clearance-backend;posx-ugaoo-backend
src/components/common/logo-box/avatar-box.tsx,7,posx-comet-admin;posx-demo-admin;posx-eume-admin;posx-frido-admin;posx-frido-b2b-admin;posx-frido-mobility-admin;posx-mokobara-admin
src/components/custom-filter/types.ts,7,posx-comet-admin;posx-demo-admin;posx-eume-admin;posx-frido-admin;posx-frido-b2b-admin;posx-frido-mobility-admin;posx-mokobara-admin
src/components/custom-search/custom-search.tsx,7,posx-comet-admin;posx-demo-admin;posx-eume-admin;posx-frido-admin;posx-frido-b2b-admin;posx-mokobara-admin;posx-ugaoo-admin
src/components/table/table-cells/product/product-status-cell/product-status-cell.tsx,7,posx-comet-admin;posx-demo-admin;posx-eume-admin;posx-frido-admin;posx-frido-b2b-admin;posx-frido-mobility-admin;posx-mokobara-admin
src/fetchInterceptor.ts,7,posx-comet-admin;posx-demo-admin;posx-eume-admin;posx-frido-admin;posx-frido-b2b-admin;posx-frido-mobility-admin;posx-mokobara-admin
src/hooks/api/cms.tsx,7,posx-comet-admin;posx-demo-admin;posx-eume-admin;posx-frido-admin;posx-frido-mobility-admin;posx-mokobara-admin;posx-ugaoo-admin
src/hooks/api/footfall.tsx,7,posx-comet-admin;posx-demo-admin;posx-eume-admin;posx-frido-admin;posx-frido-mobility-admin;posx-mokobara-admin;posx-ugaoo-admin
src/hooks/api/invites.tsx,7,posx-comet-admin;posx-demo-admin;posx-eume-admin;posx-frido-admin;posx-frido-b2b-admin;posx-frido-mobility-admin;posx-mokobara-admin
src/hooks/table/query/use-product-table-query.tsx,7,posx-comet-admin;posx-demo-admin;posx-eume-admin;posx-frido-admin;posx-frido-mobility-admin;posx-mokobara-admin;posx-ugaoo-admin
src/routes/cms/cms-list/components/cash-accumulation/cash-accumulation.tsx,7,posx-comet-admin;posx-demo-admin;posx-eume-admin;posx-frido-admin;posx-frido-mobility-admin;posx-mokobara-admin;posx-ugaoo-admin
src/routes/cms/cms-list/components/cms-list-table/cms-list-table.tsx,7,posx-comet-admin;posx-demo-admin;posx-eume-admin;posx-frido-admin;posx-frido-mobility-admin;posx-mokobara-admin;posx-ugaoo-admin
src/routes/cms/types.ts,7,posx-comet-admin;posx-demo-admin;posx-eume-admin;posx-frido-admin;posx-frido-mobility-admin;posx-mokobara-admin;posx-ugaoo-admin
src/routes/employees/employee-create/constants.ts,7,posx-comet-admin;posx-demo-admin;posx-eume-admin;posx-frido-admin;posx-frido-b2b-admin;posx-frido-mobility-admin;posx-ugaoo-admin
src/routes/employees/employee-detail/breadcrumb.tsx,7,posx-comet-admin;posx-demo-admin;posx-eume-admin;posx-frido-admin;posx-frido-b2b-admin;posx-frido-mobility-admin;posx-mokobara-admin
src/routes/employees/employee-detail/loader.ts,7,posx-comet-admin;posx-demo-admin;posx-eume-admin;posx-frido-admin;posx-frido-b2b-admin;posx-frido-mobility-admin;posx-ugaoo-admin
src/routes/employees/types.ts,7,posx-comet-admin;posx-demo-admin;posx-eume-admin;posx-frido-admin;posx-frido-mobility-admin;posx-mokobara-admin;posx-ugaoo-admin
src/routes/footfall/footfall-list/components/export-footfall-button.tsx,7,posx-comet-admin;posx-demo-admin;posx-eume-admin;posx-frido-admin;posx-frido-mobility-admin;posx-mokobara-admin;posx-ugaoo-admin
src/routes/footfall/footfall-list/components/footfall-list-table.tsx,7,posx-comet-admin;posx-demo-admin;posx-eume-admin;posx-frido-admin;posx-frido-mobility-admin;posx-mokobara-admin;posx-ugaoo-admin
src/routes/footfall/footfall-list/components/footfall-table-query.tsx,7,posx-comet-admin;posx-demo-admin;posx-eume-admin;posx-frido-admin;posx-frido-mobility-admin;posx-mokobara-admin;posx-ugaoo-admin
src/routes/footfall/footfall-list/footfall-list.tsx,7,posx-comet-admin;posx-demo-admin;posx-eume-admin;posx-frido-admin;posx-frido-mobility-admin;posx-mokobara-admin;posx-ugaoo-admin
src/routes/footfall/types.ts,7,posx-comet-admin;posx-demo-admin;posx-eume-admin;posx-frido-admin;posx-frido-mobility-admin;posx-mokobara-admin;posx-ugaoo-admin
src/routes/global-config/global-config-create/constants.ts,7,posx-comet-admin;posx-demo-admin;posx-frido-admin;posx-frido-b2b-admin;posx-frido-mobility-admin;posx-mokobara-admin;posx-ugaoo-admin
src/routes/order-details/order-detail/components/basic-info-section.tsx,7,posx-comet-admin;posx-demo-admin;posx-eume-admin;posx-frido-admin;posx-frido-b2b-admin;posx-mokobara-admin;posx-ugaoo-admin
src/routes/order-details/order-detail/components/customer-info-section.tsx,7,posx-comet-admin;posx-demo-admin;posx-eume-admin;posx-frido-admin;posx-frido-b2b-admin;posx-mokobara-admin;posx-ugaoo-admin
src/routes/order-details/order-detail/components/order-items-section.tsx,7,posx-comet-admin;posx-demo-admin;posx-eume-admin;posx-frido-admin;posx-frido-b2b-admin;posx-mokobara-admin;posx-ugaoo-admin
src/routes/order-details/order-list/components/order-report-grid.tsx,7,posx-comet-admin;posx-demo-admin;posx-eume-admin;posx-frido-admin;posx-frido-b2b-admin;posx-frido-mobility-admin;posx-mokobara-admin
src/routes/order-details/order-list/order-list.tsx,7,posx-comet-admin;posx-demo-admin;posx-eume-admin;posx-frido-admin;posx-frido-b2b-admin;posx-frido-mobility-admin;posx-mokobara-admin
src/routes/order-details/types.ts,7,posx-comet-admin;posx-demo-admin;posx-eume-admin;posx-frido-admin;posx-frido-b2b-admin;posx-mokobara-admin;posx-ugaoo-admin
src/routes/pos-inventory/inventory-list/components/inventory-list-table/inventory-list-table.tsx,7,posx-comet-admin;posx-demo-admin;posx-eume-admin;posx-frido-admin;posx-frido-b2b-admin;posx-mokobara-admin;posx-ugaoo-admin
src/routes/product-variants/product-variant-detail/components/variant-prices-section/variant-prices-section.tsx,7,posx-comet-admin;posx-demo-admin;posx-eume-admin;posx-frido-admin;posx-frido-b2b-admin;posx-frido-mobility-admin;posx-ugaoo-admin
src/routes/product-variants/product-variant-edit/loader.ts,7,posx-comet-admin;posx-demo-admin;posx-eume-admin;posx-frido-admin;posx-frido-mobility-admin;posx-mokobara-admin;posx-ugaoo-admin
src/routes/product-variants/product-variant-edit/product-variant-edit.tsx,7,posx-comet-admin;posx-demo-admin;posx-eume-admin;posx-frido-admin;posx-frido-mobility-admin;posx-mokobara-admin;posx-ugaoo-admin
src/routes/products/product-export/product-export.tsx,7,posx-comet-admin;posx-demo-admin;posx-eume-admin;posx-frido-admin;posx-frido-mobility-admin;posx-mokobara-admin;posx-ugaoo-admin
src/routes/products/product-list/components/product-list-table/product-list-table.tsx,7,posx-comet-admin;posx-demo-admin;posx-eume-admin;posx-frido-admin;posx-frido-mobility-admin;posx-mokobara-admin;posx-ugaoo-admin
src/routes/store-details/store-detail/components/payment-integration-section.tsx,7,posx-comet-admin;posx-demo-admin;posx-eume-admin;posx-frido-admin;posx-frido-b2b-admin;posx-frido-mobility-admin;posx-ugaoo-admin
src/routes/store-details/store-details-create/components/basic-info-create-form/basic-info-create-form.tsx,7,posx-comet-admin;posx-demo-admin;posx-eume-admin;posx-frido-admin;posx-frido-b2b-admin;posx-mokobara-admin;posx-ugaoo-admin
src/api/admin/cms/route.ts,7,posx-comet-backend;posx-demo-backend;posx-eume-backend;posx-frido-backend;posx-frido-mobility-backend;posx-mokobara-backend;posx-ugaoo-backend
src/api/admin/featured-collections/route.ts,7,posx-comet-backend;posx-demo-backend;posx-eume-backend;posx-frido-b2b-backend;posx-frido-backend;posx-frido-mobility-backend;posx-mokobara-backend
src/api/admin/order-detail/[id]/update-gatepass/route.ts,7,posx-comet-backend;posx-demo-backend;posx-eume-backend;posx-frido-b2b-backend;posx-frido-backend;posx-frido-mobility-backend;posx-mokobara-backend
src/api/admin/order-detail/route.ts,7,posx-comet-backend;posx-demo-backend;posx-eume-backend;posx-frido-backend;posx-frido-mobility-backend;posx-mokobara-backend;posx-mokobara-clearance-backend
src/api/admin/order-return-and-exchange/[id]/exchange/forward/route.ts,7,posx-comet-backend;posx-demo-backend;posx-eume-backend;posx-frido-backend;posx-frido-mobility-backend;posx-mokobara-backend;posx-ugaoo-backend
src/api/admin/order-return-and-exchange/[id]/exchange/type/route.ts,7,posx-comet-backend;posx-demo-backend;posx-eume-backend;posx-frido-backend;posx-frido-mobility-backend;posx-mokobara-backend;posx-ugaoo-backend
src/api/admin/payment-details/refund/verify/route.ts,7,posx-comet-backend;posx-demo-backend;posx-eume-backend;posx-frido-b2b-backend;posx-frido-backend;posx-frido-mobility-backend;posx-mokobara-backend
src/api/admin/payment-details/resend/route.ts,7,posx-comet-backend;posx-demo-backend;posx-eume-backend;posx-frido-backend;posx-frido-mobility-backend;posx-mokobara-backend;posx-mokobara-clearance-backend
src/api/admin/pos-inventory/item/[id]/route.ts,7,posx-comet-backend;posx-demo-backend;posx-eume-backend;posx-frido-backend;posx-frido-mobility-backend;posx-mokobara-backend;posx-mokobara-clearance-backend
src/api/admin/pos-inventory/route.ts,7,posx-comet-backend;posx-demo-backend;posx-eume-backend;posx-frido-backend;posx-frido-mobility-backend;posx-mokobara-backend;posx-mokobara-clearance-backend
src/api/admin/pos-inventory/tracking/[storeId]/[sku]/route.ts,7,posx-comet-backend;posx-demo-backend;posx-eume-backend;posx-frido-backend;posx-frido-mobility-backend;posx-mokobara-backend;posx-mokobara-clearance-backend
src/api/adsr/order-payment/route.ts,7,posx-comet-backend;posx-eume-backend;posx-frido-b2b-backend;posx-frido-backend;posx-frido-mobility-backend;posx-mokobara-backend;posx-mokobara-clearance-backend
src/api/change-returnable/route.ts,7,posx-comet-backend;posx-demo-backend;posx-eume-backend;posx-frido-b2b-backend;posx-frido-backend;posx-frido-mobility-backend;posx-mokobara-backend
src/jobs/change-returnable-status-of-order.ts,7,posx-comet-backend;posx-demo-backend;posx-eume-backend;posx-frido-b2b-backend;posx-frido-backend;posx-frido-mobility-backend;posx-ugaoo-backend
src/lib/api-response.ts,7,posx-comet-backend;posx-demo-backend;posx-frido-b2b-backend;posx-frido-backend;posx-frido-mobility-backend;posx-mokobara-backend;posx-mokobara-clearance-backend
src/modules/cms/models/cms.ts,7,posx-comet-backend;posx-demo-backend;posx-eume-backend;posx-frido-b2b-backend;posx-frido-backend;posx-frido-mobility-backend;posx-mokobara-backend
src/types/validators/online-order.ts,7,posx-comet-backend;posx-demo-backend;posx-eume-backend;posx-frido-b2b-backend;posx-frido-backend;posx-frido-mobility-backend;posx-mokobara-backend
src/types/workflows/payment-detail.ts,7,posx-comet-backend;posx-demo-backend;posx-eume-backend;posx-frido-b2b-backend;posx-frido-backend;posx-frido-mobility-backend;posx-ugaoo-backend
src/workflows/cms/steps/create-cms-step.ts,7,posx-comet-backend;posx-demo-backend;posx-eume-backend;posx-frido-backend;posx-frido-mobility-backend;posx-mokobara-backend;posx-ugaoo-backend
src/workflows/cms/workflows/create-cms.ts,7,posx-comet-backend;posx-demo-backend;posx-eume-backend;posx-frido-backend;posx-frido-mobility-backend;posx-mokobara-backend;posx-ugaoo-backend
src/workflows/exports/steps/generate-order-export-csv-step.ts,7,posx-comet-backend;posx-demo-backend;posx-eume-backend;posx-frido-b2b-backend;posx-frido-backend;posx-frido-mobility-backend;posx-ugaoo-backend
src/workflows/exports/steps/generate-payment-export-csv-step.ts,7,posx-comet-backend;posx-demo-backend;posx-eume-backend;posx-frido-b2b-backend;posx-frido-backend;posx-frido-mobility-backend;posx-mokobara-backend
src/workflows/exports/workflows/export-coupon-workflow.ts,7,posx-comet-backend;posx-demo-backend;posx-eume-backend;posx-frido-backend;posx-frido-mobility-backend;posx-mokobara-backend;posx-ugaoo-backend
src/workflows/online-cart/steps/check-variant-is-available.ts,7,posx-comet-backend;posx-demo-backend;posx-eume-backend;posx-frido-b2b-backend;posx-frido-backend;posx-frido-mobility-backend;posx-ugaoo-backend
src/workflows/online-order/steps/create-online-order-step.ts,7,posx-comet-backend;posx-demo-backend;posx-eume-backend;posx-frido-b2b-backend;posx-frido-backend;posx-frido-mobility-backend;posx-mokobara-backend
src/workflows/online-order/steps/validate-order-product.ts,7,posx-comet-backend;posx-demo-backend;posx-eume-backend;posx-frido-b2b-backend;posx-frido-backend;posx-frido-mobility-backend;posx-mokobara-backend
src/workflows/order-detail/steps/check-order-details-existance-step.ts,7,posx-comet-backend;posx-demo-backend;posx-eume-backend;posx-frido-b2b-backend;posx-frido-backend;posx-frido-mobility-backend;posx-ugaoo-backend
src/workflows/order-detail/steps/generate-coupon-usage-csv-step.ts,7,posx-comet-backend;posx-demo-backend;posx-eume-backend;posx-frido-backend;posx-frido-mobility-backend;posx-mokobara-backend;posx-ugaoo-backend
src/workflows/order-detail/workflows/generate-order-report.ts,7,posx-comet-backend;posx-demo-backend;posx-eume-backend;posx-frido-backend;posx-frido-mobility-backend;posx-mokobara-clearance-backend;posx-ugaoo-backend
src/workflows/order-return-and-exchange/steps/associate-exchanged-and-parent-order.ts,7,posx-comet-backend;posx-demo-backend;posx-eume-backend;posx-frido-backend;posx-frido-mobility-backend;posx-mokobara-backend;posx-ugaoo-backend
src/workflows/order-return-and-exchange/steps/check-order-product-returnable-step.ts,7,posx-comet-backend;posx-demo-backend;posx-eume-backend;posx-frido-backend;posx-frido-mobility-backend;posx-mokobara-backend;posx-ugaoo-backend
src/workflows/order-return-and-exchange/workflows/confirm-return-order.ts,7,posx-comet-backend;posx-demo-backend;posx-eume-backend;posx-frido-backend;posx-frido-mobility-backend;posx-mokobara-backend;posx-ugaoo-backend
src/workflows/order-return-and-exchange/workflows/exchange-order-payment.ts,7,posx-comet-backend;posx-demo-backend;posx-eume-backend;posx-frido-backend;posx-frido-mobility-backend;posx-mokobara-backend;posx-ugaoo-backend
src/workflows/payment-detail/steps/create-refund-payment-step.ts,7,posx-comet-backend;posx-demo-backend;posx-eume-backend;posx-frido-backend;posx-frido-mobility-backend;posx-mokobara-backend;posx-ugaoo-backend
src/workflows/payment-detail/steps/exchange-payment-adjustment-step.ts,7,posx-comet-backend;posx-demo-backend;posx-eume-backend;posx-frido-backend;posx-frido-mobility-backend;posx-mokobara-backend;posx-ugaoo-backend
src/workflows/payment-detail/steps/resend-payment-details-step.ts,7,posx-comet-backend;posx-demo-backend;posx-eume-backend;posx-frido-backend;posx-mokobara-backend;posx-mokobara-clearance-backend;posx-ugaoo-backend
src/workflows/payment-detail/workflows/resend-payment-detail.ts,7,posx-comet-backend;posx-demo-backend;posx-eume-backend;posx-frido-backend;posx-frido-mobility-backend;posx-mokobara-clearance-backend;posx-ugaoo-backend
src/workflows/shopify-customer/workflows/update-customer.ts,7,posx-comet-backend;posx-demo-backend;posx-eume-backend;posx-frido-b2b-backend;posx-frido-backend;posx-frido-mobility-backend;posx-ugaoo-backend
src/workflows/unicommerce/workflows/get-product-from-item-code.ts,7,posx-comet-backend;posx-demo-backend;posx-eume-backend;posx-frido-b2b-backend;posx-frido-backend;posx-frido-mobility-backend;posx-ugaoo-backend
src/components/app/cms/add-cms/schema.ts,7,posx-comet-store;posx-demo-store;posx-eume-store;posx-frido-b2b-store;posx-frido-mobility-store;posx-frido-store;posx-mokobara-store
src/components/app/customer/customer-login/schema.ts,7,posx-comet-store;posx-demo-store;posx-eume-store;posx-frido-b2b-store;posx-frido-mobility-store;posx-frido-store;posx-ugaoo-store
src/components/app/home/barcode-scanner/index.tsx,7,posx-comet-store;posx-demo-store;posx-eume-store;posx-frido-b2b-store;posx-frido-mobility-store;posx-frido-store;posx-mokobara-store
src/components/app/home/checkout-button.tsx,7,posx-comet-store;posx-demo-store;posx-eume-store;posx-frido-b2b-store;posx-frido-mobility-store;posx-frido-store;posx-mokobara-store
src/components/app/order/steps/customer-details/index.tsx,7,posx-comet-store;posx-demo-store;posx-eume-store;posx-frido-b2b-store;posx-frido-mobility-store;posx-frido-store;posx-ugaoo-store
src/components/app/order/steps/payment-details/cash-form/index.tsx,7,posx-comet-store;posx-demo-store;posx-eume-store;posx-frido-b2b-store;posx-frido-mobility-store;posx-mokobara-store;posx-ugaoo-store
src/components/app/order/steps/payment-details/exchange-payment-details.tsx,7,posx-comet-store;posx-demo-store;posx-eume-store;posx-frido-b2b-store;posx-frido-mobility-store;posx-frido-store;posx-ugaoo-store
src/components/app/orders/order-report-cards.tsx,7,posx-comet-store;posx-demo-store;posx-eume-store;posx-frido-b2b-store;posx-frido-mobility-store;posx-frido-store;posx-mokobara-store
src/components/app/product/cart-panel.tsx,7,posx-comet-store;posx-demo-store;posx-eume-store;posx-frido-b2b-store;posx-frido-mobility-store;posx-frido-store;posx-ugaoo-store
src/components/app/stores/stores-table.tsx,7,posx-comet-store;posx-demo-store;posx-eume-store;posx-frido-mobility-store;posx-frido-store;posx-mokobara-store;posx-ugaoo-store
src/components/hamburger-menu/index.tsx 12-49-42-126.tsx,7,posx-comet-store;posx-demo-store;posx-eume-store;posx-frido-b2b-store;posx-frido-mobility-store;posx-frido-store;posx-mokobara-store
src/components/hamburger-menu/overlay.tsx,7,posx-comet-store;posx-demo-store;posx-eume-store;posx-frido-mobility-store;posx-frido-store;posx-mokobara-store;posx-ugaoo-store
src/components/image-viewer.tsx,7,posx-comet-store;posx-demo-store;posx-eume-store;posx-frido-b2b-store;posx-frido-mobility-store;posx-frido-store;posx-mokobara-store
src/components/layouts/app/store-selector.tsx,7,posx-comet-store;posx-demo-store;posx-eume-store;posx-frido-mobility-store;posx-frido-store;posx-mokobara-store;posx-ugaoo-store
src/components/primitives/dialog.tsx,7,posx-comet-store;posx-demo-store;posx-eume-store;posx-frido-b2b-store;posx-frido-mobility-store;posx-mokobara-store;posx-ugaoo-store
src/components/sort.tsx,7,posx-comet-store;posx-demo-store;posx-eume-store;posx-frido-b2b-store;posx-frido-mobility-store;posx-frido-store;posx-ugaoo-store
src/libs/calculate-product-exchange-value.ts,7,posx-comet-store;posx-demo-store;posx-eume-store;posx-frido-b2b-store;posx-frido-mobility-store;posx-frido-store;posx-ugaoo-store
src/pages/cms/index.tsx,7,posx-comet-store;posx-demo-store;posx-eume-store;posx-frido-b2b-store;posx-frido-mobility-store;posx-frido-store;posx-mokobara-store
src/pages/employees/index.tsx,7,posx-comet-store;posx-demo-store;posx-eume-store;posx-frido-b2b-store;posx-frido-mobility-store;posx-mokobara-store;posx-ugaoo-store
src/pages/orders/details/_layout.tsx,7,posx-comet-store;posx-demo-store;posx-eume-store;posx-frido-b2b-store;posx-frido-mobility-store;posx-frido-store;posx-ugaoo-store
src/pages/orders/details/customer-details.tsx,7,posx-comet-store;posx-demo-store;posx-eume-store;posx-frido-b2b-store;posx-frido-mobility-store;posx-frido-store;posx-ugaoo-store
src/pages/orders/details/payment-details.tsx,7,posx-comet-store;posx-demo-store;posx-eume-store;posx-frido-b2b-store;posx-frido-mobility-store;posx-frido-store;posx-ugaoo-store
src/pages/orders/index.tsx,7,posx-comet-store;posx-demo-store;posx-eume-store;posx-frido-mobility-store;posx-frido-store;posx-mokobara-store;posx-ugaoo-store
src/pages/stores/index.tsx,7,posx-comet-store;posx-demo-store;posx-eume-store;posx-frido-mobility-store;posx-frido-store;posx-mokobara-store;posx-ugaoo-store
src/providers/authority-gaurd.tsx,7,posx-comet-store;posx-demo-store;posx-eume-store;posx-frido-b2b-store;posx-frido-mobility-store;posx-frido-store;posx-mokobara-store
src/providers/index.tsx,7,posx-comet-store;posx-demo-store;posx-eume-store;posx-frido-b2b-store;posx-frido-mobility-store;posx-frido-store;posx-ugaoo-store
src/store/actions/cart.action.ts,7,posx-comet-store;posx-demo-store;posx-eume-store;posx-frido-b2b-store;posx-frido-mobility-store;posx-frido-store;posx-mokobara-store
src/store/apis/cart.request.ts,7,posx-comet-store;posx-demo-store;posx-eume-store;posx-frido-b2b-store;posx-frido-mobility-store;posx-frido-store;posx-mokobara-store
src/store/apis/return.request.ts,7,posx-comet-store;posx-demo-store;posx-eume-store;posx-frido-b2b-store;posx-frido-mobility-store;posx-frido-store;posx-ugaoo-store
src/store/apis/store.request.ts,7,posx-comet-store;posx-demo-store;posx-eume-store;posx-frido-mobility-store;posx-frido-store;posx-mokobara-store;posx-ugaoo-store
src/store/middlewares/auth.middleware.ts,7,posx-comet-store;posx-demo-store;posx-eume-store;posx-frido-b2b-store;posx-frido-mobility-store;posx-frido-store;posx-ugaoo-store
src/store/middlewares/cart.middleware.ts,7,posx-comet-store;posx-demo-store;posx-eume-store;posx-frido-b2b-store;posx-frido-mobility-store;posx-frido-store;posx-mokobara-store
src/store/middlewares/featured-collection.middleware.ts,7,posx-comet-store;posx-demo-store;posx-eume-store;posx-frido-b2b-store;posx-frido-mobility-store;posx-frido-store;posx-ugaoo-store
src/store/middlewares/store.middleware.ts,7,posx-comet-store;posx-demo-store;posx-eume-store;posx-frido-mobility-store;posx-frido-store;posx-mokobara-store;posx-ugaoo-store
src/store/reducers/auth.reducer.ts,7,posx-comet-store;posx-demo-store;posx-eume-store;posx-frido-b2b-store;posx-frido-mobility-store;posx-frido-store;posx-ugaoo-store
src/store/reducers/cart.reducer.ts,7,posx-comet-store;posx-demo-store;posx-eume-store;posx-frido-b2b-store;posx-frido-mobility-store;posx-frido-store;posx-mokobara-store
src/store/reducers/featured-collection.reducer.ts,7,posx-comet-store;posx-demo-store;posx-eume-store;posx-frido-b2b-store;posx-frido-mobility-store;posx-frido-store;posx-ugaoo-store
src/store/reducers/store.reducer.ts,7,posx-comet-store;posx-demo-store;posx-eume-store;posx-frido-mobility-store;posx-frido-store;posx-mokobara-store;posx-ugaoo-store
src/types/inventory.ts,7,posx-comet-store;posx-demo-store;posx-eume-store;posx-frido-b2b-store;posx-frido-mobility-store;posx-frido-store;posx-ugaoo-store
src/components/authentication/protected-route/protected-route.tsx,7,posx-demo-admin;posx-eume-admin;posx-frido-admin;posx-frido-b2b-admin;posx-frido-mobility-admin;posx-mokobara-admin;posx-ugaoo-admin
src/extensions/routes/utils.ts,7,posx-demo-admin;posx-eume-admin;posx-frido-admin;posx-frido-b2b-admin;posx-frido-mobility-admin;posx-mokobara-admin;posx-ugaoo-admin
src/routes/employees/employee-detail/components/employee-info-section.tsx,7,posx-demo-admin;posx-eume-admin;posx-frido-admin;posx-frido-b2b-admin;posx-frido-mobility-admin;posx-mokobara-admin;posx-ugaoo-admin
src/routes/employees/employee-edit/employee-edit.tsx,7,posx-demo-admin;posx-eume-admin;posx-frido-admin;posx-frido-b2b-admin;posx-frido-mobility-admin;posx-mokobara-admin;posx-ugaoo-admin
src/routes/order-details/order-list/components/export-orders-button.tsx,7,posx-demo-admin;posx-eume-admin;posx-frido-admin;posx-frido-b2b-admin;posx-frido-mobility-admin;posx-mokobara-admin;posx-ugaoo-admin
src/api/admin/discard-gatepass/route.ts,7,posx-demo-backend;posx-eume-backend;posx-frido-b2b-backend;posx-frido-backend;posx-frido-mobility-backend;posx-mokobara-backend;posx-ugaoo-backend
src/api/admin/footfall/export/route.ts,7,posx-demo-backend;posx-eume-backend;posx-frido-backend;posx-frido-mobility-backend;posx-mokobara-backend;posx-mokobara-clearance-backend;posx-ugaoo-backend
src/api/admin/order-detail/[id]/receipt/route.ts,7,posx-demo-backend;posx-eume-backend;posx-frido-b2b-backend;posx-frido-backend;posx-frido-mobility-backend;posx-mokobara-backend;posx-mokobara-clearance-backend
src/api/admin/payment-details/[transactionId]/route.ts,7,posx-demo-backend;posx-eume-backend;posx-frido-b2b-backend;posx-frido-backend;posx-frido-mobility-backend;posx-mokobara-backend;posx-mokobara-clearance-backend
src/api/shopify/webhooks/collection/create/route.ts,7,posx-demo-backend;posx-eume-backend;posx-frido-b2b-backend;posx-frido-backend;posx-frido-mobility-backend;posx-mokobara-backend;posx-mokobara-clearance-backend
src/api/shopify/webhooks/collection/delete/route.ts,7,posx-demo-backend;posx-eume-backend;posx-frido-b2b-backend;posx-frido-backend;posx-frido-mobility-backend;posx-mokobara-backend;posx-mokobara-clearance-backend
src/api/shopify/webhooks/collection/update/route.ts,7,posx-demo-backend;posx-eume-backend;posx-frido-b2b-backend;posx-frido-backend;posx-frido-mobility-backend;posx-mokobara-backend;posx-mokobara-clearance-backend
src/api/shopify/webhooks/product/delete/route.ts,7,posx-demo-backend;posx-eume-backend;posx-frido-b2b-backend;posx-frido-backend;posx-frido-mobility-backend;posx-mokobara-backend;posx-mokobara-clearance-backend
src/lib/helpers/build-summary.ts,7,posx-demo-backend;posx-eume-backend;posx-frido-b2b-backend;posx-frido-backend;posx-frido-mobility-backend;posx-mokobara-backend;posx-ugaoo-backend
src/lib/helpers/handle-employee-updation.ts,7,posx-demo-backend;posx-eume-backend;posx-frido-backend;posx-frido-mobility-backend;posx-mokobara-backend;posx-mokobara-clearance-backend;posx-ugaoo-backend
src/modules/pos-inventory/service.ts,7,posx-demo-backend;posx-eume-backend;posx-frido-backend;posx-frido-mobility-backend;posx-mokobara-backend;posx-mokobara-clearance-backend;posx-ugaoo-backend
src/modules/snapmint/service.ts,7,posx-demo-backend;posx-eume-backend;posx-frido-b2b-backend;posx-frido-backend;posx-frido-mobility-backend;posx-mokobara-backend;posx-ugaoo-backend
src/subscribers/order-detail-order-confirmed.ts,7,posx-demo-backend;posx-eume-backend;posx-frido-b2b-backend;posx-frido-backend;posx-frido-mobility-backend;posx-mokobara-backend;posx-ugaoo-backend
src/types/validators/snapmint.ts,7,posx-demo-backend;posx-eume-backend;posx-frido-b2b-backend;posx-frido-backend;posx-frido-mobility-backend;posx-mokobara-backend;posx-ugaoo-backend
src/workflows/cart/steps/add-to-cart-step.ts,7,posx-demo-backend;posx-eume-backend;posx-frido-backend;posx-frido-mobility-backend;posx-mokobara-backend;posx-mokobara-clearance-backend;posx-ugaoo-backend
src/workflows/cart/workflows/remove-from-cart.ts,7,posx-demo-backend;posx-eume-backend;posx-frido-backend;posx-frido-mobility-backend;posx-mokobara-backend;posx-mokobara-clearance-backend;posx-ugaoo-backend
src/workflows/employee/steps/check-employee-existance-step.ts,7,posx-demo-backend;posx-eume-backend;posx-frido-b2b-backend;posx-frido-backend;posx-frido-mobility-backend;posx-mokobara-backend;posx-mokobara-clearance-backend
src/workflows/employee/steps/update-employee-step.ts,7,posx-demo-backend;posx-eume-backend;posx-frido-b2b-backend;posx-frido-mobility-backend;posx-mokobara-backend;posx-mokobara-clearance-backend;posx-ugaoo-backend
src/workflows/exports/steps/send-export-email-step.ts,7,posx-demo-backend;posx-eume-backend;posx-frido-b2b-backend;posx-frido-backend;posx-frido-mobility-backend;posx-mokobara-backend;posx-mokobara-clearance-backend
src/workflows/payment-detail/workflows/create-payment-detail.ts,7,posx-demo-backend;posx-eume-backend;posx-frido-b2b-backend;posx-frido-backend;posx-frido-mobility-backend;posx-mokobara-clearance-backend;posx-ugaoo-backend
src/workflows/pos-inventory/steps/get-gst-rates.ts,7,posx-demo-backend;posx-eume-backend;posx-frido-b2b-backend;posx-frido-backend;posx-frido-mobility-backend;posx-mokobara-backend;posx-mokobara-clearance-backend
src/workflows/shopify-product/steps/create-medusa-product-variant-step.ts,7,posx-demo-backend;posx-eume-backend;posx-frido-b2b-backend;posx-frido-backend;posx-frido-mobility-backend;posx-mokobara-backend;posx-ugaoo-backend
src/components/app/cms/cms-sort.tsx,7,posx-demo-store;posx-eume-store;posx-frido-b2b-store;posx-frido-mobility-store;posx-frido-store;posx-mokobara-store;posx-ugaoo-store
src/components/app/cms/cms-table.tsx,7,posx-demo-store;posx-eume-store;posx-frido-b2b-store;posx-frido-mobility-store;posx-frido-store;posx-mokobara-store;posx-ugaoo-store
src/components/app/inventory/inbound-inventory/index.tsx,7,posx-demo-store;posx-eume-store;posx-frido-b2b-store;posx-frido-mobility-store;posx-frido-store;posx-mokobara-store;posx-ugaoo-store
src/components/app/inventory/inbound-inventory/schema.ts,7,posx-demo-store;posx-eume-store;posx-frido-b2b-store;posx-frido-mobility-store;posx-frido-store;posx-mokobara-store;posx-ugaoo-store
src/components/app/orders/orders-table.tsx,7,posx-demo-store;posx-eume-store;posx-frido-b2b-store;posx-frido-mobility-store;posx-frido-store;posx-mokobara-store;posx-ugaoo-store
src/components/app/product/AddToCartModal.tsx,7,posx-demo-store;posx-eume-store;posx-frido-b2b-store;posx-frido-mobility-store;posx-frido-store;posx-mokobara-store;posx-ugaoo-store
src/components/app/product/size-chart.tsx,7,posx-demo-store;posx-eume-store;posx-frido-b2b-store;posx-frido-mobility-store;posx-frido-store;posx-mokobara-store;posx-ugaoo-store
src/components/app/product/warning-dialog.tsx,7,posx-demo-store;posx-eume-store;posx-frido-b2b-store;posx-frido-mobility-store;posx-frido-store;posx-mokobara-store;posx-ugaoo-store
src/components/download-invoice.tsx,7,posx-demo-store;posx-eume-store;posx-frido-b2b-store;posx-frido-mobility-store;posx-frido-store;posx-mokobara-store;posx-ugaoo-store
src/libs/helpers.ts,7,posx-demo-store;posx-eume-store;posx-frido-b2b-store;posx-frido-mobility-store;posx-frido-store;posx-mokobara-store;posx-ugaoo-store
src/store/actions/cms.action.ts,7,posx-demo-store;posx-eume-store;posx-frido-b2b-store;posx-frido-mobility-store;posx-frido-store;posx-mokobara-store;posx-ugaoo-store
src/store/apis/customer.request.ts,7,posx-demo-store;posx-eume-store;posx-frido-b2b-store;posx-frido-mobility-store;posx-frido-store;posx-mokobara-store;posx-ugaoo-store
src/types/cart.ts,7,posx-demo-store;posx-eume-store;posx-frido-b2b-store;posx-frido-mobility-store;posx-frido-store;posx-mokobara-store;posx-ugaoo-store
src/routes/cms/cms-list/cms-list.tsx,6,posx-comet-admin;posx-demo-admin;posx-eume-admin;posx-frido-admin;posx-frido-mobility-admin;posx-mokobara-admin
src/routes/cms/cms-list/components/use-cms-table-query.tsx,6,posx-comet-admin;posx-demo-admin;posx-eume-admin;posx-frido-admin;posx-frido-mobility-admin;posx-mokobara-admin
src/routes/order-details/order-detail/components/store-section.tsx,6,posx-comet-admin;posx-demo-admin;posx-eume-admin;posx-frido-admin;posx-mokobara-admin;posx-ugaoo-admin
src/routes/order-details/order-list/components/use-order-report-query.tsx,6,posx-comet-admin;posx-demo-admin;posx-eume-admin;posx-frido-admin;posx-frido-b2b-admin;posx-frido-mobility-admin
src/routes/reset-password/reset-password.tsx,6,posx-comet-admin;posx-demo-admin;posx-eume-admin;posx-frido-admin;posx-mokobara-admin;posx-ugaoo-admin
src/api/admin/online-order/route.ts,6,posx-comet-backend;posx-demo-backend;posx-eume-backend;posx-frido-b2b-backend;posx-frido-backend;posx-frido-mobility-backend
src/api/admin/order-detail/report/route.ts,6,posx-comet-backend;posx-demo-backend;posx-eume-backend;posx-frido-backend;posx-frido-mobility-backend;posx-mokobara-clearance-backend
src/api/admin/order-return-and-exchange/route.ts,6,posx-comet-backend;posx-demo-backend;posx-eume-backend;posx-frido-backend;posx-frido-mobility-backend;posx-mokobara-backend
src/api/admin/payment-details/refund/route.ts,6,posx-comet-backend;posx-demo-backend;posx-eume-backend;posx-frido-backend;posx-frido-mobility-backend;posx-mokobara-backend
src/api/admin/pos-inventory/job/route.ts,6,posx-comet-backend;posx-demo-backend;posx-eume-backend;posx-frido-backend;posx-frido-mobility-backend;posx-ugaoo-backend
src/jobs/inventory-snapshot.ts,6,posx-comet-backend;posx-demo-backend;posx-eume-backend;posx-frido-backend;posx-frido-mobility-backend;posx-ugaoo-backend
src/lib/helpers/get-applicable-items.ts,6,posx-comet-backend;posx-demo-backend;posx-eume-backend;posx-frido-b2b-backend;posx-frido-backend;posx-frido-mobility-backend
src/lib/helpers/get-product-swatch-image.ts,6,posx-comet-backend;posx-frido-b2b-backend;posx-frido-backend;posx-frido-mobility-backend;posx-mokobara-backend;posx-mokobara-clearance-backend
src/subscribers/exchange-order-post-effects.ts,6,posx-comet-backend;posx-demo-backend;posx-eume-backend;posx-frido-backend;posx-mokobara-backend;posx-ugaoo-backend
src/workflows/cart/steps/get-sku-from-unicommerce-step.ts,6,posx-comet-backend;posx-demo-backend;posx-eume-backend;posx-frido-backend;posx-frido-mobility-backend;posx-mokobara-backend
src/workflows/cms/steps/generate-cms-csv-step.ts,6,posx-comet-backend;posx-demo-backend;posx-eume-backend;posx-frido-backend;posx-frido-mobility-backend;posx-mokobara-backend
src/workflows/cms/workflows/export-cms-csv.ts,6,posx-comet-backend;posx-demo-backend;posx-eume-backend;posx-frido-backend;posx-frido-mobility-backend;posx-mokobara-backend
src/workflows/online-order/steps/confirm-online-order-step.ts,6,posx-comet-backend;posx-demo-backend;posx-eume-backend;posx-frido-b2b-backend;posx-frido-backend;posx-frido-mobility-backend
src/workflows/online-order/workflows/create-online-order.ts,6,posx-comet-backend;posx-demo-backend;posx-eume-backend;posx-frido-backend;posx-frido-mobility-backend;posx-mokobara-backend
src/workflows/order-detail/steps/create-exchange-order-detail-step.ts,6,posx-comet-backend;posx-demo-backend;posx-eume-backend;posx-frido-backend;posx-mokobara-backend;posx-ugaoo-backend
src/workflows/order-detail/steps/update-gatepass-details-step.ts,6,posx-comet-backend;posx-demo-backend;posx-eume-backend;posx-frido-b2b-backend;posx-frido-backend;posx-mokobara-backend
src/workflows/order-return-and-exchange/steps/check-order-returnable-step.ts,6,posx-comet-backend;posx-demo-backend;posx-eume-backend;posx-frido-backend;posx-frido-mobility-backend;posx-ugaoo-backend
src/components/app/cms/cms-filter.tsx,6,posx-comet-store;posx-demo-store;posx-eume-store;posx-frido-b2b-store;posx-frido-mobility-store;posx-frido-store
src/components/app/configurations/configurations-table.tsx,6,posx-comet-store;posx-demo-store;posx-eume-store;posx-frido-b2b-store;posx-mokobara-store;posx-ugaoo-store
src/components/app/coupons/coupons-table.tsx,6,posx-comet-store;posx-demo-store;posx-eume-store;posx-frido-b2b-store;posx-mokobara-store;posx-ugaoo-store
src/components/app/online-orders/address-details.tsx,6,posx-comet-store;posx-demo-store;posx-eume-store;posx-frido-b2b-store;posx-frido-mobility-store;posx-frido-store
src/components/app/online-orders/customer-details/schema.ts,6,posx-comet-store;posx-demo-store;posx-eume-store;posx-frido-b2b-store;posx-frido-mobility-store;posx-frido-store
src/components/app/online-orders/payments/index.tsx,6,posx-comet-store;posx-demo-store;posx-eume-store;posx-frido-b2b-store;posx-frido-mobility-store;posx-frido-store
src/components/app/online-orders/payments/razorpay-form/index.tsx,6,posx-comet-store;posx-demo-store;posx-eume-store;posx-frido-b2b-store;posx-frido-mobility-store;posx-frido-store
src/components/app/online-orders/payments/razorpay-form/schema.ts,6,posx-comet-store;posx-demo-store;posx-eume-store;posx-frido-b2b-store;posx-frido-mobility-store;posx-frido-store
src/components/app/online-orders/payments/razorpay-pos-form/schema.ts,6,posx-comet-store;posx-demo-store;posx-eume-store;posx-frido-b2b-store;posx-frido-mobility-store;posx-frido-store
src/components/app/order/order-summary.tsx,6,posx-comet-store;posx-demo-store;posx-eume-store;posx-frido-mobility-store;posx-frido-store;posx-mokobara-store
src/components/app/order/steps/payment-details/split-payment.tsx,6,posx-comet-store;posx-eume-store;posx-frido-b2b-store;posx-frido-mobility-store;posx-frido-store;posx-mokobara-store
src/components/app/product/cart-checkout.tsx,6,posx-comet-store;posx-demo-store;posx-eume-store;posx-frido-b2b-store;posx-frido-mobility-store;posx-frido-store
src/components/app/return/return-status.tsx,6,posx-comet-store;posx-eume-store;posx-frido-b2b-store;posx-frido-mobility-store;posx-frido-store;posx-ugaoo-store
src/components/auth/reset-password-form/index.tsx,6,posx-comet-store;posx-demo-store;posx-eume-store;posx-frido-b2b-store;posx-mokobara-store;posx-ugaoo-store
src/components/layouts/app/user-nav.tsx,6,posx-comet-store;posx-demo-store;posx-eume-store;posx-frido-b2b-store;posx-frido-mobility-store;posx-frido-store
src/components/primitives/chip.tsx,6,posx-comet-store;posx-demo-store;posx-frido-b2b-store;posx-frido-mobility-store;posx-mokobara-store;posx-ugaoo-store
src/libs/axios.ts,6,posx-comet-store;posx-demo-store;posx-eume-store;posx-frido-b2b-store;posx-frido-mobility-store;posx-frido-store
src/pages/inventory/index.tsx,6,posx-comet-store;posx-demo-store;posx-eume-store;posx-frido-mobility-store;posx-frido-store;posx-ugaoo-store
src/pages/online-orders/details/_layout.tsx,6,posx-comet-store;posx-demo-store;posx-eume-store;posx-frido-b2b-store;posx-frido-mobility-store;posx-frido-store
src/pages/online-orders/details/customer-details.tsx,6,posx-comet-store;posx-demo-store;posx-eume-store;posx-frido-b2b-store;posx-frido-mobility-store;posx-frido-store
src/pages/online-orders/details/order-details.tsx,6,posx-comet-store;posx-demo-store;posx-eume-store;posx-frido-b2b-store;posx-frido-mobility-store;posx-frido-store
src/pages/orders/details/order-details.tsx,6,posx-comet-store;posx-demo-store;posx-eume-store;posx-frido-b2b-store;posx-frido-mobility-store;posx-frido-store
src/pages/returns/index.tsx,6,posx-comet-store;posx-demo-store;posx-eume-store;posx-frido-b2b-store;posx-frido-mobility-store;posx-frido-store
src/store/apis/inventory.request.ts,6,posx-comet-store;posx-demo-store;posx-eume-store;posx-frido-mobility-store;posx-frido-store;posx-ugaoo-store
src/store/apis/online-cart.request.ts,6,posx-comet-store;posx-demo-store;posx-eume-store;posx-frido-b2b-store;posx-frido-mobility-store;posx-frido-store
src/store/apis/online-order.request.ts,6,posx-comet-store;posx-demo-store;posx-eume-store;posx-frido-b2b-store;posx-frido-mobility-store;posx-frido-store
src/store/apis/product.request.ts,6,posx-comet-store;posx-demo-store;posx-eume-store;posx-frido-b2b-store;posx-frido-mobility-store;posx-frido-store
src/store/middlewares/online-cart.middleware.ts,6,posx-comet-store;posx-demo-store;posx-eume-store;posx-frido-b2b-store;posx-frido-mobility-store;posx-frido-store
src/store/middlewares/online-order.middleware.ts,6,posx-comet-store;posx-demo-store;posx-eume-store;posx-frido-b2b-store;posx-frido-mobility-store;posx-frido-store
src/store/reducers/online-cart.reducer.ts,6,posx-comet-store;posx-demo-store;posx-eume-store;posx-frido-b2b-store;posx-frido-mobility-store;posx-frido-store
src/types/cms.ts,6,posx-comet-store;posx-demo-store;posx-eume-store;posx-frido-b2b-store;posx-frido-mobility-store;posx-frido-store
src/types/online-order.ts,6,posx-comet-store;posx-demo-store;posx-eume-store;posx-frido-b2b-store;posx-frido-mobility-store;posx-frido-store
src/types/product-variant.ts,6,posx-comet-store;posx-demo-store;posx-frido-b2b-store;posx-frido-mobility-store;posx-frido-store;posx-mokobara-store
src/types/transaction.ts,6,posx-comet-store;posx-demo-store;posx-eume-store;posx-frido-b2b-store;posx-frido-mobility-store;posx-ugaoo-store
src/routes/employees/employee-detail/employee-detail.tsx,6,posx-demo-admin;posx-eume-admin;posx-frido-admin;posx-frido-b2b-admin;posx-frido-mobility-admin;posx-mokobara-admin
src/routes/pos-inventory/inventory-list/components/export-pos-inventory-button.tsx,6,posx-demo-admin;posx-eume-admin;posx-frido-admin;posx-frido-mobility-admin;posx-mokobara-admin;posx-ugaoo-admin
src/api/admin/cart/route.ts,6,posx-demo-backend;posx-eume-backend;posx-frido-backend;posx-frido-mobility-backend;posx-mokobara-backend;posx-mokobara-clearance-backend
src/api/admin/cms/[id]/route.ts,6,posx-demo-backend;posx-eume-backend;posx-frido-backend;posx-frido-mobility-backend;posx-mokobara-backend;posx-ugaoo-backend
src/api/admin/get-product/[itemCode]/[storeId]/route.ts,6,posx-demo-backend;posx-eume-backend;posx-frido-b2b-backend;posx-frido-backend;posx-frido-mobility-backend;posx-ugaoo-backend
src/api/admin/online-order/[id]/address/route.ts,6,posx-demo-backend;posx-eume-backend;posx-frido-b2b-backend;posx-frido-backend;posx-frido-mobility-backend;posx-mokobara-backend
src/api/admin/online-order/[id]/route.ts,6,posx-demo-backend;posx-eume-backend;posx-frido-b2b-backend;posx-frido-backend;posx-frido-mobility-backend;posx-mokobara-backend
src/api/admin/order-detail/[id]/invoice/route.ts,6,posx-demo-backend;posx-eume-backend;posx-frido-b2b-backend;posx-frido-backend;posx-frido-mobility-backend;posx-mokobara-clearance-backend
src/api/admin/order-detail/confirm/route.ts,6,posx-demo-backend;posx-eume-backend;posx-frido-b2b-backend;posx-frido-backend;posx-frido-mobility-backend;posx-mokobara-backend
src/api/shopify/webhooks/product/create/route.ts,6,posx-demo-backend;posx-eume-backend;posx-frido-backend;posx-frido-mobility-backend;posx-mokobara-backend;posx-mokobara-clearance-backend
src/lib/helpers/get-order-product-discount-amount.ts,6,posx-demo-backend;posx-eume-backend;posx-frido-b2b-backend;posx-frido-backend;posx-frido-mobility-backend;posx-ugaoo-backend
src/workflows/employee/workflows/update-employee.ts,6,posx-demo-backend;posx-eume-backend;posx-frido-b2b-backend;posx-frido-mobility-backend;posx-mokobara-clearance-backend;posx-ugaoo-backend
src/workflows/online-order/steps/update-online-order-details-step.ts,6,posx-demo-backend;posx-eume-backend;posx-frido-b2b-backend;posx-frido-backend;posx-frido-mobility-backend;posx-mokobara-backend
src/workflows/online-order/workflows/check-if-item-is-sold.ts,6,posx-demo-backend;posx-eume-backend;posx-frido-b2b-backend;posx-frido-backend;posx-frido-mobility-backend;posx-mokobara-backend
src/workflows/online-order/workflows/update-online-order.ts,6,posx-demo-backend;posx-eume-backend;posx-frido-b2b-backend;posx-frido-backend;posx-frido-mobility-backend;posx-mokobara-backend
src/workflows/order-return-and-exchange/steps/adjust-returned-order-as-per-order-product-step.ts,6,posx-demo-backend;posx-eume-backend;posx-frido-backend;posx-frido-mobility-backend;posx-mokobara-backend;posx-ugaoo-backend
src/workflows/order-return-and-exchange/steps/calculate-refund-amount-step.ts,6,posx-demo-backend;posx-eume-backend;posx-frido-backend;posx-frido-mobility-backend;posx-mokobara-backend;posx-ugaoo-backend
src/workflows/order-return-and-exchange/steps/return-order-product-step.ts,6,posx-demo-backend;posx-eume-backend;posx-frido-backend;posx-frido-mobility-backend;posx-mokobara-backend;posx-ugaoo-backend
src/workflows/payment-detail/workflows/verify-payment-detail.ts,6,posx-demo-backend;posx-eume-backend;posx-frido-b2b-backend;posx-frido-mobility-backend;posx-mokobara-clearance-backend;posx-ugaoo-backend
src/components/app/home/custom-discount/index.tsx,6,posx-demo-store;posx-eume-store;posx-frido-b2b-store;posx-frido-mobility-store;posx-frido-store;posx-mokobara-store
src/components/app/online-orders/schema.ts,6,posx-demo-store;posx-eume-store;posx-frido-b2b-store;posx-frido-mobility-store;posx-frido-store;posx-mokobara-store
src/components/app/payments/shared/verify-refund-request.tsx,6,posx-demo-store;posx-eume-store;posx-frido-b2b-store;posx-frido-mobility-store;posx-frido-store;posx-mokobara-store
src/components/app/payments/shared/verify-transaction-request.tsx,6,posx-demo-store;posx-eume-store;posx-frido-b2b-store;posx-frido-mobility-store;posx-frido-store;posx-mokobara-store
src/components/app/product/DeliveryChecker.tsx,6,posx-demo-store;posx-eume-store;posx-frido-b2b-store;posx-frido-mobility-store;posx-frido-store;posx-ugaoo-store
src/components/app/product/breadcrumb.tsx,6,posx-demo-store;posx-eume-store;posx-frido-b2b-store;posx-frido-mobility-store;posx-frido-store;posx-ugaoo-store
src/components/app/product/image-carousel.tsx,6,posx-demo-store;posx-eume-store;posx-frido-b2b-store;posx-frido-mobility-store;posx-frido-store;posx-ugaoo-store
src/components/app/product/online-card.tsx,6,posx-demo-store;posx-eume-store;posx-frido-b2b-store;posx-frido-mobility-store;posx-frido-store;posx-ugaoo-store
src/components/app/return/returnable-order-card.tsx,6,posx-demo-store;posx-eume-store;posx-frido-b2b-store;posx-frido-mobility-store;posx-frido-store;posx-mokobara-store
src/components/layouts/app/index.tsx,6,posx-demo-store;posx-eume-store;posx-frido-b2b-store;posx-frido-mobility-store;posx-frido-store;posx-ugaoo-store
src/components/primitives/switch.tsx,6,posx-demo-store;posx-eume-store;posx-frido-b2b-store;posx-frido-mobility-store;posx-frido-store;posx-ugaoo-store
src/pages/not-found.tsx,6,posx-demo-store;posx-eume-store;posx-frido-b2b-store;posx-frido-mobility-store;posx-frido-store;posx-ugaoo-store
src/providers/side-effect.tsx,6,posx-demo-store;posx-eume-store;posx-frido-b2b-store;posx-frido-mobility-store;posx-frido-store;posx-mokobara-store
src/store/actions/customer.action.ts,6,posx-demo-store;posx-eume-store;posx-frido-b2b-store;posx-frido-mobility-store;posx-frido-store;posx-ugaoo-store
src/store/middlewares/init.middleware.ts,6,posx-demo-store;posx-eume-store;posx-frido-b2b-store;posx-frido-mobility-store;posx-frido-store;posx-ugaoo-store
src/types/customer.ts,6,posx-demo-store;posx-eume-store;posx-frido-b2b-store;posx-frido-mobility-store;posx-frido-store;posx-ugaoo-store
src/types/employee.ts,6,posx-demo-store;posx-eume-store;posx-frido-b2b-store;posx-frido-mobility-store;posx-mokobara-store;posx-ugaoo-store
src/api/admin/invite-management/accept/route.ts,5,posx-comet-backend;posx-frido-b2b-backend;posx-mokobara-backend;posx-mokobara-clearance-backend;posx-ugaoo-backend
src/api/admin/pos-inventory/export/route.ts,5,posx-comet-backend;posx-demo-backend;posx-eume-backend;posx-mokobara-backend;posx-ugaoo-backend
src/lib/helpers/calculate-promotional-discount.ts,5,posx-comet-backend;posx-frido-b2b-backend;posx-frido-backend;posx-frido-mobility-backend;posx-mokobara-backend
src/modules/campaign-coupon/models/applicable-product.ts,5,posx-comet-backend;posx-frido-b2b-backend;posx-frido-backend;posx-frido-mobility-backend;posx-mokobara-backend
src/modules/campaign-coupon/models/campaign-coupon.ts,5,posx-comet-backend;posx-frido-b2b-backend;posx-frido-backend;posx-frido-mobility-backend;posx-mokobara-backend
src/modules/pinelabs/service.ts,5,posx-comet-backend;posx-eume-backend;posx-mokobara-backend;posx-mokobara-clearance-backend;posx-ugaoo-backend
src/subscribers/return-order-confirmed.ts,5,posx-comet-backend;posx-demo-backend;posx-eume-backend;posx-frido-backend;posx-ugaoo-backend
src/types/validators/campaign-coupon.ts,5,posx-comet-backend;posx-frido-b2b-backend;posx-frido-backend;posx-frido-mobility-backend;posx-mokobara-backend
src/types/workflows/campaign-coupon.ts,5,posx-comet-backend;posx-frido-b2b-backend;posx-frido-backend;posx-frido-mobility-backend;posx-mokobara-backend
src/workflows/campaign-coupon/steps/create-campaign-coupon-step.ts,5,posx-comet-backend;posx-frido-b2b-backend;posx-frido-backend;posx-frido-mobility-backend;posx-mokobara-backend
src/workflows/campaign-coupon/steps/update-campaign-coupon-step.ts,5,posx-comet-backend;posx-frido-b2b-backend;posx-frido-backend;posx-frido-mobility-backend;posx-mokobara-backend
src/workflows/campaign-coupon/steps/validate-coupon-step.ts,5,posx-comet-backend;posx-frido-b2b-backend;posx-frido-backend;posx-frido-mobility-backend;posx-mokobara-backend
src/workflows/campaign-coupon/workflows/create-campaign-coupon.ts,5,posx-comet-backend;posx-frido-b2b-backend;posx-frido-backend;posx-frido-mobility-backend;posx-mokobara-backend
src/workflows/campaign-coupon/workflows/update-campaign-coupon.ts,5,posx-comet-backend;posx-frido-b2b-backend;posx-frido-backend;posx-frido-mobility-backend;posx-mokobara-backend
src/workflows/invite-management/workflows/accept-invite.ts,5,posx-comet-backend;posx-frido-b2b-backend;posx-mokobara-backend;posx-mokobara-clearance-backend;posx-ugaoo-backend
src/workflows/order-detail/steps/check-if-item-codes-is-sold.ts,5,posx-comet-backend;posx-demo-backend;posx-eume-backend;posx-frido-backend;posx-frido-mobility-backend
src/workflows/order-return-and-exchange/workflows/confirm-exchange-order.ts,5,posx-comet-backend;posx-demo-backend;posx-eume-backend;posx-frido-backend;posx-ugaoo-backend
src/components/app/footfalls/footfalls-table.tsx,5,posx-comet-store;posx-demo-store;posx-eume-store;posx-frido-b2b-store;posx-frido-mobility-store
src/components/app/home/campaign-coupon/index.tsx,5,posx-comet-store;posx-frido-b2b-store;posx-frido-mobility-store;posx-frido-store;posx-mokobara-store
src/components/app/home/promotional-coupon/index.tsx,5,posx-comet-store;posx-frido-b2b-store;posx-frido-mobility-store;posx-frido-store;posx-mokobara-store
src/components/app/online-orders/payments/cash-form/index.tsx,5,posx-comet-store;posx-demo-store;posx-eume-store;posx-frido-b2b-store;posx-frido-mobility-store
src/components/app/order/steps/payment-details/cash-form/schema.ts,5,posx-comet-store;posx-demo-store;posx-eume-store;posx-frido-mobility-store;posx-frido-store
src/components/app/product/online-cart-card.tsx,5,posx-comet-store;posx-demo-store;posx-eume-store;posx-frido-mobility-store;posx-frido-store
src/components/auth/forgot-password-form/index.tsx,5,posx-comet-store;posx-demo-store;posx-eume-store;posx-frido-b2b-store;posx-mokobara-store
src/components/exchange/ExchangeOrderDetails.tsx,5,posx-comet-store;posx-demo-store;posx-frido-b2b-store;posx-frido-mobility-store;posx-frido-store
src/components/exchange/OrderProductCard.tsx,5,posx-comet-store;posx-demo-store;posx-frido-b2b-store;posx-frido-store;posx-mokobara-store
src/components/layouts/app/header.tsx,5,posx-comet-store;posx-demo-store;posx-eume-store;posx-frido-mobility-store;posx-frido-store
src/pages/online-orders/details/payment-details.tsx,5,posx-comet-store;posx-demo-store;posx-eume-store;posx-frido-mobility-store;posx-frido-store
src/store/actions/online-order.action.ts,5,posx-comet-store;posx-demo-store;posx-eume-store;posx-frido-b2b-store;posx-frido-mobility-store
src/store/middlewares/campaign-coupon.middleware.ts,5,posx-comet-store;posx-frido-b2b-store;posx-frido-mobility-store;posx-frido-store;posx-mokobara-store
src/store/reducers/campaign-coupon.reducer.ts,5,posx-comet-store;posx-frido-b2b-store;posx-frido-mobility-store;posx-frido-store;posx-mokobara-store
src/store/reducers/inventory.reducer.ts,5,posx-comet-store;posx-demo-store;posx-eume-store;posx-mokobara-store;posx-ugaoo-store
src/store/reducers/online-order.reducer.ts,5,posx-comet-store;posx-demo-store;posx-eume-store;posx-frido-b2b-store;posx-frido-mobility-store
src/types/coupon.ts,5,posx-comet-store;posx-frido-b2b-store;posx-frido-mobility-store;posx-frido-store;posx-mokobara-store
src/api/admin/cms/export/route.ts,5,posx-demo-backend;posx-eume-backend;posx-frido-backend;posx-frido-mobility-backend;posx-mokobara-backend
src/api/admin/online-cart/route.ts,5,posx-demo-backend;posx-eume-backend;posx-frido-b2b-backend;posx-frido-backend;posx-frido-mobility-backend
src/api/admin/online-order/[id]/confirm/route.ts,5,posx-demo-backend;posx-eume-backend;posx-frido-b2b-backend;posx-frido-backend;posx-frido-mobility-backend
src/api/admin/order-detail/export/route.ts,5,posx-demo-backend;posx-frido-b2b-backend;posx-frido-backend;posx-frido-mobility-backend;posx-mokobara-clearance-backend
src/api/admin/order-return-and-exchange/[id]/exchange/route.ts,5,posx-demo-backend;posx-eume-backend;posx-frido-backend;posx-mokobara-backend;posx-ugaoo-backend
src/api/admin/order-return-and-exchange/[id]/return/route.ts,5,posx-demo-backend;posx-eume-backend;posx-frido-backend;posx-frido-mobility-backend;posx-ugaoo-backend
src/api/admin/order-return-and-exchange/[id]/route.ts,5,posx-demo-backend;posx-eume-backend;posx-frido-backend;posx-frido-mobility-backend;posx-mokobara-backend
src/api/admin/product/[handle]/route.ts,5,posx-demo-backend;posx-eume-backend;posx-mokobara-backend;posx-mokobara-clearance-backend;posx-ugaoo-backend
src/modules/s3-client/service.ts,5,posx-demo-backend;posx-eume-backend;posx-frido-b2b-backend;posx-mokobara-backend;posx-ugaoo-backend
src/subscribers/update-cms-accumulation.ts,5,posx-demo-backend;posx-eume-backend;posx-frido-backend;posx-frido-mobility-backend;posx-ugaoo-backend
src/workflows/cart/steps/change-quantity-step.ts,5,posx-demo-backend;posx-eume-backend;posx-mokobara-backend;posx-mokobara-clearance-backend;posx-ugaoo-backend
src/workflows/cart/steps/remove-item-from-shopify-cart-step.ts,5,posx-demo-backend;posx-eume-backend;posx-frido-backend;posx-frido-mobility-backend;posx-ugaoo-backend
src/workflows/online-cart/steps/add-to-online-cart-step.ts,5,posx-demo-backend;posx-eume-backend;posx-frido-backend;posx-frido-mobility-backend;posx-ugaoo-backend
src/workflows/online-order/steps/check-if-product-is-sold.ts,5,posx-demo-backend;posx-eume-backend;posx-frido-b2b-backend;posx-frido-backend;posx-frido-mobility-backend
src/workflows/online-order/steps/create-online-order-address-step.ts,5,posx-demo-backend;posx-eume-backend;posx-frido-b2b-backend;posx-frido-backend;posx-frido-mobility-backend
src/workflows/order-detail/steps/generate-order-report-step.ts,5,posx-demo-backend;posx-eume-backend;posx-frido-backend;posx-frido-mobility-backend;posx-mokobara-clearance-backend
src/workflows/order-return-and-exchange/steps/check-exchange-amount-value-step.ts,5,posx-demo-backend;posx-eume-backend;posx-frido-backend;posx-frido-mobility-backend;posx-ugaoo-backend
src/workflows/product/steps/get-product-with-metadata-step.ts,5,posx-demo-backend;posx-eume-backend;posx-mokobara-backend;posx-mokobara-clearance-backend;posx-ugaoo-backend
src/components/app/employees/employees-table.tsx,5,posx-demo-store;posx-eume-store;posx-frido-b2b-store;posx-mokobara-store;posx-ugaoo-store
src/components/app/home/cart-card.tsx,5,posx-demo-store;posx-eume-store;posx-frido-b2b-store;posx-frido-mobility-store;posx-frido-store
src/components/app/home/shopping-bag-input/index.tsx,5,posx-demo-store;posx-eume-store;posx-frido-b2b-store;posx-frido-mobility-store;posx-frido-store
src/components/app/online-orders/customer-details/personal-info.tsx,5,posx-demo-store;posx-eume-store;posx-frido-b2b-store;posx-frido-mobility-store;posx-frido-store
src/components/app/online-orders/payments/snapmint-form/schema.ts,5,posx-demo-store;posx-eume-store;posx-frido-b2b-store;posx-frido-mobility-store;posx-frido-store
src/components/app/order/steps/customer-details/schema.ts,5,posx-demo-store;posx-eume-store;posx-frido-b2b-store;posx-frido-store;posx-ugaoo-store
src/components/app/order/steps/payment-details/snapmint-form/index.tsx,5,posx-demo-store;posx-eume-store;posx-frido-b2b-store;posx-frido-mobility-store;posx-ugaoo-store
src/components/app/product/cart-price-summary.tsx,5,posx-demo-store;posx-eume-store;posx-frido-b2b-store;posx-frido-mobility-store;posx-frido-store
src/components/app/product/custom-discount/index.tsx,5,posx-demo-store;posx-eume-store;posx-frido-mobility-store;posx-frido-store;posx-ugaoo-store
src/components/app/product/product-card.tsx,5,posx-demo-store;posx-eume-store;posx-frido-b2b-store;posx-frido-mobility-store;posx-frido-store
src/components/primitives/stepper.tsx,5,posx-demo-store;posx-eume-store;posx-frido-b2b-store;posx-frido-mobility-store;posx-frido-store
src/pages/auth/forgot-password.tsx,5,posx-demo-store;posx-eume-store;posx-frido-b2b-store;posx-frido-mobility-store;posx-frido-store
src/pages/auth/reset-password.tsx,5,posx-demo-store;posx-eume-store;posx-frido-b2b-store;posx-frido-mobility-store;posx-frido-store
src/pages/online-orders/details/confirm-order.tsx,5,posx-demo-store;posx-eume-store;posx-frido-b2b-store;posx-frido-mobility-store;posx-frido-store
src/store/actions/online-cart.action.ts,5,posx-demo-store;posx-eume-store;posx-frido-b2b-store;posx-frido-mobility-store;posx-frido-store
src/lib/helpers/get-order-total-amount.ts,5,posx-eume-backend;posx-frido-b2b-backend;posx-frido-backend;posx-frido-mobility-backend;posx-ugaoo-backend
src/components/app/order/order-details.tsx,5,posx-eume-store;posx-frido-b2b-store;posx-frido-mobility-store;posx-frido-store;posx-ugaoo-store
src/components/layouts/app/sidebar.tsx,5,posx-eume-store;posx-frido-b2b-store;posx-frido-mobility-store;posx-frido-store;posx-ugaoo-store
src/libs/order.ts,5,posx-eume-store;posx-frido-b2b-store;posx-frido-mobility-store;posx-frido-store;posx-ugaoo-store
src/api/admin/products/[id]/route.ts,5,posx-frido-b2b-backend;posx-frido-backend;posx-frido-mobility-backend;posx-mokobara-backend;posx-mokobara-clearance-backend
src/api/datachannel/order-product/route.ts,5,posx-frido-b2b-backend;posx-frido-backend;posx-frido-mobility-backend;posx-mokobara-backend;posx-mokobara-clearance-backend
src/lib/helpers/get-product-metafields.ts,5,posx-frido-b2b-backend;posx-frido-backend;posx-frido-mobility-backend;posx-mokobara-backend;posx-mokobara-clearance-backend
src/lib/helpers/tax-calculations.ts,5,posx-frido-b2b-backend;posx-frido-backend;posx-frido-mobility-backend;posx-mokobara-backend;posx-mokobara-clearance-backend
src/modules/global-config/service.ts,5,posx-frido-b2b-backend;posx-frido-backend;posx-frido-mobility-backend;posx-mokobara-backend;posx-mokobara-clearance-backend
src/hooks/api/campaign-coupons.tsx,4,posx-comet-admin;posx-frido-admin;posx-frido-b2b-admin;posx-frido-mobility-admin
src/routes/campaign-coupons/campaign-list/campaign-list.tsx,4,posx-comet-admin;posx-frido-admin;posx-frido-b2b-admin;posx-frido-mobility-admin
src/routes/campaign-coupons/campaign-list/components/campaign-coupon-list-table/campaign-coupon-list-table.tsx,4,posx-comet-admin;posx-frido-admin;posx-frido-b2b-admin;posx-frido-mobility-admin
src/routes/campaign-coupons/campaign-list/components/use-campaign-coupon-table-query.tsx,4,posx-comet-admin;posx-frido-admin;posx-frido-b2b-admin;posx-frido-mobility-admin
src/routes/campaign-coupons/coupon-create/components/basic-info-create-form/basic-info-create-form.tsx,4,posx-comet-admin;posx-frido-admin;posx-frido-b2b-admin;posx-frido-mobility-admin
src/routes/campaign-coupons/coupon-create/components/coupon-create-form/coupon-create-form.tsx,4,posx-comet-admin;posx-frido-admin;posx-frido-b2b-admin;posx-frido-mobility-admin
src/routes/campaign-coupons/coupon-create/components/discount-configuration-form/discount-configuration-form.tsx,4,posx-comet-admin;posx-frido-admin;posx-frido-b2b-admin;posx-frido-mobility-admin
src/routes/campaign-coupons/coupon-create/components/product-selection/product-selection.tsx,4,posx-comet-admin;posx-frido-admin;posx-frido-b2b-admin;posx-frido-mobility-admin
src/routes/campaign-coupons/coupon-create/components/store-allocation-form/store-allocation-form.tsx,4,posx-comet-admin;posx-frido-admin;posx-frido-b2b-admin;posx-frido-mobility-admin
src/routes/campaign-coupons/coupon-create/constants.ts,4,posx-comet-admin;posx-frido-admin;posx-frido-b2b-admin;posx-frido-mobility-admin
src/routes/campaign-coupons/coupon-create/coupon-create.tsx,4,posx-comet-admin;posx-frido-admin;posx-frido-b2b-admin;posx-frido-mobility-admin
src/routes/campaign-coupons/coupon-detail/breadcrumb.tsx,4,posx-comet-admin;posx-frido-admin;posx-frido-b2b-admin;posx-frido-mobility-admin
src/routes/campaign-coupons/coupon-detail/components/applicable-products-section.tsx,4,posx-comet-admin;posx-frido-admin;posx-frido-b2b-admin;posx-frido-mobility-admin
src/routes/campaign-coupons/coupon-detail/components/basic-info-section.tsx,4,posx-comet-admin;posx-frido-admin;posx-frido-b2b-admin;posx-frido-mobility-admin
src/routes/campaign-coupons/coupon-detail/components/discount-info-section.tsx,4,posx-comet-admin;posx-frido-admin;posx-frido-b2b-admin;posx-frido-mobility-admin
src/routes/campaign-coupons/coupon-detail/components/usage-info-section.tsx,4,posx-comet-admin;posx-frido-admin;posx-frido-b2b-admin;posx-frido-mobility-admin
src/routes/campaign-coupons/coupon-detail/components/validity-section.tsx,4,posx-comet-admin;posx-frido-admin;posx-frido-b2b-admin;posx-frido-mobility-admin
src/routes/campaign-coupons/coupon-detail/coupon-detail.tsx,4,posx-comet-admin;posx-frido-admin;posx-frido-b2b-admin;posx-frido-mobility-admin
src/routes/campaign-coupons/coupon-detail/loader.ts,4,posx-comet-admin;posx-frido-admin;posx-frido-b2b-admin;posx-frido-mobility-admin
src/routes/campaign-coupons/coupon-edit/components/edit-coupon-form.tsx,4,posx-comet-admin;posx-frido-admin;posx-frido-b2b-admin;posx-frido-mobility-admin
src/routes/campaign-coupons/coupon-edit/coupon-edit.tsx,4,posx-comet-admin;posx-frido-admin;posx-frido-b2b-admin;posx-frido-mobility-admin
src/routes/campaign-coupons/types.ts,4,posx-comet-admin;posx-frido-admin;posx-frido-b2b-admin;posx-frido-mobility-admin
src/api/admin/campaign-coupon/route.ts,4,posx-comet-backend;posx-frido-backend;posx-frido-mobility-backend;posx-mokobara-backend
src/api/fill-gst/route.ts,4,posx-comet-backend;posx-demo-backend;posx-eume-backend;posx-ugaoo-backend
src/subscribers/inventory-product-item-created.ts,4,posx-comet-backend;posx-demo-backend;posx-eume-backend;posx-ugaoo-backend
src/workflows/campaign-coupon/steps/calculate-coupon-discount-step.ts,4,posx-comet-backend;posx-frido-b2b-backend;posx-frido-backend;posx-mokobara-backend
src/workflows/campaign-coupon/workflows/delete-campaign-coupon.ts,4,posx-comet-backend;posx-frido-b2b-backend;posx-frido-backend;posx-frido-mobility-backend
src/workflows/cart/workflows/add-to-cart.ts,4,posx-comet-backend;posx-demo-backend;posx-eume-backend;posx-ugaoo-backend
src/workflows/cart/workflows/remove-promotional-coupon.ts,4,posx-comet-backend;posx-frido-backend;posx-frido-mobility-backend;posx-mokobara-backend
src/components/app/customer/new-customer/index.tsx,4,posx-comet-store;posx-demo-store;posx-frido-mobility-store;posx-mokobara-store
src/components/app/online-orders/customer-details/gst-info.tsx,4,posx-comet-store;posx-frido-b2b-store;posx-frido-mobility-store;posx-frido-store
src/components/app/order/steps/payment-details/pinelabs-form/index.tsx,4,posx-comet-store;posx-eume-store;posx-mokobara-store;posx-ugaoo-store
src/components/app/order/steps/payment-details/razorpay-form/index.tsx,4,posx-comet-store;posx-eume-store;posx-mokobara-store;posx-ugaoo-store
src/components/app/product/online-campaign-coupon/index.tsx,4,posx-comet-store;posx-frido-b2b-store;posx-frido-mobility-store;posx-frido-store
src/components/app/product/online-promotional-coupon/index.tsx,4,posx-comet-store;posx-frido-b2b-store;posx-frido-mobility-store;posx-frido-store
src/components/primitives/email-input-with-domain.tsx,4,posx-comet-store;posx-eume-store;posx-frido-store;posx-ugaoo-store
src/store/apis/campaign-coupon.request.ts,4,posx-comet-store;posx-frido-b2b-store;posx-frido-mobility-store;posx-frido-store
src/hooks/api/store-coupons.tsx,4,posx-demo-admin;posx-eume-admin;posx-mokobara-admin;posx-ugaoo-admin
src/routes/store-coupons/coupon-create/components/coupon-create-form/coupon-create-form.tsx,4,posx-demo-admin;posx-eume-admin;posx-mokobara-admin;posx-ugaoo-admin
src/routes/store-coupons/coupon-create/coupon-create.tsx,4,posx-demo-admin;posx-eume-admin;posx-mokobara-admin;posx-ugaoo-admin
src/routes/store-coupons/coupon-detail/breadcrumb.tsx,4,posx-demo-admin;posx-eume-admin;posx-mokobara-admin;posx-ugaoo-admin
src/routes/store-coupons/coupon-detail/components/basic-info-section.tsx,4,posx-demo-admin;posx-eume-admin;posx-mokobara-admin;posx-ugaoo-admin
src/routes/store-coupons/coupon-detail/components/usage-info-section.tsx,4,posx-demo-admin;posx-eume-admin;posx-mokobara-admin;posx-ugaoo-admin
src/routes/store-coupons/coupon-detail/components/validity-section.tsx,4,posx-demo-admin;posx-eume-admin;posx-mokobara-admin;posx-ugaoo-admin
src/routes/store-coupons/coupon-edit/components/edit-coupon-form.tsx,4,posx-demo-admin;posx-eume-admin;posx-mokobara-admin;posx-ugaoo-admin
src/routes/store-coupons/store-list/components/use-store-coupon-table-query.tsx,4,posx-demo-admin;posx-eume-admin;posx-mokobara-admin;posx-ugaoo-admin
src/routes/store-coupons/types.ts,4,posx-demo-admin;posx-eume-admin;posx-mokobara-admin;posx-ugaoo-admin
src/api/admin/store-coupon/[id]/route.ts,4,posx-demo-backend;posx-eume-backend;posx-mokobara-backend;posx-ugaoo-backend
src/api/admin/store-coupon/export/route.ts,4,posx-demo-backend;posx-eume-backend;posx-mokobara-backend;posx-ugaoo-backend
src/api/admin/store-coupon/route.ts,4,posx-demo-backend;posx-eume-backend;posx-mokobara-backend;posx-ugaoo-backend
src/jobs/store-coupon-status-updates.ts,4,posx-demo-backend;posx-eume-backend;posx-mokobara-backend;posx-ugaoo-backend
src/lib/helpers/recalculate-store-coupon-discount.ts,4,posx-demo-backend;posx-eume-backend;posx-mokobara-backend;posx-ugaoo-backend
src/modules/employee/models/employee.ts,4,posx-demo-backend;posx-eume-backend;posx-frido-mobility-backend;posx-ugaoo-backend
src/types/workflows/store-coupon.ts,4,posx-demo-backend;posx-eume-backend;posx-mokobara-backend;posx-ugaoo-backend
src/workflows/cart/workflows/remove-online-coupon.ts,4,posx-demo-backend;posx-eume-backend;posx-mokobara-backend;posx-ugaoo-backend
src/workflows/store-coupon/steps/create-store-coupon-step.ts,4,posx-demo-backend;posx-eume-backend;posx-mokobara-backend;posx-ugaoo-backend
src/workflows/store-coupon/steps/delete-store-coupon-step.ts,4,posx-demo-backend;posx-eume-backend;posx-mokobara-backend;posx-ugaoo-backend
src/workflows/store-coupon/workflows/calculate-store-coupon-discount.ts,4,posx-demo-backend;posx-eume-backend;posx-mokobara-backend;posx-ugaoo-backend
src/workflows/store-coupon/workflows/delete-store-coupon.ts,4,posx-demo-backend;posx-eume-backend;posx-mokobara-backend;posx-ugaoo-backend
src/components/app/home/index.tsx,4,posx-demo-store;posx-eume-store;posx-frido-mobility-store;posx-frido-store
src/components/app/inventory/inventory-table.tsx,4,posx-demo-store;posx-eume-store;posx-frido-b2b-store;posx-frido-mobility-store
src/components/app/online-orders/payments/snapmint-form/index.tsx,4,posx-demo-store;posx-eume-store;posx-frido-b2b-store;posx-frido-mobility-store
src/components/layouts/auth/container.tsx,4,posx-demo-store;posx-eume-store;posx-frido-mobility-store;posx-frido-store
src/libs/online-orders.ts,4,posx-demo-store;posx-eume-store;posx-frido-mobility-store;posx-frido-store
src/pages/online-orders/details/review-order.tsx,4,posx-demo-store;posx-eume-store;posx-frido-b2b-store;posx-frido-mobility-store
src/store/actions/return.action.ts,4,posx-demo-store;posx-frido-b2b-store;posx-frido-mobility-store;posx-frido-store
src/api/admin/credit-note/[id]/route.ts,4,posx-eume-backend;posx-mokobara-backend;posx-mokobara-clearance-backend;posx-ugaoo-backend
src/api/admin/credit-note/balance/route.ts,4,posx-eume-backend;posx-mokobara-backend;posx-mokobara-clearance-backend;posx-ugaoo-backend
src/api/admin/credit-note/history/route.ts,4,posx-eume-backend;posx-mokobara-backend;posx-mokobara-clearance-backend;posx-ugaoo-backend
src/api/admin/credit-note/route.ts,4,posx-eume-backend;posx-mokobara-backend;posx-mokobara-clearance-backend;posx-ugaoo-backend
src/api/admin/credit-note/transactions/route.ts,4,posx-eume-backend;posx-mokobara-backend;posx-mokobara-clearance-backend;posx-ugaoo-backend
src/lib/helpers/unicommerce-return-validator.ts,4,posx-eume-backend;posx-frido-backend;posx-mokobara-backend;posx-ugaoo-backend
src/lib/helpers/unicommerce-reverse-flow-execution.ts,4,posx-eume-backend;posx-frido-backend;posx-mokobara-backend;posx-ugaoo-backend
src/lib/helpers/unicommerce-sale-order-payload.ts,4,posx-eume-backend;posx-frido-backend;posx-mokobara-backend;posx-ugaoo-backend
src/modules/credit-note/models/credit-note-transaction.ts,4,posx-eume-backend;posx-mokobara-backend;posx-mokobara-clearance-backend;posx-ugaoo-backend
src/modules/credit-note/models/credit-note.ts,4,posx-eume-backend;posx-mokobara-backend;posx-mokobara-clearance-backend;posx-ugaoo-backend
src/modules/credit-note/service.ts,4,posx-eume-backend;posx-mokobara-backend;posx-mokobara-clearance-backend;posx-ugaoo-backend
src/modules/notification/slack/service.ts,4,posx-eume-backend;posx-mokobara-backend;posx-mokobara-clearance-backend;posx-ugaoo-backend
src/subscribers/unicommerce-return-processing.ts,4,posx-eume-backend;posx-frido-backend;posx-mokobara-backend;posx-ugaoo-backend
src/types/validators/credit-note.ts,4,posx-eume-backend;posx-mokobara-backend;posx-mokobara-clearance-backend;posx-ugaoo-backend
src/workflows/cart/workflows/change-quantity.ts,4,posx-eume-backend;posx-mokobara-backend;posx-mokobara-clearance-backend;posx-ugaoo-backend
src/components/app/order/steps/payment-details/index.tsx,4,posx-eume-store;posx-frido-mobility-store;posx-frido-store;posx-ugaoo-store
src/hooks/api/online-coupons.tsx,4,posx-frido-admin;posx-frido-b2b-admin;posx-frido-mobility-admin;posx-ugaoo-admin
src/lib/s3.ts,4,posx-frido-admin;posx-frido-b2b-admin;posx-mokobara-admin;posx-ugaoo-admin
src/api/admin/invite-management/accept/middlewares.ts,4,posx-frido-b2b-backend;posx-mokobara-backend;posx-mokobara-clearance-backend;posx-ugaoo-backend
src/api/admin/online-coupon/[coupon_id]/reorder/route.ts,4,posx-frido-b2b-backend;posx-frido-backend;posx-frido-mobility-backend;posx-mokobara-backend
src/api/admin/online-coupon/[id]/route.ts,4,posx-frido-b2b-backend;posx-frido-backend;posx-frido-mobility-backend;posx-mokobara-backend
src/api/admin/online-coupon/middlewares.ts,4,posx-frido-b2b-backend;posx-frido-backend;posx-frido-mobility-backend;posx-mokobara-backend
src/api/admin/online-coupon/route.ts,4,posx-frido-b2b-backend;posx-frido-backend;posx-frido-mobility-backend;posx-mokobara-backend
src/api/datachannel/footfall/route.ts,4,posx-frido-b2b-backend;posx-frido-backend;posx-frido-mobility-backend;posx-mokobara-clearance-backend
src/api/datachannel/order-payment/route.ts,4,posx-frido-b2b-backend;posx-frido-backend;posx-frido-mobility-backend;posx-mokobara-backend
src/lib/helpers/calculate-custom-discount.ts,4,posx-frido-b2b-backend;posx-frido-backend;posx-frido-mobility-backend;posx-mokobara-backend
src/lib/helpers/calculate-promotional-discount-helper.ts,4,posx-frido-b2b-backend;posx-frido-backend;posx-frido-mobility-backend;posx-mokobara-backend
src/lib/helpers/distribute-custom-discount.ts,4,posx-frido-b2b-backend;posx-frido-backend;posx-frido-mobility-backend;posx-mokobara-backend
src/lib/helpers/limechat-integration.ts,4,posx-frido-b2b-backend;posx-frido-backend;posx-frido-mobility-backend;posx-mokobara-backend
src/modules/freebie/models/freebie.ts,4,posx-frido-b2b-backend;posx-frido-backend;posx-frido-mobility-backend;posx-mokobara-backend
src/modules/freebie/service.ts,4,posx-frido-b2b-backend;posx-frido-backend;posx-frido-mobility-backend;posx-mokobara-backend
src/modules/quotation/models/quotation.ts,4,posx-frido-b2b-backend;posx-frido-backend;posx-frido-mobility-backend;posx-mokobara-backend
src/modules/quotation/models/quotation_address.ts,4,posx-frido-b2b-backend;posx-frido-backend;posx-frido-mobility-backend;posx-mokobara-backend
src/modules/quotation/models/quotation_product.ts,4,posx-frido-b2b-backend;posx-frido-backend;posx-frido-mobility-backend;posx-mokobara-backend
src/modules/shopify-cart/service.ts,4,posx-frido-b2b-backend;posx-frido-backend;posx-frido-mobility-backend;posx-mokobara-backend
src/types/validators/freebie.ts,4,posx-frido-b2b-backend;posx-frido-backend;posx-frido-mobility-backend;posx-mokobara-backend
src/types/validators/online-coupon.ts,4,posx-frido-b2b-backend;posx-frido-backend;posx-frido-mobility-backend;posx-mokobara-backend
src/types/validators/quotation-address.ts,4,posx-frido-b2b-backend;posx-frido-backend;posx-frido-mobility-backend;posx-mokobara-backend
src/types/validators/quotation.ts,4,posx-frido-b2b-backend;posx-frido-backend;posx-frido-mobility-backend;posx-mokobara-backend
src/types/workflows/quotation.ts,4,posx-frido-b2b-backend;posx-frido-backend;posx-frido-mobility-backend;posx-mokobara-backend
src/workflows/campaign-coupon/steps/delete-campaign-coupon-step.ts,4,posx-frido-b2b-backend;posx-frido-backend;posx-frido-mobility-backend;posx-mokobara-backend
src/workflows/campaign-coupon/steps/update-campaign-coupon-usage-count-step.ts,4,posx-frido-b2b-backend;posx-frido-backend;posx-frido-mobility-backend;posx-mokobara-backend
src/workflows/helper/steps/remove-discount-step.ts,4,posx-frido-b2b-backend;posx-frido-backend;posx-frido-mobility-backend;posx-mokobara-backend
src/workflows/invite-management/steps/delete-invite.ts,4,posx-frido-b2b-backend;posx-mokobara-backend;posx-mokobara-clearance-backend;posx-ugaoo-backend
src/workflows/invite-management/steps/update-invite-accepted.ts,4,posx-frido-b2b-backend;posx-mokobara-backend;posx-mokobara-clearance-backend;posx-ugaoo-backend
src/workflows/invite-management/steps/validate-token.ts,4,posx-frido-b2b-backend;posx-mokobara-backend;posx-mokobara-clearance-backend;posx-ugaoo-backend
src/workflows/online-coupon/steps/reorder-priorities-step.ts,4,posx-frido-b2b-backend;posx-frido-backend;posx-frido-mobility-backend;posx-mokobara-backend
src/api/shopify/webhooks/product/update/route.ts,4,posx-frido-backend;posx-frido-mobility-backend;posx-mokobara-backend;posx-mokobara-clearance-backend
src/workflows/cart/steps/change-cart-variant-quantity-step.ts,4,posx-frido-backend;posx-frido-mobility-backend;posx-mokobara-backend;posx-mokobara-clearance-backend
src/workflows/cart/workflows/change-cart-variant-quantity.ts,4,posx-frido-backend;posx-frido-mobility-backend;posx-mokobara-backend;posx-mokobara-clearance-backend
src/api/admin/invite-management/validators.ts,3,posx-comet-backend;posx-mokobara-backend;posx-mokobara-clearance-backend
src/modules/cms/migrations/Migration20250407091358.ts,3,posx-comet-backend;posx-frido-backend;posx-frido-mobility-backend
src/modules/employee/migrations/Migration20250319121008.ts,3,posx-comet-backend;posx-frido-backend;posx-frido-mobility-backend
src/modules/employee/migrations/Migration20250320054257.ts,3,posx-comet-backend;posx-frido-backend;posx-frido-mobility-backend
src/modules/employee/migrations/Migration20250325122547.ts,3,posx-comet-backend;posx-frido-backend;posx-frido-mobility-backend
src/modules/employee/migrations/Migration20250325133047.ts,3,posx-comet-backend;posx-frido-backend;posx-frido-mobility-backend
src/modules/employee/migrations/Migration20250507052355.ts,3,posx-comet-backend;posx-frido-backend;posx-frido-mobility-backend
src/modules/global-config/migrations/Migration20250317052833.ts,3,posx-comet-backend;posx-frido-backend;posx-frido-mobility-backend
src/modules/pos-inventory/migrations/Migration20250318085538.ts,3,posx-comet-backend;posx-frido-backend;posx-frido-mobility-backend
src/modules/pos-inventory/migrations/Migration20250318110205.ts,3,posx-comet-backend;posx-frido-backend;posx-frido-mobility-backend
src/modules/pos-inventory/migrations/Migration20250328020605.ts,3,posx-comet-backend;posx-frido-backend;posx-frido-mobility-backend
src/modules/pos-inventory/migrations/Migration20250331060013.ts,3,posx-comet-backend;posx-frido-backend;posx-frido-mobility-backend
src/modules/pos-inventory/migrations/Migration20250412080236.ts,3,posx-comet-backend;posx-frido-backend;posx-frido-mobility-backend
src/modules/shopify-collection/migrations/Migration20250331084850.ts,3,posx-comet-backend;posx-frido-backend;posx-frido-mobility-backend
src/modules/shopify-product/migrations/Migration20250313125923.ts,3,posx-comet-backend;posx-frido-backend;posx-frido-mobility-backend
src/modules/shopify-product/migrations/Migration20250317051819.ts,3,posx-comet-backend;posx-frido-backend;posx-frido-mobility-backend
src/modules/shopify-product/migrations/Migration20250411074118.ts,3,posx-comet-backend;posx-frido-backend;posx-frido-mobility-backend
src/workflows/campaign-coupon/workflows/calculate-coupon-discount.ts,3,posx-comet-backend;posx-frido-b2b-backend;posx-frido-backend
src/workflows/cart/workflows/remove-campaign-coupon.ts,3,posx-comet-backend;posx-frido-backend;posx-frido-mobility-backend
src/workflows/pos-inventory/steps/update-shopping-bag-count-step.ts,3,posx-comet-backend;posx-frido-backend;posx-frido-mobility-backend
src/components/app/customer/new-customer/schema.ts,3,posx-comet-store;posx-demo-store;posx-frido-mobility-store
src/components/app/online-orders/payments/razorpay-pos-form/index.tsx,3,posx-comet-store;posx-demo-store;posx-frido-b2b-store
src/types/exchange.ts,3,posx-comet-store;posx-demo-store;posx-frido-b2b-store
src/routes/store-coupons/coupon-create/components/product-selection/product-selection.tsx,3,posx-demo-admin;posx-eume-admin;posx-mokobara-admin
src/routes/store-coupons/coupon-create/constants.ts,3,posx-demo-admin;posx-eume-admin;posx-mokobara-admin
src/routes/store-coupons/coupon-detail/components/applicable-products-section.tsx,3,posx-demo-admin;posx-eume-admin;posx-mokobara-admin
src/routes/store-coupons/coupon-detail/components/discount-info-section.tsx,3,posx-demo-admin;posx-eume-admin;posx-mokobara-admin
src/routes/store-coupons/coupon-detail/coupon-detail.tsx,3,posx-demo-admin;posx-eume-admin;posx-mokobara-admin
src/routes/store-coupons/coupon-detail/loader.ts,3,posx-demo-admin;posx-eume-admin;posx-ugaoo-admin
src/routes/store-coupons/coupon-edit/coupon-edit.tsx,3,posx-demo-admin;posx-eume-admin;posx-ugaoo-admin
src/routes/store-coupons/store-list/components/store-coupon-list-table/store-coupon-list-table.tsx,3,posx-demo-admin;posx-mokobara-admin;posx-ugaoo-admin
src/routes/store-coupons/store-list/store-list.tsx,3,posx-demo-admin;posx-eume-admin;posx-mokobara-admin
src/api/admin/gst/[gst]/route.ts,3,posx-demo-backend;posx-eume-backend;posx-ugaoo-backend
src/modules/store-coupon/models/store-coupon.ts,3,posx-demo-backend;posx-eume-backend;posx-mokobara-backend
src/types/validators/gst.ts,3,posx-demo-backend;posx-eume-backend;posx-ugaoo-backend
src/types/validators/store-coupon.ts,3,posx-demo-backend;posx-eume-backend;posx-mokobara-backend
src/workflows/cart/steps/add-personalization-product-step.ts,3,posx-demo-backend;posx-eume-backend;posx-ugaoo-backend
src/workflows/cart/steps/bulk-add-to-cart-step.ts,3,posx-demo-backend;posx-eume-backend;posx-ugaoo-backend
src/workflows/cart/steps/distribute-store-coupon-discount-step.ts,3,posx-demo-backend;posx-eume-backend;posx-mokobara-backend
src/workflows/cart/steps/remove-custom-discount-step.ts,3,posx-demo-backend;posx-eume-backend;posx-mokobara-backend
src/workflows/cart/steps/remove-online-coupon-step.ts,3,posx-demo-backend;posx-eume-backend;posx-mokobara-backend
src/workflows/cart/steps/remove-store-coupon-step.ts,3,posx-demo-backend;posx-eume-backend;posx-mokobara-backend
src/workflows/cart/workflows/add-personalization.ts,3,posx-demo-backend;posx-eume-backend;posx-ugaoo-backend
src/workflows/cart/workflows/bulk-add-to-cart.ts,3,posx-demo-backend;posx-eume-backend;posx-ugaoo-backend
src/workflows/cart/workflows/remove-custom-discount.ts,3,posx-demo-backend;posx-eume-backend;posx-ugaoo-backend
src/workflows/cart/workflows/remove-store-coupon.ts,3,posx-demo-backend;posx-eume-backend;posx-ugaoo-backend
src/workflows/online-order/steps/calculate-store-coupon-discount-for-order-step.ts,3,posx-demo-backend;posx-eume-backend;posx-mokobara-backend
src/workflows/online-order/steps/validate-store-coupon-step.ts,3,posx-demo-backend;posx-eume-backend;posx-mokobara-backend
src/workflows/online-order/workflows/calculate-store-coupon-discount-for-order.ts,3,posx-demo-backend;posx-eume-backend;posx-mokobara-backend
src/workflows/shopify-customer/steps/get-customer-address-step.ts,3,posx-demo-backend;posx-eume-backend;posx-ugaoo-backend
src/workflows/store-coupon/steps/calculate-store-coupon-discount-step.ts,3,posx-demo-backend;posx-eume-backend;posx-mokobara-backend
src/workflows/store-coupon/steps/update-store-coupon-usage-count-step.ts,3,posx-demo-backend;posx-mokobara-backend;posx-ugaoo-backend
src/workflows/store-coupon/steps/validate-store-coupon-step.ts,3,posx-demo-backend;posx-eume-backend;posx-mokobara-backend
src/workflows/store-coupon/workflows/create-store-coupon.ts,3,posx-demo-backend;posx-eume-backend;posx-mokobara-backend
src/workflows/store-coupon/workflows/update-store-coupon.ts,3,posx-demo-backend;posx-eume-backend;posx-mokobara-backend
src/components/app/product/online-coupon-product/index.tsx,3,posx-demo-store;posx-eume-store;posx-ugaoo-store
src/components/app/product/online-retail-coupon/index.tsx,3,posx-demo-store;posx-eume-store;posx-ugaoo-store
src/components/app/product/product-swatch.tsx,3,posx-demo-store;posx-eume-store;posx-ugaoo-store
src/components/shimmers/chip-shimmer-component.tsx,3,posx-demo-store;posx-eume-store;posx-mokobara-store
src/store/apis/retail-coupon.request.ts,3,posx-demo-store;posx-eume-store;posx-ugaoo-store
src/store/middlewares/gst.middleware.ts,3,posx-demo-store;posx-eume-store;posx-ugaoo-store
src/store/middlewares/retail-coupon.middleware.ts,3,posx-demo-store;posx-eume-store;posx-ugaoo-store
src/store/reducers/gst.reducer.ts,3,posx-demo-store;posx-eume-store;posx-ugaoo-store
src/store/reducers/retail-coupon.reducer.ts,3,posx-demo-store;posx-eume-store;posx-ugaoo-store
src/types/gst.ts,3,posx-demo-store;posx-eume-store;posx-ugaoo-store
src/api/admin/credit-note/dashboard/route.ts,3,posx-eume-backend;posx-mokobara-backend;posx-ugaoo-backend
src/jobs/complete-unicommerce-fulfillments.ts,3,posx-eume-backend;posx-mokobara-backend;posx-ugaoo-backend
src/jobs/expire-credit-notes.ts,3,posx-eume-backend;posx-mokobara-clearance-backend;posx-ugaoo-backend
src/jobs/monthly-store-list-slack.ts,3,posx-eume-backend;posx-frido-backend;posx-ugaoo-backend
src/modules/order-detail/models/exchanged-order.ts,3,posx-eume-backend;posx-mokobara-backend;posx-ugaoo-backend
src/subscribers/generate-credit-note-payment-pdf-on-confirm.ts,3,posx-eume-backend;posx-mokobara-backend;posx-mokobara-clearance-backend
src/subscribers/unicommerce-sale-order-creation.ts,3,posx-eume-backend;posx-mokobara-backend;posx-ugaoo-backend
src/workflows/cart/steps/add-personalization-step.ts,3,posx-eume-backend;posx-mokobara-backend;posx-ugaoo-backend
src/workflows/credit-note/steps/create-credit-note-step.ts,3,posx-eume-backend;posx-mokobara-backend;posx-ugaoo-backend
src/workflows/order-detail/steps/cancel-order-detail-step.ts,3,posx-eume-backend;posx-mokobara-backend;posx-mokobara-clearance-backend
src/workflows/order-detail/steps/create-exchange-order-detail-step-v2.ts,3,posx-eume-backend;posx-mokobara-backend;posx-ugaoo-backend
src/workflows/order-return-and-exchange/steps/check-order-product-returnable-step-v2.ts,3,posx-eume-backend;posx-mokobara-backend;posx-ugaoo-backend
src/workflows/order-return-and-exchange/steps/decrement-old-lines-step-v2.ts,3,posx-eume-backend;posx-mokobara-backend;posx-ugaoo-backend
src/workflows/order-return-and-exchange/steps/return-order-product-step-v2.ts,3,posx-eume-backend;posx-mokobara-backend;posx-ugaoo-backend
src/workflows/order-return-and-exchange/workflows/confirm-exchange-order-v2.ts,3,posx-eume-backend;posx-mokobara-backend;posx-ugaoo-backend
src/components/app/customer/credit-balance-card/index.tsx,3,posx-eume-store;posx-mokobara-store;posx-ugaoo-store
src/components/app/customer/credit-history-download/index.tsx,3,posx-eume-store;posx-mokobara-store;posx-ugaoo-store
src/components/app/customer/credit-transactions-table/index.tsx,3,posx-eume-store;posx-mokobara-store;posx-ugaoo-store
src/components/app/home/approval-employee-selector.tsx,3,posx-eume-store;posx-frido-store;posx-ugaoo-store
src/components/app/online-orders/payments/qr-payment-form/index.tsx,3,posx-eume-store;posx-frido-mobility-store;posx-frido-store
src/components/app/online-orders/payments/split-payment.tsx,3,posx-eume-store;posx-frido-mobility-store;posx-frido-store
src/components/app/order/steps/payment-details/credit-note-form/schema.ts,3,posx-eume-store;posx-mokobara-store;posx-ugaoo-store
src/pages/customer/credit-summary.tsx,3,posx-eume-store;posx-mokobara-store;posx-ugaoo-store
src/pages/customer/credit-transactions.tsx,3,posx-eume-store;posx-mokobara-store;posx-ugaoo-store
src/store/apis/credit-note.request.ts,3,posx-eume-store;posx-mokobara-store;posx-ugaoo-store
src/components/common/file-input/file-input.tsx,3,posx-frido-admin;posx-frido-b2b-admin;posx-mokobara-admin
src/routes/online-coupons/online-coupon-create/components/online-coupon-create-form/online-coupon-create-form.tsx,3,posx-frido-admin;posx-frido-b2b-admin;posx-frido-mobility-admin
src/routes/online-coupons/online-coupon-create/components/online-coupon-info-create-form/basic-info-create-form.tsx,3,posx-frido-admin;posx-frido-b2b-admin;posx-frido-mobility-admin
src/routes/online-coupons/online-coupon-create/constants.ts,3,posx-frido-admin;posx-frido-b2b-admin;posx-frido-mobility-admin
src/routes/online-coupons/online-coupon-create/online-coupon-create.tsx,3,posx-frido-admin;posx-frido-b2b-admin;posx-frido-mobility-admin
src/routes/online-coupons/online-coupon-detail/breadcrumb.tsx,3,posx-frido-admin;posx-frido-b2b-admin;posx-frido-mobility-admin
src/routes/online-coupons/online-coupon-detail/components/online-coupon-info-section.tsx,3,posx-frido-admin;posx-frido-b2b-admin;posx-frido-mobility-admin
src/routes/online-coupons/online-coupon-detail/loader.ts,3,posx-frido-admin;posx-frido-b2b-admin;posx-frido-mobility-admin
src/routes/online-coupons/online-coupon-detail/online-coupon-detail.tsx,3,posx-frido-admin;posx-frido-b2b-admin;posx-frido-mobility-admin
src/routes/online-coupons/online-coupon-edit/online-coupon-edit.tsx,3,posx-frido-admin;posx-frido-b2b-admin;posx-frido-mobility-admin
src/routes/online-coupons/online-coupon-list/components/online-coupon-list-table/online-coupon-list-table.tsx,3,posx-frido-admin;posx-frido-b2b-admin;posx-frido-mobility-admin
src/routes/online-coupons/online-coupon-list/components/use-online-coupon-table-query.tsx,3,posx-frido-admin;posx-frido-b2b-admin;posx-frido-mobility-admin
src/routes/online-coupons/online-coupon-list/online-coupon-list.tsx,3,posx-frido-admin;posx-frido-b2b-admin;posx-frido-mobility-admin
src/routes/online-coupons/types.ts,3,posx-frido-admin;posx-frido-b2b-admin;posx-frido-mobility-admin
src/routes/order-details/order-detail/components/address-section.tsx,3,posx-frido-admin;posx-frido-b2b-admin;posx-frido-mobility-admin
src/api/admin/analytics/route.ts,3,posx-frido-b2b-backend;posx-frido-backend;posx-mokobara-backend
src/jobs/campaign-coupon-status-updates.ts,3,posx-frido-b2b-backend;posx-frido-backend;posx-frido-mobility-backend
src/modules/analytics/service.ts,3,posx-frido-b2b-backend;posx-frido-backend;posx-mokobara-backend
src/subscribers/order-detail-online-order-confirmed.ts,3,posx-frido-b2b-backend;posx-frido-backend;posx-frido-mobility-backend
src/types/validators/analytics.ts,3,posx-frido-b2b-backend;posx-mokobara-backend;posx-mokobara-clearance-backend
src/workflows/cart/workflows/add-to-online-cart.ts,3,posx-frido-b2b-backend;posx-frido-backend;posx-frido-mobility-backend
src/workflows/helper/workflows/stress.ts,3,posx-frido-b2b-backend;posx-frido-backend;posx-frido-mobility-backend
src/workflows/online-cart/steps/adjust-cart-item-price-step.ts,3,posx-frido-b2b-backend;posx-frido-backend;posx-frido-mobility-backend
src/workflows/online-cart/steps/change-business-step.ts,3,posx-frido-b2b-backend;posx-frido-backend;posx-frido-mobility-backend
src/workflows/online-cart/steps/change-business-type.ts,3,posx-frido-b2b-backend;posx-frido-backend;posx-frido-mobility-backend
src/workflows/online-cart/workflows/adjust-cart-item-price.ts,3,posx-frido-b2b-backend;posx-frido-backend;posx-frido-mobility-backend
src/workflows/online-coupon/steps/create-online-coupon-step.ts,3,posx-frido-b2b-backend;posx-frido-backend;posx-frido-mobility-backend
src/workflows/online-coupon/steps/delete-online-coupon-step.ts,3,posx-frido-b2b-backend;posx-frido-backend;posx-frido-mobility-backend
src/workflows/online-coupon/steps/update-online-coupon-step.ts,3,posx-frido-b2b-backend;posx-frido-backend;posx-frido-mobility-backend
src/workflows/online-coupon/workflows/update-online-coupon.ts,3,posx-frido-b2b-backend;posx-frido-backend;posx-frido-mobility-backend
src/workflows/online-order/workflows/confirm-online-order.ts,3,posx-frido-b2b-backend;posx-frido-backend;posx-frido-mobility-backend
src/components/app/online-orders/payments/bank-transfer-form/index.tsx,3,posx-frido-b2b-store;posx-frido-mobility-store;posx-frido-store
src/components/app/order/frido-connect-modal.tsx,3,posx-frido-b2b-store;posx-frido-mobility-store;posx-frido-store
src/components/app/product/adjust-price-modal-cart.tsx,3,posx-frido-b2b-store;posx-frido-mobility-store;posx-frido-store
src/components/app/product/business-type-switcher.tsx,3,posx-frido-b2b-store;posx-frido-mobility-store;posx-frido-store
src/components/app/product/freebie-modal.tsx,3,posx-frido-b2b-store;posx-frido-mobility-store;posx-frido-store
src/components/confetti/index.tsx,3,posx-frido-b2b-store;posx-frido-mobility-store;posx-frido-store
src/hooks/useFreebieConfetti.ts,3,posx-frido-b2b-store;posx-frido-mobility-store;posx-frido-store
src/libs/error-handler.ts,3,posx-frido-b2b-store;posx-frido-mobility-store;posx-frido-store
src/pages/frido-connect/index.tsx,3,posx-frido-b2b-store;posx-frido-mobility-store;posx-frido-store
src/api/admin/campaign-coupon/[id]/route.ts,3,posx-frido-backend;posx-frido-mobility-backend;posx-mokobara-backend
src/api/admin/campaign-coupon/export/route.ts,3,posx-frido-backend;posx-frido-mobility-backend;posx-mokobara-backend
src/api/admin/freebie/[id]/route.ts,3,posx-frido-backend;posx-frido-mobility-backend;posx-mokobara-backend
src/api/admin/freebie/check-applicable/route.ts,3,posx-frido-backend;posx-frido-mobility-backend;posx-mokobara-backend
src/api/admin/freebie/route.ts,3,posx-frido-backend;posx-frido-mobility-backend;posx-mokobara-backend
src/api/admin/quotation/[id]/address/route.ts,3,posx-frido-backend;posx-frido-mobility-backend;posx-mokobara-backend
src/api/admin/quotation/[id]/convert/route.ts,3,posx-frido-backend;posx-frido-mobility-backend;posx-mokobara-backend
src/api/admin/quotation/[id]/route.ts,3,posx-frido-backend;posx-frido-mobility-backend;posx-mokobara-backend
src/api/admin/quotation/middlewares.ts,3,posx-frido-backend;posx-frido-mobility-backend;posx-mokobara-backend
src/api/admin/quotation/route.ts,3,posx-frido-backend;posx-frido-mobility-backend;posx-mokobara-backend
src/workflows/cart/steps/add-freebies-step.ts,3,posx-frido-backend;posx-frido-mobility-backend;posx-mokobara-backend
src/workflows/cart/steps/apply-campaign-coupon-step.ts,3,posx-frido-backend;posx-frido-mobility-backend;posx-mokobara-backend
src/workflows/cart/steps/apply-custom-coupon-step.ts,3,posx-frido-backend;posx-frido-mobility-backend;posx-mokobara-backend
src/workflows/cart/steps/apply-promotional-coupon-step.ts,3,posx-frido-backend;posx-frido-mobility-backend;posx-mokobara-backend
src/workflows/cart/steps/check-and-apply-freebie-step.ts,3,posx-frido-backend;posx-frido-mobility-backend;posx-mokobara-backend
src/workflows/cart/steps/remove-freebie-from-cart-step.ts,3,posx-frido-backend;posx-frido-mobility-backend;posx-mokobara-backend
src/workflows/cart/workflows/apply-freebie.ts,3,posx-frido-backend;posx-frido-mobility-backend;posx-mokobara-backend
src/workflows/cart/workflows/validate-and-add-freebies.ts,3,posx-frido-backend;posx-frido-mobility-backend;posx-mokobara-backend
src/workflows/freebie/steps/create-freebie-step.ts,3,posx-frido-backend;posx-frido-mobility-backend;posx-mokobara-backend
src/workflows/freebie/steps/update-freebie-step.ts,3,posx-frido-backend;posx-frido-mobility-backend;posx-mokobara-backend
src/workflows/helper/steps/apply-discount-step.ts,3,posx-frido-backend;posx-frido-mobility-backend;posx-mokobara-backend
src/workflows/helper/workflows/apply-discount.ts,3,posx-frido-backend;posx-frido-mobility-backend;posx-mokobara-backend
src/workflows/quotation/steps/create-online-order-from-quotation-step.ts,3,posx-frido-backend;posx-frido-mobility-backend;posx-mokobara-backend
src/workflows/quotation/steps/create-order-from-quotation-step.ts,3,posx-frido-backend;posx-frido-mobility-backend;posx-mokobara-backend
src/workflows/quotation/steps/create-quotation-step.ts,3,posx-frido-backend;posx-frido-mobility-backend;posx-mokobara-backend
src/workflows/quotation/steps/generate-and-send-quotation-step.ts,3,posx-frido-backend;posx-frido-mobility-backend;posx-mokobara-backend
src/workflows/quotation/steps/get-quotation-by-id-step.ts,3,posx-frido-backend;posx-frido-mobility-backend;posx-mokobara-backend
src/workflows/quotation/steps/map-quotation-to-order-step.ts,3,posx-frido-backend;posx-frido-mobility-backend;posx-mokobara-backend
src/workflows/quotation/steps/regenerate-quotation-pdf-step.ts,3,posx-frido-backend;posx-frido-mobility-backend;posx-mokobara-backend
src/workflows/quotation/steps/update-quotation-status-step.ts,3,posx-frido-backend;posx-frido-mobility-backend;posx-mokobara-backend
src/workflows/quotation/steps/update-quotation-step.ts,3,posx-frido-backend;posx-frido-mobility-backend;posx-mokobara-backend
src/workflows/quotation/steps/validate-quotation-products-step.ts,3,posx-frido-backend;posx-frido-mobility-backend;posx-mokobara-backend
src/workflows/quotation/steps/validate-quotation-status-step.ts,3,posx-frido-backend;posx-frido-mobility-backend;posx-mokobara-backend
src/workflows/quotation/workflows/convert-quotation-to-order.ts,3,posx-frido-backend;posx-frido-mobility-backend;posx-mokobara-backend
src/workflows/quotation/workflows/create-quotation.ts,3,posx-frido-backend;posx-frido-mobility-backend;posx-mokobara-backend
src/workflows/quotation/workflows/generate-and-send-quotation.ts,3,posx-frido-backend;posx-frido-mobility-backend;posx-mokobara-backend
src/workflows/quotation/workflows/update-quotation.ts,3,posx-frido-backend;posx-frido-mobility-backend;posx-mokobara-backend
src/workflows/cart/workflows/add-to-retail-cart.ts,3,posx-frido-mobility-backend;posx-mokobara-backend;posx-mokobara-clearance-backend
src/api/admin/employee/[id]/resend-invite/route.ts,3,posx-mokobara-backend;posx-mokobara-clearance-backend;posx-ugaoo-backend
src/types/offer.ts,3,posx-mokobara-backend;posx-mokobara-clearance-backend;posx-mokobara-store
src/workflows/employee/steps/resend-invite-step.ts,3,posx-mokobara-backend;posx-mokobara-clearance-backend;posx-ugaoo-backend
src/workflows/invite-management/steps/update-employee-after-accept.ts,3,posx-mokobara-backend;posx-mokobara-clearance-backend;posx-ugaoo-backend
src/hooks/api/permissions.tsx,2,posx-comet-admin;posx-mokobara-admin
src/hooks/api/rbac.tsx,2,posx-comet-admin;posx-mokobara-admin
src/hooks/api/roles.tsx,2,posx-comet-admin;posx-mokobara-admin
src/hooks/use-access-control.tsx,2,posx-comet-admin;posx-mokobara-admin
src/lib/access-control.ts,2,posx-comet-admin;posx-mokobara-admin
src/providers/access-control-provider/access-control-provider.tsx,2,posx-comet-admin;posx-mokobara-admin
src/routes/customers/customers-add-customer-group/components/add-customers-form/add-customer-groups-form.tsx,2,posx-comet-admin;posx-demo-admin
src/routes/permissions/constants.ts,2,posx-comet-admin;posx-mokobara-admin
src/routes/permissions/permission-create/components/permission-create-form/permission-create-form.tsx,2,posx-comet-admin;posx-mokobara-admin
src/routes/permissions/permission-create/permission-create.tsx,2,posx-comet-admin;posx-mokobara-admin
src/routes/permissions/permission-detail/components/permission-general-section/permission-general-section.tsx,2,posx-comet-admin;posx-mokobara-admin
src/routes/permissions/permission-detail/permission-detail.tsx,2,posx-comet-admin;posx-mokobara-admin
src/routes/permissions/permission-edit/components/edit-permission-form/edit-permission-form.tsx,2,posx-comet-admin;posx-mokobara-admin
src/routes/permissions/permission-edit/permission-edit.tsx,2,posx-comet-admin;posx-mokobara-admin
src/routes/permissions/permission-list/components/permission-list-table/permission-list-table.tsx,2,posx-comet-admin;posx-mokobara-admin
src/routes/permissions/permission-list/components/use-permission-table-query.tsx,2,posx-comet-admin;posx-mokobara-admin
src/routes/roles/role-assign-permission/components/assign-permission-form/assign-permission-form.tsx,2,posx-comet-admin;posx-mokobara-admin
src/routes/roles/role-assign-permission/role-assign-permission.tsx,2,posx-comet-admin;posx-mokobara-admin
src/routes/roles/role-create/components/role-create-form/role-create-form.tsx,2,posx-comet-admin;posx-mokobara-admin
src/routes/roles/role-create/role-create.tsx,2,posx-comet-admin;posx-mokobara-admin
src/routes/roles/role-detail/components/role-general-section/role-general-section.tsx,2,posx-comet-admin;posx-mokobara-admin
src/routes/roles/role-detail/components/role-permissions-section/components/role-permissions-list/role-permissions-list.tsx,2,posx-comet-admin;posx-mokobara-admin
src/routes/roles/role-detail/components/role-permissions-section/role-permissions-section.tsx,2,posx-comet-admin;posx-mokobara-admin
src/routes/roles/role-detail/role-detail.tsx,2,posx-comet-admin;posx-mokobara-admin
src/routes/roles/role-edit/components/edit-role-form/edit-role-form.tsx,2,posx-comet-admin;posx-mokobara-admin
src/routes/roles/role-edit/role-edit.tsx,2,posx-comet-admin;posx-mokobara-admin
src/routes/roles/role-list/components/role-list-table/role-list-table.tsx,2,posx-comet-admin;posx-mokobara-admin
src/routes/roles/types.ts,2,posx-comet-admin;posx-mokobara-admin
src/api/admin/rbac/permissions/[id]/route.ts,2,posx-comet-backend;posx-mokobara-backend
src/api/admin/rbac/permissions/route.ts,2,posx-comet-backend;posx-mokobara-backend
src/api/admin/rbac/query-config.ts,2,posx-comet-backend;posx-mokobara-backend
src/api/admin/rbac/role-permissions/route.ts,2,posx-comet-backend;posx-mokobara-backend
src/api/admin/rbac/roles/[id]/permissions/route.ts,2,posx-comet-backend;posx-mokobara-backend
src/api/admin/rbac/roles/route.ts,2,posx-comet-backend;posx-mokobara-backend
src/api/admin/rbac/types.ts,2,posx-comet-backend;posx-mokobara-backend
src/api/admin/rbac/users/[id]/permissions/route.ts,2,posx-comet-backend;posx-mokobara-backend
src/api/admin/rbac/validators.ts,2,posx-comet-backend;posx-mokobara-backend
src/lib/helpers/debit-gift-card.ts,2,posx-comet-backend;posx-eume-backend
src/lib/helpers/fetch-gift-card-by-code.ts,2,posx-comet-backend;posx-eume-backend
src/lib/helpers/get-gst-bifurcation.ts,2,posx-comet-backend;posx-demo-backend
src/modules/rbac/models/permission.ts,2,posx-comet-backend;posx-mokobara-backend
src/modules/rbac/models/role-permission.ts,2,posx-comet-backend;posx-mokobara-backend
src/modules/rbac/models/user-role.ts,2,posx-comet-backend;posx-mokobara-backend
src/modules/rbac/service.ts,2,posx-comet-backend;posx-mokobara-backend
src/modules/rbac/types/index.ts,2,posx-comet-backend;posx-mokobara-backend
src/types/enums/rbac.ts,2,posx-comet-backend;posx-mokobara-backend
src/workflows/rbac-management/steps/create-permission.ts,2,posx-comet-backend;posx-mokobara-backend
src/workflows/rbac-management/steps/delete-permission.ts,2,posx-comet-backend;posx-mokobara-backend
src/workflows/rbac-management/steps/delete-role.ts,2,posx-comet-backend;posx-mokobara-backend
src/workflows/rbac-management/steps/enrich-user-roles-with-details.ts,2,posx-comet-backend;posx-mokobara-backend
src/workflows/rbac-management/steps/get-user-permissions.ts,2,posx-comet-backend;posx-mokobara-backend
src/workflows/rbac-management/steps/index.ts,2,posx-comet-backend;posx-mokobara-backend
src/workflows/rbac-management/steps/list-permissions.ts,2,posx-comet-backend;posx-mokobara-backend
src/workflows/rbac-management/steps/list-user-roles.ts,2,posx-comet-backend;posx-mokobara-backend
src/workflows/rbac-management/steps/retrieve-role.ts,2,posx-comet-backend;posx-mokobara-backend
src/workflows/rbac-management/steps/update-permission.ts,2,posx-comet-backend;posx-mokobara-backend
src/workflows/rbac-management/steps/update-role.ts,2,posx-comet-backend;posx-mokobara-backend
src/workflows/rbac-management/workflows/create-permission.ts,2,posx-comet-backend;posx-mokobara-backend
src/workflows/rbac-management/workflows/create-role.ts,2,posx-comet-backend;posx-mokobara-backend
src/workflows/rbac-management/workflows/delete-permission.ts,2,posx-comet-backend;posx-mokobara-backend
src/workflows/rbac-management/workflows/delete-role.ts,2,posx-comet-backend;posx-mokobara-backend
src/workflows/rbac-management/workflows/list-permissions.ts,2,posx-comet-backend;posx-mokobara-backend
src/workflows/rbac-management/workflows/list-roles.ts,2,posx-comet-backend;posx-mokobara-backend
src/workflows/rbac-management/workflows/retrieve-role.ts,2,posx-comet-backend;posx-mokobara-backend
src/workflows/rbac-management/workflows/retrive-permission.ts,2,posx-comet-backend;posx-mokobara-backend
src/workflows/rbac-management/workflows/role-permissions.ts,2,posx-comet-backend;posx-mokobara-backend
src/workflows/rbac-management/workflows/update-permission.ts,2,posx-comet-backend;posx-mokobara-backend
src/workflows/rbac-management/workflows/update-role.ts,2,posx-comet-backend;posx-mokobara-backend
src/workflows/rbac-management/workflows/user-permissions.ts,2,posx-comet-backend;posx-mokobara-backend
src/components/app/online-orders/payments/pinelabs-form/index.tsx,2,posx-comet-store;posx-eume-store
src/components/app/online-orders/payments/pinelabs-form/schema.ts,2,posx-comet-store;posx-eume-store
src/components/app/order/steps/payment-details/razorpay-pos-form/index.tsx,2,posx-comet-store;posx-mokobara-store
src/hooks/usePermission.ts,2,posx-comet-store;posx-mokobara-store
src/libs/permission.ts,2,posx-comet-store;posx-mokobara-store
src/types/permission.ts,2,posx-comet-store;posx-mokobara-store
src/routes/store-coupons/coupon-create/components/basic-info-create-form/basic-info-create-form.tsx,2,posx-demo-admin;posx-eume-admin
src/routes/store-coupons/coupon-create/components/discount-configuration-form/discount-configuration-form.tsx,2,posx-demo-admin;posx-eume-admin
src/lib/helpers/calculate-online-coupon-discount.ts,2,posx-demo-backend;posx-ugaoo-backend
src/modules/cms/migrations/Migration20250821120120.ts,2,posx-demo-backend;posx-eume-backend
src/modules/order-detail/migrations/Migration20250821120214.ts,2,posx-demo-backend;posx-eume-backend
src/modules/order-detail/migrations/Migration20250904091121.ts,2,posx-demo-backend;posx-eume-backend
src/modules/pos-inventory/migrations/Migration20250821120248.ts,2,posx-demo-backend;posx-eume-backend
src/modules/shopify-collection/migrations/Migration20250821120304.ts,2,posx-demo-backend;posx-eume-backend
src/modules/shopify-product/migrations/Migration20250821120315.ts,2,posx-demo-backend;posx-eume-backend
src/modules/store-coupon/migrations/Migration20250821120323.ts,2,posx-demo-backend;posx-eume-backend
src/modules/store-coupon/models/applicable-product.ts,2,posx-demo-backend;posx-eume-backend
src/modules/store-details/migrations/Migration20250821120338.ts,2,posx-demo-backend;posx-eume-backend
src/workflows/cart/steps/apply-custom-discount-step.ts,2,posx-demo-backend;posx-mokobara-backend
src/workflows/cart/steps/distribute-custom-discount-step.ts,2,posx-demo-backend;posx-eume-backend
src/workflows/cart/steps/distribute-online-coupon-discount-step.ts,2,posx-demo-backend;posx-eume-backend
src/workflows/store-coupon/steps/check-applicable-variants-existance-step.ts,2,posx-demo-backend;posx-mokobara-backend
src/workflows/store-coupon/steps/update-store-coupon-step.ts,2,posx-demo-backend;posx-eume-backend
src/components/app/home/online-coupon/index.tsx,2,posx-demo-store;posx-eume-store
src/components/app/home/retail-coupon/index.tsx,2,posx-demo-store;posx-eume-store
src/components/app/online-orders/customer-details/additional-comments.tsx,2,posx-demo-store;posx-eume-store
src/components/app/online-orders/payments/single-payment.tsx,2,posx-demo-store;posx-eume-store
src/components/shimmers/product-card-shimmer-component.tsx,2,posx-demo-store;posx-eume-store
src/store/apis/gst.request.ts,2,posx-demo-store;posx-eume-store
src/hooks/api/inventory-movements.tsx,2,posx-eume-admin;posx-ugaoo-admin
src/hooks/table/columns/use-inventory-movement-table-columns.tsx,2,posx-eume-admin;posx-ugaoo-admin
src/hooks/table/filters/use-inventory-movement-table-filters.tsx,2,posx-eume-admin;posx-ugaoo-admin
src/hooks/table/query/use-inventory-movement-table-query.tsx,2,posx-eume-admin;posx-ugaoo-admin
src/routes/inventory-movements/inventory-movements-list/components/inventory-movements-list-table/inventory-movements-list-table.tsx,2,posx-eume-admin;posx-ugaoo-admin
src/routes/inventory-movements/inventory-movements-list/inventory-movements-list.tsx,2,posx-eume-admin;posx-ugaoo-admin
src/routes/inventory-movements/types.ts,2,posx-eume-admin;posx-ugaoo-admin
src/api/admin/discount-pin/route.ts,2,posx-eume-backend;posx-mokobara-backend
src/api/admin/grn/[id]/bulk-scan/route.ts,2,posx-eume-backend;posx-ugaoo-backend
src/api/admin/grn/[id]/complete/route.ts,2,posx-eume-backend;posx-ugaoo-backend
src/api/admin/grn/[id]/item/[itemId]/route.ts,2,posx-eume-backend;posx-ugaoo-backend
src/api/admin/grn/[id]/route.ts,2,posx-eume-backend;posx-ugaoo-backend
src/api/admin/grn/route.ts,2,posx-eume-backend;posx-ugaoo-backend
src/api/admin/inventory-movement/route.ts,2,posx-eume-backend;posx-ugaoo-backend
src/api/admin/monthly-store-list/route.ts,2,posx-eume-backend;posx-ugaoo-backend
src/api/admin/order-detail/[id]/credit-note-payment-pdf/route.ts,2,posx-eume-backend;posx-ugaoo-backend
src/api/admin/stn/[id]/route.ts,2,posx-eume-backend;posx-ugaoo-backend
src/api/admin/store/[storeId]/parent-warehouse/route.ts,2,posx-eume-backend;posx-ugaoo-backend
src/api/admin/unicommerce/adjust-inventory/route.ts,2,posx-eume-backend;posx-mokobara-backend
src/api/admin/unicommerce/failed-orders/route.ts,2,posx-eume-backend;posx-ugaoo-backend
src/api/admin/validate-sku/route.ts,2,posx-eume-backend;posx-ugaoo-backend
src/api/adsr/moa-bangalore/route.ts,2,posx-eume-backend;posx-ugaoo-backend
src/api/product-sales/route.ts,2,posx-eume-backend;posx-ugaoo-backend
src/jobs/daily-failed-orders-summary.ts,2,posx-eume-backend;posx-ugaoo-backend
src/lib/helpers/discount-pin/email-template.ts,2,posx-eume-backend;posx-mokobara-backend
src/lib/helpers/discount-pin/rules.ts,2,posx-eume-backend;posx-mokobara-backend
src/lib/helpers/pinelabs.ts,2,posx-eume-backend;posx-mokobara-backend
src/modules/discount-approval/service.ts,2,posx-eume-backend;posx-mokobara-backend
src/modules/employee/utils/discount-verification-pin.ts,2,posx-eume-backend;posx-mokobara-backend
src/modules/pos-inventory/models/grn-item.ts,2,posx-eume-backend;posx-ugaoo-backend
src/modules/pos-inventory/models/grn.ts,2,posx-eume-backend;posx-ugaoo-backend
src/modules/pos-inventory/models/inventory-movement.ts,2,posx-eume-backend;posx-ugaoo-backend
src/modules/pos-inventory/models/stn-item.ts,2,posx-eume-backend;posx-ugaoo-backend
src/modules/pos-inventory/models/stn.ts,2,posx-eume-backend;posx-ugaoo-backend
src/subscribers/create-io-on-cash-and-carry.ts,2,posx-eume-backend;posx-ugaoo-backend
src/subscribers/create-return-io-on-cash-and-carry.ts,2,posx-eume-backend;posx-ugaoo-backend
src/subscribers/discount-pin-email.ts,2,posx-eume-backend;posx-mokobara-backend
src/subscribers/stn-approval-notification.ts,2,posx-eume-backend;posx-ugaoo-backend
src/subscribers/stn-creation-notification.ts,2,posx-eume-backend;posx-ugaoo-backend
src/subscribers/stn-inventory-discrepancy-notification.ts,2,posx-eume-backend;posx-ugaoo-backend
src/subscribers/stn-rejection-notification.ts,2,posx-eume-backend;posx-ugaoo-backend
src/subscribers/update-pdf-on-return-exchange.ts,2,posx-eume-backend;posx-ugaoo-backend
src/types/validators/grn.ts,2,posx-eume-backend;posx-ugaoo-backend
src/types/validators/inventory-movement.ts,2,posx-eume-backend;posx-ugaoo-backend
src/types/validators/stn.ts,2,posx-eume-backend;posx-ugaoo-backend
src/workflows/cart/steps/verify-pin-step.ts,2,posx-eume-backend;posx-ugaoo-backend
src/workflows/cart/workflows/apply-online-coupon.ts,2,posx-eume-backend;posx-ugaoo-backend
src/workflows/cart/workflows/apply-store-coupon.ts,2,posx-eume-backend;posx-ugaoo-backend
src/workflows/cart/workflows/verify-pin.ts,2,posx-eume-backend;posx-ugaoo-backend
src/workflows/credit-note/steps/generate-credit-note-pdf-step.ts,2,posx-eume-backend;posx-ugaoo-backend
src/workflows/discount-pin/steps/close-approval-request-step.ts,2,posx-eume-backend;posx-mokobara-backend
src/workflows/discount-pin/steps/create-approval-request-step.ts,2,posx-eume-backend;posx-mokobara-backend
src/workflows/discount-pin/steps/prepare-discount-pin-step.ts,2,posx-eume-backend;posx-mokobara-backend
src/workflows/discount-pin/workflows/send-discount-pin.ts,2,posx-eume-backend;posx-mokobara-backend
src/workflows/grn/steps/complete-grn-step.ts,2,posx-eume-backend;posx-ugaoo-backend
src/workflows/grn/steps/create-grn-step.ts,2,posx-eume-backend;posx-ugaoo-backend
src/workflows/grn/steps/process-grn-bulk-scan-step.ts,2,posx-eume-backend;posx-ugaoo-backend
src/workflows/grn/steps/process-grn-scan-step.ts,2,posx-eume-backend;posx-ugaoo-backend
src/workflows/grn/steps/reset-grn-scanning-step.ts,2,posx-eume-backend;posx-ugaoo-backend
src/workflows/grn/steps/validate-grn-for-reset-step.ts,2,posx-eume-backend;posx-ugaoo-backend
src/workflows/grn/workflows/create-grn-workflow.ts,2,posx-eume-backend;posx-ugaoo-backend
src/workflows/order-return-and-exchange/steps/cancel-unicommerce-order-step.ts,2,posx-eume-backend;posx-ugaoo-backend
src/workflows/order-return-and-exchange/steps/check-variant-availability-step.ts,2,posx-eume-backend;posx-ugaoo-backend
src/workflows/order-return-and-exchange/steps/create-exchanged-order-links-step-v2.ts,2,posx-eume-backend;posx-ugaoo-backend
src/workflows/order-return-and-exchange/steps/unicommerce-reverse-flow-step.ts,2,posx-eume-backend;posx-ugaoo-backend
src/workflows/order-return-and-exchange/workflows/confirm-return-order-v2.ts,2,posx-eume-backend;posx-mokobara-backend
src/workflows/payment-detail/steps/calculate-proportional-refund-step.ts,2,posx-eume-backend;posx-ugaoo-backend
src/workflows/payment-detail/steps/detect-original-payment-mode-step.ts,2,posx-eume-backend;posx-ugaoo-backend
src/workflows/stn/steps/cancel-stn-step.ts,2,posx-eume-backend;posx-ugaoo-backend
src/workflows/stn/steps/check-stn-inventory-step.ts,2,posx-eume-backend;posx-ugaoo-backend
src/workflows/stn/steps/create-stn-io-entries-step.ts,2,posx-eume-backend;posx-ugaoo-backend
src/workflows/stn/steps/create-stn-step.ts,2,posx-eume-backend;posx-ugaoo-backend
src/workflows/stn/steps/mark-stn-discrepancy-email-sent-step.ts,2,posx-eume-backend;posx-ugaoo-backend
src/workflows/stn/steps/submit-stn-step.ts,2,posx-eume-backend;posx-ugaoo-backend
src/workflows/stn/steps/update-stn-items-step.ts,2,posx-eume-backend;posx-ugaoo-backend
src/workflows/stn/steps/update-stn-status-step.ts,2,posx-eume-backend;posx-ugaoo-backend
src/workflows/stn/steps/validate-stn-approver-step.ts,2,posx-eume-backend;posx-ugaoo-backend
src/workflows/stn/steps/validate-stn-editable-step.ts,2,posx-eume-backend;posx-ugaoo-backend
src/workflows/stn/steps/validate-stn-items-step.ts,2,posx-eume-backend;posx-ugaoo-backend
src/workflows/stn/steps/validate-stn-status-step.ts,2,posx-eume-backend;posx-ugaoo-backend
src/workflows/stn/workflows/approve-stn-workflow.ts,2,posx-eume-backend;posx-ugaoo-backend
src/workflows/stn/workflows/check-stn-inventory-workflow.ts,2,posx-eume-backend;posx-ugaoo-backend
src/workflows/stn/workflows/create-stn-workflow.ts,2,posx-eume-backend;posx-ugaoo-backend
src/workflows/stn/workflows/reject-stn-workflow.ts,2,posx-eume-backend;posx-ugaoo-backend
src/workflows/stn/workflows/update-stn-items-workflow.ts,2,posx-eume-backend;posx-ugaoo-backend
src/components/airprint-button.tsx,2,posx-eume-store;posx-ugaoo-store
src/components/airprint-receipt.tsx,2,posx-eume-store;posx-ugaoo-store
src/components/app/common/gst-breakdown.tsx,2,posx-eume-store;posx-ugaoo-store
src/components/app/inventory/grn-detail/index.tsx,2,posx-eume-store;posx-ugaoo-store
src/components/app/inventory/grn-list/index.tsx,2,posx-eume-store;posx-ugaoo-store
src/components/app/inventory/grn/index.tsx,2,posx-eume-store;posx-ugaoo-store
src/components/app/inventory/grn/schema.ts,2,posx-eume-store;posx-ugaoo-store
src/components/app/inventory/inventory-movements-table.tsx,2,posx-eume-store;posx-ugaoo-store
src/components/app/inventory/sku-request/employee-selector.tsx,2,posx-eume-store;posx-ugaoo-store
src/components/app/inventory/sku-request/index.tsx,2,posx-eume-store;posx-ugaoo-store
src/components/app/inventory/stn-grn/grn-filters.tsx,2,posx-eume-store;posx-ugaoo-store
src/components/app/inventory/stn-grn/stn-filters.tsx,2,posx-eume-store;posx-ugaoo-store
src/components/app/online-orders/payments/district-by-zomato-form/index.tsx,2,posx-eume-store;posx-frido-store
src/components/app/online-orders/payments/district-by-zomato-form/schema.ts,2,posx-eume-store;posx-frido-store
src/components/app/order/steps/payment-details/credit-note-form/index.tsx,2,posx-eume-store;posx-ugaoo-store
src/components/app/product/product-selector-lw.tsx,2,posx-eume-store;posx-ugaoo-store
src/components/primitives/card.tsx,2,posx-eume-store;posx-ugaoo-store
src/components/primitives/scroll-area.tsx,2,posx-eume-store;posx-ugaoo-store
src/hooks/useCountdown.ts,2,posx-eume-store;posx-mokobara-store
src/libs/order-tax.ts,2,posx-eume-store;posx-ugaoo-store
src/pages/inventory/movements.tsx,2,posx-eume-store;posx-ugaoo-store
src/store/actions/grn.action.ts,2,posx-eume-store;posx-ugaoo-store
src/store/actions/stn.action.ts,2,posx-eume-store;posx-ugaoo-store
src/store/apis/grn.request.ts,2,posx-eume-store;posx-ugaoo-store
src/store/apis/stn.request.ts,2,posx-eume-store;posx-ugaoo-store
src/store/middlewares/grn.middleware.ts,2,posx-eume-store;posx-ugaoo-store
src/store/middlewares/stn.middleware.ts,2,posx-eume-store;posx-ugaoo-store
src/store/reducers/grn.reducer.ts,2,posx-eume-store;posx-ugaoo-store
src/store/reducers/stn.reducer.ts,2,posx-eume-store;posx-ugaoo-store
src/types/grn.ts,2,posx-eume-store;posx-ugaoo-store
src/types/stn.ts,2,posx-eume-store;posx-ugaoo-store
src/hooks/api/analytics.tsx,2,posx-frido-admin;posx-frido-b2b-admin
src/hooks/api/freebies.ts,2,posx-frido-admin;posx-frido-mobility-admin
src/hooks/api/quotations.tsx,2,posx-frido-admin;posx-frido-mobility-admin
src/routes/analytics/analytics-list/analytics-list.tsx,2,posx-frido-admin;posx-frido-b2b-admin
src/routes/analytics/analytics-list/components/analytics-list-table.tsx,2,posx-frido-admin;posx-frido-b2b-admin
src/routes/analytics/types.ts,2,posx-frido-admin;posx-frido-b2b-admin
src/routes/cms/cms-create/cms-create.tsx,2,posx-frido-admin;posx-mokobara-admin
src/routes/cms/cms-create/components/cms-create-form/cms-create-form.tsx,2,posx-frido-admin;posx-mokobara-admin
src/routes/cms/cms-create/constants.ts,2,posx-frido-admin;posx-mokobara-admin
src/routes/cms/cms-list/components/export-cms-button.tsx,2,posx-frido-admin;posx-mokobara-admin
src/routes/freebies/common/components/create-freebies-form-fields/create-freebies-form-fields.tsx,2,posx-frido-admin;posx-frido-mobility-admin
src/routes/freebies/common/components/product-selection/product-selection.tsx,2,posx-frido-admin;posx-frido-mobility-admin
src/routes/freebies/freebies-create/components/create-freebies-form/create-freebies-form.tsx,2,posx-frido-admin;posx-frido-mobility-admin
src/routes/freebies/freebies-detail/freebies-detail.tsx,2,posx-frido-admin;posx-frido-mobility-admin
src/routes/freebies/freebies-edit/components/edit-freebies-form/edit-freebies-form.tsx,2,posx-frido-admin;posx-frido-mobility-admin
src/routes/freebies/freebies-edit/freebies-edit.tsx,2,posx-frido-admin;posx-frido-mobility-admin
src/routes/freebies/freebies-list/components/freebies-list-table.tsx,2,posx-frido-admin;posx-frido-mobility-admin
src/routes/online-coupons/online-coupon-edit/components/edit-online-coupon-form/edit-online-coupon-form.tsx,2,posx-frido-admin;posx-frido-b2b-admin
src/routes/quotations/quotation-detail/breadcrumb.tsx,2,posx-frido-admin;posx-frido-mobility-admin
src/routes/quotations/quotation-detail/loader.ts,2,posx-frido-admin;posx-frido-mobility-admin
src/routes/quotations/quotation-detail/quotation-detail.tsx,2,posx-frido-admin;posx-frido-mobility-admin
src/routes/quotations/quotation-detail/sections/address-section.tsx,2,posx-frido-admin;posx-frido-mobility-admin
src/routes/quotations/quotation-detail/sections/basic-info-section.tsx,2,posx-frido-admin;posx-frido-mobility-admin
src/routes/quotations/quotation-detail/sections/customer-info-section.tsx,2,posx-frido-admin;posx-frido-mobility-admin
src/routes/quotations/quotation-detail/sections/items-section.tsx,2,posx-frido-admin;posx-frido-mobility-admin
src/routes/quotations/quotation-detail/sections/store-section.tsx,2,posx-frido-admin;posx-frido-mobility-admin
src/routes/quotations/quotation-list/components/quotation-list-table/quotation-list-table.tsx,2,posx-frido-admin;posx-frido-mobility-admin
src/routes/quotations/quotation-list/components/use-quotation-table-query.tsx,2,posx-frido-admin;posx-frido-mobility-admin
src/routes/quotations/quotation-list/quotation-list.tsx,2,posx-frido-admin;posx-frido-mobility-admin
src/routes/quotations/types.ts,2,posx-frido-admin;posx-frido-mobility-admin
src/routes/store-details/store-details-create/components/discount-settings-section/discount-settings-section.tsx,2,posx-frido-admin;posx-mokobara-admin
src/lib/csv-validation.ts,2,posx-frido-b2b-backend;posx-ugaoo-backend
src/lib/helpers/fetch-shopify-variant-media.ts,2,posx-frido-b2b-backend;posx-frido-backend
src/lib/helpers/transform-shopify-options.ts,2,posx-frido-b2b-backend;posx-frido-backend
src/scripts/collection.js,2,posx-frido-b2b-backend;posx-ugaoo-backend
src/scripts/product.js,2,posx-frido-b2b-backend;posx-ugaoo-backend
src/subscribers/invite-created.ts,2,posx-frido-b2b-backend;posx-ugaoo-backend
src/subscribers/order-gcp-sync.ts,2,posx-frido-b2b-backend;posx-frido-backend
src/types/validators/invite-management.ts,2,posx-frido-b2b-backend;posx-ugaoo-backend
src/types/validators/order-enums.ts,2,posx-frido-b2b-backend;posx-frido-backend
src/workflows/pos-inventory/steps/wait-confirmation-inventory-import-step.ts,2,posx-frido-b2b-backend;posx-ugaoo-backend
src/workflows/pos-inventory/workflows/confirm-inventory-import-workflow.ts,2,posx-frido-b2b-backend;posx-ugaoo-backend
src/workflows/pos-inventory/workflows/import-inventory-workflow.ts,2,posx-frido-b2b-backend;posx-ugaoo-backend
src/components/app/analytics/analytics-search.tsx,2,posx-frido-b2b-store;posx-frido-store
src/components/app/customer/customer-survey-form.tsx,2,posx-frido-b2b-store;posx-frido-store
src/components/app/order/steps/payment-details/qr-payment-form/index.tsx,2,posx-frido-b2b-store;posx-mokobara-store
src/libs/env.ts,2,posx-frido-b2b-store;posx-frido-store
src/pages/analytics/index.tsx,2,posx-frido-b2b-store;posx-frido-store
src/store/apis/analytics.request.ts,2,posx-frido-b2b-store;posx-frido-store
src/store/middlewares/analytics.middleware.ts,2,posx-frido-b2b-store;posx-frido-store
src/store/reducers/analytics.reducer.ts,2,posx-frido-b2b-store;posx-frido-store
src/types/analytics.ts,2,posx-frido-b2b-store;posx-frido-store
src/api/shopify/webhooks/middlewares.ts,2,posx-frido-backend;posx-frido-mobility-backend
src/api/shopify/webhooks/order/cancelled/route.ts,2,posx-frido-backend;posx-frido-mobility-backend
src/api/shopify/webhooks/order/updated/route.ts,2,posx-frido-backend;posx-frido-mobility-backend
src/modules/campaign-coupon/migrations/Migration20250801114531.ts,2,posx-frido-backend;posx-frido-mobility-backend
src/modules/freebie/migrations/Migration20251004070958.ts,2,posx-frido-backend;posx-frido-mobility-backend
src/modules/order-detail/migrations/Migration20250811122017.ts,2,posx-frido-backend;posx-frido-mobility-backend
src/modules/quotation/migrations/Migration20250805061634.ts,2,posx-frido-backend;posx-frido-mobility-backend
src/modules/quotation/migrations/Migration20250808040908.ts,2,posx-frido-backend;posx-frido-mobility-backend
src/modules/quotation/migrations/Migration20250811061446.ts,2,posx-frido-backend;posx-frido-mobility-backend
src/modules/shopify-product/migrations/Migration20250716092701.ts,2,posx-frido-backend;posx-frido-mobility-backend
src/modules/store-details/migrations/Migration20250818091939.ts,2,posx-frido-backend;posx-frido-mobility-backend
src/workflows/cart/steps/apply-combo-discount-to-cart-step.ts,2,posx-frido-backend;posx-frido-mobility-backend
src/workflows/cart/steps/remove-campaign-coupon-step.ts,2,posx-frido-backend;posx-frido-mobility-backend
src/workflows/cart/steps/remove-promotional-coupon-step.ts,2,posx-frido-backend;posx-frido-mobility-backend
src/workflows/cart/workflows/add-freebies.ts,2,posx-frido-backend;posx-frido-mobility-backend
src/workflows/cart/workflows/apply-campaign-coupon.ts,2,posx-frido-backend;posx-frido-mobility-backend
src/workflows/cart/workflows/apply-custom-coupon.ts,2,posx-frido-backend;posx-frido-mobility-backend
src/workflows/cart/workflows/apply-promotional-coupon.ts,2,posx-frido-backend;posx-frido-mobility-backend
src/workflows/freebie/workflows/update-freebie.ts,2,posx-frido-backend;posx-frido-mobility-backend
src/workflows/helper/workflows/remove-discount.ts,2,posx-frido-backend;posx-frido-mobility-backend
src/workflows/online-cart/workflows/change-business-type.ts,2,posx-frido-backend;posx-frido-mobility-backend
src/workflows/quotation/steps/create-quotation-address-step.ts,2,posx-frido-backend;posx-frido-mobility-backend
src/components/app/quotations/quotations-filter.tsx,2,posx-frido-mobility-store;posx-frido-store
src/components/app/quotations/quotations-sort.tsx,2,posx-frido-mobility-store;posx-frido-store
src/components/app/quotations/quotations-table.tsx,2,posx-frido-mobility-store;posx-frido-store
src/libs/quotation.ts,2,posx-frido-mobility-store;posx-frido-store
src/pages/customer/quotations/details.tsx,2,posx-frido-mobility-store;posx-frido-store
src/pages/customer/quotations/index.tsx,2,posx-frido-mobility-store;posx-frido-store
src/pages/quotations/details.tsx,2,posx-frido-mobility-store;posx-frido-store
src/pages/quotations/index.tsx,2,posx-frido-mobility-store;posx-frido-store
src/store/actions/quotation.action.ts,2,posx-frido-mobility-store;posx-frido-store
src/store/apis/quotation.request.ts,2,posx-frido-mobility-store;posx-frido-store
src/store/reducers/quotation.reducer.ts,2,posx-frido-mobility-store;posx-frido-store
src/types/quotation.ts,2,posx-frido-mobility-store;posx-frido-store
playwright.config.js,2,posx-mokobara-admin;posx-mokobara-backend
src/types/credit-note.ts,2,posx-mokobara-admin;posx-mokobara-store
src/types/reports.ts,2,posx-mokobara-admin;posx-mokobara-store
src/api/admin/cart/[id]/revalidate/route.ts,2,posx-mokobara-backend;posx-mokobara-clearance-backend
src/api/admin/cart/[id]/route.ts,2,posx-mokobara-backend;posx-mokobara-clearance-backend
src/api/admin/category-sales/route.ts,2,posx-mokobara-backend;posx-mokobara-clearance-backend
src/api/admin/credit-note/export/route.ts,2,posx-mokobara-backend;posx-mokobara-clearance-backend
src/api/admin/inventory/event-log/[eventId]/route.ts,2,posx-mokobara-backend;posx-mokobara-clearance-backend
src/api/admin/inventory/event-log/export/route.ts,2,posx-mokobara-backend;posx-mokobara-clearance-backend
src/api/admin/inventory/event-log/route.ts,2,posx-mokobara-backend;posx-mokobara-clearance-backend
src/api/admin/inventory/event-log/store/[storeId]/route.ts,2,posx-mokobara-backend;posx-mokobara-clearance-backend
src/api/admin/inventory/export/route.ts,2,posx-mokobara-backend;posx-mokobara-clearance-backend
src/api/admin/inventory/lookup/route.ts,2,posx-mokobara-backend;posx-mokobara-clearance-backend
src/api/admin/inventory/middlewares.ts,2,posx-mokobara-backend;posx-mokobara-clearance-backend
src/api/admin/inventory/route.ts,2,posx-mokobara-backend;posx-mokobara-clearance-backend
src/api/admin/inventory/snapshot/export/route.ts,2,posx-mokobara-backend;posx-mokobara-clearance-backend
src/api/admin/inventory/snapshot/route.ts,2,posx-mokobara-backend;posx-mokobara-clearance-backend
src/api/admin/inventory/stock-adjustment/export/route.ts,2,posx-mokobara-backend;posx-mokobara-clearance-backend
src/api/admin/inventory/stock-adjustment/route.ts,2,posx-mokobara-backend;posx-mokobara-clearance-backend
src/api/admin/order-detail/[id]/cash-change/route.ts,2,posx-mokobara-backend;posx-mokobara-clearance-backend
src/api/admin/order-detail/cash-drawer/close/route.ts,2,posx-mokobara-backend;posx-mokobara-clearance-backend
src/api/admin/order-detail/cash-drawer/history/route.ts,2,posx-mokobara-backend;posx-mokobara-clearance-backend
src/api/admin/order-detail/cash-drawer/open/route.ts,2,posx-mokobara-backend;posx-mokobara-clearance-backend
src/api/admin/order-detail/cash-reconciliation/route.ts,2,posx-mokobara-backend;posx-mokobara-clearance-backend
src/api/admin/order-detail/payment-report/export/route.ts,2,posx-mokobara-backend;posx-mokobara-clearance-backend
src/api/admin/pos-inventory/import/route.ts,2,posx-mokobara-backend;posx-mokobara-clearance-backend
src/api/admin/product-types/route.ts,2,posx-mokobara-backend;posx-mokobara-clearance-backend
src/api/admin/products/route.ts,2,posx-mokobara-backend;posx-mokobara-clearance-backend
src/api/admin/sales-report/route.ts,2,posx-mokobara-backend;posx-mokobara-clearance-backend
src/api/admin/sales-target/[id]/route.ts,2,posx-mokobara-backend;posx-mokobara-clearance-backend
src/api/admin/sales-target/debug/route.ts,2,posx-mokobara-backend;posx-mokobara-clearance-backend
src/api/admin/sales-target/import/route.ts,2,posx-mokobara-backend;posx-mokobara-clearance-backend
src/api/admin/sales-target/route.ts,2,posx-mokobara-backend;posx-mokobara-clearance-backend
src/api/swagger/route.ts,2,posx-mokobara-backend;posx-ugaoo-backend
src/api/swagger/spec/route.ts,2,posx-mokobara-backend;posx-ugaoo-backend
src/jobs/daily-inventory-snapshot.ts,2,posx-mokobara-backend;posx-mokobara-clearance-backend
src/lib/constant.ts,2,posx-mokobara-backend;posx-mokobara-clearance-backend
src/lib/date-utils.ts,2,posx-mokobara-backend;posx-mokobara-clearance-backend
src/lib/helpers/cart/transform.ts,2,posx-mokobara-backend;posx-mokobara-clearance-backend
src/lib/helpers/shopify-errors.ts,2,posx-mokobara-backend;posx-mokobara-clearance-backend
src/lib/shopify-sdk.ts,2,posx-mokobara-backend;posx-mokobara-clearance-backend
src/lib/shopify/client.ts,2,posx-mokobara-backend;posx-mokobara-clearance-backend
src/lib/shopify/webhook-validator.ts,2,posx-mokobara-backend;posx-mokobara-clearance-backend
src/modules/custom-cart/models/cart-product.ts,2,posx-mokobara-backend;posx-mokobara-clearance-backend
src/modules/custom-cart/models/cart.ts,2,posx-mokobara-backend;posx-mokobara-clearance-backend
src/modules/custom-cart/service.ts,2,posx-mokobara-backend;posx-mokobara-clearance-backend
src/modules/footfall/models/footfall.ts,2,posx-mokobara-backend;posx-mokobara-clearance-backend
src/modules/inventory-event-log/models/inventory-event-log.ts,2,posx-mokobara-backend;posx-mokobara-clearance-backend
src/modules/order-detail/models/cash-drawer-summary.ts,2,posx-mokobara-backend;posx-mokobara-clearance-backend
src/modules/sales-report/models/sales-target.ts,2,posx-mokobara-backend;posx-mokobara-clearance-backend
src/modules/sales-report/service.ts,2,posx-mokobara-backend;posx-mokobara-clearance-backend
src/modules/store-inventory/models/inventory-daily-snapshot.ts,2,posx-mokobara-backend;posx-mokobara-clearance-backend
src/modules/store-inventory/models/stock-adjustment.ts,2,posx-mokobara-backend;posx-mokobara-clearance-backend
src/modules/store-inventory/models/store-sku-inventory.ts,2,posx-mokobara-backend;posx-mokobara-clearance-backend
src/modules/store-inventory/service.ts,2,posx-mokobara-backend;posx-mokobara-clearance-backend
src/scripts/create-shopping-bag-products.ts,2,posx-mokobara-backend;posx-mokobara-clearance-backend
src/subscribers/generate-credit-note-issuance-pdf-on-create.ts,2,posx-mokobara-backend;posx-mokobara-clearance-backend
src/subscribers/update-cms-on-order-confirm.ts,2,posx-mokobara-backend;posx-mokobara-clearance-backend
src/types/validators/inventory-event-log.ts,2,posx-mokobara-backend;posx-mokobara-clearance-backend
src/types/validators/inventory-internal-stock-transfer.ts,2,posx-mokobara-backend;posx-mokobara-clearance-backend
src/types/validators/inventory-snapshot.ts,2,posx-mokobara-backend;posx-mokobara-clearance-backend
src/types/validators/product.ts,2,posx-mokobara-backend;posx-mokobara-clearance-backend
src/types/validators/sales-report.ts,2,posx-mokobara-backend;posx-mokobara-clearance-backend
src/types/validators/stock-adjustment.ts,2,posx-mokobara-backend;posx-mokobara-clearance-backend
src/types/validators/store-sku-inventory.ts,2,posx-mokobara-backend;posx-mokobara-clearance-backend
src/types/workflows/inventory-receipt.ts,2,posx-mokobara-backend;posx-mokobara-clearance-backend
src/types/workflows/inventory-request.ts,2,posx-mokobara-backend;posx-mokobara-clearance-backend
src/workflows/cart/steps/get-product-from-barcode-step.ts,2,posx-mokobara-backend;posx-mokobara-clearance-backend
src/workflows/cart/steps/get-sku-step.ts,2,posx-mokobara-backend;posx-mokobara-clearance-backend
src/workflows/cart/steps/persist-revalidated-cart-step.ts,2,posx-mokobara-backend;posx-mokobara-clearance-backend
src/workflows/cart/steps/rebuild-summary-after-revalidation-step.ts,2,posx-mokobara-backend;posx-mokobara-clearance-backend
src/workflows/cart/steps/revalidate-barcode-items-step.ts,2,posx-mokobara-backend;posx-mokobara-clearance-backend
src/workflows/cart/steps/update-line-item-employee-step.ts,2,posx-mokobara-backend;posx-mokobara-clearance-backend
src/workflows/cart/steps/validate-barcode-cart-quantity-step.ts,2,posx-mokobara-backend;posx-mokobara-clearance-backend
src/workflows/cart/steps/validate-quantity-available-step.ts,2,posx-mokobara-backend;posx-mokobara-clearance-backend
src/workflows/cart/workflows/revalidate-cart.ts,2,posx-mokobara-backend;posx-mokobara-clearance-backend
src/workflows/cart/workflows/update-line-item-employee.ts,2,posx-mokobara-backend;posx-mokobara-clearance-backend
src/workflows/exports/steps/generate-credit-note-export-csv-step.ts,2,posx-mokobara-backend;posx-mokobara-clearance-backend
src/workflows/exports/steps/generate-inventory-export-csv-step.ts,2,posx-mokobara-backend;posx-mokobara-clearance-backend
src/workflows/exports/steps/generate-inventory-logs-csv-step.ts,2,posx-mokobara-backend;posx-mokobara-clearance-backend
src/workflows/exports/steps/generate-inventory-snapshot-csv-step.ts,2,posx-mokobara-backend;posx-mokobara-clearance-backend
src/workflows/exports/steps/generate-payment-report-csv-step.ts,2,posx-mokobara-backend;posx-mokobara-clearance-backend
src/workflows/exports/steps/generate-stock-adjustment-csv-step.ts,2,posx-mokobara-backend;posx-mokobara-clearance-backend
src/workflows/exports/workflows/export-credit-note-workflow.ts,2,posx-mokobara-backend;posx-mokobara-clearance-backend
src/workflows/exports/workflows/export-inventory-csv-workflow.ts,2,posx-mokobara-backend;posx-mokobara-clearance-backend
src/workflows/exports/workflows/export-inventory-logs-workflow.ts,2,posx-mokobara-backend;posx-mokobara-clearance-backend
src/workflows/exports/workflows/export-inventory-snapshot-workflow.ts,2,posx-mokobara-backend;posx-mokobara-clearance-backend
src/workflows/exports/workflows/export-payment-report-workflow.ts,2,posx-mokobara-backend;posx-mokobara-clearance-backend
src/workflows/exports/workflows/export-stock-adjustment-workflow.ts,2,posx-mokobara-backend;posx-mokobara-clearance-backend
src/workflows/helper/steps/build-summary-step.ts,2,posx-mokobara-backend;posx-mokobara-clearance-backend
src/workflows/inventory/helpers/bifurcate-inventory.ts,2,posx-mokobara-backend;posx-mokobara-clearance-backend
src/workflows/inventory/helpers/event-log-helper.ts,2,posx-mokobara-backend;posx-mokobara-clearance-backend
src/workflows/inventory/helpers/inventory-lifecycle-helper.ts,2,posx-mokobara-backend;posx-mokobara-clearance-backend
src/workflows/inventory/steps/create-stock-adjustment-step.ts,2,posx-mokobara-backend;posx-mokobara-clearance-backend
src/workflows/inventory/steps/get-bifurcated-inventory-step.ts,2,posx-mokobara-backend;posx-mokobara-clearance-backend
src/workflows/inventory/steps/log-inventory-event-step.ts,2,posx-mokobara-backend;posx-mokobara-clearance-backend
src/workflows/inventory/steps/lookup-employee-name-step.ts,2,posx-mokobara-backend;posx-mokobara-clearance-backend
src/workflows/inventory/steps/lookup-inventory-snapshot-step.ts,2,posx-mokobara-backend;posx-mokobara-clearance-backend
src/workflows/inventory/steps/lookup-store-sku-inventory-step.ts,2,posx-mokobara-backend;posx-mokobara-clearance-backend
src/workflows/inventory/steps/update-store-sku-inventory-step.ts,2,posx-mokobara-backend;posx-mokobara-clearance-backend
src/workflows/inventory/workflows/create-stock-adjustment.ts,2,posx-mokobara-backend;posx-mokobara-clearance-backend
src/workflows/order-detail/steps/calculate-cash-change-step.ts,2,posx-mokobara-backend;posx-mokobara-clearance-backend
src/workflows/order-detail/steps/create-cash-change-payment-detail-step.ts,2,posx-mokobara-backend;posx-mokobara-clearance-backend
src/workflows/order-detail/steps/transform-cart-to-order-input-step.ts,2,posx-mokobara-backend;posx-mokobara-clearance-backend
src/workflows/order-detail/steps/update-cart-product-employees-step.ts,2,posx-mokobara-backend;posx-mokobara-clearance-backend
src/workflows/order-detail/steps/update-cash-drawer-summary-step.ts,2,posx-mokobara-backend;posx-mokobara-clearance-backend
src/workflows/order-detail/workflows/create-order-from-cart.ts,2,posx-mokobara-backend;posx-mokobara-clearance-backend
src/workflows/pos-inventory/steps/parse-inventory-csv-step.ts,2,posx-mokobara-backend;posx-mokobara-clearance-backend
src/workflows/pos-inventory/workflows/import-store-inventory-workflow.ts,2,posx-mokobara-backend;posx-mokobara-clearance-backend
src/workflows/product/steps/get-product-metafields-step.ts,2,posx-mokobara-backend;posx-mokobara-clearance-backend
src/workflows/s3-services/steps/download-csv-from-s3-step.ts,2,posx-mokobara-backend;posx-mokobara-clearance-backend
src/workflows/sales-report/steps/create-sales-target-step.ts,2,posx-mokobara-backend;posx-mokobara-clearance-backend
src/workflows/sales-report/steps/delete-sales-target-step.ts,2,posx-mokobara-backend;posx-mokobara-clearance-backend
src/workflows/sales-report/steps/get-category-sales-step.ts,2,posx-mokobara-backend;posx-mokobara-clearance-backend
src/workflows/sales-report/steps/get-sales-report-step.ts,2,posx-mokobara-backend;posx-mokobara-clearance-backend
src/workflows/sales-report/steps/parse-sales-target-csv-step.ts,2,posx-mokobara-backend;posx-mokobara-clearance-backend
src/workflows/sales-report/steps/update-sales-target-step.ts,2,posx-mokobara-backend;posx-mokobara-clearance-backend
src/workflows/sales-report/steps/upsert-sales-targets-step.ts,2,posx-mokobara-backend;posx-mokobara-clearance-backend
src/workflows/sales-report/workflows/import-sales-targets.ts,2,posx-mokobara-backend;posx-mokobara-clearance-backend
src/workflows/shopify-customer/steps/delete-customer-address-step.ts,2,posx-mokobara-backend;posx-mokobara-clearance-backend
src/workflows/shopify-customer/workflows/delete-customer-address-workflow.ts,2,posx-mokobara-backend;posx-mokobara-clearance-backend
src/components/app/order/steps/payment-details/use-sync-payment-amount.ts,2,posx-mokobara-store;posx-ugaoo-store
