repo,fix_sha,fix_date,file,introducing_sha,introducing_date,latency_days
posx-comet-admin,e2a863e3ee,2025-03-21T11:14:57+05:30,src/hooks/api/store-details.tsx,9d0a6603b9,2025-03-20T13:10:24+05:30,0
posx-comet-admin,e2a863e3ee,2025-03-21T11:14:57+05:30,src/routes/employees/employee-create/components/basic-info-create-form/basic-info-create-form.tsx,d04099ca13,2025-03-21T01:54:35+05:30,0
posx-comet-admin,e2a863e3ee,2025-03-21T11:14:57+05:30,src/routes/employees/employee-create/components/basic-info-create-form/basic-info-create-form.tsx,2eca742aff,2025-03-20T20:02:54+05:30,0
posx-comet-admin,e2a863e3ee,2025-03-21T11:14:57+05:30,src/routes/employees/employee-create/components/employee-create-form/employee-create-form.tsx,2eca742aff,2025-03-20T20:02:54+05:30,0
posx-comet-admin,e2a863e3ee,2025-03-21T11:14:57+05:30,src/routes/employees/employee-edit/components/edit-employee-form/edit-employee-form.tsx,d04099ca13,2025-03-21T01:54:35+05:30,0
posx-comet-admin,e2a863e3ee,2025-03-21T11:14:57+05:30,src/routes/employees/employee-edit/components/edit-employee-form/edit-employee-form.tsx,0540332549,2025-03-21T01:56:42+05:30,0
posx-comet-admin,e2a863e3ee,2025-03-21T11:14:57+05:30,src/routes/employees/employee-edit/employee-edit.tsx,0540332549,2025-03-21T01:56:42+05:30,0
posx-comet-admin,e2a863e3ee,2025-03-21T11:14:57+05:30,src/routes/employees/employee-edit/employee-edit.tsx,d04099ca13,2025-03-21T01:54:35+05:30,0
posx-comet-admin,e2a863e3ee,2025-03-21T11:14:57+05:30,src/routes/store-details/store-details-create/components/basic-info-create-form/basic-info-create-form.tsx,d1f7d406e5,2025-03-12T15:36:25+05:30,8
posx-comet-admin,e2a863e3ee,2025-03-21T11:14:57+05:30,src/routes/store-details/store-edit/components/edit-store-form.tsx,d1f7d406e5,2025-03-12T15:36:25+05:30,8
posx-comet-admin,e2a863e3ee,2025-03-21T11:14:57+05:30,src/routes/store-details/types.ts,d1f7d406e5,2025-03-12T15:36:25+05:30,8
posx-comet-admin,c524c07caf,2025-03-23T21:51:24+05:30,src/hooks/api/auth.tsx,37338531fd,2025-03-10T18:38:23+05:30,13
posx-comet-admin,c524c07caf,2025-03-23T21:51:24+05:30,src/hooks/api/auth.tsx,2eca742aff,2025-03-20T20:02:54+05:30,3
posx-comet-admin,c524c07caf,2025-03-23T21:51:24+05:30,src/hooks/api/employee.tsx,2eca742aff,2025-03-20T20:02:54+05:30,3
posx-comet-admin,c524c07caf,2025-03-23T21:51:24+05:30,src/routes/employees/types.ts,d04099ca13,2025-03-21T01:54:35+05:30,2
posx-comet-admin,c524c07caf,2025-03-23T21:51:24+05:30,src/routes/home/home.tsx,37338531fd,2025-03-10T18:38:23+05:30,13
posx-comet-admin,c524c07caf,2025-03-23T21:51:24+05:30,src/routes/invite/invite.tsx,37338531fd,2025-03-10T18:38:23+05:30,13
posx-comet-admin,c524c07caf,2025-03-23T21:51:24+05:30,src/routes/login/login.tsx,37338531fd,2025-03-10T18:38:23+05:30,13
posx-comet-admin,c524c07caf,2025-03-23T21:51:24+05:30,src/routes/no-match/no-match.tsx,37338531fd,2025-03-10T18:38:23+05:30,13
posx-comet-admin,a715a1d10d,2025-03-23T21:55:12+05:30,src/hooks/api/auth.tsx,c524c07caf,2025-03-23T21:51:24+05:30,0
posx-comet-admin,a715a1d10d,2025-03-23T21:55:12+05:30,src/hooks/api/employee.tsx,c524c07caf,2025-03-23T21:51:24+05:30,0
posx-comet-admin,a715a1d10d,2025-03-23T21:55:12+05:30,src/providers/router-provider/route-map.tsx,dc6af43f7f,2025-03-21T18:21:23+05:30,2
posx-comet-admin,a715a1d10d,2025-03-23T21:55:12+05:30,src/routes/employees/types.ts,c524c07caf,2025-03-23T21:51:24+05:30,0
posx-comet-admin,a715a1d10d,2025-03-23T21:55:12+05:30,src/routes/global-config/global-config-edit/components/edit-global-config-form/index.ts,dc6af43f7f,2025-03-21T18:21:23+05:30,2
posx-comet-admin,a715a1d10d,2025-03-23T21:55:12+05:30,src/routes/global-config/global-config-edit/global-config-edit.tsx,dc6af43f7f,2025-03-21T18:21:23+05:30,2
posx-comet-admin,a715a1d10d,2025-03-23T21:55:12+05:30,src/routes/global-config/global-config-edit/index.ts,dc6af43f7f,2025-03-21T18:21:23+05:30,2
posx-comet-admin,a715a1d10d,2025-03-23T21:55:12+05:30,src/routes/home/home.tsx,c524c07caf,2025-03-23T21:51:24+05:30,0
posx-comet-admin,a715a1d10d,2025-03-23T21:55:12+05:30,src/routes/invite/invite.tsx,c524c07caf,2025-03-23T21:51:24+05:30,0
posx-comet-admin,a715a1d10d,2025-03-23T21:55:12+05:30,src/routes/login/login.tsx,c524c07caf,2025-03-23T21:51:24+05:30,0
posx-comet-admin,a715a1d10d,2025-03-23T21:55:12+05:30,src/routes/no-match/no-match.tsx,c524c07caf,2025-03-23T21:51:24+05:30,0
posx-comet-admin,2946770438,2025-03-24T13:08:39+05:30,src/hooks/api/auth.tsx,a715a1d10d,2025-03-23T21:55:12+05:30,0
posx-comet-admin,2946770438,2025-03-24T13:08:39+05:30,src/hooks/api/employee.tsx,a715a1d10d,2025-03-23T21:55:12+05:30,0
posx-comet-admin,2946770438,2025-03-24T13:08:39+05:30,src/routes/home/home.tsx,a715a1d10d,2025-03-23T21:55:12+05:30,0
posx-comet-admin,3cacc7b020,2025-03-27T15:39:03+05:30,src/components/layout/main-layout/main-layout.tsx,bbc1d1738a,2025-03-26T13:25:44+05:30,1
posx-comet-admin,3cacc7b020,2025-03-27T15:39:03+05:30,src/components/layout/main-layout/main-layout.tsx,37338531fd,2025-03-10T18:38:23+05:30,16
posx-comet-admin,3cacc7b020,2025-03-27T15:39:03+05:30,src/components/layout/main-layout/main-layout.tsx,1973c18870,2025-03-25T10:05:21+05:30,2
posx-comet-admin,3cacc7b020,2025-03-27T15:39:03+05:30,src/hooks/api/inventory.tsx,37338531fd,2025-03-10T18:38:23+05:30,16
posx-comet-admin,3cacc7b020,2025-03-27T15:39:03+05:30,src/i18n/translations/en.json,37338531fd,2025-03-10T18:38:23+05:30,16
posx-comet-admin,3cacc7b020,2025-03-27T15:39:03+05:30,src/i18n/translations/en.json,560839ed83,2025-03-24T12:36:26+05:30,3
posx-comet-admin,3cacc7b020,2025-03-27T15:39:03+05:30,src/providers/router-provider/route-map.tsx,560839ed83,2025-03-24T12:36:26+05:30,3
posx-comet-admin,3cacc7b020,2025-03-27T15:39:03+05:30,src/routes/campaign-coupons/coupon-create/components/basic-info-create-form/basic-info-create-form.tsx,02a9ed63cc,2025-03-26T15:56:27+05:30,0
posx-comet-admin,3cacc7b020,2025-03-27T15:39:03+05:30,src/routes/campaign-coupons/coupon-create/components/coupon-create-form/coupon-create-form.tsx,12ddb827ad,2025-03-26T02:56:07+05:30,1
posx-comet-admin,3cacc7b020,2025-03-27T15:39:03+05:30,src/routes/campaign-coupons/coupon-create/coupon-create.tsx,12ddb827ad,2025-03-26T02:56:07+05:30,1
posx-comet-admin,3cacc7b020,2025-03-27T15:39:03+05:30,src/routes/campaign-coupons/coupon-edit/components/edit-coupon-form.tsx,bbc1d1738a,2025-03-26T13:25:44+05:30,1
posx-comet-admin,3cacc7b020,2025-03-27T15:39:03+05:30,src/routes/campaign-coupons/coupon-edit/components/edit-coupon-form.tsx,12ddb827ad,2025-03-26T02:56:07+05:30,1
posx-comet-admin,3cacc7b020,2025-03-27T15:39:03+05:30,src/routes/employees/employee-edit/components/edit-employee-form/edit-employee-form.tsx,d04099ca13,2025-03-21T01:54:35+05:30,6
posx-comet-admin,3cacc7b020,2025-03-27T15:39:03+05:30,src/routes/employees/employee-edit/components/edit-employee-form/edit-employee-form.tsx,e2a863e3ee,2025-03-21T11:14:57+05:30,6
posx-comet-admin,3cacc7b020,2025-03-27T15:39:03+05:30,src/routes/employees/employee-edit/employee-edit.tsx,d23a2dc872,2025-03-21T13:18:03+05:30,6
posx-comet-admin,3cacc7b020,2025-03-27T15:39:03+05:30,src/routes/global-config/global-config-edit/components/edit-global-config-form/edit-global-config-form.tsx,d23a2dc872,2025-03-21T13:18:03+05:30,6
posx-comet-admin,3cacc7b020,2025-03-27T15:39:03+05:30,src/routes/global-config/global-config-edit/components/edit-global-config-form/edit-global-config-form.tsx,1c8937de28,2025-03-26T15:33:01+05:30,1
posx-comet-admin,3cacc7b020,2025-03-27T15:39:03+05:30,src/routes/products/product-list/components/product-list-table/product-list-table.tsx,ee2043e723,2025-03-24T00:41:02+05:30,3
posx-comet-admin,3cacc7b020,2025-03-27T15:39:03+05:30,src/routes/store-details/store-edit/store-edit.tsx,5292aa3c7a,2025-03-26T15:11:43+05:30,1
posx-comet-admin,3cacc7b020,2025-03-27T15:39:03+05:30,src/routes/store-details/store-list/components/use-store-details-table-query.tsx,d1f7d406e5,2025-03-12T15:36:25+05:30,15
posx-comet-admin,f38286038a,2025-04-02T16:39:33+05:30,src/routes/campaign-coupons/coupon-edit/components/edit-coupon-form.tsx,12ddb827ad,2025-03-26T02:56:07+05:30,7
posx-comet-admin,012dff4346,2025-04-04T08:37:21+05:30,src/hooks/api/auth.tsx,c524c07caf,2025-03-23T21:51:24+05:30,11
posx-comet-admin,59f5ef0cc5,2025-04-04T08:39:39+05:30,src/hooks/api/auth.tsx,bbc1d1738a,2025-03-26T13:25:44+05:30,8
posx-comet-admin,c7cd0e2051,2025-04-08T13:26:11+05:30,src/routes/store-details/store-details-create/components/basic-info-create-form/basic-info-create-form.tsx,5292aa3c7a,2025-03-26T15:11:43+05:30,12
posx-comet-admin,c7cd0e2051,2025-04-08T13:26:11+05:30,src/routes/store-details/store-details-create/components/billing-address-create-form/billing-address-create-form.tsx,bbc1d1738a,2025-03-26T13:25:44+05:30,13
posx-comet-admin,969288cfe9,2025-04-08T15:24:05+05:30,src/routes/campaign-coupons/coupon-create/components/basic-info-create-form/basic-info-create-form.tsx,12ddb827ad,2025-03-26T02:56:07+05:30,13
posx-comet-admin,969288cfe9,2025-04-08T15:24:05+05:30,src/routes/order-details/order-list/components/use-order-details-table-query.tsx,e2e2433298,2025-04-02T16:16:23+05:30,5
posx-comet-admin,1a67cbd855,2025-04-09T16:37:40+05:30,src/hooks/api/employee.tsx,2eca742aff,2025-03-20T20:02:54+05:30,19
posx-comet-admin,1a67cbd855,2025-04-09T16:37:40+05:30,src/routes/campaign-coupons/coupon-create/components/store-allocation-form/store-allocation-form.tsx,12ddb827ad,2025-03-26T02:56:07+05:30,14
posx-comet-admin,1a67cbd855,2025-04-09T16:37:40+05:30,src/routes/campaign-coupons/coupon-edit/components/edit-coupon-form.tsx,3cacc7b020,2025-03-27T15:39:03+05:30,13
posx-comet-admin,1a67cbd855,2025-04-09T16:37:40+05:30,src/routes/employees/employee-edit/components/edit-employee-form/edit-employee-form.tsx,d04099ca13,2025-03-21T01:54:35+05:30,19
posx-comet-admin,1a67cbd855,2025-04-09T16:37:40+05:30,src/routes/employees/employee-edit/components/edit-employee-form/edit-employee-form.tsx,3cacc7b020,2025-03-27T15:39:03+05:30,13
posx-comet-admin,1a67cbd855,2025-04-09T16:37:40+05:30,src/routes/employees/employee-edit/components/edit-employee-form/edit-employee-form.tsx,39c8cab8e1,2025-03-29T09:58:34+05:30,11
posx-comet-admin,1a67cbd855,2025-04-09T16:37:40+05:30,src/routes/global-config/global-config-edit/components/edit-global-config-form/edit-global-config-form.tsx,d23a2dc872,2025-03-21T13:18:03+05:30,19
posx-comet-admin,1a67cbd855,2025-04-09T16:37:40+05:30,src/routes/global-config/global-config-edit/components/edit-global-config-form/edit-global-config-form.tsx,3bd6db4a7d,2025-03-24T13:16:56+05:30,16
posx-comet-admin,0321cbbac4,2025-04-18T01:45:03+05:30,package-lock.json,d5c15385ed,2025-04-15T18:53:55+05:30,2
posx-comet-admin,1e1438d7ea,2025-04-18T17:14:52+05:30,src/routes/order-details/order-list/components/order-report-grid.tsx,b3e21f2437,2025-03-31T16:35:57+05:30,18
posx-comet-admin,1e1438d7ea,2025-04-18T17:14:52+05:30,src/routes/order-details/order-list/components/use-order-report-query.tsx,b3e21f2437,2025-03-31T16:35:57+05:30,18
posx-comet-admin,689de33210,2025-04-18T19:01:10+05:30,src/routes/order-details/order-list/components/export-orders-button.tsx,b3e21f2437,2025-03-31T16:35:57+05:30,18
posx-comet-admin,689de33210,2025-04-18T19:01:10+05:30,src/routes/order-details/order-list/components/export-orders-button.tsx,e2e2433298,2025-04-02T16:16:23+05:30,16
posx-comet-admin,689de33210,2025-04-18T19:01:10+05:30,src/routes/order-details/order-list/components/order-report-grid.tsx,b3e21f2437,2025-03-31T16:35:57+05:30,18
posx-comet-admin,689de33210,2025-04-18T19:01:10+05:30,src/routes/order-details/order-list/components/order-report-grid.tsx,1e1438d7ea,2025-04-18T17:14:52+05:30,0
posx-comet-admin,689de33210,2025-04-18T19:01:10+05:30,src/routes/order-details/order-list/components/order-report-grid.tsx,cb289b8cc3,2025-04-09T13:00:48+05:30,9
posx-comet-admin,689de33210,2025-04-18T19:01:10+05:30,src/routes/order-details/order-list/components/order-report-grid.tsx,e2e2433298,2025-04-02T16:16:23+05:30,16
posx-comet-admin,689de33210,2025-04-18T19:01:10+05:30,src/routes/order-details/order-list/components/use-order-details-table-query.tsx,b3e21f2437,2025-03-31T16:35:57+05:30,18
posx-comet-admin,689de33210,2025-04-18T19:01:10+05:30,src/routes/order-details/order-list/components/use-order-details-table-query.tsx,e2e2433298,2025-04-02T16:16:23+05:30,16
posx-comet-admin,689de33210,2025-04-18T19:01:10+05:30,src/routes/order-details/order-list/components/use-order-details-table-query.tsx,969288cfe9,2025-04-08T15:24:05+05:30,10
posx-comet-admin,689de33210,2025-04-18T19:01:10+05:30,src/routes/order-details/order-list/components/use-order-report-query.tsx,b3e21f2437,2025-03-31T16:35:57+05:30,18
posx-comet-admin,689de33210,2025-04-18T19:01:10+05:30,src/routes/order-details/order-list/components/use-order-report-query.tsx,1e1438d7ea,2025-04-18T17:14:52+05:30,0
posx-comet-admin,689de33210,2025-04-18T19:01:10+05:30,src/routes/order-details/types.ts,b3e21f2437,2025-03-31T16:35:57+05:30,18
posx-comet-admin,689de33210,2025-04-18T19:01:10+05:30,src/routes/order-details/types.ts,969288cfe9,2025-04-08T15:24:05+05:30,10
posx-comet-admin,689de33210,2025-04-18T19:01:10+05:30,src/routes/order-details/types.ts,d5c15385ed,2025-04-15T18:53:55+05:30,3
posx-comet-admin,1bddce447c,2025-04-28T19:22:40+05:30,src/routes/campaign-coupons/coupon-create/components/product-selection/product-selection.tsx,12ddb827ad,2025-03-26T02:56:07+05:30,33
posx-comet-admin,1bddce447c,2025-04-28T19:22:40+05:30,src/routes/campaign-coupons/coupon-create/components/store-allocation-form/store-allocation-form.tsx,b6389b17f5,2025-04-28T18:48:06+05:30,0
posx-comet-admin,1bddce447c,2025-04-28T19:22:40+05:30,src/routes/campaign-coupons/coupon-edit/components/edit-coupon-form.tsx,b6389b17f5,2025-04-28T18:48:06+05:30,0
posx-comet-admin,ec734b28b7,2025-11-11T17:49:10+05:30,src/routes/roles/role-create/role-create.tsx,2ab32a17e4,2025-11-07T17:12:48+05:30,4
posx-comet-admin,ec734b28b7,2025-11-11T17:49:10+05:30,src/routes/roles/role-detail/components/role-general-section/role-general-section.tsx,1edbd421c4,2025-11-11T11:12:42+05:30,0
posx-comet-admin,49862e2fb3,2025-11-18T11:20:12+05:30,src/routes/orders/order-receive-return/components/order-receive-return-form/order-receive-return-form.tsx,241ccfa7e0,2025-11-18T10:12:39+05:30,0
posx-comet-admin,d856dd5613,2026-02-03T11:45:00+05:30,src/routes/gift-card-top-up/gift-card-top-up-list/components/export-gift-card-top-up-button.tsx,1615f5e7a5,2026-02-02T19:07:00+05:30,0
posx-comet-admin,6e4b07fab7,2026-02-14T13:43:27+05:30,src/hooks/api/store-details.tsx,9d0a6603b9,2025-03-20T13:10:24+05:30,331
posx-comet-admin,9da198a3db,2026-04-06T17:01:25+05:30,src/routes/store-details/store-details-create/components/basic-info-create-form/basic-info-create-form.tsx,bbc1d1738a,2025-03-26T13:25:44+05:30,376
posx-comet-admin,9da198a3db,2026-04-06T17:01:25+05:30,src/routes/store-details/store-details-create/components/basic-info-create-form/basic-info-create-form.tsx,5292aa3c7a,2025-03-26T15:11:43+05:30,376
posx-comet-admin,9da198a3db,2026-04-06T17:01:25+05:30,src/routes/store-details/store-details-create/components/basic-info-create-form/basic-info-create-form.tsx,c7cd0e2051,2025-04-08T13:26:11+05:30,363
posx-comet-admin,9da198a3db,2026-04-06T17:01:25+05:30,src/routes/store-details/store-details-create/components/store-details-create-form/store-details-create-form.tsx,5292aa3c7a,2025-03-26T15:11:43+05:30,376
posx-comet-admin,9da198a3db,2026-04-06T17:01:25+05:30,src/routes/store-details/store-details-create/constants.ts,5292aa3c7a,2025-03-26T15:11:43+05:30,376
posx-comet-admin,0b28c4270d,2026-04-06T17:01:25+05:30,src/routes/store-details/store-details-create/components/basic-info-create-form/basic-info-create-form.tsx,bbc1d1738a,2025-03-26T13:25:44+05:30,376
posx-comet-admin,0b28c4270d,2026-04-06T17:01:25+05:30,src/routes/store-details/store-details-create/components/basic-info-create-form/basic-info-create-form.tsx,5292aa3c7a,2025-03-26T15:11:43+05:30,376
posx-comet-admin,0b28c4270d,2026-04-06T17:01:25+05:30,src/routes/store-details/store-details-create/components/basic-info-create-form/basic-info-create-form.tsx,c7cd0e2051,2025-04-08T13:26:11+05:30,363
posx-comet-admin,0b28c4270d,2026-04-06T17:01:25+05:30,src/routes/store-details/store-details-create/components/store-details-create-form/store-details-create-form.tsx,5292aa3c7a,2025-03-26T15:11:43+05:30,376
posx-comet-admin,0b28c4270d,2026-04-06T17:01:25+05:30,src/routes/store-details/store-details-create/constants.ts,5292aa3c7a,2025-03-26T15:11:43+05:30,376
posx-comet-admin,0736cadaad,2026-04-06T19:42:01+05:30,src/routes/orders/order-receive-return/components/order-receive-return-form/order-receive-return-form.tsx,49862e2fb3,2025-11-18T11:20:12+05:30,139
posx-comet-admin,b2c87a31c9,2026-06-23T18:30:36+05:30,src/routes/order-details/order-list/components/export-orders-button.tsx,689de33210,2025-04-18T19:01:10+05:30,430
posx-comet-admin,656da86cca,2026-06-24T10:34:49+05:30,src/services/order-export.ts,e2e2433298,2025-04-02T16:16:23+05:30,447
posx-comet-admin,d556745217,2026-07-06T10:34:31+05:30,src/routes/footfall/footfall-list/components/footfall-list-table.tsx,dd1169c844,2025-05-02T17:09:10+05:30,429
posx-comet-admin,eb4bc8737d,2026-07-12T23:20:48+05:30,src/routes/campaign-coupons/coupon-create/components/product-selection/product-selection.tsx,12ddb827ad,2025-03-26T02:56:07+05:30,473
posx-comet-admin,eb4bc8737d,2026-07-12T23:20:48+05:30,src/routes/campaign-coupons/coupon-create/components/product-selection/product-selection.tsx,2a4dbaba9b,2025-04-23T15:12:16+05:30,445
posx-comet-admin,eb4bc8737d,2026-07-12T23:20:48+05:30,src/routes/campaign-coupons/coupon-edit/components/edit-coupon-form.tsx,1bddce447c,2025-04-28T19:22:40+05:30,440
posx-comet-admin,21a3792e3f,2026-07-14T01:06:22+05:30,src/routes/loss-of-sales/loss-of-sales-list/components/export-loss-of-sales-button.tsx,e0c84b9d88,2025-10-31T09:15:43+05:30,255
posx-comet-admin,21a3792e3f,2026-07-14T01:06:22+05:30,src/routes/loss-of-sales/loss-of-sales-list/components/loss-of-sales-report-grid.tsx,e0c84b9d88,2025-10-31T09:15:43+05:30,255
posx-comet-admin,21a3792e3f,2026-07-14T01:06:22+05:30,src/routes/loss-of-sales/loss-of-sales-list/components/loss-of-sales-table/loss-of-sales-table.tsx,e0c84b9d88,2025-10-31T09:15:43+05:30,255
posx-comet-admin,46f38563b7,2026-07-21T18:32:34+05:30,src/routes/loss-of-sales/loss-of-sales-list/components/loss-of-sales-table/loss-of-sales-table.tsx,21a3792e3f,2026-07-14T01:06:22+05:30,7
posx-comet-admin,46f38563b7,2026-07-21T18:32:34+05:30,src/routes/loss-of-sales/loss-of-sales-list/components/use-loss-of-sales-table-query.tsx,e0c84b9d88,2025-10-31T09:15:43+05:30,263
posx-comet-admin,46f38563b7,2026-07-21T18:32:34+05:30,src/routes/loss-of-sales/loss-of-sales-list/components/use-loss-of-sales-table-query.tsx,21a3792e3f,2026-07-14T01:06:22+05:30,7
posx-comet-admin,7c7b461252,2026-07-21T19:19:18+05:30,src/routes/campaign-coupons/coupon-create/components/product-selection/product-selection.tsx,12ddb827ad,2025-03-26T02:56:07+05:30,482
posx-comet-admin,7c7b461252,2026-07-21T19:19:18+05:30,src/routes/campaign-coupons/coupon-create/components/product-selection/product-selection.tsx,2a4dbaba9b,2025-04-23T15:12:16+05:30,454
posx-comet-admin,527a3abd28,2026-07-21T23:00:32+05:30,src/routes/loss-of-sales/loss-of-sales-list/components/loss-of-sales-table/loss-of-sales-table.tsx,46f38563b7,2026-07-21T18:32:34+05:30,0
posx-comet-admin,be296b0761,2026-08-24T18:07:13+05:30,src/components/custom-filter/custom-filter.tsx,e2e2433298,2025-04-02T16:16:23+05:30,509
posx-comet-admin,be296b0761,2026-08-24T18:07:13+05:30,src/components/layout/main-layout/main-layout.tsx,a3b9ae8478,2025-05-05T12:33:21+05:30,476
posx-comet-admin,be296b0761,2026-08-24T18:07:13+05:30,src/components/layout/main-layout/main-layout.tsx,5a0cd6cf20,2025-11-11T10:22:13+05:30,286
posx-comet-admin,be296b0761,2026-08-24T18:07:13+05:30,src/routes/cms/cms-list/components/cms-list-table/cms-list-table.tsx,7475dd4723,2025-04-07T19:00:14+05:30,503
posx-comet-admin,be296b0761,2026-08-24T18:07:13+05:30,src/routes/employees/employee-edit/components/edit-employee-form/edit-employee-form.tsx,e8acccb32e,2025-11-12T20:01:19+05:30,284
posx-comet-admin,be296b0761,2026-08-24T18:07:13+05:30,src/routes/employees/employee-list/components/use-employee-table-query.tsx,e2e2433298,2025-04-02T16:16:23+05:30,509
posx-comet-admin,be296b0761,2026-08-24T18:07:13+05:30,src/routes/footfall/footfall-list/components/export-footfall-button.tsx,dd1169c844,2025-05-02T17:09:10+05:30,479
posx-comet-admin,be296b0761,2026-08-24T18:07:13+05:30,src/routes/footfall/footfall-list/components/footfall-list-table.tsx,dd1169c844,2025-05-02T17:09:10+05:30,479
posx-comet-admin,be296b0761,2026-08-24T18:07:13+05:30,src/routes/gift-card-top-up/gift-card-top-up-list/components/export-gift-card-top-up-button.tsx,1615f5e7a5,2026-02-02T19:07:00+05:30,202
posx-comet-admin,be296b0761,2026-08-24T18:07:13+05:30,src/routes/global-config/global-config-edit/components/edit-global-config-form/edit-global-config-form.tsx,3cacc7b020,2025-03-27T15:39:03+05:30,515
posx-comet-admin,be296b0761,2026-08-24T18:07:13+05:30,src/routes/inter-store/inter-store-list/components/export-inter-store-button.tsx,51022f8335,2026-07-03T18:06:31+05:30,52
posx-comet-admin,be296b0761,2026-08-24T18:07:13+05:30,src/routes/loss-of-sales/loss-of-sales-list/components/export-loss-of-sales-button.tsx,e0c84b9d88,2025-10-31T09:15:43+05:30,297
posx-comet-admin,be296b0761,2026-08-24T18:07:13+05:30,src/routes/order-details/order-detail/components/basic-info-section.tsx,b3e21f2437,2025-03-31T16:35:57+05:30,511
posx-comet-admin,be296b0761,2026-08-24T18:07:13+05:30,src/routes/order-details/order-list/components/export-orders-button.tsx,689de33210,2025-04-18T19:01:10+05:30,492
posx-comet-admin,be296b0761,2026-08-24T18:07:13+05:30,src/routes/order-details/order-list/components/order-list-table/order-list-table.tsx,b9adf51e5f,2025-08-28T09:36:50+05:30,361
posx-comet-admin,be296b0761,2026-08-24T18:07:13+05:30,src/routes/order-details/order-list/components/order-list-table/order-list-table.tsx,2e29c86db6,2025-08-29T09:41:09+05:30,360
posx-comet-admin,be296b0761,2026-08-24T18:07:13+05:30,src/routes/pos-inventory/inventory-list/components/export-pos-inventory-button.tsx,8a0ecd519c,2025-04-17T12:55:41+05:30,494
posx-comet-admin,2c1965f370,2026-08-25T10:09:30+05:30,src/components/common/export-email-prompt/export-email-prompt.tsx,be296b0761,2026-08-24T18:07:13+05:30,0
posx-comet-admin,2c1965f370,2026-08-25T10:09:30+05:30,src/routes/campaign-coupons/campaign-list/components/campaign-coupon-list-table/campaign-coupon-list-table.tsx,e2e2433298,2025-04-02T16:16:23+05:30,509
posx-comet-admin,2c1965f370,2026-08-25T10:09:30+05:30,src/routes/employees/employee-list/components/employee-list-table/employee-list-table.tsx,e8acccb32e,2025-11-12T20:01:19+05:30,285
posx-comet-admin,2c1965f370,2026-08-25T10:09:30+05:30,src/routes/employees/employee-list/components/employee-list-table/employee-list-table.tsx,e2e2433298,2025-04-02T16:16:23+05:30,509
posx-comet-admin,2c1965f370,2026-08-25T10:09:30+05:30,src/routes/employees/employee-list/components/employee-list-table/employee-list-table.tsx,241ccfa7e0,2025-11-18T10:12:39+05:30,279
posx-comet-admin,2c1965f370,2026-08-25T10:09:30+05:30,src/routes/footfall/footfall-list/components/export-footfall-button.tsx,dd1169c844,2025-05-02T17:09:10+05:30,479
posx-comet-admin,2c1965f370,2026-08-25T10:09:30+05:30,src/routes/gift-card-top-up/gift-card-top-up-list/components/export-gift-card-top-up-button.tsx,1615f5e7a5,2026-02-02T19:07:00+05:30,203
posx-comet-admin,2c1965f370,2026-08-25T10:09:30+05:30,src/routes/gift-card-top-up/gift-card-top-up-list/components/export-gift-card-top-up-button.tsx,d856dd5613,2026-02-03T11:45:00+05:30,202
posx-comet-admin,2c1965f370,2026-08-25T10:09:30+05:30,src/routes/inter-store/inter-store-list/components/export-inter-store-button.tsx,51022f8335,2026-07-03T18:06:31+05:30,52
posx-comet-admin,2c1965f370,2026-08-25T10:09:30+05:30,src/routes/loss-of-sales/loss-of-sales-list/components/export-loss-of-sales-button.tsx,21a3792e3f,2026-07-14T01:06:22+05:30,42
posx-comet-admin,2c1965f370,2026-08-25T10:09:30+05:30,src/routes/loss-of-sales/loss-of-sales-list/components/export-loss-of-sales-button.tsx,e0c84b9d88,2025-10-31T09:15:43+05:30,298
posx-comet-admin,2c1965f370,2026-08-25T10:09:30+05:30,src/routes/order-details/order-list/components/export-orders-button.tsx,6803a91e58,2026-06-25T17:53:06+05:30,60
posx-comet-admin,2c1965f370,2026-08-25T10:09:30+05:30,src/routes/order-details/order-list/components/export-orders-button.tsx,689de33210,2025-04-18T19:01:10+05:30,493
posx-comet-admin,2c1965f370,2026-08-25T10:09:30+05:30,src/routes/pos-inventory/inventory-list/components/export-pos-inventory-button.tsx,8a0ecd519c,2025-04-17T12:55:41+05:30,494
posx-comet-admin,f256c85eb0,2026-08-25T12:40:36+05:30,src/routes/cms/cms-list/components/use-cms-table-query.tsx,7475dd4723,2025-04-07T19:00:14+05:30,504
posx-comet-admin,f256c85eb0,2026-08-25T12:40:36+05:30,src/routes/gift-card-top-up/gift-card-top-up-list/components/gift-card-top-up-table/gift-card-top-up-table.tsx,1615f5e7a5,2026-02-02T19:07:00+05:30,203
posx-comet-admin,33d726e0b5,2026-08-28T15:34:23+05:30,src/components/custom-filter/custom-filter.tsx,e2e2433298,2025-04-02T16:16:23+05:30,512
posx-comet-admin,33d726e0b5,2026-08-28T15:34:23+05:30,src/components/custom-sort/custom-sort.tsx,e2e2433298,2025-04-02T16:16:23+05:30,512
posx-comet-admin,33d726e0b5,2026-08-28T15:34:23+05:30,src/routes/employees/employee-create/components/basic-info-create-form/basic-info-create-form.tsx,2eca742aff,2025-03-20T20:02:54+05:30,525
posx-comet-admin,33d726e0b5,2026-08-28T15:34:23+05:30,src/routes/employees/employee-edit/components/basic-info-edit-form/basic-info-edit-form.tsx,e8acccb32e,2025-11-12T20:01:19+05:30,288
posx-comet-admin,33d726e0b5,2026-08-28T15:34:23+05:30,src/routes/order-details/order-list/components/order-list-table/order-list-table.tsx,e2e2433298,2025-04-02T16:16:23+05:30,512
posx-comet-admin,33d726e0b5,2026-08-28T15:34:23+05:30,src/routes/order-details/order-list/components/use-order-details-table-query.tsx,689de33210,2025-04-18T19:01:10+05:30,496
posx-comet-admin,33d726e0b5,2026-08-28T15:34:23+05:30,src/routes/pos-inventory/inventory-list/components/inventory-list-table/inventory-list-table.tsx,b012b8cc90,2025-04-03T15:31:54+05:30,512
posx-comet-admin,33d726e0b5,2026-08-28T15:34:23+05:30,src/routes/store-details/store-details-create/constants.ts,d1f7d406e5,2025-03-12T15:36:25+05:30,533
posx-comet-admin,33d726e0b5,2026-08-28T15:34:23+05:30,src/routes/store-details/store-details-create/constants.ts,5292aa3c7a,2025-03-26T15:11:43+05:30,520
posx-comet-admin,33d726e0b5,2026-08-28T15:34:23+05:30,src/routes/store-details/store-edit/components/edit-store-form.tsx,b012b8cc90,2025-04-03T15:31:54+05:30,512
posx-comet-admin,5f69585a3b,2026-08-31T16:16:29+05:30,src/routes/roles/role-list/components/use-role-table-query.tsx,10017882dd,2025-11-07T18:05:18+05:30,296
posx-comet-admin,c2732c5fa4,2026-09-01T17:27:35+05:30,src/components/common/export-email-prompt/export-email-prompt.tsx,be296b0761,2026-08-24T18:07:13+05:30,7
posx-comet-backend,d86c56f1a7,2025-03-18T11:17:08+05:30,src/workflows/shopify-product/steps/create-shopify-product-variant-step.ts,7712cfab9b,2025-03-18T09:37:44+05:30,0
posx-comet-backend,e51fb4fcc3,2025-03-19T19:01:05+05:30,src/api/admin/employee/[id]/route.ts,e9346bf8b7,2025-03-18T14:50:47+05:30,1
posx-comet-backend,e51fb4fcc3,2025-03-19T19:01:05+05:30,src/api/admin/employee/[id]/route.ts,8b0db78a72,2025-03-19T17:53:57+05:30,0
posx-comet-backend,e51fb4fcc3,2025-03-19T19:01:05+05:30,src/api/admin/employee/[id]/route.ts,69279da80f,2025-03-19T18:05:06+05:30,0
posx-comet-backend,e51fb4fcc3,2025-03-19T19:01:05+05:30,src/api/admin/employee/route.ts,e9346bf8b7,2025-03-18T14:50:47+05:30,1
posx-comet-backend,e51fb4fcc3,2025-03-19T19:01:05+05:30,src/api/admin/employee/route.ts,8b0db78a72,2025-03-19T17:53:57+05:30,0
posx-comet-backend,e51fb4fcc3,2025-03-19T19:01:05+05:30,src/api/admin/employee/route.ts,69279da80f,2025-03-19T18:05:06+05:30,0
posx-comet-backend,e51fb4fcc3,2025-03-19T19:01:05+05:30,src/api/admin/global-config/[key]/route.ts,e9346bf8b7,2025-03-18T14:50:47+05:30,1
posx-comet-backend,e51fb4fcc3,2025-03-19T19:01:05+05:30,src/api/admin/global-config/[key]/route.ts,52b8bce2c7,2025-03-13T10:45:43+05:30,6
posx-comet-backend,e51fb4fcc3,2025-03-19T19:01:05+05:30,src/api/admin/global-config/route.ts,e9346bf8b7,2025-03-18T14:50:47+05:30,1
posx-comet-backend,e51fb4fcc3,2025-03-19T19:01:05+05:30,src/api/admin/payment-details/[transactionId]/route.ts,e9346bf8b7,2025-03-18T14:50:47+05:30,1
posx-comet-backend,e51fb4fcc3,2025-03-19T19:01:05+05:30,src/api/admin/payment-details/cancel/route.ts,e9346bf8b7,2025-03-18T14:50:47+05:30,1
posx-comet-backend,e51fb4fcc3,2025-03-19T19:01:05+05:30,src/api/admin/payment-details/resend/route.ts,e9346bf8b7,2025-03-18T14:50:47+05:30,1
posx-comet-backend,e51fb4fcc3,2025-03-19T19:01:05+05:30,src/api/admin/payment-details/route.ts,e9346bf8b7,2025-03-18T14:50:47+05:30,1
posx-comet-backend,e51fb4fcc3,2025-03-19T19:01:05+05:30,src/api/admin/payment-details/verify/route.ts,e9346bf8b7,2025-03-18T14:50:47+05:30,1
posx-comet-backend,e51fb4fcc3,2025-03-19T19:01:05+05:30,src/api/admin/shopify-customer/route.ts,9f3c155859,2025-03-19T14:21:04+05:30,0
posx-comet-backend,e51fb4fcc3,2025-03-19T19:01:05+05:30,src/api/admin/shopify-customer/route.ts,e9346bf8b7,2025-03-18T14:50:47+05:30,1
posx-comet-backend,e51fb4fcc3,2025-03-19T19:01:05+05:30,src/api/admin/shopify-customer/route.ts,6c8561a6eb,2025-03-18T12:26:38+05:30,1
posx-comet-backend,e51fb4fcc3,2025-03-19T19:01:05+05:30,src/api/admin/store-details/[id]/route.ts,e9346bf8b7,2025-03-18T14:50:47+05:30,1
posx-comet-backend,e51fb4fcc3,2025-03-19T19:01:05+05:30,src/api/admin/store-details/route.ts,e9346bf8b7,2025-03-18T14:50:47+05:30,1
posx-comet-backend,e51fb4fcc3,2025-03-19T19:01:05+05:30,src/lib/api-response.ts,e9346bf8b7,2025-03-18T14:50:47+05:30,1
posx-comet-backend,e51fb4fcc3,2025-03-19T19:01:05+05:30,src/types/validators/employee.ts,e9346bf8b7,2025-03-18T14:50:47+05:30,1
posx-comet-backend,e51fb4fcc3,2025-03-19T19:01:05+05:30,src/types/validators/employee.ts,8b0db78a72,2025-03-19T17:53:57+05:30,0
posx-comet-backend,e51fb4fcc3,2025-03-19T19:01:05+05:30,src/types/workflows/employee.ts,e9346bf8b7,2025-03-18T14:50:47+05:30,1
posx-comet-backend,e51fb4fcc3,2025-03-19T19:01:05+05:30,src/workflows/employee/steps/create-employee-step.ts,e2de316563,2025-03-17T17:25:15+05:30,2
posx-comet-backend,e51fb4fcc3,2025-03-19T19:01:05+05:30,src/workflows/employee/steps/create-employee-step.ts,1576083eb4,2025-03-15T12:43:47+05:30,4
posx-comet-backend,e51fb4fcc3,2025-03-19T19:01:05+05:30,src/workflows/employee/steps/create-employee-step.ts,8b0db78a72,2025-03-19T17:53:57+05:30,0
posx-comet-backend,e51fb4fcc3,2025-03-19T19:01:05+05:30,src/workflows/employee/steps/create-employee-step.ts,6c8561a6eb,2025-03-18T12:26:38+05:30,1
posx-comet-backend,e51fb4fcc3,2025-03-19T19:01:05+05:30,src/workflows/employee/steps/update-employee-step.ts,6c8561a6eb,2025-03-18T12:26:38+05:30,1
posx-comet-backend,47ebb11476,2025-03-20T08:18:41+05:30,src/workflows/cart/add-to-cart.ts,5bf5af473e,2025-03-19T21:28:27+05:30,0
posx-comet-backend,23788c21ef,2025-03-20T10:15:48+05:30,medusa-config.ts,8b0db78a72,2025-03-19T17:53:57+05:30,0
posx-comet-backend,23788c21ef,2025-03-20T10:15:48+05:30,src/api/admin/shopify-customer/route.ts,633342bf5d,2025-03-19T17:43:57+05:30,0
posx-comet-backend,23788c21ef,2025-03-20T10:15:48+05:30,src/api/admin/shopify-customer/route.ts,e51fb4fcc3,2025-03-19T19:01:05+05:30,0
posx-comet-backend,23788c21ef,2025-03-20T10:15:48+05:30,src/subscribers/inventory-product-item-created.ts,d2a5c68b8d,2025-03-19T10:47:21+05:30,0
posx-comet-backend,23788c21ef,2025-03-20T10:15:48+05:30,src/workflows/global-config/steps/update-global-config-step.ts,e2de316563,2025-03-17T17:25:15+05:30,2
posx-comet-backend,23788c21ef,2025-03-20T10:15:48+05:30,src/workflows/global-config/steps/update-global-config-step.ts,e9346bf8b7,2025-03-18T14:50:47+05:30,1
posx-comet-backend,23788c21ef,2025-03-20T10:15:48+05:30,src/workflows/global-config/steps/update-global-config-step.ts,633342bf5d,2025-03-19T17:43:57+05:30,0
posx-comet-backend,23788c21ef,2025-03-20T10:15:48+05:30,src/workflows/pos-inventory/steps/create-item-codes-step.ts,d2a5c68b8d,2025-03-19T10:47:21+05:30,0
posx-comet-backend,23788c21ef,2025-03-20T10:15:48+05:30,src/workflows/shopify-product/steps/update-product-variant-steps.ts,7712cfab9b,2025-03-18T09:37:44+05:30,2
posx-comet-backend,f832869649,2025-03-20T12:02:54+05:30,src/api/admin/employee/[id]/route.ts,8b0db78a72,2025-03-19T17:53:57+05:30,0
posx-comet-backend,6ccb499abc,2025-03-20T14:35:40+05:30,src/api/admin/employee/[id]/route.ts,8b0db78a72,2025-03-19T17:53:57+05:30,0
posx-comet-backend,6ccb499abc,2025-03-20T14:35:40+05:30,src/types/workflows/employee.ts,e9346bf8b7,2025-03-18T14:50:47+05:30,1
posx-comet-backend,8ba5b9d054,2025-03-20T14:42:40+05:30,src/api/admin/employee/[id]/route.ts,add616abdc,2025-03-20T14:21:48+05:30,0
posx-comet-backend,8ba5b9d054,2025-03-20T14:42:40+05:30,src/api/admin/global-config/[key]/route.ts,add616abdc,2025-03-20T14:21:48+05:30,0
posx-comet-backend,8ba5b9d054,2025-03-20T14:42:40+05:30,src/api/admin/store-details/[id]/route.ts,add616abdc,2025-03-20T14:21:48+05:30,0
posx-comet-backend,8ba5b9d054,2025-03-20T14:42:40+05:30,src/api/admin/store-details/[id]/route.ts,e9346bf8b7,2025-03-18T14:50:47+05:30,1
posx-comet-backend,27c3ba71ca,2025-03-20T22:32:53+05:30,src/workflows/cart/steps/apply-promotional-coupon-step.ts,8a26bf250a,2025-03-20T17:04:33+05:30,0
posx-comet-backend,27c3ba71ca,2025-03-20T22:32:53+05:30,src/workflows/cart/steps/apply-promotional-coupon-step.ts,1610ad39dd,2025-03-20T08:17:53+05:30,0
posx-comet-backend,0322e76879,2025-03-21T12:51:47+05:30,src/modules/payment-details/models/payment-details.ts,e2de316563,2025-03-17T17:25:15+05:30,3
posx-comet-backend,0322e76879,2025-03-21T12:51:47+05:30,src/workflows/payment-detail/steps/create-payment-detail.ts,e2de316563,2025-03-17T17:25:15+05:30,3
posx-comet-backend,0322e76879,2025-03-21T12:51:47+05:30,src/workflows/payment-detail/steps/create-payment-detail.ts,cf5e7932bb,2025-03-21T01:09:29+05:30,0
posx-comet-backend,c9393db434,2025-03-21T16:59:50+05:30,src/workflows/cart/steps/get-medusa-product-variant-step.ts,1610ad39dd,2025-03-20T08:17:53+05:30,1
posx-comet-backend,c9393db434,2025-03-21T16:59:50+05:30,src/workflows/cart/workflows/add-to-cart.ts,92bf58e35b,2025-03-21T03:18:29+05:30,0
posx-comet-backend,c9393db434,2025-03-21T16:59:50+05:30,src/workflows/cart/workflows/add-to-cart.ts,74ced0b8b7,2025-03-19T19:53:44+05:30,1
posx-comet-backend,eedb393ed8,2025-03-23T23:33:02+05:30,src/api/admin/pos-inventory/route.ts,add616abdc,2025-03-20T14:21:48+05:30,3
posx-comet-backend,eedb393ed8,2025-03-23T23:33:02+05:30,src/api/middlewares.ts,5794ba7fc7,2025-03-21T00:33:16+05:30,2
posx-comet-backend,eedb393ed8,2025-03-23T23:33:02+05:30,src/api/shopify/webhooks/product/create/route.ts,7712cfab9b,2025-03-18T09:37:44+05:30,5
posx-comet-backend,eedb393ed8,2025-03-23T23:33:02+05:30,src/api/shopify/webhooks/product/delete/route.ts,7712cfab9b,2025-03-18T09:37:44+05:30,5
posx-comet-backend,eedb393ed8,2025-03-23T23:33:02+05:30,src/api/shopify/webhooks/product/update/route.ts,7712cfab9b,2025-03-18T09:37:44+05:30,5
posx-comet-backend,eedb393ed8,2025-03-23T23:33:02+05:30,src/lib/helpers/build-summary.ts,97cf1f02bf,2025-03-20T19:50:31+05:30,3
posx-comet-backend,eedb393ed8,2025-03-23T23:33:02+05:30,src/modules/campaign-coupon/index.ts,d5f20b4c16,2025-03-20T11:24:54+05:30,3
posx-comet-backend,eedb393ed8,2025-03-23T23:33:02+05:30,src/modules/campaign-coupon/models/applicable-product.ts,bf9187c96d,2025-03-21T13:07:02+05:30,2
posx-comet-backend,eedb393ed8,2025-03-23T23:33:02+05:30,src/modules/campaign-coupon/models/campaign-coupon.ts,bf9187c96d,2025-03-21T13:07:02+05:30,2
posx-comet-backend,eedb393ed8,2025-03-23T23:33:02+05:30,src/modules/campaign-coupon/service.ts,d5f20b4c16,2025-03-20T11:24:54+05:30,3
posx-comet-backend,eedb393ed8,2025-03-23T23:33:02+05:30,src/modules/campaign-coupon/service.ts,bf9187c96d,2025-03-21T13:07:02+05:30,2
posx-comet-backend,eedb393ed8,2025-03-23T23:33:02+05:30,src/modules/direct-razorpay/index.ts,e2de316563,2025-03-17T17:25:15+05:30,6
posx-comet-backend,eedb393ed8,2025-03-23T23:33:02+05:30,src/modules/employee/index.ts,6c8561a6eb,2025-03-18T12:26:38+05:30,5
posx-comet-backend,eedb393ed8,2025-03-23T23:33:02+05:30,src/modules/employee/service.ts,6c8561a6eb,2025-03-18T12:26:38+05:30,5
posx-comet-backend,eedb393ed8,2025-03-23T23:33:02+05:30,src/modules/global-config/index.ts,52b8bce2c7,2025-03-13T10:45:43+05:30,10
posx-comet-backend,eedb393ed8,2025-03-23T23:33:02+05:30,src/modules/payment-details/index.ts,e2de316563,2025-03-17T17:25:15+05:30,6
posx-comet-backend,eedb393ed8,2025-03-23T23:33:02+05:30,src/modules/payment-details/service.ts,e2de316563,2025-03-17T17:25:15+05:30,6
posx-comet-backend,eedb393ed8,2025-03-23T23:33:02+05:30,src/modules/pos-inventory/index.ts,d2a5c68b8d,2025-03-19T10:47:21+05:30,4
posx-comet-backend,eedb393ed8,2025-03-23T23:33:02+05:30,src/modules/pos-inventory/service.ts,d2a5c68b8d,2025-03-19T10:47:21+05:30,4
posx-comet-backend,eedb393ed8,2025-03-23T23:33:02+05:30,src/modules/razorpay-pos/index.ts,e2de316563,2025-03-17T17:25:15+05:30,6
posx-comet-backend,eedb393ed8,2025-03-23T23:33:02+05:30,src/modules/shopify-cart/index.ts,31f5e499c6,2025-03-19T20:16:16+05:30,4
posx-comet-backend,eedb393ed8,2025-03-23T23:33:02+05:30,src/modules/shopify-product/index.ts,7712cfab9b,2025-03-18T09:37:44+05:30,5
posx-comet-backend,eedb393ed8,2025-03-23T23:33:02+05:30,src/modules/shopify-product/service.ts,7712cfab9b,2025-03-18T09:37:44+05:30,5
posx-comet-backend,eedb393ed8,2025-03-23T23:33:02+05:30,src/modules/store-details/index.ts,3e40fe3bd1,2025-03-12T16:07:45+05:30,11
posx-comet-backend,eedb393ed8,2025-03-23T23:33:02+05:30,src/modules/store-details/service.ts,3e40fe3bd1,2025-03-12T16:07:45+05:30,11
posx-comet-backend,eedb393ed8,2025-03-23T23:33:02+05:30,src/modules/unicommerce/index.ts,74ced0b8b7,2025-03-19T19:53:44+05:30,4
posx-comet-backend,eedb393ed8,2025-03-23T23:33:02+05:30,src/types/validators/campaign-coupon.ts,bf9187c96d,2025-03-21T13:07:02+05:30,2
posx-comet-backend,eedb393ed8,2025-03-23T23:33:02+05:30,src/workflows/cart/steps/get-medusa-product-variant-step.ts,2281e40c82,2025-03-23T13:06:52+05:30,0
posx-comet-backend,eedb393ed8,2025-03-23T23:33:02+05:30,src/workflows/cart/steps/get-medusa-product-variant-step.ts,74ced0b8b7,2025-03-19T19:53:44+05:30,4
posx-comet-backend,eedb393ed8,2025-03-23T23:33:02+05:30,src/workflows/shopify-product/create-shopify-product.ts,7712cfab9b,2025-03-18T09:37:44+05:30,5
posx-comet-backend,eedb393ed8,2025-03-23T23:33:02+05:30,src/workflows/shopify-product/create-shopify-product.ts,a329760d67,2025-03-23T20:07:09+05:30,0
posx-comet-backend,eedb393ed8,2025-03-23T23:33:02+05:30,src/workflows/shopify-product/delete-shopify-product.ts,7712cfab9b,2025-03-18T09:37:44+05:30,5
posx-comet-backend,eedb393ed8,2025-03-23T23:33:02+05:30,src/workflows/shopify-product/update-shopify-product.ts,7712cfab9b,2025-03-18T09:37:44+05:30,5
posx-comet-backend,eedb393ed8,2025-03-23T23:33:02+05:30,src/workflows/shopify-product/update-shopify-product.ts,a329760d67,2025-03-23T20:07:09+05:30,0
posx-comet-backend,81de9b4a61,2025-03-24T10:47:31+05:30,src/types/validators/campaign-coupon.ts,eb6cc7d5d8,2025-03-21T14:45:03+05:30,2
posx-comet-backend,d9afda051a,2025-03-24T10:57:07+05:30,src/types/validators/campaign-coupon.ts,eb6cc7d5d8,2025-03-21T14:45:03+05:30,2
posx-comet-backend,b39fad5fc2,2025-03-24T12:06:45+05:30,src/api/admin/payment-details/route.ts,37eb87d181,2025-03-21T17:40:06+05:30,2
posx-comet-backend,b39fad5fc2,2025-03-24T12:06:45+05:30,src/api/admin/payment-details/route.ts,e2de316563,2025-03-17T17:25:15+05:30,6
posx-comet-backend,b39fad5fc2,2025-03-24T12:06:45+05:30,src/api/admin/payment-details/route.ts,5794ba7fc7,2025-03-21T00:33:16+05:30,3
posx-comet-backend,b39fad5fc2,2025-03-24T12:06:45+05:30,src/api/admin/payment-details/route.ts,e9346bf8b7,2025-03-18T14:50:47+05:30,5
posx-comet-backend,b39fad5fc2,2025-03-24T12:06:45+05:30,src/api/middlewares.ts,eedb393ed8,2025-03-23T23:33:02+05:30,0
posx-comet-backend,b39fad5fc2,2025-03-24T12:06:45+05:30,src/api/middlewares.ts,0ea8d7f719,2025-03-21T17:02:14+05:30,2
posx-comet-backend,242d3d68bd,2025-03-24T13:07:00+05:30,src/api/admin/campaign-coupon/route.ts,095ad8e743,2025-03-20T23:51:52+05:30,3
posx-comet-backend,242d3d68bd,2025-03-24T13:07:00+05:30,src/api/admin/campaign-coupon/route.ts,bf9187c96d,2025-03-21T13:07:02+05:30,2
posx-comet-backend,242d3d68bd,2025-03-24T13:07:00+05:30,src/api/admin/campaign-coupon/route.ts,fd055eaee4,2025-03-20T12:10:13+05:30,4
posx-comet-backend,242d3d68bd,2025-03-24T13:07:00+05:30,src/api/admin/campaign-coupon/route.ts,ccf2152829,2025-03-21T03:03:38+05:30,3
posx-comet-backend,242d3d68bd,2025-03-24T13:07:00+05:30,src/api/middlewares.ts,b39fad5fc2,2025-03-24T12:06:45+05:30,0
posx-comet-backend,242d3d68bd,2025-03-24T13:07:00+05:30,src/types/validators/payment-detail.ts,b39fad5fc2,2025-03-24T12:06:45+05:30,0
posx-comet-backend,242d3d68bd,2025-03-24T13:07:00+05:30,src/workflows/cart/steps/apply-campaign-coupon-step.ts,a329760d67,2025-03-23T20:07:09+05:30,0
posx-comet-backend,9157d3b546,2025-03-24T18:29:34+05:30,src/types/validators/order-detail.ts,b5e29303d3,2025-03-24T17:52:53+05:30,0
posx-comet-backend,f689844339,2025-03-25T11:06:52+05:30,src/api/admin/campaign-coupon/[id]/route.ts,eb6cc7d5d8,2025-03-21T14:45:03+05:30,3
posx-comet-backend,f689844339,2025-03-25T11:06:52+05:30,src/api/admin/campaign-coupon/[id]/route.ts,bf9187c96d,2025-03-21T13:07:02+05:30,3
posx-comet-backend,f689844339,2025-03-25T11:06:52+05:30,src/api/admin/campaign-coupon/route.ts,bf9187c96d,2025-03-21T13:07:02+05:30,3
posx-comet-backend,f689844339,2025-03-25T11:06:52+05:30,src/api/admin/campaign-coupon/route.ts,fd055eaee4,2025-03-20T12:10:13+05:30,4
posx-comet-backend,f689844339,2025-03-25T11:06:52+05:30,src/links/campaign-coupon-store.ts,ccf2152829,2025-03-21T03:03:38+05:30,4
posx-comet-backend,f689844339,2025-03-25T11:06:52+05:30,src/links/campaign-coupon-store.ts,bf9187c96d,2025-03-21T13:07:02+05:30,3
posx-comet-backend,f689844339,2025-03-25T11:06:52+05:30,src/modules/campaign-coupon/models/campaign-coupon.ts,bf9187c96d,2025-03-21T13:07:02+05:30,3
posx-comet-backend,f689844339,2025-03-25T11:06:52+05:30,src/modules/campaign-coupon/service.ts,bf9187c96d,2025-03-21T13:07:02+05:30,3
posx-comet-backend,f689844339,2025-03-25T11:06:52+05:30,src/types/validators/campaign-coupon.ts,eb6cc7d5d8,2025-03-21T14:45:03+05:30,3
posx-comet-backend,f689844339,2025-03-25T11:06:52+05:30,src/types/validators/campaign-coupon.ts,242d3d68bd,2025-03-24T13:07:00+05:30,0
posx-comet-backend,f689844339,2025-03-25T11:06:52+05:30,src/workflows/campaign-coupon/steps/create-campaign-coupon-step.ts,bf9187c96d,2025-03-21T13:07:02+05:30,3
posx-comet-backend,f689844339,2025-03-25T11:06:52+05:30,src/workflows/campaign-coupon/steps/update-campaign-coupon-step.ts,eb6cc7d5d8,2025-03-21T14:45:03+05:30,3
posx-comet-backend,f689844339,2025-03-25T11:06:52+05:30,src/workflows/campaign-coupon/steps/update-campaign-coupon-step.ts,d5f20b4c16,2025-03-20T11:24:54+05:30,4
posx-comet-backend,f689844339,2025-03-25T11:06:52+05:30,src/workflows/campaign-coupon/workflows/update-campaign-coupon.ts,fd055eaee4,2025-03-20T12:10:13+05:30,4
posx-comet-backend,f689844339,2025-03-25T11:06:52+05:30,src/workflows/pos-inventory/add-inventory-product-item-workflow.ts,d2a5c68b8d,2025-03-19T10:47:21+05:30,6
posx-comet-backend,f689844339,2025-03-25T11:06:52+05:30,src/workflows/store-details/steps/check-store-existance-step.ts,d2a5c68b8d,2025-03-19T10:47:21+05:30,6
posx-comet-backend,ede2830a9b,2025-03-25T11:40:23+05:30,src/modules/unicommerce/service.ts,74ced0b8b7,2025-03-19T19:53:44+05:30,5
posx-comet-backend,ac608b15b5,2025-03-25T11:48:01+05:30,src/api/admin/employee/route.ts,1576083eb4,2025-03-15T12:43:47+05:30,9
posx-comet-backend,851bcef42e,2025-03-25T12:00:58+05:30,src/modules/campaign-coupon/models/campaign-coupon.ts,f689844339,2025-03-25T11:06:52+05:30,0
posx-comet-backend,851bcef42e,2025-03-25T12:00:58+05:30,src/workflows/campaign-coupon/workflows/calculate-coupon-discount.ts,a329760d67,2025-03-23T20:07:09+05:30,1
posx-comet-backend,851bcef42e,2025-03-25T12:00:58+05:30,src/workflows/campaign-coupon/workflows/create-campaign-coupon.ts,f689844339,2025-03-25T11:06:52+05:30,0
posx-comet-backend,851bcef42e,2025-03-25T12:00:58+05:30,src/workflows/campaign-coupon/workflows/update-campaign-coupon.ts,f689844339,2025-03-25T11:06:52+05:30,0
posx-comet-backend,851bcef42e,2025-03-25T12:00:58+05:30,src/workflows/shopify-product/steps/throw-error-if-product-do-not-exists-step.ts,a329760d67,2025-03-23T20:07:09+05:30,1
posx-comet-backend,1b50765c24,2025-03-25T23:02:13+05:30,src/api/admin/system-config/[key]/route.ts,64aed24741,2025-03-25T22:50:30+05:30,0
posx-comet-backend,1b50765c24,2025-03-25T23:02:13+05:30,src/workflows/system-config/steps/create-system-config-step.ts,64aed24741,2025-03-25T22:50:30+05:30,0
posx-comet-backend,1b50765c24,2025-03-25T23:02:13+05:30,src/workflows/system-config/steps/delete-system-config-step.ts,64aed24741,2025-03-25T22:50:30+05:30,0
posx-comet-backend,1b50765c24,2025-03-25T23:02:13+05:30,src/workflows/system-config/steps/update-system-config-step.ts,64aed24741,2025-03-25T22:50:30+05:30,0
posx-comet-backend,1b50765c24,2025-03-25T23:02:13+05:30,src/workflows/system-config/workflows/create-system-config.ts,64aed24741,2025-03-25T22:50:30+05:30,0
posx-comet-backend,1b50765c24,2025-03-25T23:02:13+05:30,src/workflows/system-config/workflows/update-system-config.ts,64aed24741,2025-03-25T22:50:30+05:30,0
posx-comet-backend,4837059a0f,2025-03-25T23:05:46+05:30,src/workflows/order-detail/steps/create-order-detail-step.ts,64aed24741,2025-03-25T22:50:30+05:30,0
posx-comet-backend,4837059a0f,2025-03-25T23:05:46+05:30,src/workflows/order-detail/steps/validate-order-products-step.ts,64aed24741,2025-03-25T22:50:30+05:30,0
posx-comet-backend,dbab02404e,2025-03-26T00:37:50+05:30,src/modules/campaign-coupon/migrations/.snapshot-medusa-pos-backend.json,f689844339,2025-03-25T11:06:52+05:30,0
posx-comet-backend,dbab02404e,2025-03-26T00:37:50+05:30,src/modules/campaign-coupon/models/campaign-coupon.ts,bf9187c96d,2025-03-21T13:07:02+05:30,4
posx-comet-backend,dbab02404e,2025-03-26T00:37:50+05:30,src/modules/campaign-coupon/models/campaign-coupon.ts,d5f20b4c16,2025-03-20T11:24:54+05:30,5
posx-comet-backend,78dd871da6,2025-03-26T03:19:31+05:30,src/jobs/complete-gatepass-order-details.ts,2e481c0698,2025-03-26T01:23:33+05:30,0
posx-comet-backend,78dd871da6,2025-03-26T03:19:31+05:30,src/jobs/inventory-snapshot.ts,618feb6a91,2025-03-26T01:47:43+05:30,0
posx-comet-backend,fcb9af0c34,2025-03-26T14:51:34+05:30,src/types/workflows/store-details.ts,e9346bf8b7,2025-03-18T14:50:47+05:30,8
posx-comet-backend,941081fd0f,2025-03-26T15:09:04+05:30,src/workflows/cart/steps/get-sku-from-unicommerce-step.ts,f64be456f7,2025-03-22T23:21:45+05:30,3
posx-comet-backend,941081fd0f,2025-03-26T15:09:04+05:30,src/workflows/order-detail/steps/validate-order-products-step.ts,64aed24741,2025-03-25T22:50:30+05:30,0
posx-comet-backend,235613e8f6,2025-03-26T15:19:44+05:30,src/workflows/payment-detail/steps/get-all-payment-by-orderid-step.ts,6b3cf120c4,2025-03-26T00:53:53+05:30,0
posx-comet-backend,4d3ed1e081,2025-03-26T15:50:31+05:30,src/workflows/order-detail/steps/create-order-detail-step.ts,64aed24741,2025-03-25T22:50:30+05:30,0
posx-comet-backend,4b751f08b6,2025-03-26T15:52:49+05:30,src/workflows/order-detail/steps/create-order-detail-step.ts,64aed24741,2025-03-25T22:50:30+05:30,0
posx-comet-backend,8176d657a4,2025-03-27T13:03:07+05:30,src/api/admin/global-config/route.ts,e9346bf8b7,2025-03-18T14:50:47+05:30,8
posx-comet-backend,8176d657a4,2025-03-27T13:03:07+05:30,src/api/admin/global-config/route.ts,add616abdc,2025-03-20T14:21:48+05:30,6
posx-comet-backend,8176d657a4,2025-03-27T13:03:07+05:30,src/api/admin/payment-details/route.ts,b39fad5fc2,2025-03-24T12:06:45+05:30,3
posx-comet-backend,8176d657a4,2025-03-27T13:03:07+05:30,src/api/admin/payment-details/route.ts,37eb87d181,2025-03-21T17:40:06+05:30,5
posx-comet-backend,8176d657a4,2025-03-27T13:03:07+05:30,src/api/admin/pos-inventory/item/route.ts,d2a5c68b8d,2025-03-19T10:47:21+05:30,8
posx-comet-backend,8176d657a4,2025-03-27T13:03:07+05:30,src/api/admin/pos-inventory/item/route.ts,75d253907c,2025-03-19T21:42:26+05:30,7
posx-comet-backend,8176d657a4,2025-03-27T13:03:07+05:30,src/api/admin/pos-inventory/tracking/route.ts,d2a5c68b8d,2025-03-19T10:47:21+05:30,8
posx-comet-backend,8176d657a4,2025-03-27T13:03:07+05:30,src/api/admin/pos-inventory/tracking/route.ts,75d253907c,2025-03-19T21:42:26+05:30,7
posx-comet-backend,8176d657a4,2025-03-27T13:03:07+05:30,src/api/admin/store-details/route.ts,e9346bf8b7,2025-03-18T14:50:47+05:30,8
posx-comet-backend,8176d657a4,2025-03-27T13:03:07+05:30,src/api/admin/system-config/route.ts,64aed24741,2025-03-25T22:50:30+05:30,1
posx-comet-backend,00015d1e07,2025-03-27T14:41:35+05:30,src/subscribers/order-detail-invoice-generated.ts,0913848346,2025-03-26T14:19:50+05:30,1
posx-comet-backend,00015d1e07,2025-03-27T14:41:35+05:30,src/workflows/order-detail/steps/confirm-order-detail-step.ts,64aed24741,2025-03-25T22:50:30+05:30,1
posx-comet-backend,00015d1e07,2025-03-27T14:41:35+05:30,src/workflows/order-detail/steps/confirm-order-detail-step.ts,0913848346,2025-03-26T14:19:50+05:30,1
posx-comet-backend,00015d1e07,2025-03-27T14:41:35+05:30,src/workflows/order-detail/steps/generate-and-send-file-step.ts,e25ade9d58,2025-03-26T13:24:46+05:30,1
posx-comet-backend,00015d1e07,2025-03-27T14:41:35+05:30,src/workflows/order-detail/workflows/confirm-order-details.ts,64aed24741,2025-03-25T22:50:30+05:30,1
posx-comet-backend,00015d1e07,2025-03-27T14:41:35+05:30,src/workflows/order-detail/workflows/confirm-order-details.ts,0913848346,2025-03-26T14:19:50+05:30,1
posx-comet-backend,00015d1e07,2025-03-27T14:41:35+05:30,src/workflows/payment-detail/steps/verify-payment-details-step.ts,04e1207715,2025-03-21T17:21:25+05:30,5
posx-comet-backend,524bad90ad,2025-03-27T20:26:24+05:30,src/types/validators/campaign-coupon.ts,242d3d68bd,2025-03-24T13:07:00+05:30,3
posx-comet-backend,524bad90ad,2025-03-27T20:26:24+05:30,src/types/validators/campaign-coupon.ts,f689844339,2025-03-25T11:06:52+05:30,2
posx-comet-backend,524bad90ad,2025-03-27T20:26:24+05:30,src/types/validators/campaign-coupon.ts,ed2ab64c00,2025-03-25T11:46:01+05:30,2
posx-comet-backend,524bad90ad,2025-03-27T20:26:24+05:30,src/types/validators/order-detail.ts,c396612806,2025-03-26T02:07:53+05:30,1
posx-comet-backend,524bad90ad,2025-03-27T20:26:24+05:30,src/types/validators/order-detail.ts,b5e29303d3,2025-03-24T17:52:53+05:30,3
posx-comet-backend,524bad90ad,2025-03-27T20:26:24+05:30,src/types/validators/order-detail.ts,64aed24741,2025-03-25T22:50:30+05:30,1
posx-comet-backend,ea148124bd,2025-03-28T16:04:54+05:30,src/api/admin/order-detail/export/route.ts,bd2c493edc,2025-03-27T19:56:24+05:30,0
posx-comet-backend,ea148124bd,2025-03-28T16:04:54+05:30,src/api/admin/order-detail/export/route.ts,df7dd5f93e,2025-03-28T15:08:20+05:30,0
posx-comet-backend,ea148124bd,2025-03-28T16:04:54+05:30,src/types/validators/order-detail.ts,bd2c493edc,2025-03-27T19:56:24+05:30,0
posx-comet-backend,ea148124bd,2025-03-28T16:04:54+05:30,src/workflows/exports/steps/generate-order-export-csv-step.ts,bd2c493edc,2025-03-27T19:56:24+05:30,0
posx-comet-backend,ea148124bd,2025-03-28T16:04:54+05:30,src/workflows/exports/steps/generate-payment-export-csv-step.ts,bd2c493edc,2025-03-27T19:56:24+05:30,0
posx-comet-backend,ea148124bd,2025-03-28T16:04:54+05:30,src/workflows/order-detail/steps/generate-coupon-usage-csv-step.ts,df7dd5f93e,2025-03-28T15:08:20+05:30,0
posx-comet-backend,5aef704b2d,2025-03-28T16:37:33+05:30,src/api/admin/order-detail/export/route.ts,ea148124bd,2025-03-28T16:04:54+05:30,0
posx-comet-backend,335495825d,2025-03-28T16:41:16+05:30,src/jobs/inventory-snapshot.ts,6df0847e97,2025-03-28T10:27:57+05:30,0
posx-comet-backend,1fe489713a,2025-03-28T16:57:36+05:30,src/workflows/payment-detail/steps/verify-payment-details-step.ts,04e1207715,2025-03-21T17:21:25+05:30,6
posx-comet-backend,1fe489713a,2025-03-28T16:57:36+05:30,src/workflows/payment-detail/steps/verify-payment-details-step.ts,00015d1e07,2025-03-27T14:41:35+05:30,1
posx-comet-backend,1fe489713a,2025-03-28T16:57:36+05:30,src/workflows/s3-services/workflows/store-file-to-s3.ts,bd2c493edc,2025-03-27T19:56:24+05:30,0
posx-comet-backend,8c7e61918a,2025-03-28T18:14:56+05:30,src/subscribers/order-detail-order-confirmed.ts,00015d1e07,2025-03-27T14:41:35+05:30,1
posx-comet-backend,8c7e61918a,2025-03-28T18:14:56+05:30,src/workflows/campaign-coupon/steps/update-campaign-coupon-usage-count-step.ts,00015d1e07,2025-03-27T14:41:35+05:30,1
posx-comet-backend,8c7e61918a,2025-03-28T18:14:56+05:30,src/workflows/order-detail/steps/generate-coupon-usage-csv-step.ts,df7dd5f93e,2025-03-28T15:08:20+05:30,0
posx-comet-backend,8c7e61918a,2025-03-28T18:14:56+05:30,src/workflows/order-detail/steps/generate-coupon-usage-csv-step.ts,ea148124bd,2025-03-28T16:04:54+05:30,0
posx-comet-backend,8c7e61918a,2025-03-28T18:14:56+05:30,src/workflows/order-detail/steps/generate-order-report-step.ts,6df0847e97,2025-03-28T10:27:57+05:30,0
posx-comet-backend,8c7e61918a,2025-03-28T18:14:56+05:30,src/workflows/s3-services/steps/store-file-to-s3-step.ts,bd2c493edc,2025-03-27T19:56:24+05:30,0
posx-comet-backend,485e87b8fa,2025-03-29T12:09:54+05:30,src/api/admin/order-detail/export/route.ts,bd2c493edc,2025-03-27T19:56:24+05:30,1
posx-comet-backend,485e87b8fa,2025-03-29T12:09:54+05:30,src/api/admin/order-detail/export/route.ts,df7dd5f93e,2025-03-28T15:08:20+05:30,0
posx-comet-backend,485e87b8fa,2025-03-29T12:09:54+05:30,src/workflows/exports/workflows/export-order-workflow.ts,bd2c493edc,2025-03-27T19:56:24+05:30,1
posx-comet-backend,31505d1b99,2025-03-29T20:58:57+05:30,src/api/shopify/webhooks/product/create/route.ts,7712cfab9b,2025-03-18T09:37:44+05:30,11
posx-comet-backend,31505d1b99,2025-03-29T20:58:57+05:30,src/api/shopify/webhooks/product/create/route.ts,eedb393ed8,2025-03-23T23:33:02+05:30,5
posx-comet-backend,31505d1b99,2025-03-29T20:58:57+05:30,src/workflows/shopify-product/create-shopify-product.ts,a329760d67,2025-03-23T20:07:09+05:30,6
posx-comet-backend,31505d1b99,2025-03-29T20:58:57+05:30,src/workflows/shopify-product/steps/validate-product-for-pos-system-step.ts,a329760d67,2025-03-23T20:07:09+05:30,6
posx-comet-backend,31505d1b99,2025-03-29T20:58:57+05:30,src/workflows/shopify-product/update-shopify-product.ts,a329760d67,2025-03-23T20:07:09+05:30,6
posx-comet-backend,e6f7d07e75,2025-03-29T21:30:51+05:30,src/api/admin/order-detail/export/route.ts,485e87b8fa,2025-03-29T12:09:54+05:30,0
posx-comet-backend,e6f7d07e75,2025-03-29T21:30:51+05:30,src/api/admin/order-detail/export/route.ts,bd2c493edc,2025-03-27T19:56:24+05:30,2
posx-comet-backend,e6f7d07e75,2025-03-29T21:30:51+05:30,src/workflows/campaign-coupon/workflows/update-campaign-coupon-usage.ts,00015d1e07,2025-03-27T14:41:35+05:30,2
posx-comet-backend,e6f7d07e75,2025-03-29T21:30:51+05:30,src/workflows/exports/workflows/export-order-workflow.ts,485e87b8fa,2025-03-29T12:09:54+05:30,0
posx-comet-backend,e6f7d07e75,2025-03-29T21:30:51+05:30,src/workflows/exports/workflows/export-order-workflow.ts,bd2c493edc,2025-03-27T19:56:24+05:30,2
posx-comet-backend,e6f7d07e75,2025-03-29T21:30:51+05:30,src/workflows/exports/workflows/export-order-workflow.ts,df7dd5f93e,2025-03-28T15:08:20+05:30,1
posx-comet-backend,e6f7d07e75,2025-03-29T21:30:51+05:30,src/workflows/footfall/workflows/create-footfall.ts,be2c7ef93b,2025-03-28T14:55:14+05:30,1
posx-comet-backend,e6f7d07e75,2025-03-29T21:30:51+05:30,src/workflows/order-detail/workflows/confirm-order-details.ts,64aed24741,2025-03-25T22:50:30+05:30,3
posx-comet-backend,e6f7d07e75,2025-03-29T21:30:51+05:30,src/workflows/order-detail/workflows/generate-and-send-file.ts,e25ade9d58,2025-03-26T13:24:46+05:30,3
posx-comet-backend,e6f7d07e75,2025-03-29T21:30:51+05:30,src/workflows/order-detail/workflows/generate-order-report.ts,6df0847e97,2025-03-28T10:27:57+05:30,1
posx-comet-backend,e6f7d07e75,2025-03-29T21:30:51+05:30,src/workflows/order-detail/workflows/generate-receipt.ts,d41ae8e7fc,2025-03-28T15:50:09+05:30,1
posx-comet-backend,e6f7d07e75,2025-03-29T21:30:51+05:30,src/workflows/order-detail/workflows/update-order-details.ts,64aed24741,2025-03-25T22:50:30+05:30,3
posx-comet-backend,e6f7d07e75,2025-03-29T21:30:51+05:30,src/workflows/payment-detail/steps/create-payment-detail.ts,6b3cf120c4,2025-03-26T00:53:53+05:30,3
posx-comet-backend,e6f7d07e75,2025-03-29T21:30:51+05:30,src/workflows/payment-detail/workflows/get-all-payment-by-orderid.ts,6b3cf120c4,2025-03-26T00:53:53+05:30,3
posx-comet-backend,81d86d64bb,2025-03-29T22:03:44+05:30,src/workflows/exports/workflows/export-order-details-workflow.ts,e6f7d07e75,2025-03-29T21:30:51+05:30,0
posx-comet-backend,81d86d64bb,2025-03-29T22:03:44+05:30,src/workflows/exports/workflows/export-order-details-workflow.ts,bd2c493edc,2025-03-27T19:56:24+05:30,2
posx-comet-backend,fbe25775d4,2025-03-31T09:54:01+05:30,src/workflows/pos-inventory/steps/facility-export-job-results-step.ts,51a78e797c,2025-03-31T09:50:12+05:30,0
posx-comet-backend,38796e4404,2025-03-31T16:55:52+05:30,src/types/validators/order-detail.ts,524bad90ad,2025-03-27T20:26:24+05:30,3
posx-comet-backend,e7898a90a8,2025-03-31T18:03:22+05:30,Dockerfile.uat,2bec1797bd,2025-03-31T09:40:09+05:30,0
posx-comet-backend,e7898a90a8,2025-03-31T18:03:22+05:30,src/api/store/custom/route.ts,d9b855603e,2025-03-10T11:57:55+05:30,21
posx-comet-backend,4b52f052da,2025-03-31T18:03:25+05:30,src/api/health-check/route.ts,6ee182af85,2025-03-31T18:01:45+05:30,0
posx-comet-backend,b7a6db5411,2025-04-01T12:28:08+05:30,src/workflows/pos-inventory/steps/update-shopping-bag-count-step.ts,7c50df47fe,2025-04-01T12:24:30+05:30,0
posx-comet-backend,d0dbd60ca4,2025-04-01T14:18:57+05:30,src/workflows/order-detail/workflows/confirm-order-details.ts,64aed24741,2025-03-25T22:50:30+05:30,6
posx-comet-backend,d0dbd60ca4,2025-04-01T14:18:57+05:30,src/workflows/order-detail/workflows/confirm-order-details.ts,00015d1e07,2025-03-27T14:41:35+05:30,4
posx-comet-backend,d0dbd60ca4,2025-04-01T14:18:57+05:30,src/workflows/order-detail/workflows/confirm-order-details.ts,0913848346,2025-03-26T14:19:50+05:30,5
posx-comet-backend,d0dbd60ca4,2025-04-01T14:18:57+05:30,src/workflows/pos-inventory/steps/update-shopping-bag-count-step.ts,b7a6db5411,2025-04-01T12:28:08+05:30,0
posx-comet-backend,d0dbd60ca4,2025-04-01T14:18:57+05:30,src/workflows/pos-inventory/steps/update-shopping-bag-count-step.ts,7c50df47fe,2025-04-01T12:24:30+05:30,0
posx-comet-backend,d0dbd60ca4,2025-04-01T14:18:57+05:30,src/workflows/store-details/steps/create-store-details-step.ts,b273ed53d3,2025-03-26T13:33:06+05:30,6
posx-comet-backend,d0dbd60ca4,2025-04-01T14:18:57+05:30,src/workflows/store-details/steps/create-store-details-step.ts,64aed24741,2025-03-25T22:50:30+05:30,6
posx-comet-backend,1a72e98eb6,2025-04-01T18:22:32+05:30,src/api/shopify/webhooks/product/update/route.ts,1a538ff798,2025-04-01T17:33:02+05:30,0
posx-comet-backend,1a72e98eb6,2025-04-01T18:22:32+05:30,src/api/shopify/webhooks/product/update/route.ts,7712cfab9b,2025-03-18T09:37:44+05:30,14
posx-comet-backend,1a72e98eb6,2025-04-01T18:22:32+05:30,src/workflows/shopify-product/steps/create-medusa-product-step.ts,7712cfab9b,2025-03-18T09:37:44+05:30,14
posx-comet-backend,d619b4013d,2025-04-01T18:30:17+05:30,src/workflows/shopify-product/steps/create-medusa-product-step copy.ts,7712cfab9b,2025-03-18T09:37:44+05:30,14
posx-comet-backend,d619b4013d,2025-04-01T18:30:17+05:30,src/workflows/shopify-product/steps/update-medusa-product-step.ts,7712cfab9b,2025-03-18T09:37:44+05:30,14
posx-comet-backend,3feadcf79b,2025-04-02T15:58:33+05:30,src/api/admin/campaign-coupon/export/route.ts,253c791c2c,2025-03-31T19:44:50+05:30,1
posx-comet-backend,3feadcf79b,2025-04-02T15:58:33+05:30,src/workflows/order-detail/steps/generate-coupon-usage-csv-step.ts,df7dd5f93e,2025-03-28T15:08:20+05:30,5
posx-comet-backend,3feadcf79b,2025-04-02T15:58:33+05:30,src/workflows/order-detail/steps/generate-coupon-usage-csv-step.ts,8c7e61918a,2025-03-28T18:14:56+05:30,4
posx-comet-backend,3feadcf79b,2025-04-02T15:58:33+05:30,src/workflows/order-detail/steps/generate-coupon-usage-csv-step.ts,253c791c2c,2025-03-31T19:44:50+05:30,1
posx-comet-backend,3feadcf79b,2025-04-02T15:58:33+05:30,src/workflows/order-detail/steps/generate-coupon-usage-csv-step.ts,ea148124bd,2025-03-28T16:04:54+05:30,4
posx-comet-backend,3204d630e6,2025-04-03T19:33:35+05:30,src/workflows/footfall/workflows/create-footfall.ts,be2c7ef93b,2025-03-28T14:55:14+05:30,6
posx-comet-backend,0238eb1fc5,2025-04-03T19:48:44+05:30,src/workflows/order-detail/steps/check-if-item-codes-is-sold.ts,d548178e63,2025-04-03T19:28:52+05:30,0
posx-comet-backend,f099c29a0f,2025-04-04T01:20:54+05:30,src/workflows/order-detail/steps/check-if-item-codes-is-sold.ts,0238eb1fc5,2025-04-03T19:48:44+05:30,0
posx-comet-backend,f099c29a0f,2025-04-04T01:20:54+05:30,src/workflows/order-detail/workflows/check-if-item-code-is-already-sold.ts,d548178e63,2025-04-03T19:28:52+05:30,0
posx-comet-backend,f099c29a0f,2025-04-04T01:20:54+05:30,src/workflows/order-detail/workflows/create-order-details.ts,d548178e63,2025-04-03T19:28:52+05:30,0
posx-comet-backend,f099c29a0f,2025-04-04T01:20:54+05:30,src/workflows/order-detail/workflows/create-order-details.ts,64aed24741,2025-03-25T22:50:30+05:30,9
posx-comet-backend,d8e018e48f,2025-04-04T08:24:57+05:30,src/workflows/system-config/steps/generate-code-step.ts,0bdc08b99b,2025-04-03T17:36:58+05:30,0
posx-comet-backend,39b8730424,2025-04-04T09:30:06+05:30,src/workflows/store-details/steps/check-store-existance-step.ts,d2a5c68b8d,2025-03-19T10:47:21+05:30,15
posx-comet-backend,39b8730424,2025-04-04T09:30:06+05:30,src/workflows/store-details/steps/check-store-existance-step.ts,d548178e63,2025-04-03T19:28:52+05:30,0
posx-comet-backend,39b8730424,2025-04-04T09:30:06+05:30,src/workflows/store-details/steps/check-store-existance-step.ts,64aed24741,2025-03-25T22:50:30+05:30,9
posx-comet-backend,39b8730424,2025-04-04T09:30:06+05:30,src/workflows/store-details/steps/check-store-existance-step.ts,f689844339,2025-03-25T11:06:52+05:30,9
posx-comet-backend,a48fe22070,2025-04-04T22:57:58+05:30,src/workflows/order-return-and-exchange/steps/check-order-returnable-step.ts,fc1f27030e,2025-04-04T17:16:09+05:30,0
posx-comet-backend,a48fe22070,2025-04-04T22:57:58+05:30,src/workflows/order-return-and-exchange/workflows/confirm-return-order.ts,6ed740abab,2025-04-04T19:20:21+05:30,0
posx-comet-backend,a48fe22070,2025-04-04T22:57:58+05:30,src/workflows/order-return-and-exchange/workflows/confirm-return-order.ts,d1601a7b40,2025-04-04T22:42:09+05:30,0
posx-comet-backend,a48fe22070,2025-04-04T22:57:58+05:30,src/workflows/store-details/steps/check-store-existance-step.ts,64aed24741,2025-03-25T22:50:30+05:30,10
posx-comet-backend,fcefa456d5,2025-04-08T15:42:35+05:30,package-lock.json,6fc7c05ffb,2025-04-04T22:59:47+05:30,3
posx-comet-backend,fcefa456d5,2025-04-08T15:42:35+05:30,src/subscribers/update-cms-accumulation.ts,47b24d5f77,2025-04-07T19:13:42+05:30,0
posx-comet-backend,fcefa456d5,2025-04-08T15:42:35+05:30,src/workflows/cms/steps/create-cms-step.ts,c317733d88,2025-04-07T14:33:18+05:30,1
posx-comet-backend,fcefa456d5,2025-04-08T15:42:35+05:30,src/workflows/cms/workflows/create-cms.ts,c317733d88,2025-04-07T14:33:18+05:30,1
posx-comet-backend,fcefa456d5,2025-04-08T15:42:35+05:30,src/workflows/cms/workflows/create-cms.ts,111a58a4c7,2025-04-07T15:32:21+05:30,1
posx-comet-backend,fcefa456d5,2025-04-08T15:42:35+05:30,src/workflows/order-detail/steps/update-order-detail-step.ts,d1601a7b40,2025-04-04T22:42:09+05:30,3
posx-comet-backend,fcefa456d5,2025-04-08T15:42:35+05:30,src/workflows/order-return-and-exchange/steps/adjust-returned-order-as-per-order-product-step.ts,fc1f27030e,2025-04-04T17:16:09+05:30,3
posx-comet-backend,fcefa456d5,2025-04-08T15:42:35+05:30,src/workflows/order-return-and-exchange/steps/return-order-product-step.ts,fc1f27030e,2025-04-04T17:16:09+05:30,3
posx-comet-backend,fcefa456d5,2025-04-08T15:42:35+05:30,src/workflows/payment-detail/steps/create-refund-payment-step.ts,957237006b,2025-04-05T12:37:34+05:30,3
posx-comet-backend,fcefa456d5,2025-04-08T15:42:35+05:30,src/workflows/payment-detail/steps/verify-refund-payment-step.ts,0ff08ab57d,2025-04-07T15:27:40+05:30,1
posx-comet-backend,fcefa456d5,2025-04-08T15:42:35+05:30,src/workflows/payment-detail/steps/verify-refund-payment-step.ts,8be2d7c805,2025-04-05T20:08:58+05:30,2
posx-comet-backend,fcefa456d5,2025-04-08T15:42:35+05:30,yarn.lock,6fc7c05ffb,2025-04-04T22:59:47+05:30,3
posx-comet-backend,4e8bc6da67,2025-04-08T22:48:01+05:30,.gitignore,a26c69df02,2025-04-01T17:38:46+05:30,7
posx-comet-backend,2ca2c35975,2025-04-09T00:52:20+05:30,src/modules/unicommerce/service.ts,f995152ea9,2025-04-08T21:58:06+05:30,0
posx-comet-backend,2ca2c35975,2025-04-09T00:52:20+05:30,src/modules/unicommerce/service.ts,64aed24741,2025-03-25T22:50:30+05:30,14
posx-comet-backend,2ca2c35975,2025-04-09T00:52:20+05:30,src/subscribers/update-cms-accumulation.ts,36be233494,2025-04-08T23:44:14+05:30,0
posx-comet-backend,2ca2c35975,2025-04-09T00:52:20+05:30,src/workflows/order-detail/steps/validate-order-products-step.ts,dae29df2ac,2025-04-02T17:56:07+05:30,6
posx-comet-backend,2ca2c35975,2025-04-09T00:52:20+05:30,src/workflows/order-detail/steps/validate-order-products-step.ts,39b8730424,2025-04-04T09:30:06+05:30,4
posx-comet-backend,1f06f0a137,2025-04-11T13:32:02+05:30,src/workflows/shopify-product/create-shopify-product.ts,a58a0b7603,2025-04-08T14:49:47+05:30,2
posx-comet-backend,1f06f0a137,2025-04-11T13:32:02+05:30,src/workflows/shopify-product/steps/create-shopify-product-variant-step.ts,7712cfab9b,2025-03-18T09:37:44+05:30,24
posx-comet-backend,1f06f0a137,2025-04-11T13:32:02+05:30,src/workflows/shopify-product/steps/create-shopify-product-variant-step.ts,805fb16d42,2025-03-20T18:04:30+05:30,21
posx-comet-backend,1f06f0a137,2025-04-11T13:32:02+05:30,src/workflows/shopify-product/steps/create-shopify-product-variant-step.ts,1a538ff798,2025-04-01T17:33:02+05:30,9
posx-comet-backend,1f06f0a137,2025-04-11T13:32:02+05:30,src/workflows/shopify-product/steps/update-product-variant-steps.ts,a58a0b7603,2025-04-08T14:49:47+05:30,2
posx-comet-backend,1f06f0a137,2025-04-11T13:32:02+05:30,src/workflows/shopify-product/steps/update-product-variant-steps.ts,1a538ff798,2025-04-01T17:33:02+05:30,9
posx-comet-backend,1f06f0a137,2025-04-11T13:32:02+05:30,src/workflows/shopify-product/update-shopify-product.ts,a58a0b7603,2025-04-08T14:49:47+05:30,2
posx-comet-backend,44c089e046,2025-04-11T13:37:00+05:30,src/workflows/order-detail/steps/create-order-detail-step.ts,8743e6ce0b,2025-04-03T07:17:18+05:30,8
posx-comet-backend,44c089e046,2025-04-11T13:37:00+05:30,src/workflows/order-detail/steps/create-order-detail-step.ts,cb7073ff14,2025-04-11T10:52:57+05:30,0
posx-comet-backend,5c7c7427de,2025-04-11T13:39:56+05:30,src/workflows/cart/steps/add-to-cart-step.ts,cb7073ff14,2025-04-11T10:52:57+05:30,0
posx-comet-backend,6de3eaddbf,2025-04-11T14:44:35+05:30,src/api/admin/cart/route.ts,97cf1f02bf,2025-03-20T19:50:31+05:30,21
posx-comet-backend,6de3eaddbf,2025-04-11T14:44:35+05:30,src/lib/helpers/build-summary.ts,cb7073ff14,2025-04-11T10:52:57+05:30,0
posx-comet-backend,6de3eaddbf,2025-04-11T14:44:35+05:30,src/lib/helpers/build-summary.ts,48d7998261,2025-04-11T13:08:31+05:30,0
posx-comet-backend,6de3eaddbf,2025-04-11T14:44:35+05:30,src/workflows/campaign-coupon/steps/calculate-coupon-discount-step.ts,b2027398e3,2025-03-21T01:18:01+05:30,21
posx-comet-backend,6de3eaddbf,2025-04-11T14:44:35+05:30,src/workflows/cart/workflows/apply-campaign-coupon.ts,48d7998261,2025-04-11T13:08:31+05:30,0
posx-comet-backend,9292fb15cf,2025-04-11T15:13:03+05:30,src/lib/helpers/build-summary.ts,04066d2b0e,2025-04-11T14:24:26+05:30,0
posx-comet-backend,9292fb15cf,2025-04-11T15:13:03+05:30,src/lib/helpers/build-summary.ts,6de3eaddbf,2025-04-11T14:44:35+05:30,0
posx-comet-backend,9292fb15cf,2025-04-11T15:13:03+05:30,src/workflows/cart/steps/apply-campaign-coupon-step.ts,a329760d67,2025-03-23T20:07:09+05:30,18
posx-comet-backend,9292fb15cf,2025-04-11T15:13:03+05:30,src/workflows/cart/steps/apply-promotional-coupon-step.ts,a329760d67,2025-03-23T20:07:09+05:30,18
posx-comet-backend,b28bbd2a60,2025-04-11T16:07:44+05:30,src/lib/helpers/get-applicable-items.ts,cb7073ff14,2025-04-11T10:52:57+05:30,0
posx-comet-backend,b28bbd2a60,2025-04-11T16:07:44+05:30,src/lib/helpers/get-applicable-items.ts,b2027398e3,2025-03-21T01:18:01+05:30,21
posx-comet-backend,b28bbd2a60,2025-04-11T16:07:44+05:30,src/lib/helpers/get-applicable-items.ts,a329760d67,2025-03-23T20:07:09+05:30,18
posx-comet-backend,fae0506295,2025-04-11T16:07:58+05:30,src/workflows/order-return-and-exchange/workflows/confirm-exchange-order.ts,2a43030dd5,2025-04-11T09:13:43+05:30,0
posx-comet-backend,fbb6166f97,2025-04-11T18:03:17+05:30,src/links/shopify-collection-link.ts,8598f63835,2025-04-03T15:00:42+05:30,8
posx-comet-backend,fbb6166f97,2025-04-11T18:03:17+05:30,src/modules/order-detail/models/order-detail.ts,2a43030dd5,2025-04-11T09:13:43+05:30,0
posx-comet-backend,fbb6166f97,2025-04-11T18:03:17+05:30,src/modules/order-detail/models/order-product-detail.ts,2a43030dd5,2025-04-11T09:13:43+05:30,0
posx-comet-backend,1e44066458,2025-04-11T18:10:23+05:30,src/workflows/exports/steps/generate-order-export-csv-step.ts,0850236f3b,2025-04-11T17:06:31+05:30,0
posx-comet-backend,5349a2b421,2025-04-11T19:24:32+05:30,src/workflows/payment-detail/steps/cancel-payment-details-step.ts,0ea8d7f719,2025-03-21T17:02:14+05:30,21
posx-comet-backend,5349a2b421,2025-04-11T19:24:32+05:30,src/workflows/payment-detail/steps/cancel-payment-details-step.ts,5794ba7fc7,2025-03-21T00:33:16+05:30,21
posx-comet-backend,5349a2b421,2025-04-11T19:24:32+05:30,src/workflows/payment-detail/steps/cancel-payment-details-step.ts,e2de316563,2025-03-17T17:25:15+05:30,25
posx-comet-backend,5349a2b421,2025-04-11T19:24:32+05:30,src/workflows/payment-detail/steps/cancel-payment-details-step.ts,cf5e7932bb,2025-03-21T01:09:29+05:30,21
posx-comet-backend,884b74af01,2025-04-12T13:55:12+05:30,src/modules/pdf-client/service.ts,d4ca04fff7,2025-04-03T16:42:09+05:30,8
posx-comet-backend,f6f263974d,2025-04-12T14:02:20+05:30,src/modules/pdf-client/service.ts,3613c3e66c,2025-04-12T13:33:58+05:30,0
posx-comet-backend,f6f263974d,2025-04-12T14:02:20+05:30,src/modules/pdf-client/service.ts,884b74af01,2025-04-12T13:55:12+05:30,0
posx-comet-backend,26197fc50e,2025-04-12T15:02:03+05:30,src/types/validators/order-detail.ts,2a43030dd5,2025-04-11T09:13:43+05:30,1
posx-comet-backend,26197fc50e,2025-04-12T15:02:03+05:30,src/workflows/order-detail/steps/create-exchange-order-detail-step.ts,2a43030dd5,2025-04-11T09:13:43+05:30,1
posx-comet-backend,26197fc50e,2025-04-12T15:02:03+05:30,src/workflows/order-return-and-exchange/workflows/confirm-exchange-order.ts,2a43030dd5,2025-04-11T09:13:43+05:30,1
posx-comet-backend,26197fc50e,2025-04-12T15:02:03+05:30,src/workflows/order-return-and-exchange/workflows/confirm-exchange-order.ts,48a94b1a3b,2025-04-12T02:09:02+05:30,0
posx-comet-backend,26197fc50e,2025-04-12T15:02:03+05:30,src/workflows/order-return-and-exchange/workflows/confirm-exchange-order.ts,4ba539844d,2025-04-12T03:31:50+05:30,0
posx-comet-backend,50ed0585b6,2025-04-13T22:34:08+05:30,src/api/admin/discard-gatepass/route.ts,40bd87865c,2025-04-11T14:50:09+05:30,2
posx-comet-backend,50ed0585b6,2025-04-13T22:34:08+05:30,src/types/validators/discard-gatepass.ts,40bd87865c,2025-04-11T14:50:09+05:30,2
posx-comet-backend,50ed0585b6,2025-04-13T22:34:08+05:30,src/workflows/unicommerce/steps/discard-gatepass-step.ts,40bd87865c,2025-04-11T14:50:09+05:30,2
posx-comet-backend,50ed0585b6,2025-04-13T22:34:08+05:30,src/workflows/unicommerce/workflows/discard-if-items-not-in-gatepass.ts,40bd87865c,2025-04-11T14:50:09+05:30,2
posx-comet-backend,979c9e0ba6,2025-04-14T19:01:37+05:30,src/api/admin/shopify-customer/route.ts,f602b039bd,2025-04-02T19:28:44+05:30,11
posx-comet-backend,392bd35858,2025-04-14T20:34:04+05:30,src/api/admin/order-return-and-exchange/[id]/exchange/forward/route.ts,2a43030dd5,2025-04-11T09:13:43+05:30,3
posx-comet-backend,392bd35858,2025-04-14T20:34:04+05:30,src/api/admin/order-return-and-exchange/[id]/exchange/forward/route.ts,4ba539844d,2025-04-12T03:31:50+05:30,2
posx-comet-backend,392bd35858,2025-04-14T20:34:04+05:30,src/api/admin/order-return-and-exchange/[id]/exchange/type/route.ts,4ba539844d,2025-04-12T03:31:50+05:30,2
posx-comet-backend,392bd35858,2025-04-14T20:34:04+05:30,src/links/exchange-order-link.ts,fbb6166f97,2025-04-11T18:03:17+05:30,3
posx-comet-backend,392bd35858,2025-04-14T20:34:04+05:30,src/links/exchange-order-product-link.ts,fbb6166f97,2025-04-11T18:03:17+05:30,3
posx-comet-backend,392bd35858,2025-04-14T20:34:04+05:30,src/modules/order-detail/migrations/.snapshot-medusa-pos-backend-v9.json,fbb6166f97,2025-04-11T18:03:17+05:30,3
posx-comet-backend,392bd35858,2025-04-14T20:34:04+05:30,src/modules/order-detail/models/order-detail.ts,fbb6166f97,2025-04-11T18:03:17+05:30,3
posx-comet-backend,392bd35858,2025-04-14T20:34:04+05:30,src/modules/order-detail/models/order-product-detail.ts,fbb6166f97,2025-04-11T18:03:17+05:30,3
posx-comet-backend,392bd35858,2025-04-14T20:34:04+05:30,src/modules/pdf-client/invoice.ejs,d4ca04fff7,2025-04-03T16:42:09+05:30,11
posx-comet-backend,392bd35858,2025-04-14T20:34:04+05:30,src/subscribers/exchange-order-post-effects.ts,48a94b1a3b,2025-04-12T02:09:02+05:30,2
posx-comet-backend,392bd35858,2025-04-14T20:34:04+05:30,src/workflows/exports/steps/generate-order-export-csv-step.ts,0850236f3b,2025-04-11T17:06:31+05:30,3
posx-comet-backend,392bd35858,2025-04-14T20:34:04+05:30,src/workflows/order-detail/steps/confirm-order-detail-step.ts,2a43030dd5,2025-04-11T09:13:43+05:30,3
posx-comet-backend,392bd35858,2025-04-14T20:34:04+05:30,src/workflows/order-detail/steps/confirm-order-detail-step.ts,48a94b1a3b,2025-04-12T02:09:02+05:30,2
posx-comet-backend,392bd35858,2025-04-14T20:34:04+05:30,src/workflows/order-return-and-exchange/steps/associate-exchanged-and-parent-order.ts,2a43030dd5,2025-04-11T09:13:43+05:30,3
posx-comet-backend,392bd35858,2025-04-14T20:34:04+05:30,src/workflows/order-return-and-exchange/steps/associate-exchanged-and-parent-order.ts,48a94b1a3b,2025-04-12T02:09:02+05:30,2
posx-comet-backend,392bd35858,2025-04-14T20:34:04+05:30,src/workflows/order-return-and-exchange/workflows/exchange-order-payment.ts,2a43030dd5,2025-04-11T09:13:43+05:30,3
posx-comet-backend,392bd35858,2025-04-14T20:34:04+05:30,src/workflows/order-return-and-exchange/workflows/exchange-order-payment.ts,4ba539844d,2025-04-12T03:31:50+05:30,2
posx-comet-backend,392bd35858,2025-04-14T20:34:04+05:30,src/workflows/payment-detail/steps/exchange-payment-adjustment-step.ts,2a43030dd5,2025-04-11T09:13:43+05:30,3
posx-comet-backend,2fdeb3df29,2025-04-15T18:05:51+05:30,src/types/validators/order-return-exchange.ts,2a43030dd5,2025-04-11T09:13:43+05:30,4
posx-comet-backend,f3f7108cf1,2025-04-17T11:05:00+05:30,src/api/admin/order-detail/export/route.ts,ea148124bd,2025-03-28T16:04:54+05:30,19
posx-comet-backend,f3f7108cf1,2025-04-17T11:05:00+05:30,src/lib/helpers/build-summary.ts,9292fb15cf,2025-04-11T15:13:03+05:30,5
posx-comet-backend,f3f7108cf1,2025-04-17T11:05:00+05:30,src/lib/helpers/build-summary.ts,04066d2b0e,2025-04-11T14:24:26+05:30,5
posx-comet-backend,f3f7108cf1,2025-04-17T11:05:00+05:30,src/lib/helpers/build-summary.ts,cb7073ff14,2025-04-11T10:52:57+05:30,6
posx-comet-backend,f3f7108cf1,2025-04-17T11:05:00+05:30,src/lib/helpers/build-summary.ts,48d7998261,2025-04-11T13:08:31+05:30,5
posx-comet-backend,4fc8675c20,2025-04-17T12:39:11+05:30,src/types/validators/payment-detail.ts,2a43030dd5,2025-04-11T09:13:43+05:30,6
posx-comet-backend,4fc8675c20,2025-04-17T12:39:11+05:30,src/types/workflows/payment-detail.ts,2a43030dd5,2025-04-11T09:13:43+05:30,6
posx-comet-backend,4fc8675c20,2025-04-17T12:39:11+05:30,src/types/workflows/payment-detail.ts,8be2d7c805,2025-04-05T20:08:58+05:30,11
posx-comet-backend,4fc8675c20,2025-04-17T12:39:11+05:30,src/types/workflows/payment-detail.ts,6ed740abab,2025-04-04T19:20:21+05:30,12
posx-comet-backend,4fc8675c20,2025-04-17T12:39:11+05:30,src/workflows/order-detail/steps/confirm-order-detail-step.ts,48a94b1a3b,2025-04-12T02:09:02+05:30,5
posx-comet-backend,4fc8675c20,2025-04-17T12:39:11+05:30,src/workflows/order-detail/steps/confirm-order-detail-step.ts,392bd35858,2025-04-14T20:34:04+05:30,2
posx-comet-backend,4fc8675c20,2025-04-17T12:39:11+05:30,src/workflows/order-return-and-exchange/workflows/confirm-exchange-order.ts,4ba539844d,2025-04-12T03:31:50+05:30,5
posx-comet-backend,4fc8675c20,2025-04-17T12:39:11+05:30,src/workflows/order-return-and-exchange/workflows/confirm-exchange-order.ts,2a43030dd5,2025-04-11T09:13:43+05:30,6
posx-comet-backend,4fc8675c20,2025-04-17T12:39:11+05:30,src/workflows/payment-detail/steps/create-refund-payment-step.ts,8be2d7c805,2025-04-05T20:08:58+05:30,11
posx-comet-backend,4fc8675c20,2025-04-17T12:39:11+05:30,src/workflows/payment-detail/steps/create-refund-payment-step.ts,48a94b1a3b,2025-04-12T02:09:02+05:30,5
posx-comet-backend,4fc8675c20,2025-04-17T12:39:11+05:30,src/workflows/unicommerce/steps/get-product-from-item-code-step.ts,8ca00c00e7,2025-04-10T17:54:04+05:30,6
posx-comet-backend,4fc8675c20,2025-04-17T12:39:11+05:30,src/workflows/unicommerce/steps/get-product-from-item-code-step.ts,eec3c9bff0,2025-04-10T18:07:29+05:30,6
posx-comet-backend,ecdd252a5b,2025-04-17T14:22:38+05:30,src/modules/footfall/migrations/.snapshot-comet-pos.json,ec9fa86a08,2025-04-16T17:43:31+05:30,0
posx-comet-backend,d5f17762e3,2025-04-17T14:26:23+05:30,src/lib/helpers/build-summary.ts,cb7073ff14,2025-04-11T10:52:57+05:30,6
posx-comet-backend,d5f17762e3,2025-04-17T14:26:23+05:30,src/lib/helpers/build-summary.ts,6de3eaddbf,2025-04-11T14:44:35+05:30,5
posx-comet-backend,d5f17762e3,2025-04-17T14:26:23+05:30,src/lib/helpers/calculate-promotional-discount.ts,cb7073ff14,2025-04-11T10:52:57+05:30,6
posx-comet-backend,d5f17762e3,2025-04-17T14:26:23+05:30,src/lib/helpers/get-order-product-discount-amount.ts,64aed24741,2025-03-25T22:50:30+05:30,22
posx-comet-backend,d5f17762e3,2025-04-17T14:26:23+05:30,src/modules/order-detail/migrations/.snapshot-medusa-pos-backend-v9.json,fbb6166f97,2025-04-11T18:03:17+05:30,5
posx-comet-backend,d5f17762e3,2025-04-17T14:26:23+05:30,src/modules/order-detail/models/order-detail.ts,c7c1ee3d0d,2025-04-02T14:35:15+05:30,14
posx-comet-backend,d5f17762e3,2025-04-17T14:26:23+05:30,src/workflows/campaign-coupon/workflows/calculate-coupon-discount.ts,b2027398e3,2025-03-21T01:18:01+05:30,27
posx-comet-backend,d5f17762e3,2025-04-17T14:26:23+05:30,src/workflows/order-detail/steps/create-exchange-order-detail-step.ts,2a43030dd5,2025-04-11T09:13:43+05:30,6
posx-comet-backend,d5f17762e3,2025-04-17T14:26:23+05:30,src/workflows/order-detail/steps/create-exchange-order-detail-step.ts,26197fc50e,2025-04-12T15:02:03+05:30,4
posx-comet-backend,d5f17762e3,2025-04-17T14:26:23+05:30,src/workflows/order-detail/steps/create-order-detail-step.ts,957cdb89c4,2025-04-11T14:21:51+05:30,6
posx-comet-backend,d5f17762e3,2025-04-17T14:26:23+05:30,src/workflows/order-detail/steps/create-order-detail-step.ts,64aed24741,2025-03-25T22:50:30+05:30,22
posx-comet-backend,d5f17762e3,2025-04-17T14:26:23+05:30,src/workflows/order-detail/steps/create-order-detail-step.ts,8743e6ce0b,2025-04-03T07:17:18+05:30,14
posx-comet-backend,afed32d935,2025-04-17T23:58:30+05:30,src/lib/helpers/calculate-promotional-discount.ts,cb7073ff14,2025-04-11T10:52:57+05:30,6
posx-comet-backend,afed32d935,2025-04-17T23:58:30+05:30,src/workflows/campaign-coupon/steps/calculate-coupon-discount-step.ts,b2027398e3,2025-03-21T01:18:01+05:30,27
posx-comet-backend,afed32d935,2025-04-17T23:58:30+05:30,src/workflows/campaign-coupon/steps/calculate-coupon-discount-step.ts,a329760d67,2025-03-23T20:07:09+05:30,25
posx-comet-backend,afed32d935,2025-04-17T23:58:30+05:30,src/workflows/campaign-coupon/steps/calculate-coupon-discount-step.ts,cb7073ff14,2025-04-11T10:52:57+05:30,6
posx-comet-backend,afed32d935,2025-04-17T23:58:30+05:30,src/workflows/order-detail/steps/create-exchange-order-detail-step.ts,00b915f40e,2025-04-17T23:07:29+05:30,0
posx-comet-backend,afed32d935,2025-04-17T23:58:30+05:30,src/workflows/order-detail/steps/create-exchange-order-detail-step.ts,2a43030dd5,2025-04-11T09:13:43+05:30,6
posx-comet-backend,afed32d935,2025-04-17T23:58:30+05:30,src/workflows/order-detail/steps/create-order-detail-step.ts,64aed24741,2025-03-25T22:50:30+05:30,23
posx-comet-backend,afed32d935,2025-04-17T23:58:30+05:30,src/workflows/order-detail/steps/create-order-detail-step.ts,957cdb89c4,2025-04-11T14:21:51+05:30,6
posx-comet-backend,afed32d935,2025-04-17T23:58:30+05:30,src/workflows/order-detail/steps/create-order-detail-step.ts,8743e6ce0b,2025-04-03T07:17:18+05:30,14
posx-comet-backend,afed32d935,2025-04-17T23:58:30+05:30,src/workflows/order-detail/steps/create-order-detail-step.ts,d5f17762e3,2025-04-17T14:26:23+05:30,0
posx-comet-backend,afed32d935,2025-04-17T23:58:30+05:30,src/workflows/order-return-and-exchange/steps/calculate-refund-amount-step.ts,6ed740abab,2025-04-04T19:20:21+05:30,13
posx-comet-backend,afed32d935,2025-04-17T23:58:30+05:30,src/workflows/order-return-and-exchange/steps/calculate-refund-amount-step.ts,957237006b,2025-04-05T12:37:34+05:30,12
posx-comet-backend,afed32d935,2025-04-17T23:58:30+05:30,src/workflows/order-return-and-exchange/workflows/confirm-exchange-order.ts,fae0506295,2025-04-11T16:07:58+05:30,6
posx-comet-backend,afed32d935,2025-04-17T23:58:30+05:30,src/workflows/order-return-and-exchange/workflows/confirm-exchange-order.ts,2a43030dd5,2025-04-11T09:13:43+05:30,6
posx-comet-backend,afed32d935,2025-04-17T23:58:30+05:30,src/workflows/payment-detail/steps/create-refund-payment-step.ts,48a94b1a3b,2025-04-12T02:09:02+05:30,5
posx-comet-backend,8e67630eea,2025-04-18T15:50:59+05:30,src/api/admin/order-return-and-exchange/[id]/exchange/forward/route.ts,392bd35858,2025-04-14T20:34:04+05:30,3
posx-comet-backend,8e67630eea,2025-04-18T15:50:59+05:30,src/api/admin/order-return-and-exchange/[id]/exchange/type/route.ts,4ba539844d,2025-04-12T03:31:50+05:30,6
posx-comet-backend,8e67630eea,2025-04-18T15:50:59+05:30,src/workflows/order-return-and-exchange/steps/associate-exchanged-and-parent-order.ts,2a43030dd5,2025-04-11T09:13:43+05:30,7
posx-comet-backend,8e67630eea,2025-04-18T15:50:59+05:30,src/workflows/order-return-and-exchange/workflows/confirm-exchange-order.ts,2a43030dd5,2025-04-11T09:13:43+05:30,7
posx-comet-backend,8e67630eea,2025-04-18T15:50:59+05:30,src/workflows/order-return-and-exchange/workflows/confirm-exchange-order.ts,fae0506295,2025-04-11T16:07:58+05:30,6
posx-comet-backend,8e67630eea,2025-04-18T15:50:59+05:30,src/workflows/order-return-and-exchange/workflows/confirm-exchange-order.ts,afed32d935,2025-04-17T23:58:30+05:30,0
posx-comet-backend,8e67630eea,2025-04-18T15:50:59+05:30,src/workflows/order-return-and-exchange/workflows/exchange-order-payment.ts,2a43030dd5,2025-04-11T09:13:43+05:30,7
posx-comet-backend,8e67630eea,2025-04-18T15:50:59+05:30,src/workflows/payment-detail/steps/exchange-payment-adjustment-step.ts,2a43030dd5,2025-04-11T09:13:43+05:30,7
posx-comet-backend,8e67630eea,2025-04-18T15:50:59+05:30,src/workflows/payment-detail/steps/exchange-payment-adjustment-step.ts,392bd35858,2025-04-14T20:34:04+05:30,3
posx-comet-backend,263b115102,2025-04-18T18:00:24+05:30,src/api/admin/pos-inventory/export/route.ts,2188840f40,2025-04-17T13:20:33+05:30,1
posx-comet-backend,263b115102,2025-04-18T18:00:24+05:30,src/api/admin/pos-inventory/export/route.ts,2ee6d82ce2,2025-04-17T14:25:14+05:30,1
posx-comet-backend,263b115102,2025-04-18T18:00:24+05:30,src/workflows/order-return-and-exchange/workflows/confirm-exchange-order.ts,2a43030dd5,2025-04-11T09:13:43+05:30,7
posx-comet-backend,34f6a6b903,2025-04-18T18:06:57+05:30,src/api/admin/order-detail/export/route.ts,bd2c493edc,2025-03-27T19:56:24+05:30,21
posx-comet-backend,4a74b79cfb,2025-04-19T08:08:12+05:30,src/workflows/order-detail/steps/create-exchange-order-detail-step.ts,26197fc50e,2025-04-12T15:02:03+05:30,6
posx-comet-backend,c6b090f09b,2025-04-20T14:25:30+05:30,src/lib/helpers/calculate-promotional-discount.ts,cb7073ff14,2025-04-11T10:52:57+05:30,9
posx-comet-backend,c6b090f09b,2025-04-20T14:25:30+05:30,src/lib/helpers/calculate-promotional-discount.ts,48d7998261,2025-04-11T13:08:31+05:30,9
posx-comet-backend,8d69f04c6b,2025-04-22T12:41:32+05:30,src/lib/helpers/get-applicable-items.ts,b28bbd2a60,2025-04-11T16:07:44+05:30,10
posx-comet-backend,8d69f04c6b,2025-04-22T12:41:32+05:30,src/lib/helpers/get-order-product-discount-amount.ts,0f5d68ec06,2025-04-21T23:17:42+05:30,0
posx-comet-backend,8d69f04c6b,2025-04-22T12:41:32+05:30,src/workflows/campaign-coupon/steps/validate-coupon-step.ts,a329760d67,2025-03-23T20:07:09+05:30,29
posx-comet-backend,8d69f04c6b,2025-04-22T12:41:32+05:30,src/workflows/campaign-coupon/workflows/calculate-coupon-discount.ts,a329760d67,2025-03-23T20:07:09+05:30,29
posx-comet-backend,8d69f04c6b,2025-04-22T12:41:32+05:30,src/workflows/cart/steps/apply-campaign-coupon-step.ts,9292fb15cf,2025-04-11T15:13:03+05:30,10
posx-comet-backend,8d69f04c6b,2025-04-22T12:41:32+05:30,src/workflows/order-detail/steps/generate-coupon-usage-csv-step.ts,3feadcf79b,2025-04-02T15:58:33+05:30,19
posx-comet-backend,82df9f01ae,2025-04-23T19:34:53+05:30,src/workflows/payment-detail/steps/create-refund-payment-step.ts,0ff08ab57d,2025-04-07T15:27:40+05:30,16
posx-comet-backend,247d2a02bb,2025-04-24T11:31:05+05:30,src/workflows/campaign-coupon/steps/validate-coupon-step.ts,d5f20b4c16,2025-03-20T11:24:54+05:30,35
posx-comet-backend,247d2a02bb,2025-04-24T11:31:05+05:30,src/workflows/campaign-coupon/steps/validate-coupon-step.ts,a329760d67,2025-03-23T20:07:09+05:30,31
posx-comet-backend,5eaf3a2922,2025-04-24T17:55:20+05:30,src/modules/payment-details/service.ts,d536cdb204,2025-04-24T17:31:27+05:30,0
posx-comet-backend,58c4a0d264,2025-04-26T12:00:22+05:30,src/workflows/order-detail/steps/delete-order-detail-step.ts,55cd18e16f,2025-04-24T14:28:50+05:30,1
posx-comet-backend,58c4a0d264,2025-04-26T12:00:22+05:30,src/workflows/order-detail/steps/delete-order-detail-step.ts,210aab1a3f,2025-04-24T11:02:42+05:30,2
posx-comet-backend,b136eb4807,2025-04-28T19:35:45+05:30,src/jobs/inventory-snapshot.ts,629cf97784,2025-04-27T22:33:00+05:30,0
posx-comet-backend,373248926f,2025-04-28T19:36:25+05:30,src/jobs/inventory-snapshot.ts,629cf97784,2025-04-27T22:33:00+05:30,0
posx-comet-backend,373248926f,2025-04-28T19:36:25+05:30,src/jobs/inventory-snapshot.ts,b136eb4807,2025-04-28T19:35:45+05:30,0
posx-comet-backend,f601e3b941,2025-04-29T10:42:57+05:30,src/modules/pdf-client/service.ts,d41ae8e7fc,2025-03-28T15:50:09+05:30,31
posx-comet-backend,a1eccbcdae,2025-04-29T20:14:29+05:30,src/modules/order-detail/service.ts,5317c85eff,2025-03-28T11:55:22+05:30,32
posx-comet-backend,a1eccbcdae,2025-04-29T20:14:29+05:30,src/modules/order-detail/service.ts,6b3cf120c4,2025-03-26T00:53:53+05:30,34
posx-comet-backend,a1eccbcdae,2025-04-29T20:14:29+05:30,src/modules/order-detail/service.ts,6df0847e97,2025-03-28T10:27:57+05:30,32
posx-comet-backend,a1eccbcdae,2025-04-29T20:14:29+05:30,src/modules/order-detail/service.ts,08d83b8dee,2025-04-24T15:50:31+05:30,5
posx-comet-backend,a1eccbcdae,2025-04-29T20:14:29+05:30,src/modules/order-detail/service.ts,b1d04fe574,2025-04-26T12:09:00+05:30,3
posx-comet-backend,a1eccbcdae,2025-04-29T20:14:29+05:30,src/modules/order-detail/service.ts,82eb3b2dce,2025-04-23T12:25:34+05:30,6
posx-comet-backend,a1eccbcdae,2025-04-29T20:14:29+05:30,src/modules/order-detail/service.ts,6bc8f47771,2025-03-28T19:12:47+05:30,32
posx-comet-backend,a1eccbcdae,2025-04-29T20:14:29+05:30,src/modules/order-detail/service.ts,57f1a3d55f,2025-03-28T19:35:36+05:30,32
posx-comet-backend,a1eccbcdae,2025-04-29T20:14:29+05:30,src/modules/order-detail/service.ts,df7dd5f93e,2025-03-28T15:08:20+05:30,32
posx-comet-backend,b93b67f2b6,2025-04-30T09:43:09+05:30,src/modules/order-detail/service.ts,a1eccbcdae,2025-04-29T20:14:29+05:30,0
posx-comet-backend,1c1cf7b6c7,2025-04-30T12:03:51+05:30,src/modules/order-detail/service.ts,a1eccbcdae,2025-04-29T20:14:29+05:30,0
posx-comet-backend,f8ba3841a7,2025-04-30T20:08:01+05:30,src/modules/order-detail/service.ts,b93b67f2b6,2025-04-30T09:43:09+05:30,0
posx-comet-backend,f8ba3841a7,2025-04-30T20:08:01+05:30,src/modules/order-detail/service.ts,a1eccbcdae,2025-04-29T20:14:29+05:30,0
posx-comet-backend,b4e5e54a53,2025-05-04T14:02:25+05:30,src/types/validators/cart.ts,0539a802a9,2025-04-11T12:09:04+05:30,23
posx-comet-backend,1fc3b957d9,2025-05-04T14:05:52+05:30,src/lib/helpers/build-summary.ts,cb7073ff14,2025-04-11T10:52:57+05:30,23
posx-comet-backend,059839d383,2025-05-05T15:28:20+05:30,src/api/admin/footfall/export/route.ts,3b75fd70a2,2025-05-02T17:06:01+05:30,2
posx-comet-backend,43f8c99f32,2025-05-05T18:50:39+05:30,src/workflows/campaign-coupon/steps/calculate-coupon-discount-step.ts,b2027398e3,2025-03-21T01:18:01+05:30,45
posx-comet-backend,43f8c99f32,2025-05-05T18:50:39+05:30,src/workflows/campaign-coupon/steps/calculate-coupon-discount-step.ts,cb7073ff14,2025-04-11T10:52:57+05:30,24
posx-comet-backend,7e49041289,2025-05-07T11:43:03+05:30,src/modules/employee/migrations/Migration20250507052355.ts,9b8bda85e8,2025-05-07T10:55:23+05:30,0
posx-comet-backend,29338c0627,2025-05-10T10:17:28+05:30,src/api/admin/order-detail/past-orders/route.ts,155d0d82dd,2025-04-03T17:29:24+05:30,36
posx-comet-backend,1dde902e80,2025-05-13T13:27:43+05:30,.github/workflows/deploy-uat.yml,f9e9d0646d,2025-05-13T13:20:13+05:30,0
posx-comet-backend,151d2c45b1,2025-05-13T14:31:49+05:30,.github/workflows/deploy-uat.yml,b393dd4aac,2025-05-13T11:52:12+05:30,0
posx-comet-backend,151d2c45b1,2025-05-13T14:31:49+05:30,.github/workflows/deploy-uat.yml,1dde902e80,2025-05-13T13:27:43+05:30,0
posx-comet-backend,733d734640,2025-05-15T09:32:06+05:30,src/jobs/inventory-snapshot.ts,9268d43b7d,2025-04-29T11:29:49+05:30,15
posx-comet-backend,c8170b373a,2025-05-16T10:57:57+05:30,src/modules/unicommerce/service.ts,ee597354f9,2025-03-19T20:29:11+05:30,57
posx-comet-backend,c8170b373a,2025-05-16T10:57:57+05:30,src/modules/unicommerce/service.ts,cf36effbb7,2025-03-20T11:06:36+05:30,56
posx-comet-backend,c8170b373a,2025-05-16T10:57:57+05:30,src/modules/unicommerce/service.ts,74ced0b8b7,2025-03-19T19:53:44+05:30,57
posx-comet-backend,c8170b373a,2025-05-16T10:57:57+05:30,src/modules/unicommerce/service.ts,f995152ea9,2025-04-08T21:58:06+05:30,37
posx-comet-backend,c8170b373a,2025-05-16T10:57:57+05:30,src/modules/unicommerce/service.ts,dae29df2ac,2025-04-02T17:56:07+05:30,43
posx-comet-backend,c8170b373a,2025-05-16T10:57:57+05:30,src/modules/unicommerce/service.ts,ede2830a9b,2025-03-25T11:40:23+05:30,51
posx-comet-backend,c8170b373a,2025-05-16T10:57:57+05:30,src/modules/unicommerce/service.ts,64aed24741,2025-03-25T22:50:30+05:30,51
posx-comet-backend,c8170b373a,2025-05-16T10:57:57+05:30,src/modules/unicommerce/service.ts,618feb6a91,2025-03-26T01:47:43+05:30,51
posx-comet-backend,c8170b373a,2025-05-16T10:57:57+05:30,src/modules/unicommerce/service.ts,00015d1e07,2025-03-27T14:41:35+05:30,49
posx-comet-backend,59ac074e9c,2025-05-16T17:11:30+05:30,src/api/admin/order-detail/[id]/route.ts,64aed24741,2025-03-25T22:50:30+05:30,51
posx-comet-backend,59ac074e9c,2025-05-16T17:11:30+05:30,src/api/admin/payment-details/cancel/route.ts,5794ba7fc7,2025-03-21T00:33:16+05:30,56
posx-comet-backend,59ac074e9c,2025-05-16T17:11:30+05:30,src/api/admin/payment-details/route.ts,e2de316563,2025-03-17T17:25:15+05:30,59
posx-comet-backend,59ac074e9c,2025-05-16T17:11:30+05:30,src/api/admin/payment-details/route.ts,37eb87d181,2025-03-21T17:40:06+05:30,55
posx-comet-backend,59ac074e9c,2025-05-16T17:11:30+05:30,src/api/admin/payment-details/route.ts,e51fb4fcc3,2025-03-19T19:01:05+05:30,57
posx-comet-backend,59ac074e9c,2025-05-16T17:11:30+05:30,src/types/validators/order-detail.ts,64aed24741,2025-03-25T22:50:30+05:30,51
posx-comet-backend,7e15d363fc,2025-05-21T15:14:21+05:30,src/subscribers/return-order-confirmed.ts,a4a636c5e3,2025-05-21T13:03:54+05:30,0
posx-comet-backend,7e15d363fc,2025-05-21T15:14:21+05:30,src/subscribers/return-order-confirmed.ts,8f6cf7be0a,2025-04-05T10:11:22+05:30,46
posx-comet-backend,8b2ec4f61a,2025-05-21T15:37:40+05:30,src/subscribers/exchange-order-post-effects.ts,1cb0c1e9de,2025-05-20T17:09:30+05:30,0
posx-comet-backend,f437d1b9f5,2025-05-21T16:49:51+05:30,src/api/admin/order-detail/[id]/update-gatepass/route.ts,59ac074e9c,2025-05-16T17:11:30+05:30,4
posx-comet-backend,f437d1b9f5,2025-05-21T16:49:51+05:30,src/types/validators/order-detail.ts,59ac074e9c,2025-05-16T17:11:30+05:30,4
posx-comet-backend,6c3c6aa463,2025-05-23T18:20:15+05:30,src/subscribers/exchange-order-post-effects.ts,48a94b1a3b,2025-04-12T02:09:02+05:30,41
posx-comet-backend,6c3c6aa463,2025-05-23T18:20:15+05:30,src/subscribers/exchange-order-post-effects.ts,efc32a23a0,2025-04-12T14:20:00+05:30,41
posx-comet-backend,6c3c6aa463,2025-05-23T18:20:15+05:30,src/subscribers/exchange-order-post-effects.ts,392bd35858,2025-04-14T20:34:04+05:30,38
posx-comet-backend,6c3c6aa463,2025-05-23T18:20:15+05:30,src/subscribers/exchange-order-post-effects.ts,718d4b603b,2025-04-17T16:13:20+05:30,36
posx-comet-backend,6c3c6aa463,2025-05-23T18:20:15+05:30,src/subscribers/exchange-order-post-effects.ts,1cb0c1e9de,2025-05-20T17:09:30+05:30,3
posx-comet-backend,6c3c6aa463,2025-05-23T18:20:15+05:30,src/subscribers/exchange-order-post-effects.ts,8b2ec4f61a,2025-05-21T15:37:40+05:30,2
posx-comet-backend,6c3c6aa463,2025-05-23T18:20:15+05:30,src/subscribers/return-order-confirmed.ts,a4a636c5e3,2025-05-21T13:03:54+05:30,2
posx-comet-backend,6c3c6aa463,2025-05-23T18:20:15+05:30,src/subscribers/return-order-confirmed.ts,33b7e64bb8,2025-05-21T13:37:31+05:30,2
posx-comet-backend,6c3c6aa463,2025-05-23T18:20:15+05:30,src/subscribers/return-order-confirmed.ts,d1601a7b40,2025-04-04T22:42:09+05:30,48
posx-comet-backend,6c3c6aa463,2025-05-23T18:20:15+05:30,src/subscribers/return-order-confirmed.ts,8f6cf7be0a,2025-04-05T10:11:22+05:30,48
posx-comet-backend,6c3c6aa463,2025-05-23T18:20:15+05:30,src/subscribers/return-order-confirmed.ts,7e15d363fc,2025-05-21T15:14:21+05:30,2
posx-comet-backend,6c3c6aa463,2025-05-23T18:20:15+05:30,src/subscribers/return-order-confirmed.ts,41956bd6de,2025-04-14T10:26:04+05:30,39
posx-comet-backend,0c432c552d,2025-06-12T15:18:35+05:30,src/workflows/exports/steps/generate-payment-export-csv-step.ts,e17ee36dd7,2025-04-29T13:12:48+05:30,44
posx-comet-backend,7f4b95cdef,2025-06-21T21:13:03+05:30,src/workflows/order-return-and-exchange/steps/check-order-returnable-step.ts,a48fe22070,2025-04-04T22:57:58+05:30,77
posx-comet-backend,02c7a5b32e,2025-06-30T11:45:46+05:30,src/scripts/fill-pincode.ts,f6105e0f17,2025-06-25T23:45:24+05:30,4
posx-comet-backend,02c7a5b32e,2025-06-30T11:45:46+05:30,src/subscribers/return-order-confirmed.ts,7e15d363fc,2025-05-21T15:14:21+05:30,39
posx-comet-backend,195134669f,2025-07-03T11:40:23+05:30,src/api/shopify/webhooks/collection/create/route.ts,5984bfcaf6,2025-03-31T18:34:11+05:30,93
posx-comet-backend,195134669f,2025-07-03T11:40:23+05:30,src/workflows/shopify-collection/steps/update-product-association-with-collection-step.ts,f6105e0f17,2025-06-25T23:45:24+05:30,7
posx-comet-backend,3832c24ef8,2025-07-16T08:39:21+05:30,src/modules/razorpay-pos/service.ts,e3032b987e,2025-07-10T15:20:41+05:30,5
posx-comet-backend,cb6a065764,2025-07-17T16:58:03+05:30,src/api/admin/footfall/export/route.ts,3b75fd70a2,2025-05-02T17:06:01+05:30,75
posx-comet-backend,cb6a065764,2025-07-17T16:58:03+05:30,src/workflows/footfall/steps/generate-footfall-csv-step.ts,8598f63835,2025-04-03T15:00:42+05:30,105
posx-comet-backend,cb6a065764,2025-07-17T16:58:03+05:30,src/workflows/footfall/steps/generate-footfall-csv-step.ts,6fa0efa57f,2025-05-21T10:53:22+05:30,57
posx-comet-backend,d590b23795,2025-07-22T22:29:04+05:30,src/lib/helpers/get-gst-bifurcation.ts,7e27a2b7dc,2025-07-21T19:37:08+05:30,1
posx-comet-backend,d590b23795,2025-07-22T22:29:04+05:30,src/modules/pdf-client/service.ts,48a94b1a3b,2025-04-12T02:09:02+05:30,101
posx-comet-backend,d590b23795,2025-07-22T22:29:04+05:30,src/modules/pdf-client/service.ts,3613c3e66c,2025-04-12T13:33:58+05:30,101
posx-comet-backend,d590b23795,2025-07-22T22:29:04+05:30,src/modules/pdf-client/service.ts,f6f263974d,2025-04-12T14:02:20+05:30,101
posx-comet-backend,d590b23795,2025-07-22T22:29:04+05:30,src/modules/pdf-client/service.ts,d4ca04fff7,2025-04-03T16:42:09+05:30,110
posx-comet-backend,d590b23795,2025-07-22T22:29:04+05:30,src/workflows/exports/steps/generate-order-export-csv-step.ts,7e27a2b7dc,2025-07-21T19:37:08+05:30,1
posx-comet-backend,d590b23795,2025-07-22T22:29:04+05:30,src/workflows/order-detail/steps/generate-and-send-file-step.ts,3613c3e66c,2025-04-12T13:33:58+05:30,101
posx-comet-backend,d590b23795,2025-07-22T22:29:04+05:30,src/workflows/order-detail/steps/generate-receipt-step.ts,3613c3e66c,2025-04-12T13:33:58+05:30,101
posx-comet-backend,194197670e,2025-09-11T10:22:34+05:30,src/api/datachannel/order-product/route.ts,d980ceb579,2025-09-11T10:20:22+05:30,0
posx-comet-backend,656962b66c,2025-09-11T17:30:17+05:30,src/scripts/backfill-shopify-order-statuses.ts,aa0a1fe223,2025-08-29T09:12:10+05:30,13
posx-comet-backend,9563b991c2,2025-09-22T14:02:12+05:30,src/workflows/order-detail/steps/confirm-order-detail-step.ts,a650590409,2025-08-18T10:02:06+05:30,35
posx-comet-backend,f3178a0e1b,2025-09-23T16:15:36+05:30,src/modules/pdf-client/service.ts,f6f263974d,2025-04-12T14:02:20+05:30,164
posx-comet-backend,e41874546a,2025-10-10T18:01:54+05:30,src/workflows/shopify-product/steps/update-product-variant-steps.ts,568c07217e,2025-09-15T22:45:39+05:30,24
posx-comet-backend,e41874546a,2025-10-10T18:01:54+05:30,src/workflows/shopify-product/steps/update-product-variant-steps.ts,00b915f40e,2025-04-17T23:07:29+05:30,175
posx-comet-backend,b0364b6a81,2025-10-17T16:01:42+05:30,src/types/validators/online-order.ts,f8ba454811,2025-05-24T10:12:36+05:30,146
posx-comet-backend,b0364b6a81,2025-10-17T16:01:42+05:30,src/types/validators/order-detail.ts,b5e29303d3,2025-03-24T17:52:53+05:30,206
posx-comet-backend,a921453d21,2025-10-31T09:14:12+05:30,src/api/admin/loss-of-sales/export/route.ts,f301dc78b5,2025-10-29T15:07:13+05:30,1
posx-comet-backend,a921453d21,2025-10-31T09:14:12+05:30,src/types/validators/loss-of-sales.ts,f301dc78b5,2025-10-29T15:07:13+05:30,1
posx-comet-backend,bcc102776f,2025-10-31T11:03:28+05:30,src/workflows/loss-of-sales/workflows/update-loss-of-sales.ts,f301dc78b5,2025-10-29T15:07:13+05:30,1
posx-comet-backend,54843104c6,2025-10-31T14:06:56+05:30,src/workflows/loss-of-sales/steps/create-loss-of-sales-step.ts,f301dc78b5,2025-10-29T15:07:13+05:30,1
posx-comet-backend,54843104c6,2025-10-31T14:06:56+05:30,src/workflows/loss-of-sales/workflows/create-loss-of-sales.ts,f301dc78b5,2025-10-29T15:07:13+05:30,1
posx-comet-backend,54843104c6,2025-10-31T14:06:56+05:30,src/workflows/loss-of-sales/workflows/update-loss-of-sales.ts,f301dc78b5,2025-10-29T15:07:13+05:30,1
posx-comet-backend,54843104c6,2025-10-31T14:06:56+05:30,src/workflows/loss-of-sales/workflows/update-loss-of-sales.ts,bcc102776f,2025-10-31T11:03:28+05:30,0
posx-comet-backend,b2e7e10513,2025-10-31T16:13:34+05:30,src/workflows/loss-of-sales/workflows/create-loss-of-sales.ts,54843104c6,2025-10-31T14:06:56+05:30,0
posx-comet-backend,b2e7e10513,2025-10-31T16:13:34+05:30,src/workflows/loss-of-sales/workflows/create-loss-of-sales.ts,f301dc78b5,2025-10-29T15:07:13+05:30,2
posx-comet-backend,945a748466,2025-11-18T10:09:22+05:30,src/api/admin/loss-of-sales/route.ts,535fe00bd3,2025-11-18T10:09:15+05:30,0
posx-comet-backend,635af1b64f,2025-11-20T09:38:01+05:30,src/types/validators/loss-of-sales.ts,4aa2341323,2025-11-13T19:14:53+05:30,6
posx-comet-backend,635af1b64f,2025-11-20T09:38:01+05:30,src/workflows/loss-of-sales/steps/check-product-inventory-step.ts,4aa2341323,2025-11-13T19:14:53+05:30,6
posx-comet-backend,635af1b64f,2025-11-20T09:38:01+05:30,src/workflows/loss-of-sales/steps/validate-LOS-product-step.ts,f301dc78b5,2025-10-29T15:07:13+05:30,21
posx-comet-backend,635af1b64f,2025-11-20T09:38:01+05:30,src/workflows/loss-of-sales/steps/validate-LOS-product-step.ts,4aa2341323,2025-11-13T19:14:53+05:30,6
posx-comet-backend,635af1b64f,2025-11-20T09:38:01+05:30,src/workflows/loss-of-sales/workflows/create-loss-of-sales.ts,4aa2341323,2025-11-13T19:14:53+05:30,6
posx-comet-backend,9db7749960,2025-11-30T17:57:04+05:30,src/workflows/online-order/steps/confirm-online-order-step.ts,a650590409,2025-08-18T10:02:06+05:30,104
posx-comet-backend,9db7749960,2025-11-30T17:57:04+05:30,src/workflows/online-order/steps/confirm-online-order-step.ts,2a030f2dde,2025-06-03T14:48:11+05:30,180
posx-comet-backend,9db7749960,2025-11-30T17:57:04+05:30,src/workflows/order-detail/steps/confirm-order-detail-step.ts,9563b991c2,2025-09-22T14:02:12+05:30,69
posx-comet-backend,1e11872258,2025-12-01T08:26:39+05:30,src/modules/pdf-client/invoice.ejs,7578303a85,2025-11-27T23:30:57+05:30,3
posx-comet-backend,1b9c26dccc,2026-01-20T17:58:48+05:30,src/workflows/order-detail/steps/handle-shopify-operations-step.ts,2c2e3811e1,2025-08-28T09:36:33+05:30,145
posx-comet-backend,c2f0753238,2026-01-27T11:53:40+05:30,README.md,d9b855603e,2025-03-10T11:57:55+05:30,322
posx-comet-backend,c2f0753238,2026-01-27T11:53:40+05:30,README.md,2bec1797bd,2025-03-31T09:40:09+05:30,302
posx-comet-backend,c2f0753238,2026-01-27T11:53:40+05:30,README.md,9fd96e6d7e,2025-04-02T16:19:00+05:30,299
posx-comet-backend,c2f0753238,2026-01-27T11:53:40+05:30,README.md,2e01310ce0,2025-04-07T11:32:50+05:30,295
posx-comet-backend,c2f0753238,2026-01-27T11:53:40+05:30,src/api/admin/rbac/seed/route.ts,01985e31b8,2025-11-10T13:37:08+05:30,77
posx-comet-backend,c2f0753238,2026-01-27T11:53:40+05:30,src/workflows/order-return-and-exchange/steps/check-order-returnable-step.ts,f2cfcda33b,2025-04-09T12:26:23+05:30,292
posx-comet-backend,f5980f4fdc,2026-02-03T11:19:03+05:30,src/api/rbac-middlewares.ts,7eb065fa9f,2026-02-02T18:50:05+05:30,0
posx-comet-backend,ab762f5f03,2026-02-14T10:50:22+05:30,package.json,d9b855603e,2025-03-10T11:57:55+05:30,340
posx-comet-backend,ab762f5f03,2026-02-14T10:50:22+05:30,src/workflows/order-detail/steps/delete-order-detail-step.ts,210aab1a3f,2025-04-24T11:02:42+05:30,295
posx-comet-backend,ab762f5f03,2026-02-14T10:50:22+05:30,src/workflows/order-detail/steps/delete-order-detail-step.ts,58c4a0d264,2025-04-26T12:00:22+05:30,293
posx-comet-backend,ab762f5f03,2026-02-14T10:50:22+05:30,src/workflows/order-detail/steps/delete-order-detail-step.ts,55cd18e16f,2025-04-24T14:28:50+05:30,295
posx-comet-backend,ab762f5f03,2026-02-14T10:50:22+05:30,src/workflows/payment-detail/steps/cancel-refund-payment-step.ts,2cac015815,2026-01-19T16:57:28+05:30,25
posx-comet-backend,ab762f5f03,2026-02-14T10:50:22+05:30,src/workflows/payment-detail/steps/resend-payment-details-step.ts,e2de316563,2025-03-17T17:25:15+05:30,333
posx-comet-backend,ab762f5f03,2026-02-14T10:50:22+05:30,src/workflows/payment-detail/steps/resend-payment-details-step.ts,0ea8d7f719,2025-03-21T17:02:14+05:30,329
posx-comet-backend,ab762f5f03,2026-02-14T10:50:22+05:30,src/workflows/payment-detail/steps/resend-refund-payment-step.ts,2cac015815,2026-01-19T16:57:28+05:30,25
posx-comet-backend,ab762f5f03,2026-02-14T10:50:22+05:30,src/workflows/payment-detail/steps/verify-refund-payment-step.ts,8be2d7c805,2025-04-05T20:08:58+05:30,314
posx-comet-backend,ab762f5f03,2026-02-14T10:50:22+05:30,src/workflows/payment-detail/steps/verify-refund-payment-step.ts,c38952c95b,2025-04-05T21:24:06+05:30,314
posx-comet-backend,d1c1ffba10,2026-02-23T18:45:26+05:30,src/workflows/order-return-and-exchange/steps/check-order-returnable-step.ts,c2f0753238,2026-01-27T11:53:40+05:30,27
posx-comet-backend,8b2bddf8b2,2026-03-08T17:26:54+05:30,src/modules/direct-razorpay/service.ts,670d31955e,2025-07-08T20:20:33+05:30,242
posx-comet-backend,8b2bddf8b2,2026-03-08T17:26:54+05:30,src/modules/direct-razorpay/service.ts,48a94b1a3b,2025-04-12T02:09:02+05:30,330
posx-comet-backend,8b2bddf8b2,2026-03-08T17:26:54+05:30,src/subscribers/order-detail-order-confirmed.ts,00015d1e07,2025-03-27T14:41:35+05:30,346
posx-comet-backend,8b2bddf8b2,2026-03-08T17:26:54+05:30,src/workflows/order-detail/steps/generate-and-send-file-step.ts,60caddd74a,2025-04-02T20:19:47+05:30,339
posx-comet-backend,8b2bddf8b2,2026-03-08T17:26:54+05:30,src/workflows/order-detail/steps/generate-and-send-file-step.ts,3613c3e66c,2025-04-12T13:33:58+05:30,330
posx-comet-backend,8b2bddf8b2,2026-03-08T17:26:54+05:30,src/workflows/order-detail/steps/generate-and-send-file-step.ts,e25ade9d58,2025-03-26T13:24:46+05:30,347
posx-comet-backend,8b2bddf8b2,2026-03-08T17:26:54+05:30,src/workflows/order-detail/steps/generate-and-send-file-step.ts,0913848346,2025-03-26T14:19:50+05:30,347
posx-comet-backend,8b2bddf8b2,2026-03-08T17:26:54+05:30,src/workflows/order-detail/steps/generate-and-send-file-step.ts,0fab9f9b9b,2025-04-05T15:17:52+05:30,337
posx-comet-backend,7e23df86dd,2026-04-18T10:16:49+05:30,src/api/admin/pos-inventory/route.ts,633342bf5d,2025-03-19T17:43:57+05:30,394
posx-comet-backend,7e23df86dd,2026-04-18T10:16:49+05:30,src/api/admin/pos-inventory/route.ts,c396612806,2025-03-26T02:07:53+05:30,388
posx-comet-backend,3ee6b61da4,2026-04-23T17:47:16+05:30,Dockerfile,adf243ddf0,2026-04-18T12:17:31+05:30,5
posx-comet-backend,09fe4edaff,2026-05-02T11:46:23+05:30,Makefile,49733aaf5c,2025-09-11T12:44:52+05:30,232
posx-comet-backend,8580b26a5f,2026-05-05T10:21:14+05:30,.github/workflows/deploy-prod.yml,2992266f27,2026-05-05T10:04:53+05:30,0
posx-comet-backend,4953a3130d,2026-05-05T11:52:36+05:30,.github/workflows/deploy.yml,94ace9a22d,2026-04-22T11:52:31+05:30,13
posx-comet-backend,b99d784027,2026-05-05T12:53:47+05:30,.github/workflows/deploy-prod.yml,4953a3130d,2026-05-05T11:52:36+05:30,0
posx-comet-backend,b99d784027,2026-05-05T12:53:47+05:30,.github/workflows/deploy.yml,49733aaf5c,2025-09-11T12:44:52+05:30,236
posx-comet-backend,b99d784027,2026-05-05T12:53:47+05:30,.github/workflows/deploy.yml,8b98f94882,2026-04-17T12:07:14+05:30,18
posx-comet-backend,361108b822,2026-05-07T17:56:02+05:30,src/api/adsr/order-payment/route.ts,0965f2b119,2026-05-07T14:53:47+05:30,0
posx-comet-backend,361108b822,2026-05-07T17:56:02+05:30,src/workflows/payment-detail/steps/cancel-payment-details-step.ts,7c4fcbf939,2026-02-01T22:28:10+05:30,94
posx-comet-backend,361108b822,2026-05-07T17:56:02+05:30,src/workflows/payment-detail/steps/cancel-payment-details-step.ts,e2de316563,2025-03-17T17:25:15+05:30,416
posx-comet-backend,f0437c91aa,2026-05-08T17:38:18+05:30,Dockerfile,adf243ddf0,2026-04-18T12:17:31+05:30,20
posx-comet-backend,f0437c91aa,2026-05-08T17:38:18+05:30,Dockerfile,94ace9a22d,2026-04-22T11:52:31+05:30,16
posx-comet-backend,e4ecb87cf8,2026-05-29T18:24:03+05:30,src/types/workflows/payment-detail.ts,c5bab6f513,2026-01-27T16:35:55+05:30,122
posx-comet-backend,d64161230c,2026-06-01T15:01:32+05:30,src/workflows/payment-detail/steps/create-payment-detail.ts,4b73844468,2026-05-29T18:13:20+05:30,2
posx-comet-backend,f993d28ec4,2026-06-01T15:40:20+05:30,src/workflows/payment-detail/steps/cancel-payment-details-step.ts,7c4fcbf939,2026-02-01T22:28:10+05:30,119
posx-comet-backend,f0e64e24f2,2026-06-10T16:46:09+05:30,src/api/middlewares.ts,62e293aac1,2026-06-06T14:25:45+05:30,4
posx-comet-backend,1b469c45f7,2026-06-15T16:09:54+05:30,src/workflows/order-detail/steps/handle-shopify-operations-step.ts,cc7a506481,2025-12-17T11:30:43+05:30,180
posx-comet-backend,1b469c45f7,2026-06-15T16:09:54+05:30,src/workflows/order-detail/steps/handle-shopify-operations-step.ts,a650590409,2025-08-18T10:02:06+05:30,301
posx-comet-backend,1b469c45f7,2026-06-15T16:09:54+05:30,src/workflows/order-detail/steps/validate-order-status-step.ts,6b3cf120c4,2025-03-26T00:53:53+05:30,446
posx-comet-backend,c04bfce4dc,2026-06-18T13:17:38+05:30,src/api/admin/redis-maintenance/route.ts,b1fc1e391a,2026-06-18T12:48:56+05:30,0
posx-comet-backend,c04bfce4dc,2026-06-18T13:17:38+05:30,src/api/admin/redis-maintenance/route.ts,276a11c008,2026-06-18T13:04:49+05:30,0
posx-comet-backend,e4f84e3f2e,2026-06-18T14:09:43+05:30,src/api/admin/redis-maintenance/route.ts,b1fc1e391a,2026-06-18T12:48:56+05:30,0
posx-comet-backend,e4f84e3f2e,2026-06-18T14:09:43+05:30,src/api/admin/redis-maintenance/route.ts,857e830999,2026-06-18T13:34:13+05:30,0
posx-comet-backend,e4f84e3f2e,2026-06-18T14:09:43+05:30,src/api/admin/redis-maintenance/route.ts,c04bfce4dc,2026-06-18T13:17:38+05:30,0
posx-comet-backend,e4f84e3f2e,2026-06-18T14:09:43+05:30,src/api/admin/redis-maintenance/route.ts,276a11c008,2026-06-18T13:04:49+05:30,0
posx-comet-backend,bb61be763f,2026-06-18T16:39:01+05:30,src/lib/helpers/get-product-swatch-image.ts,b1fc1e391a,2026-06-18T12:48:56+05:30,0
posx-comet-backend,db9e3cc0f6,2026-06-24T10:58:14+05:30,src/api/admin/order-return-and-exchange/[id]/exchange/type/route.ts,8e67630eea,2025-04-18T15:50:59+05:30,431
posx-comet-backend,0f6c234af5,2026-06-25T15:58:36+05:30,src/subscribers/update-cms-accumulation.ts,47b24d5f77,2025-04-07T19:13:42+05:30,443
posx-comet-backend,0f6c234af5,2026-06-25T15:58:36+05:30,src/subscribers/update-cms-accumulation.ts,fcefa456d5,2025-04-08T15:42:35+05:30,443
posx-comet-backend,0f6c234af5,2026-06-25T15:58:36+05:30,src/subscribers/update-cms-accumulation.ts,36be233494,2025-04-08T23:44:14+05:30,442
posx-comet-backend,0f6c234af5,2026-06-25T15:58:36+05:30,src/subscribers/update-cms-accumulation.ts,97a2f4dee7,2025-04-12T13:50:10+05:30,439
posx-comet-backend,0f6c234af5,2026-06-25T15:58:36+05:30,src/subscribers/update-cms-accumulation.ts,0ff08ab57d,2025-04-07T15:27:40+05:30,444
posx-comet-backend,0f6c234af5,2026-06-25T15:58:36+05:30,src/subscribers/update-cms-accumulation.ts,fa0bd7e98f,2026-06-16T15:20:54+05:30,9
posx-comet-backend,0f6c234af5,2026-06-25T15:58:36+05:30,src/subscribers/update-cms-accumulation.ts,ccd941a662,2025-04-08T16:01:38+05:30,442
posx-comet-backend,0f6c234af5,2026-06-25T15:58:36+05:30,src/subscribers/update-cms-accumulation.ts,2a43030dd5,2025-04-11T09:13:43+05:30,440
posx-comet-backend,0f6c234af5,2026-06-25T15:58:36+05:30,src/subscribers/update-cms-accumulation.ts,2ca2c35975,2025-04-09T00:52:20+05:30,442
posx-comet-backend,0f6c234af5,2026-06-25T15:58:36+05:30,src/workflows/order-detail/workflows/confirm-order-details.ts,0913848346,2025-03-26T14:19:50+05:30,456
posx-comet-backend,0f6c234af5,2026-06-25T15:58:36+05:30,src/workflows/order-detail/workflows/confirm-order-details.ts,00015d1e07,2025-03-27T14:41:35+05:30,455
posx-comet-backend,0f6c234af5,2026-06-25T15:58:36+05:30,src/workflows/order-detail/workflows/confirm-order-details.ts,d0dbd60ca4,2025-04-01T14:18:57+05:30,450
posx-comet-backend,0f6c234af5,2026-06-25T15:58:36+05:30,src/workflows/order-detail/workflows/confirm-order-details.ts,47b24d5f77,2025-04-07T19:13:42+05:30,443
posx-comet-backend,0f6c234af5,2026-06-25T15:58:36+05:30,src/workflows/order-detail/workflows/confirm-order-details.ts,f2109e8f01,2025-04-08T15:00:52+05:30,443
posx-comet-backend,8ba98887cd,2026-06-26T15:59:52+05:30,src/api/ip-check/route.ts,bd67781ffc,2026-06-26T14:30:38+05:30,0
posx-comet-backend,8a293ee5ea,2026-06-30T02:52:38+05:30,src/jobs/change-returnable-status-of-order.ts,fa0bd7e98f,2026-06-16T15:20:54+05:30,13
posx-comet-backend,8a293ee5ea,2026-06-30T02:52:38+05:30,src/jobs/change-returnable-status-of-order.ts,f5ce7b2e1c,2025-04-09T12:44:43+05:30,446
posx-comet-backend,8a293ee5ea,2026-06-30T02:52:38+05:30,src/jobs/change-returnable-status-of-order.ts,01cc813dc5,2025-04-09T12:32:27+05:30,446
posx-comet-backend,718414790a,2026-06-30T10:47:24+05:30,src/jobs/change-returnable-status-of-order.ts,8a293ee5ea,2026-06-30T02:52:38+05:30,0
posx-comet-backend,83e1909155,2026-06-30T11:19:46+05:30,src/modules/payment-details/migrations/Migration20250527000002.ts,40276ac909,2026-06-30T10:40:17+05:30,0
posx-comet-backend,2dfa74e890,2026-07-01T17:30:07+05:30,src/workflows/online-order/steps/confirm-online-order-step.ts,c5e0f34832,2026-06-29T14:48:25+05:30,2
posx-comet-backend,2dfa74e890,2026-07-01T17:30:07+05:30,src/workflows/order-detail/steps/confirm-order-detail-step.ts,64aed24741,2025-03-25T22:50:30+05:30,462
posx-comet-backend,efaa790040,2026-07-02T15:54:37+05:30,src/workflows/order-return-and-exchange/steps/credit-gift-card-on-return-step.ts,05d4184be7,2026-07-02T15:46:38+05:30,0
posx-comet-backend,f742f2fe2f,2026-07-02T22:10:51+05:30,src/workflows/order-return-and-exchange/workflows/exchange-order-payment.ts,05d4184be7,2026-07-02T15:46:38+05:30,0
posx-comet-backend,422b1bf73b,2026-07-02T22:43:33+05:30,src/workflows/order-return-and-exchange/workflows/confirm-return-order.ts,d1601a7b40,2025-04-04T22:42:09+05:30,454
posx-comet-backend,422b1bf73b,2026-07-02T22:43:33+05:30,src/workflows/order-return-and-exchange/workflows/confirm-return-order.ts,47b24d5f77,2025-04-07T19:13:42+05:30,451
posx-comet-backend,422b1bf73b,2026-07-02T22:43:33+05:30,src/workflows/order-return-and-exchange/workflows/confirm-return-order.ts,a48fe22070,2025-04-04T22:57:58+05:30,453
posx-comet-backend,ce9ace2189,2026-07-03T10:48:56+05:30,src/workflows/order-return-and-exchange/workflows/confirm-return-order.ts,47b24d5f77,2025-04-07T19:13:42+05:30,451
posx-comet-backend,ce9ace2189,2026-07-03T10:48:56+05:30,src/workflows/order-return-and-exchange/workflows/confirm-return-order.ts,f2109e8f01,2025-04-08T15:00:52+05:30,450
posx-comet-backend,ce9ace2189,2026-07-03T10:48:56+05:30,src/workflows/order-return-and-exchange/workflows/confirm-return-order.ts,422b1bf73b,2026-07-02T22:43:33+05:30,0
posx-comet-backend,ce9ace2189,2026-07-03T10:48:56+05:30,src/workflows/order-return-and-exchange/workflows/confirm-return-order.ts,95f0ca568e,2026-01-29T11:16:03+05:30,154
posx-comet-backend,d6c1e5bc41,2026-07-03T12:48:41+05:30,created-gatepasses.txt,939b2da943,2026-07-03T12:12:36+05:30,0
posx-comet-backend,d6c1e5bc41,2026-07-03T12:48:41+05:30,src/api/discard-gatepasses/route.ts,939b2da943,2026-07-03T12:12:36+05:30,0
posx-comet-backend,d6c1e5bc41,2026-07-03T12:48:41+05:30,src/lib/discard-gatepass.ts,939b2da943,2026-07-03T12:12:36+05:30,0
posx-comet-backend,d6c1e5bc41,2026-07-03T12:48:41+05:30,src/scripts/discard-gatepasses.ts,939b2da943,2026-07-03T12:12:36+05:30,0
posx-comet-backend,4af96c4ffc,2026-07-03T12:52:46+05:30,src/api/admin/order-return-and-exchange/[id]/exchange/forward/route.ts,97a2f4dee7,2025-04-12T13:50:10+05:30,446
posx-comet-backend,4af96c4ffc,2026-07-03T12:52:46+05:30,src/api/admin/order-return-and-exchange/[id]/exchange/forward/route.ts,05d4184be7,2026-07-02T15:46:38+05:30,0
posx-comet-backend,4af96c4ffc,2026-07-03T12:52:46+05:30,src/api/admin/order-return-and-exchange/[id]/exchange/forward/route.ts,4ba539844d,2025-04-12T03:31:50+05:30,447
posx-comet-backend,0dbb5a5081,2026-07-03T17:51:01+05:30,src/api/admin/order-return-and-exchange/[id]/exchange/forward/route.ts,4af96c4ffc,2026-07-03T12:52:46+05:30,0
posx-comet-backend,97eefeff47,2026-07-03T23:21:34+05:30,src/api/admin/order-return-and-exchange/[id]/exchange/forward/route.ts,0dbb5a5081,2026-07-03T17:51:01+05:30,0
posx-comet-backend,1d3e17443a,2026-06-18T16:39:01+05:30,src/lib/helpers/get-product-swatch-image.ts,a73e3f0dd2,2026-03-30T16:01:34+05:30,80
posx-comet-backend,a6c735d23d,2026-06-24T10:58:14+05:30,src/api/admin/order-return-and-exchange/[id]/exchange/type/route.ts,8e67630eea,2025-04-18T15:50:59+05:30,431
posx-comet-backend,bafa996eb9,2026-06-25T15:58:36+05:30,src/subscribers/update-cms-accumulation.ts,47b24d5f77,2025-04-07T19:13:42+05:30,443
posx-comet-backend,bafa996eb9,2026-06-25T15:58:36+05:30,src/subscribers/update-cms-accumulation.ts,fcefa456d5,2025-04-08T15:42:35+05:30,443
posx-comet-backend,bafa996eb9,2026-06-25T15:58:36+05:30,src/subscribers/update-cms-accumulation.ts,36be233494,2025-04-08T23:44:14+05:30,442
posx-comet-backend,bafa996eb9,2026-06-25T15:58:36+05:30,src/subscribers/update-cms-accumulation.ts,97a2f4dee7,2025-04-12T13:50:10+05:30,439
posx-comet-backend,bafa996eb9,2026-06-25T15:58:36+05:30,src/subscribers/update-cms-accumulation.ts,0ff08ab57d,2025-04-07T15:27:40+05:30,444
posx-comet-backend,bafa996eb9,2026-06-25T15:58:36+05:30,src/subscribers/update-cms-accumulation.ts,fa0bd7e98f,2026-06-16T15:20:54+05:30,9
posx-comet-backend,bafa996eb9,2026-06-25T15:58:36+05:30,src/subscribers/update-cms-accumulation.ts,ccd941a662,2025-04-08T16:01:38+05:30,442
posx-comet-backend,bafa996eb9,2026-06-25T15:58:36+05:30,src/subscribers/update-cms-accumulation.ts,2a43030dd5,2025-04-11T09:13:43+05:30,440
posx-comet-backend,bafa996eb9,2026-06-25T15:58:36+05:30,src/subscribers/update-cms-accumulation.ts,2ca2c35975,2025-04-09T00:52:20+05:30,442
posx-comet-backend,bafa996eb9,2026-06-25T15:58:36+05:30,src/workflows/order-detail/workflows/confirm-order-details.ts,0913848346,2025-03-26T14:19:50+05:30,456
posx-comet-backend,bafa996eb9,2026-06-25T15:58:36+05:30,src/workflows/order-detail/workflows/confirm-order-details.ts,00015d1e07,2025-03-27T14:41:35+05:30,455
posx-comet-backend,bafa996eb9,2026-06-25T15:58:36+05:30,src/workflows/order-detail/workflows/confirm-order-details.ts,d0dbd60ca4,2025-04-01T14:18:57+05:30,450
posx-comet-backend,bafa996eb9,2026-06-25T15:58:36+05:30,src/workflows/order-detail/workflows/confirm-order-details.ts,47b24d5f77,2025-04-07T19:13:42+05:30,443
posx-comet-backend,bafa996eb9,2026-06-25T15:58:36+05:30,src/workflows/order-detail/workflows/confirm-order-details.ts,f2109e8f01,2025-04-08T15:00:52+05:30,443
posx-comet-backend,f8879712a9,2026-07-09T14:47:05+05:30,src/workflows/cart/steps/apply-promotional-coupon-step.ts,026e5c628b,2026-06-17T10:53:29+05:30,22
posx-comet-backend,5013c8eb8e,2026-07-14T00:27:28+05:30,src/workflows/order-return-and-exchange/steps/calculate-refund-amount-step.ts,026e5c628b,2026-06-17T10:53:29+05:30,26
posx-comet-backend,5013c8eb8e,2026-07-14T00:27:28+05:30,src/workflows/order-return-and-exchange/steps/calculate-refund-amount-step.ts,6ed740abab,2025-04-04T19:20:21+05:30,465
posx-comet-backend,faa8390c8e,2026-07-14T01:04:54+05:30,package-lock.json,7712cfab9b,2025-03-18T09:37:44+05:30,482
posx-comet-backend,faa8390c8e,2026-07-14T01:04:54+05:30,package-lock.json,2e666a3bda,2025-03-26T08:41:41+05:30,474
posx-comet-backend,faa8390c8e,2026-07-14T01:04:54+05:30,package-lock.json,8b0db78a72,2025-03-19T17:53:57+05:30,481
posx-comet-backend,faa8390c8e,2026-07-14T01:04:54+05:30,package-lock.json,8386705613,2026-06-23T18:30:45+05:30,20
posx-comet-backend,faa8390c8e,2026-07-14T01:04:54+05:30,package-lock.json,957237006b,2025-04-05T12:37:34+05:30,464
posx-comet-backend,faa8390c8e,2026-07-14T01:04:54+05:30,package-lock.json,fa0bd7e98f,2026-06-16T15:20:54+05:30,27
posx-comet-backend,faa8390c8e,2026-07-14T01:04:54+05:30,package-lock.json,a26c69df02,2025-04-01T17:38:46+05:30,468
posx-comet-backend,faa8390c8e,2026-07-14T01:04:54+05:30,package-lock.json,5794ba7fc7,2025-03-21T00:33:16+05:30,480
posx-comet-backend,faa8390c8e,2026-07-14T01:04:54+05:30,package-lock.json,6a29ee89eb,2025-04-08T22:08:46+05:30,461
posx-comet-backend,faa8390c8e,2026-07-14T01:04:54+05:30,package-lock.json,355975c1d9,2025-03-30T17:42:27+05:30,470
posx-comet-backend,faa8390c8e,2026-07-14T01:04:54+05:30,package-lock.json,bd2c493edc,2025-03-27T19:56:24+05:30,473
posx-comet-backend,faa8390c8e,2026-07-14T01:04:54+05:30,package-lock.json,9f3c155859,2025-03-19T14:21:04+05:30,481
posx-comet-backend,faa8390c8e,2026-07-14T01:04:54+05:30,package-lock.json,a329760d67,2025-03-23T20:07:09+05:30,477
posx-comet-backend,faa8390c8e,2026-07-14T01:04:54+05:30,package-lock.json,d4ca04fff7,2025-04-03T16:42:09+05:30,466
posx-comet-backend,faa8390c8e,2026-07-14T01:04:54+05:30,package-lock.json,c7c1ee3d0d,2025-04-02T14:35:15+05:30,467
posx-comet-backend,faa8390c8e,2026-07-14T01:04:54+05:30,package-lock.json,6fc7c05ffb,2025-04-04T22:59:47+05:30,465
posx-comet-backend,faa8390c8e,2026-07-14T01:04:54+05:30,package.json,2e666a3bda,2025-03-26T08:41:41+05:30,474
posx-comet-backend,faa8390c8e,2026-07-14T01:04:54+05:30,package.json,8386705613,2026-06-23T18:30:45+05:30,20
posx-comet-backend,faa8390c8e,2026-07-14T01:04:54+05:30,src/api/admin/loss-of-sales/route.ts,f301dc78b5,2025-10-29T15:07:13+05:30,257
posx-comet-backend,faa8390c8e,2026-07-14T01:04:54+05:30,yarn.lock,fa0bd7e98f,2026-06-16T15:20:54+05:30,27
posx-comet-backend,faa8390c8e,2026-07-14T01:04:54+05:30,yarn.lock,8386705613,2026-06-23T18:30:45+05:30,20
posx-comet-backend,4aef10c095,2026-07-14T11:56:32+05:30,src/modules/payment-details/migrations/Migration20260127134226.ts,fd9cf9e70b,2026-07-14T00:11:50+05:30,0
posx-comet-backend,c68e87562d,2026-07-14T23:36:41+05:30,src/modules/order-detail/models/order-detail.ts,a0a70814ff,2025-05-29T16:40:28+05:30,411
posx-comet-backend,c68e87562d,2026-07-14T23:36:41+05:30,src/workflows/payment-detail/steps/cancel-payment-details-step.ts,fd9cf9e70b,2026-07-14T00:11:50+05:30,0
posx-comet-backend,999a9c40fa,2026-07-15T23:00:35+05:30,src/subscribers/reset-password.ts,28f5f109fa,2025-04-01T11:17:01+05:30,470
posx-comet-backend,8c36de02be,2026-07-15T23:00:35+05:30,src/subscribers/reset-password.ts,28f5f109fa,2025-04-01T11:17:01+05:30,470
posx-comet-backend,81569fce0c,2026-07-21T17:36:02+05:30,src/workflows/cart/steps/apply-promotional-coupon-step.ts,026e5c628b,2026-06-17T10:53:29+05:30,34
posx-comet-backend,81569fce0c,2026-07-21T17:36:02+05:30,src/workflows/cart/steps/apply-promotional-coupon-step.ts,f8879712a9,2026-07-09T14:47:05+05:30,12
posx-comet-backend,80a79042d8,2026-07-21T17:37:39+05:30,src/lib/helpers/build-summary.ts,cb7073ff14,2025-04-11T10:52:57+05:30,466
posx-comet-backend,80a79042d8,2026-07-21T17:37:39+05:30,src/workflows/cart/steps/apply-campaign-coupon-step.ts,026e5c628b,2026-06-17T10:53:29+05:30,34
posx-comet-backend,80a79042d8,2026-07-21T17:37:39+05:30,src/workflows/cart/steps/apply-campaign-coupon-step.ts,0f5d68ec06,2025-04-21T23:17:42+05:30,455
posx-comet-backend,efa9ee7f23,2026-07-21T17:48:20+05:30,src/workflows/cart/steps/apply-campaign-coupon-step.ts,80a79042d8,2026-07-21T17:37:39+05:30,0
posx-comet-backend,efa9ee7f23,2026-07-21T17:48:20+05:30,src/workflows/cart/steps/apply-campaign-coupon-step.ts,026e5c628b,2026-06-17T10:53:29+05:30,34
posx-comet-backend,efa9ee7f23,2026-07-21T17:48:20+05:30,src/workflows/cart/steps/apply-promotional-coupon-step.ts,81569fce0c,2026-07-21T17:36:02+05:30,0
posx-comet-backend,efa9ee7f23,2026-07-21T17:48:20+05:30,src/workflows/cart/steps/apply-promotional-coupon-step.ts,026e5c628b,2026-06-17T10:53:29+05:30,34
posx-comet-backend,a0501767ce,2026-07-21T18:08:06+05:30,src/workflows/cart/steps/apply-campaign-coupon-step.ts,026e5c628b,2026-06-17T10:53:29+05:30,34
posx-comet-backend,a0501767ce,2026-07-21T18:08:06+05:30,src/workflows/cart/steps/apply-campaign-coupon-step.ts,efa9ee7f23,2026-07-21T17:48:20+05:30,0
posx-comet-backend,a0501767ce,2026-07-21T18:08:06+05:30,src/workflows/cart/steps/apply-promotional-coupon-step.ts,efa9ee7f23,2026-07-21T17:48:20+05:30,0
posx-comet-backend,17eba168af,2026-07-21T18:09:58+05:30,src/api/admin/loss-of-sales/export/route.ts,da243466cd,2025-10-31T09:15:18+05:30,263
posx-comet-backend,17eba168af,2026-07-21T18:09:58+05:30,src/api/admin/loss-of-sales/export/route.ts,faa8390c8e,2026-07-14T01:04:54+05:30,7
posx-comet-backend,1058876534,2026-07-21T18:16:23+05:30,src/api/admin/campaign-coupon/route.ts,79c58ecc56,2026-07-16T15:00:33+05:30,5
posx-comet-backend,da82e25a0d,2026-07-22T20:05:51+05:30,src/api/admin/online-cart/route.ts,1eedb7e02e,2025-05-15T09:29:20+05:30,433
posx-comet-backend,da82e25a0d,2026-07-22T20:05:51+05:30,src/api/admin/online-cart/route.ts,02d2c6210a,2025-05-15T18:35:11+05:30,433
posx-comet-backend,da82e25a0d,2026-07-22T20:05:51+05:30,src/lib/helpers/build-summary.ts,97cf1f02bf,2025-03-20T19:50:31+05:30,489
posx-comet-backend,da82e25a0d,2026-07-22T20:05:51+05:30,src/workflows/online-cart/steps/add-to-online-cart-step.ts,02d2c6210a,2025-05-15T18:35:11+05:30,433
posx-comet-backend,da82e25a0d,2026-07-22T20:05:51+05:30,src/workflows/online-cart/steps/add-to-online-cart-step.ts,026e5c628b,2026-06-17T10:53:29+05:30,35
posx-comet-backend,b70e52de19,2026-07-22T23:04:43+05:30,src/api/admin/online-cart/route.ts,da82e25a0d,2026-07-22T20:05:51+05:30,0
posx-comet-backend,b06d918631,2026-07-22T23:06:07+05:30,src/types/validators/online-order.ts,da82e25a0d,2026-07-22T20:05:51+05:30,0
posx-comet-backend,6c616dfa2f,2026-07-22T23:07:05+05:30,src/workflows/online-cart/steps/add-to-online-cart-step.ts,da82e25a0d,2026-07-22T20:05:51+05:30,0
posx-comet-backend,9511e0d59d,2026-07-22T23:55:17+05:30,src/lib/helpers/get-order-total-amount.ts,64aed24741,2025-03-25T22:50:30+05:30,484
posx-comet-backend,9511e0d59d,2026-07-22T23:55:17+05:30,src/types/validators/online-order.ts,da82e25a0d,2026-07-22T20:05:51+05:30,0
posx-comet-backend,9511e0d59d,2026-07-22T23:55:17+05:30,src/workflows/online-order/steps/create-online-order-step.ts,026e5c628b,2026-06-17T10:53:29+05:30,35
posx-comet-backend,9511e0d59d,2026-07-22T23:55:17+05:30,src/workflows/online-order/steps/validate-order-product.ts,9e69a60fa9,2025-05-26T17:50:32+05:30,422
posx-comet-backend,f369c4bcd7,2026-07-23T23:02:04+05:30,src/workflows/order-return-and-exchange/steps/check-order-product-returnable-step.ts,fd9cf9e70b,2026-07-14T00:11:50+05:30,9
posx-comet-backend,4cf7e4ffe0,2026-07-28T16:09:17+05:30,src/api/adsr/order-payment/route.ts,938a3aebfe,2026-05-07T14:53:47+05:30,82
posx-comet-backend,a711f964cc,2026-07-28T16:12:42+05:30,src/api/adsr/order-payment/route.ts,4cf7e4ffe0,2026-07-28T16:09:17+05:30,0
posx-comet-backend,f28bb75420,2026-07-28T16:15:26+05:30,src/api/adsr/order-payment/route.ts,938a3aebfe,2026-05-07T14:53:47+05:30,82
posx-comet-backend,f28bb75420,2026-07-28T16:15:26+05:30,src/api/adsr/order-payment/route.ts,a711f964cc,2026-07-28T16:12:42+05:30,0
posx-comet-backend,ec0ee7b196,2026-07-29T14:54:57+05:30,src/api/adsr/order-payment/route.ts,0965f2b119,2026-05-07T14:53:47+05:30,83
posx-comet-backend,7c459a4cf5,2026-08-01T11:05:20+05:30,src/subscribers/exchange-order-post-effects.ts,a949161d05,2026-07-23T22:53:19+05:30,8
posx-comet-backend,7c459a4cf5,2026-08-01T11:05:20+05:30,src/subscribers/return-order-confirmed.ts,a949161d05,2026-07-23T22:53:19+05:30,8
posx-comet-backend,ed14ef0ae2,2026-07-10T14:18:28+05:30,src/workflows/online-cart/steps/add-to-online-cart-step.ts,02d2c6210a,2025-05-15T18:35:11+05:30,420
posx-comet-backend,ed14ef0ae2,2026-07-10T14:18:28+05:30,src/workflows/online-cart/steps/add-to-online-cart-step.ts,8a510883c8,2026-03-29T22:21:39+05:30,102
posx-comet-backend,ed14ef0ae2,2026-07-10T14:18:28+05:30,src/workflows/online-order/steps/check-if-product-is-sold.ts,9e69a60fa9,2025-05-26T17:50:32+05:30,409
posx-comet-backend,ed14ef0ae2,2026-07-10T14:18:28+05:30,src/workflows/online-order/steps/check-if-product-is-sold.ts,b85def2fe0,2026-06-27T11:49:53+05:30,13
posx-comet-backend,ed14ef0ae2,2026-07-10T14:18:28+05:30,src/workflows/online-order/steps/check-if-product-is-sold.ts,98c88a8a21,2025-06-26T15:38:19+05:30,378
posx-comet-backend,ed14ef0ae2,2026-07-10T14:18:28+05:30,src/workflows/online-order/steps/check-if-product-is-sold.ts,f6105e0f17,2025-06-25T23:45:24+05:30,379
posx-comet-backend,ed14ef0ae2,2026-07-10T14:18:28+05:30,src/workflows/online-order/steps/confirm-online-order-step.ts,8a510883c8,2026-03-29T22:21:39+05:30,102
posx-comet-backend,ed14ef0ae2,2026-07-10T14:18:28+05:30,src/workflows/online-order/steps/confirm-online-order-step.ts,b85def2fe0,2026-06-27T11:49:53+05:30,13
posx-comet-backend,ed14ef0ae2,2026-07-10T14:18:28+05:30,src/workflows/online-order/steps/confirm-online-order-step.ts,a650590409,2025-08-18T10:02:06+05:30,326
posx-comet-backend,ed14ef0ae2,2026-07-10T14:18:28+05:30,src/workflows/online-order/workflows/check-if-item-is-sold.ts,27ee012b4c,2025-06-02T11:03:44+05:30,403
posx-comet-backend,ed14ef0ae2,2026-07-10T14:18:28+05:30,src/workflows/online-order/workflows/create-online-order.ts,9e69a60fa9,2025-05-26T17:50:32+05:30,409
posx-comet-backend,ed14ef0ae2,2026-07-10T14:18:28+05:30,src/workflows/online-order/workflows/update-online-order.ts,f6105e0f17,2025-06-25T23:45:24+05:30,379
posx-comet-backend,cd4e152b36,2026-07-21T18:23:13+05:30,src/workflows/online-order/steps/check-if-product-is-sold.ts,ed14ef0ae2,2026-07-10T14:18:28+05:30,11
posx-comet-backend,cd4e152b36,2026-07-21T18:23:13+05:30,src/workflows/online-order/steps/check-if-product-is-sold.ts,9e69a60fa9,2025-05-26T17:50:32+05:30,421
posx-comet-backend,cd4e152b36,2026-07-21T18:23:13+05:30,src/workflows/online-order/steps/confirm-online-order-step.ts,ed14ef0ae2,2026-07-10T14:18:28+05:30,11
posx-comet-backend,bd6824cfa8,2026-07-21T22:15:19+05:30,src/workflows/online-order/steps/confirm-online-order-step.ts,cd4e152b36,2026-07-21T18:23:13+05:30,0
posx-comet-backend,01bc2fe36d,2026-08-04T15:05:14+05:30,src/workflows/order-return-and-exchange/steps/calculate-refund-amount-step.ts,5013c8eb8e,2026-07-14T00:27:28+05:30,21
posx-comet-backend,6b130629f4,2026-08-04T18:08:06+05:30,src/lib/helpers/fetch-shopify-order-sale-transaction.ts,248d9a471f,2026-07-25T20:25:41+05:30,9
posx-comet-backend,6b130629f4,2026-08-04T18:08:06+05:30,src/workflows/online-order/steps/confirm-online-order-step.ts,fd9cf9e70b,2026-07-14T00:11:50+05:30,21
posx-comet-backend,6b130629f4,2026-08-04T18:08:06+05:30,src/workflows/online-order/steps/confirm-online-order-step.ts,248d9a471f,2026-07-25T20:25:41+05:30,9
posx-comet-backend,6b130629f4,2026-08-04T18:08:06+05:30,src/workflows/order-detail/steps/confirm-order-detail-step.ts,248d9a471f,2026-07-25T20:25:41+05:30,9
posx-comet-backend,9f0c453007,2026-08-05T00:54:48+05:30,.gitignore,faa8390c8e,2026-07-14T01:04:54+05:30,21
posx-comet-backend,4df7eccaa3,2026-07-15T00:31:11+05:30,src/api/admin/online-order/[id]/address/route.ts,27ee012b4c,2025-06-02T11:03:44+05:30,407
posx-comet-backend,4df7eccaa3,2026-07-15T00:31:11+05:30,src/api/admin/shopify-customer/address/route.ts,f6105e0f17,2025-06-25T23:45:24+05:30,384
posx-comet-backend,4df7eccaa3,2026-07-15T00:31:11+05:30,src/workflows/online-order/steps/create-online-order-address-step.ts,026e5c628b,2026-06-17T10:53:29+05:30,27
posx-comet-backend,a3ccd6795b,2026-08-06T12:48:39+05:30,src/api/admin/online-order/[id]/address/route.ts,27ee012b4c,2025-06-02T11:03:44+05:30,430
posx-comet-backend,a3ccd6795b,2026-08-06T12:48:39+05:30,src/api/admin/online-order/[id]/address/route.ts,026e5c628b,2026-06-17T10:53:29+05:30,50
posx-comet-backend,a3ccd6795b,2026-08-06T12:48:39+05:30,src/api/admin/shopify-customer/address/route.ts,4df7eccaa3,2026-07-15T00:31:11+05:30,22
posx-comet-backend,a3ccd6795b,2026-08-06T12:48:39+05:30,src/api/admin/shopify-customer/address/route.ts,f6105e0f17,2025-06-25T23:45:24+05:30,406
posx-comet-backend,a3ccd6795b,2026-08-06T12:48:39+05:30,src/api/admin/shopify-customer/address/route.ts,b85def2fe0,2026-06-27T11:49:53+05:30,40
posx-comet-backend,a3ccd6795b,2026-08-06T12:48:39+05:30,src/workflows/online-order/steps/create-online-order-address-step.ts,026e5c628b,2026-06-17T10:53:29+05:30,50
posx-comet-backend,58c78689bc,2026-08-06T14:05:13+05:30,src/api/admin/online-order/[id]/address/route.ts,a3ccd6795b,2026-08-06T12:48:39+05:30,0
posx-comet-backend,58c78689bc,2026-08-06T14:05:13+05:30,src/api/admin/shopify-customer/address/route.ts,4df7eccaa3,2026-07-15T00:31:11+05:30,22
posx-comet-backend,c92a43c919,2026-08-06T14:47:58+05:30,src/api/admin/online-order/[id]/address/route.ts,a3ccd6795b,2026-08-06T12:48:39+05:30,0
posx-comet-backend,3d8e3411c4,2026-08-06T14:55:57+05:30,src/api/admin/shopify-customer/address/route.ts,b85def2fe0,2026-06-27T11:49:53+05:30,40
posx-comet-backend,3d8e3411c4,2026-08-06T14:55:57+05:30,src/api/admin/shopify-customer/address/route.ts,a3ccd6795b,2026-08-06T12:48:39+05:30,0
posx-comet-backend,dd716fbe1e,2026-08-07T01:15:21+05:30,src/api/admin/shopify-customer/address/route.ts,4df7eccaa3,2026-07-15T00:31:11+05:30,23
posx-comet-backend,dd716fbe1e,2026-08-07T01:15:21+05:30,src/api/admin/shopify-customer/address/route.ts,f6105e0f17,2025-06-25T23:45:24+05:30,407
posx-comet-backend,dd716fbe1e,2026-08-07T01:15:21+05:30,src/api/admin/shopify-customer/address/route.ts,a3ccd6795b,2026-08-06T12:48:39+05:30,0
posx-comet-backend,dd716fbe1e,2026-08-07T01:15:21+05:30,src/api/admin/shopify-customer/address/route.ts,58c78689bc,2026-08-06T14:05:13+05:30,0
posx-comet-backend,dd716fbe1e,2026-08-07T01:15:21+05:30,src/types/validators/shopify-customer.ts,4df7eccaa3,2026-07-15T00:31:11+05:30,23
posx-comet-backend,d7221c079d,2026-08-07T02:05:24+05:30,src/types/validators/shopify-customer.ts,dd716fbe1e,2026-08-07T01:15:21+05:30,0
posx-comet-backend,d7221c079d,2026-08-07T02:05:24+05:30,src/types/validators/shopify-customer.ts,4df7eccaa3,2026-07-15T00:31:11+05:30,23
posx-comet-backend,84bed80deb,2026-08-11T14:58:17+05:30,src/workflows/order-return-and-exchange/workflows/confirm-exchange-order.ts,1e1ddd8e1d,2026-07-23T23:08:57+05:30,18
posx-comet-backend,58d4b6908f,2026-08-12T17:07:25+05:30,src/jobs/inventory-snapshot.ts,fa0bd7e98f,2026-06-16T15:20:54+05:30,57
posx-comet-backend,58d4b6908f,2026-08-12T17:07:25+05:30,src/jobs/inventory-snapshot.ts,618feb6a91,2025-03-26T01:47:43+05:30,504
posx-comet-backend,58d4b6908f,2026-08-12T17:07:25+05:30,src/jobs/inventory-snapshot.ts,2a43030dd5,2025-04-11T09:13:43+05:30,488
posx-comet-backend,58d4b6908f,2026-08-12T17:07:25+05:30,src/jobs/inventory-snapshot.ts,1f86d05d84,2025-11-12T19:59:38+05:30,272
posx-comet-backend,1c1dc2b736,2026-08-13T15:29:00+05:30,src/workflows/order-detail/steps/create-exchange-order-detail-step.ts,d5f17762e3,2025-04-17T14:26:23+05:30,483
posx-comet-backend,1c1dc2b736,2026-08-13T15:29:00+05:30,src/workflows/order-detail/steps/create-exchange-order-detail-step.ts,026e5c628b,2026-06-17T10:53:29+05:30,57
posx-comet-backend,1c1dc2b736,2026-08-13T15:29:00+05:30,src/workflows/order-detail/steps/create-exchange-order-detail-step.ts,2a43030dd5,2025-04-11T09:13:43+05:30,489
posx-comet-backend,1c1dc2b736,2026-08-13T15:29:00+05:30,src/workflows/order-detail/steps/create-exchange-order-detail-step.ts,26197fc50e,2025-04-12T15:02:03+05:30,488
posx-comet-backend,1c1dc2b736,2026-08-13T15:29:00+05:30,src/workflows/order-detail/steps/create-exchange-order-detail-step.ts,00b915f40e,2025-04-17T23:07:29+05:30,482
posx-comet-backend,1c1dc2b736,2026-08-13T15:29:00+05:30,src/workflows/order-detail/steps/create-exchange-order-detail-step.ts,afed32d935,2025-04-17T23:58:30+05:30,482
posx-comet-backend,1c1dc2b736,2026-08-13T15:29:00+05:30,src/workflows/order-return-and-exchange/workflows/confirm-exchange-order.ts,1e1ddd8e1d,2026-07-23T23:08:57+05:30,20
posx-comet-backend,1c1dc2b736,2026-08-13T15:29:00+05:30,src/workflows/order-return-and-exchange/workflows/confirm-exchange-order.ts,cebe374864,2026-08-10T18:21:31+05:30,2
posx-comet-backend,1c1dc2b736,2026-08-13T15:29:00+05:30,src/workflows/order-return-and-exchange/workflows/confirm-exchange-order.ts,84bed80deb,2026-08-11T14:58:17+05:30,2
posx-comet-backend,faf0ea23b4,2026-08-14T11:08:58+05:30,src/subscribers/exchange-refund-requested.ts,2c171992b4,2026-07-23T23:06:35+05:30,21
posx-comet-backend,faf0ea23b4,2026-08-14T11:08:58+05:30,src/workflows/order-detail/steps/create-exchange-order-detail-step.ts,026e5c628b,2026-06-17T10:53:29+05:30,58
posx-comet-backend,faf0ea23b4,2026-08-14T11:08:58+05:30,src/workflows/order-return-and-exchange/steps/adjust-returned-order-as-per-order-product-step.ts,fc1f27030e,2025-04-04T17:16:09+05:30,496
posx-comet-backend,faf0ea23b4,2026-08-14T11:08:58+05:30,src/workflows/order-return-and-exchange/steps/adjust-returned-order-as-per-order-product-step.ts,026e5c628b,2026-06-17T10:53:29+05:30,58
posx-comet-backend,faf0ea23b4,2026-08-14T11:08:58+05:30,src/workflows/order-return-and-exchange/steps/associate-exchanged-and-parent-order.ts,8e67630eea,2025-04-18T15:50:59+05:30,482
posx-comet-backend,faf0ea23b4,2026-08-14T11:08:58+05:30,src/workflows/order-return-and-exchange/steps/check-exchange-amount-value-step.ts,2a43030dd5,2025-04-11T09:13:43+05:30,490
posx-comet-backend,faf0ea23b4,2026-08-14T11:08:58+05:30,src/workflows/order-return-and-exchange/steps/check-exchange-amount-value-step.ts,48a94b1a3b,2025-04-12T02:09:02+05:30,489
posx-comet-backend,faf0ea23b4,2026-08-14T11:08:58+05:30,src/workflows/order-return-and-exchange/steps/credit-gift-card-on-exchange-step.ts,fd9cf9e70b,2026-07-14T00:11:50+05:30,31
posx-comet-backend,faf0ea23b4,2026-08-14T11:08:58+05:30,src/workflows/order-return-and-exchange/workflows/confirm-exchange-order.ts,84bed80deb,2026-08-11T14:58:17+05:30,2
posx-comet-backend,faf0ea23b4,2026-08-14T11:08:58+05:30,src/workflows/order-return-and-exchange/workflows/confirm-exchange-order.ts,1e1ddd8e1d,2026-07-23T23:08:57+05:30,21
posx-comet-backend,faf0ea23b4,2026-08-14T11:08:58+05:30,src/workflows/order-return-and-exchange/workflows/confirm-exchange-order.ts,263b115102,2025-04-18T18:00:24+05:30,482
posx-comet-backend,faf0ea23b4,2026-08-14T11:08:58+05:30,src/workflows/order-return-and-exchange/workflows/confirm-return-order.ts,fd9cf9e70b,2026-07-14T00:11:50+05:30,31
posx-comet-backend,faf0ea23b4,2026-08-14T11:08:58+05:30,src/workflows/order-return-and-exchange/workflows/process-exchange-refund.ts,2c171992b4,2026-07-23T23:06:35+05:30,21
posx-comet-backend,faf0ea23b4,2026-08-14T11:08:58+05:30,src/workflows/payment-detail/steps/exchange-payment-adjustment-step.ts,2a43030dd5,2025-04-11T09:13:43+05:30,490
posx-comet-backend,0dc8258135,2026-08-15T10:47:42+05:30,src/api/admin/order-return-and-exchange/[id]/exchange/forward/route.ts,97a2f4dee7,2025-04-12T13:50:10+05:30,489
posx-comet-backend,0dc8258135,2026-08-15T10:47:42+05:30,src/api/admin/order-return-and-exchange/[id]/exchange/forward/route.ts,2c171992b4,2026-07-23T23:06:35+05:30,22
posx-comet-backend,575e3446b6,2026-08-24T17:48:15+05:30,src/api/admin/campaign-coupon/export/route.ts,3feadcf79b,2025-04-02T15:58:33+05:30,509
posx-comet-backend,575e3446b6,2026-08-24T17:48:15+05:30,src/api/admin/campaign-coupon/export/route.ts,253c791c2c,2025-03-31T19:44:50+05:30,510
posx-comet-backend,575e3446b6,2026-08-24T17:48:15+05:30,src/api/admin/cms/export/route.ts,ec9fa86a08,2025-04-16T17:43:31+05:30,495
posx-comet-backend,575e3446b6,2026-08-24T17:48:15+05:30,src/api/admin/cms/export/route.ts,026e5c628b,2026-06-17T10:53:29+05:30,68
posx-comet-backend,575e3446b6,2026-08-24T17:48:15+05:30,src/api/admin/cms/export/route.ts,d84f850bc4,2025-04-17T09:40:05+05:30,494
posx-comet-backend,575e3446b6,2026-08-24T17:48:15+05:30,src/api/admin/footfall/export/route.ts,8598f63835,2025-04-03T15:00:42+05:30,508
posx-comet-backend,575e3446b6,2026-08-24T17:48:15+05:30,src/api/admin/footfall/export/route.ts,3b75fd70a2,2025-05-02T17:06:01+05:30,479
posx-comet-backend,575e3446b6,2026-08-24T17:48:15+05:30,src/api/admin/footfall/export/route.ts,059839d383,2025-05-05T15:28:20+05:30,476
posx-comet-backend,575e3446b6,2026-08-24T17:48:15+05:30,src/api/admin/gift-card/top-up/export/route.ts,5ba2470b6a,2026-01-31T13:08:00+05:30,205
posx-comet-backend,575e3446b6,2026-08-24T17:48:15+05:30,src/api/admin/inter-store/export/route.ts,b06c8d64ec,2026-07-03T18:03:37+05:30,51
posx-comet-backend,575e3446b6,2026-08-24T17:48:15+05:30,src/api/admin/loss-of-sales/export/route.ts,f301dc78b5,2025-10-29T15:07:13+05:30,299
posx-comet-backend,575e3446b6,2026-08-24T17:48:15+05:30,src/api/admin/loss-of-sales/export/route.ts,da243466cd,2025-10-31T09:15:18+05:30,297
posx-comet-backend,575e3446b6,2026-08-24T17:48:15+05:30,src/api/admin/order-detail/export/route.ts,bd2c493edc,2025-03-27T19:56:24+05:30,514
posx-comet-backend,575e3446b6,2026-08-24T17:48:15+05:30,src/api/admin/order-detail/export/route.ts,957cdb89c4,2025-04-11T14:21:51+05:30,500
posx-comet-backend,575e3446b6,2026-08-24T17:48:15+05:30,src/api/admin/order-detail/export/route.ts,8386705613,2026-06-23T18:30:45+05:30,61
posx-comet-backend,575e3446b6,2026-08-24T17:48:15+05:30,src/api/admin/pos-inventory/export/route.ts,2188840f40,2025-04-17T13:20:33+05:30,494
posx-comet-backend,575e3446b6,2026-08-24T17:48:15+05:30,src/api/admin/pos-inventory/export/route.ts,263b115102,2025-04-18T18:00:24+05:30,492
posx-comet-backend,575e3446b6,2026-08-24T17:48:15+05:30,src/api/admin/pos-inventory/route.ts,026e5c628b,2026-06-17T10:53:29+05:30,68
posx-comet-backend,575e3446b6,2026-08-24T17:48:15+05:30,src/api/admin/pos-inventory/route.ts,c396612806,2025-03-26T02:07:53+05:30,516
posx-comet-backend,575e3446b6,2026-08-24T17:48:15+05:30,src/lib/helpers/build-summary.ts,efa9ee7f23,2026-07-21T17:48:20+05:30,33
posx-comet-backend,575e3446b6,2026-08-24T17:48:15+05:30,src/types/validators/campaign-coupon.ts,253c791c2c,2025-03-31T19:44:50+05:30,510
posx-comet-backend,575e3446b6,2026-08-24T17:48:15+05:30,src/types/validators/cms.ts,ec9fa86a08,2025-04-16T17:43:31+05:30,495
posx-comet-backend,575e3446b6,2026-08-24T17:48:15+05:30,src/types/validators/footfall.ts,8598f63835,2025-04-03T15:00:42+05:30,508
posx-comet-backend,575e3446b6,2026-08-24T17:48:15+05:30,src/types/validators/gift-card.ts,5ba2470b6a,2026-01-31T13:08:00+05:30,205
posx-comet-backend,575e3446b6,2026-08-24T17:48:15+05:30,src/types/validators/loss-of-sales.ts,4aa2341323,2025-11-13T19:14:53+05:30,283
posx-comet-backend,575e3446b6,2026-08-24T17:48:15+05:30,src/types/validators/order-detail.ts,bd2c493edc,2025-03-27T19:56:24+05:30,514
posx-comet-backend,575e3446b6,2026-08-24T17:48:15+05:30,src/types/validators/pos-inventory.ts,2188840f40,2025-04-17T13:20:33+05:30,494
posx-comet-backend,575e3446b6,2026-08-24T17:48:15+05:30,src/workflows/campaign-coupon/steps/calculate-coupon-discount-step.ts,6de3eaddbf,2025-04-11T14:44:35+05:30,500
posx-comet-backend,575e3446b6,2026-08-24T17:48:15+05:30,src/workflows/campaign-coupon/steps/calculate-coupon-discount-step.ts,026e5c628b,2026-06-17T10:53:29+05:30,68
posx-comet-backend,575e3446b6,2026-08-24T17:48:15+05:30,src/workflows/campaign-coupon/steps/calculate-coupon-discount-step.ts,b2027398e3,2025-03-21T01:18:01+05:30,521
posx-comet-backend,ffe348d38a,2026-08-24T23:56:40+05:30,src/api/admin/pos-inventory/route.ts,575e3446b6,2026-08-24T17:48:15+05:30,0
posx-comet-backend,bcf9035b36,2026-08-25T00:11:29+05:30,src/workflows/campaign-coupon/steps/calculate-coupon-discount-step.ts,cb7073ff14,2025-04-11T10:52:57+05:30,500
posx-comet-backend,79595be114,2026-08-25T00:29:09+05:30,src/workflows/campaign-coupon/steps/calculate-coupon-discount-step.ts,cb7073ff14,2025-04-11T10:52:57+05:30,500
posx-comet-backend,74d6526e20,2026-08-25T10:10:49+05:30,src/api/admin/cms/export/route.ts,ec9fa86a08,2025-04-16T17:43:31+05:30,495
posx-comet-backend,74d6526e20,2026-08-25T10:10:49+05:30,src/api/admin/footfall/export/route.ts,8598f63835,2025-04-03T15:00:42+05:30,508
posx-comet-backend,74d6526e20,2026-08-25T10:10:49+05:30,src/api/admin/gift-card/top-up/export/route.ts,7eb065fa9f,2026-02-02T18:50:05+05:30,203
posx-comet-backend,74d6526e20,2026-08-25T10:10:49+05:30,src/api/admin/loss-of-sales/export/route.ts,a921453d21,2025-10-31T09:14:12+05:30,298
posx-comet-backend,74d6526e20,2026-08-25T10:10:49+05:30,src/api/admin/order-detail/export/route.ts,8386705613,2026-06-23T18:30:45+05:30,62
posx-comet-backend,74d6526e20,2026-08-25T10:10:49+05:30,src/api/admin/pos-inventory/export/route.ts,263b115102,2025-04-18T18:00:24+05:30,493
posx-comet-backend,74d6526e20,2026-08-25T10:10:49+05:30,src/lib/helpers/build-summary.ts,cb7073ff14,2025-04-11T10:52:57+05:30,500
posx-comet-backend,74d6526e20,2026-08-25T10:10:49+05:30,src/lib/helpers/build-summary.ts,48d7998261,2025-04-11T13:08:31+05:30,500
posx-comet-backend,74d6526e20,2026-08-25T10:10:49+05:30,src/lib/helpers/build-summary.ts,d5f17762e3,2025-04-17T14:26:23+05:30,494
posx-comet-backend,74d6526e20,2026-08-25T10:10:49+05:30,src/lib/helpers/build-summary.ts,efa9ee7f23,2026-07-21T17:48:20+05:30,34
posx-comet-backend,74d6526e20,2026-08-25T10:10:49+05:30,src/workflows/campaign-coupon/steps/calculate-coupon-discount-step.ts,0f5d68ec06,2025-04-21T23:17:42+05:30,490
posx-comet-backend,6036cdd971,2026-08-28T15:34:53+05:30,src/api/admin/shopify-customer/route.ts,8a5f996136,2026-07-27T12:20:42+05:30,32
posx-comet-store,5a1b9dbe92,2025-03-16T16:46:26+05:30,package.json,cea936c58d,2025-03-13T12:26:16+05:30,3
posx-comet-store,4689f142f0,2025-03-16T16:46:42+05:30,src/components/layouts/app/store-selector.tsx,3e8a679852,2025-03-15T23:36:58+05:30,0
posx-comet-store,863c0a68bb,2025-03-17T13:15:47+05:30,src/components/app/checkout/checkout-form/step-two/cash-form/index.tsx,2bf3c7ac0a,2025-03-17T13:12:44+05:30,0
posx-comet-store,863c0a68bb,2025-03-17T13:15:47+05:30,src/components/app/checkout/checkout-form/step-two/razorpay-form/index.tsx,2bf3c7ac0a,2025-03-17T13:12:44+05:30,0
posx-comet-store,863c0a68bb,2025-03-17T13:15:47+05:30,src/components/app/checkout/checkout-form/step-two/razorpay-pos-form/index.tsx,2bf3c7ac0a,2025-03-17T13:12:44+05:30,0
posx-comet-store,2d1e1ff19b,2025-03-17T13:21:46+05:30,src/components/app/checkout/checkout-form/step-two/razorpay-form/index.tsx,2bf3c7ac0a,2025-03-17T13:12:44+05:30,0
posx-comet-store,2d1e1ff19b,2025-03-17T13:21:46+05:30,src/components/app/checkout/checkout-form/step-two/razorpay-pos-form/index.tsx,2bf3c7ac0a,2025-03-17T13:12:44+05:30,0
posx-comet-store,f85a0675a7,2025-03-17T16:40:55+05:30,src/components/app/cart/index.tsx,cf0fcbcdaa,2025-03-15T19:13:00+05:30,1
posx-comet-store,f85a0675a7,2025-03-17T16:40:55+05:30,src/components/app/cart/index.tsx,788e002a0a,2025-03-17T11:49:36+05:30,0
posx-comet-store,f85a0675a7,2025-03-17T16:40:55+05:30,src/components/app/checkout/checkout-form/index.tsx,53b8521341,2025-03-17T15:10:13+05:30,0
posx-comet-store,f85a0675a7,2025-03-17T16:40:55+05:30,src/components/app/checkout/checkout-form/index.tsx,550774d585,2025-03-17T14:19:15+05:30,0
posx-comet-store,f85a0675a7,2025-03-17T16:40:55+05:30,src/components/layouts/app/sidebar.tsx,81ce60de32,2025-03-16T11:54:18+05:30,1
posx-comet-store,f85a0675a7,2025-03-17T16:40:55+05:30,src/components/layouts/app/sidebar.tsx,788e002a0a,2025-03-17T11:49:36+05:30,0
posx-comet-store,f85a0675a7,2025-03-17T16:40:55+05:30,src/components/layouts/app/sidebar.tsx,cf0fcbcdaa,2025-03-15T19:13:00+05:30,1
posx-comet-store,f85a0675a7,2025-03-17T16:40:55+05:30,src/components/primitives/tabs.tsx,2bf3c7ac0a,2025-03-17T13:12:44+05:30,0
posx-comet-store,ddcf6c44fe,2025-03-17T16:42:13+05:30,src/components/app/checkout/checkout-form/index.tsx,2bf3c7ac0a,2025-03-17T13:12:44+05:30,0
posx-comet-store,4af45b2f30,2025-03-17T18:11:29+05:30,src/components/primitives/checkbox.tsx,ee48c8632e,2025-03-17T17:36:40+05:30,0
posx-comet-store,4af45b2f30,2025-03-17T18:11:29+05:30,src/components/primitives/radio-group.tsx,ee48c8632e,2025-03-17T17:36:40+05:30,0
posx-comet-store,976337e83f,2025-03-24T11:16:25+05:30,src/components/app/home/checkout-button.tsx,85070a868d,2025-03-22T17:12:53+05:30,1
posx-comet-store,976337e83f,2025-03-24T11:16:25+05:30,src/components/app/order/steps/payment-details/cash-form/index.tsx,366fc8a457,2025-03-21T18:03:50+05:30,2
posx-comet-store,976337e83f,2025-03-24T11:16:25+05:30,src/components/app/order/steps/payment-details/index.tsx,3d30414c29,2025-03-21T21:03:57+05:30,2
posx-comet-store,976337e83f,2025-03-24T11:16:25+05:30,src/components/app/order/steps/payment-details/order-transactions-table.tsx,788e002a0a,2025-03-17T11:49:36+05:30,6
posx-comet-store,976337e83f,2025-03-24T11:16:25+05:30,src/components/app/order/steps/payment-details/razorpay-form/index.tsx,366fc8a457,2025-03-21T18:03:50+05:30,2
posx-comet-store,976337e83f,2025-03-24T11:16:25+05:30,src/components/app/order/steps/payment-details/single-payment.tsx,2bf3c7ac0a,2025-03-17T13:12:44+05:30,6
posx-comet-store,976337e83f,2025-03-24T11:16:25+05:30,src/components/app/order/steps/payment-details/split-payment.tsx,2bf3c7ac0a,2025-03-17T13:12:44+05:30,6
posx-comet-store,976337e83f,2025-03-24T11:16:25+05:30,src/components/app/transactions/transations-table.tsx,e0b6da3aca,2025-03-24T10:11:55+05:30,0
posx-comet-store,976337e83f,2025-03-24T11:16:25+05:30,src/components/primitives/badge.tsx,aa9ccdf8f4,2025-03-15T20:51:38+05:30,8
posx-comet-store,976337e83f,2025-03-24T11:16:25+05:30,src/libs/axios.ts,aa9ccdf8f4,2025-03-15T20:51:38+05:30,8
posx-comet-store,976337e83f,2025-03-24T11:16:25+05:30,src/pages/orders/details/customer-details.tsx,366fc8a457,2025-03-21T18:03:50+05:30,2
posx-comet-store,976337e83f,2025-03-24T11:16:25+05:30,src/pages/orders/details/payment-details.tsx,366fc8a457,2025-03-21T18:03:50+05:30,2
posx-comet-store,976337e83f,2025-03-24T11:16:25+05:30,src/store/actions/transaction.action.ts,874f8785d7,2025-03-21T14:40:15+05:30,2
posx-comet-store,976337e83f,2025-03-24T11:16:25+05:30,src/store/apis/transaction.request.ts,59d562bb49,2025-03-21T14:09:03+05:30,2
posx-comet-store,976337e83f,2025-03-24T11:16:25+05:30,src/store/middlewares/auth.middleware.ts,d298bf2d5e,2025-03-20T22:56:36+05:30,3
posx-comet-store,976337e83f,2025-03-24T11:16:25+05:30,src/store/middlewares/init.middleware.ts,dcdaa1bad5,2025-03-22T11:26:08+05:30,1
posx-comet-store,976337e83f,2025-03-24T11:16:25+05:30,src/store/middlewares/transaction.middleware.ts,874f8785d7,2025-03-21T14:40:15+05:30,2
posx-comet-store,976337e83f,2025-03-24T11:16:25+05:30,src/store/reducers/auth.reducer.ts,c349066281,2025-03-21T15:46:59+05:30,2
posx-comet-store,976337e83f,2025-03-24T11:16:25+05:30,src/store/reducers/transaction.reducer.ts,a45a59b75e,2025-03-21T13:00:39+05:30,2
posx-comet-store,976337e83f,2025-03-24T11:16:25+05:30,src/types/tansaction.ts,59d562bb49,2025-03-21T14:09:03+05:30,2
posx-comet-store,e9e5e813d3,2025-03-28T16:16:10+05:30,src/components/app/footfall/footfall-entry.tsx,3b82a92794,2025-03-28T15:46:34+05:30,0
posx-comet-store,e9e5e813d3,2025-03-28T16:16:10+05:30,src/components/layouts/app/index.tsx,3b82a92794,2025-03-28T15:46:34+05:30,0
posx-comet-store,775e8518cb,2025-03-29T09:34:58+05:30,src/libs/print.ts,e0a678d6b1,2025-03-29T09:34:44+05:30,0
posx-comet-store,eaadc852b8,2025-03-29T11:44:20+05:30,src/components/app/orders/order-report-cards.tsx,369082de00,2025-03-29T11:41:50+05:30,0
posx-comet-store,41dac7ff3b,2025-03-29T18:33:34+05:30,src/libs/print.ts,4e81975eb1,2025-03-29T17:04:37+05:30,0
posx-comet-store,42f7341957,2025-04-03T21:13:01+05:30,src/components/app/footfall/footfall-entry.tsx,1827ff0626,2025-04-03T20:46:04+05:30,0
posx-comet-store,42f7341957,2025-04-03T21:13:01+05:30,src/components/app/footfall/footfall-entry.tsx,3b82a92794,2025-03-28T15:46:34+05:30,6
posx-comet-store,42f7341957,2025-04-03T21:13:01+05:30,src/store/apis/footfall.request.ts,3b82a92794,2025-03-28T15:46:34+05:30,6
posx-comet-store,42f7341957,2025-04-03T21:13:01+05:30,src/store/middlewares/footfall.middleware.ts,1827ff0626,2025-04-03T20:46:04+05:30,0
posx-comet-store,42f7341957,2025-04-03T21:13:01+05:30,src/store/middlewares/footfall.middleware.ts,3b82a92794,2025-03-28T15:46:34+05:30,6
posx-comet-store,347d20d07b,2025-04-03T22:58:49+05:30,src/store/middlewares/past-order.middleware.ts,6933d99fff,2025-04-03T21:00:01+05:30,0
posx-comet-store,93f10e4888,2025-04-05T10:29:06+05:30,src/components/app/home/promotional-coupon/index.tsx,03de82acaa,2025-03-27T14:58:54+05:30,8
posx-comet-store,93f10e4888,2025-04-05T10:29:06+05:30,src/pages/customer/orders/details.tsx,6933d99fff,2025-04-03T21:00:01+05:30,1
posx-comet-store,93f10e4888,2025-04-05T10:29:06+05:30,src/pages/orders/details/order-details.tsx,38bb6e8610,2025-03-28T10:13:34+05:30,8
posx-comet-store,f827f1ebe6,2025-04-05T13:43:25+05:30,src/pages/returns/details.tsx,f60ace5fad,2025-04-05T13:40:03+05:30,0
posx-comet-store,edf25844b7,2025-04-05T15:17:59+05:30,src/pages/returns/index.tsx,b0b5306412,2025-04-03T12:05:20+05:30,2
posx-comet-store,edf25844b7,2025-04-05T15:17:59+05:30,src/store/middlewares/order.middleware.ts,68301967fd,2025-03-26T12:42:01+05:30,10
posx-comet-store,ae64486560,2025-04-05T17:24:39+05:30,src/store/reducers/auth.reducer.ts,7517a2c2ea,2025-03-20T13:54:46+05:30,16
posx-comet-store,c0e3c1b73b,2025-04-05T20:19:15+05:30,src/libs/filter.ts,f9be6482b4,2025-03-25T14:02:43+05:30,11
posx-comet-store,98cb2001db,2025-04-05T22:07:59+05:30,src/components/primitives/badge.tsx,f60ace5fad,2025-04-05T13:40:03+05:30,0
posx-comet-store,98cb2001db,2025-04-05T22:07:59+05:30,src/pages/returns/details.tsx,f60ace5fad,2025-04-05T13:40:03+05:30,0
posx-comet-store,98cb2001db,2025-04-05T22:07:59+05:30,src/pages/returns/details.tsx,a8bfe0f291,2025-04-05T16:31:06+05:30,0
posx-comet-store,98cb2001db,2025-04-05T22:07:59+05:30,src/types/order.ts,f60ace5fad,2025-04-05T13:40:03+05:30,0
posx-comet-store,864c86ce96,2025-04-05T22:09:51+05:30,src/components/app/past-orders/past-orders-table.tsx,6933d99fff,2025-04-03T21:00:01+05:30,2
posx-comet-store,b8c6cef9f4,2025-04-08T18:59:52+05:30,src/components/app/cms/add-cms/index.tsx,0ede6ddd88,2025-04-07T19:59:15+05:30,0
posx-comet-store,b8c6cef9f4,2025-04-08T18:59:52+05:30,src/components/file-input.tsx,0ede6ddd88,2025-04-07T19:59:15+05:30,0
posx-comet-store,b8c6cef9f4,2025-04-08T18:59:52+05:30,src/libs/s3.ts,0ede6ddd88,2025-04-07T19:59:15+05:30,0
posx-comet-store,b8c6cef9f4,2025-04-08T18:59:52+05:30,src/store/apis/s3.request.ts,0ede6ddd88,2025-04-07T19:59:15+05:30,0
posx-comet-store,b8c6cef9f4,2025-04-08T18:59:52+05:30,src/store/middlewares/cms.middleware.ts,0ede6ddd88,2025-04-07T19:59:15+05:30,0
posx-comet-store,c1091fe387,2025-04-08T19:16:02+05:30,src/components/app/cms/add-cms/index.tsx,b8c6cef9f4,2025-04-08T18:59:52+05:30,0
posx-comet-store,c1091fe387,2025-04-08T19:16:02+05:30,src/components/app/cms/add-cms/schema.ts,0ede6ddd88,2025-04-07T19:59:15+05:30,0
posx-comet-store,926af79113,2025-04-11T14:21:15+05:30,src/components/app/order/order-card.tsx,bdb29f193c,2025-04-06T09:55:54+05:30,5
posx-comet-store,926af79113,2025-04-11T14:21:15+05:30,src/libs/order.ts,0a92c55ef9,2025-03-24T19:20:20+05:30,17
posx-comet-store,926af79113,2025-04-11T14:21:15+05:30,src/libs/order.ts,878d07fa7b,2025-03-26T10:02:12+05:30,16
posx-comet-store,6b4bee1eeb,2025-04-11T17:41:59+05:30,src/pages/orders/details/payment-details.tsx,68301967fd,2025-03-26T12:42:01+05:30,16
posx-comet-store,49254d08ed,2025-04-12T15:02:22+05:30,src/libs/print.ts,ee8af805f5,2025-04-04T11:18:58+05:30,8
posx-comet-store,4f3b96030f,2025-04-15T12:01:23+05:30,src/components/app/home/cart-card.tsx,926af79113,2025-04-11T14:21:15+05:30,3
posx-comet-store,4f3b96030f,2025-04-15T12:01:23+05:30,src/components/app/order/order-card.tsx,8464f54b99,2025-04-14T23:31:00+05:30,0
posx-comet-store,4f3b96030f,2025-04-15T12:01:23+05:30,src/components/app/order/steps/customer-details/index.tsx,788e002a0a,2025-03-17T11:49:36+05:30,29
posx-comet-store,4f3b96030f,2025-04-15T12:01:23+05:30,src/components/app/order/steps/payment-details/cash-form/index.tsx,2bf3c7ac0a,2025-03-17T13:12:44+05:30,28
posx-comet-store,4f3b96030f,2025-04-15T12:01:23+05:30,src/components/app/order/steps/payment-details/cash-form/index.tsx,366fc8a457,2025-03-21T18:03:50+05:30,24
posx-comet-store,4f3b96030f,2025-04-15T12:01:23+05:30,src/components/app/order/steps/payment-details/exchange-payment-details.tsx,8464f54b99,2025-04-14T23:31:00+05:30,0
posx-comet-store,4f3b96030f,2025-04-15T12:01:23+05:30,src/pages/exchanges/details.tsx,8464f54b99,2025-04-14T23:31:00+05:30,0
posx-comet-store,4f3b96030f,2025-04-15T12:01:23+05:30,src/pages/exchanges/details.tsx,3403935757,2025-04-11T15:16:07+05:30,3
posx-comet-store,4f3b96030f,2025-04-15T12:01:23+05:30,src/pages/orders/details/exchange-payment-details.tsx,8464f54b99,2025-04-14T23:31:00+05:30,0
posx-comet-store,4f3b96030f,2025-04-15T12:01:23+05:30,src/pages/orders/details/order-details.tsx,8464f54b99,2025-04-14T23:31:00+05:30,0
posx-comet-store,4f3b96030f,2025-04-15T12:01:23+05:30,src/pages/returns/details.tsx,f60ace5fad,2025-04-05T13:40:03+05:30,9
posx-comet-store,4f3b96030f,2025-04-15T12:01:23+05:30,src/store/apis/exchange.request.ts,8464f54b99,2025-04-14T23:31:00+05:30,0
posx-comet-store,4f3b96030f,2025-04-15T12:01:23+05:30,src/store/reducers/exchange.reducer.ts,9604651156,2025-04-11T23:50:02+05:30,3
posx-comet-store,4f3b96030f,2025-04-15T12:01:23+05:30,src/store/reducers/exchange.reducer.ts,8464f54b99,2025-04-14T23:31:00+05:30,0
posx-comet-store,6467a93fad,2025-04-15T12:12:50+05:30,src/components/exchange/OrderProductCard.tsx,8464f54b99,2025-04-14T23:31:00+05:30,0
posx-comet-store,7526eb353e,2025-04-15T12:45:39+05:30,src/components/app/order/order-details.tsx,68301967fd,2025-03-26T12:42:01+05:30,20
posx-comet-store,b3bfa9d098,2025-04-15T18:01:45+05:30,src/pages/orders/details/exchange-payment-details.tsx,8464f54b99,2025-04-14T23:31:00+05:30,0
posx-comet-store,b3bfa9d098,2025-04-15T18:01:45+05:30,src/pages/return-and-exchange/index.tsx,3403935757,2025-04-11T15:16:07+05:30,4
posx-comet-store,b3bfa9d098,2025-04-15T18:01:45+05:30,src/pages/returns/index.tsx,b0b5306412,2025-04-03T12:05:20+05:30,12
posx-comet-store,08ce563ffc,2025-04-16T12:38:36+05:30,src/components/app/footfall/footfall-entry.tsx,3b82a92794,2025-03-28T15:46:34+05:30,18
posx-comet-store,08ce563ffc,2025-04-16T12:38:36+05:30,src/components/app/footfall/footfall-entry.tsx,44e4d238ba,2025-04-14T19:10:38+05:30,1
posx-comet-store,08ce563ffc,2025-04-16T12:38:36+05:30,src/components/app/footfall/footfall-entry.tsx,ca7c433460,2025-04-15T11:17:08+05:30,1
posx-comet-store,5333c40e31,2025-04-16T19:39:17+05:30,src/pages/exchanges/details.tsx,3403935757,2025-04-11T15:16:07+05:30,5
posx-comet-store,5333c40e31,2025-04-16T19:39:17+05:30,src/pages/exchanges/details.tsx,9604651156,2025-04-11T23:50:02+05:30,4
posx-comet-store,5333c40e31,2025-04-16T19:39:17+05:30,src/pages/exchanges/details.tsx,8464f54b99,2025-04-14T23:31:00+05:30,1
posx-comet-store,5333c40e31,2025-04-16T19:39:17+05:30,src/pages/exchanges/details.tsx,d65a356e0d,2025-04-11T18:01:23+05:30,5
posx-comet-store,5333c40e31,2025-04-16T19:39:17+05:30,src/pages/return-and-exchange/index.tsx,3403935757,2025-04-11T15:16:07+05:30,5
posx-comet-store,5333c40e31,2025-04-16T19:39:17+05:30,src/store/middlewares/exchange.middleware.ts,8464f54b99,2025-04-14T23:31:00+05:30,1
posx-comet-store,500b1b7945,2025-04-18T01:44:51+05:30,src/components/exchange/ExchangeOrderDetails.tsx,3ce3c79786,2025-04-17T23:57:51+05:30,0
posx-comet-store,2591ddcc90,2025-04-18T15:56:09+05:30,src/components/app/order/exchange-order-summary.tsx,8464f54b99,2025-04-14T23:31:00+05:30,3
posx-comet-store,2591ddcc90,2025-04-18T15:56:09+05:30,src/components/app/order/order-card.tsx,8464f54b99,2025-04-14T23:31:00+05:30,3
posx-comet-store,2591ddcc90,2025-04-18T15:56:09+05:30,src/pages/orders/details/exchange-payment-details.tsx,8464f54b99,2025-04-14T23:31:00+05:30,3
posx-comet-store,159aa30d32,2025-04-18T18:16:10+05:30,src/pages/orders/details/payment-details.tsx,68301967fd,2025-03-26T12:42:01+05:30,23
posx-comet-store,9b5397f26c,2025-04-19T12:56:16+05:30,src/pages/orders/details/exchange-payment-details.tsx,8464f54b99,2025-04-14T23:31:00+05:30,4
posx-comet-store,9b5397f26c,2025-04-19T12:56:16+05:30,src/pages/orders/details/payment-details.tsx,6b4bee1eeb,2025-04-11T17:41:59+05:30,7
posx-comet-store,9b5397f26c,2025-04-19T12:56:16+05:30,src/pages/orders/details/payment-details.tsx,68301967fd,2025-03-26T12:42:01+05:30,24
posx-comet-store,9b5397f26c,2025-04-19T12:56:16+05:30,src/store/middlewares/order.middleware.ts,68301967fd,2025-03-26T12:42:01+05:30,24
posx-comet-store,7ece541e50,2025-04-21T12:09:18+05:30,src/components/app/home/shopping-bag-input/index.tsx,74c8adaf4b,2025-04-01T12:09:17+05:30,20
posx-comet-store,7ece541e50,2025-04-21T12:09:18+05:30,src/components/app/home/shopping-bag-input/index.tsx,5333c40e31,2025-04-16T19:39:17+05:30,4
posx-comet-store,7ece541e50,2025-04-21T12:09:18+05:30,src/components/app/home/shopping-bag-input/index.tsx,3ce3c79786,2025-04-17T23:57:51+05:30,3
posx-comet-store,34344ba549,2025-04-21T12:24:31+05:30,src/pages/returns/index.tsx,b0b5306412,2025-04-03T12:05:20+05:30,18
posx-comet-store,8b3eec7b24,2025-04-22T17:57:16+05:30,src/components/app/coupons/coupons-listing.tsx,0dd353332e,2025-04-03T10:19:23+05:30,19
posx-comet-store,8b3eec7b24,2025-04-22T17:57:16+05:30,src/components/app/order/steps/customer-details/schema.ts,4b3b72cf9e,2025-03-17T21:43:20+05:30,35
posx-comet-store,8b3eec7b24,2025-04-22T17:57:16+05:30,src/components/app/orders/order-report-cards.tsx,1bc19befc8,2025-04-21T13:15:13+05:30,1
posx-comet-store,8b3eec7b24,2025-04-22T17:57:16+05:30,src/pages/orders/details/payment-details.tsx,68301967fd,2025-03-26T12:42:01+05:30,27
posx-comet-store,8b3eec7b24,2025-04-22T17:57:16+05:30,src/pages/orders/details/payment-details.tsx,aa58ffb454,2025-04-21T18:46:12+05:30,0
posx-comet-store,8b3eec7b24,2025-04-22T17:57:16+05:30,src/pages/orders/details/payment-details.tsx,a45a59b75e,2025-03-21T13:00:39+05:30,32
posx-comet-store,64a735abae,2025-04-23T12:24:10+05:30,src/pages/orders/index.tsx,4432a4586b,2025-04-01T10:13:48+05:30,22
posx-comet-store,64a735abae,2025-04-23T12:24:10+05:30,src/store/middlewares/report.middleware.ts,0ef7520df3,2025-03-31T15:28:26+05:30,22
posx-comet-store,35a405405b,2025-04-23T17:10:35+05:30,src/store/middlewares/report.middleware.ts,64a735abae,2025-04-23T12:24:10+05:30,0
posx-comet-store,1a171f3268,2025-04-24T10:34:26+05:30,src/components/app/order/exchange-order-summary.tsx,8464f54b99,2025-04-14T23:31:00+05:30,9
posx-comet-store,37195e2abb,2025-04-24T15:10:04+05:30,src/pages/orders/index.tsx,36d548b631,2025-04-24T12:50:51+05:30,0
posx-comet-store,31df5d684e,2025-04-29T20:13:39+05:30,src/components/app/orders/order-report-cards.tsx,8e1175a91f,2025-04-26T14:09:06+05:30,3
posx-comet-store,31df5d684e,2025-04-29T20:13:39+05:30,src/components/app/orders/orders-report-options.tsx,369082de00,2025-03-29T11:41:50+05:30,31
posx-comet-store,31df5d684e,2025-04-29T20:13:39+05:30,src/components/image-viewer.tsx,808160c463,2025-04-08T19:16:20+05:30,21
posx-comet-store,31df5d684e,2025-04-29T20:13:39+05:30,src/libs/format-amount.ts,aa58ffb454,2025-04-21T18:46:12+05:30,8
posx-comet-store,31df5d684e,2025-04-29T20:13:39+05:30,src/pages/orders/index.tsx,43c60f2dc3,2025-03-17T18:44:15+05:30,43
posx-comet-store,31df5d684e,2025-04-29T20:13:39+05:30,src/pages/orders/index.tsx,4432a4586b,2025-04-01T10:13:48+05:30,28
posx-comet-store,31df5d684e,2025-04-29T20:13:39+05:30,src/pages/orders/index.tsx,64a735abae,2025-04-23T12:24:10+05:30,6
posx-comet-store,31df5d684e,2025-04-29T20:13:39+05:30,src/store/reducers/report.reducer.ts,369082de00,2025-03-29T11:41:50+05:30,31
posx-comet-store,6018f2a368,2025-05-05T12:04:23+05:30,src/components/app/order/order-card.tsx,8464f54b99,2025-04-14T23:31:00+05:30,20
posx-comet-store,6018f2a368,2025-05-05T12:04:23+05:30,src/components/app/product/product-card.tsx,3e761dd27a,2025-03-22T12:57:43+05:30,43
posx-comet-store,a6e3c28d4b,2025-05-05T12:07:11+05:30,src/components/app/order/order-card.tsx,f60ace5fad,2025-04-05T13:40:03+05:30,29
posx-comet-store,a6e3c28d4b,2025-05-05T12:07:11+05:30,src/components/app/order/order-card.tsx,6018f2a368,2025-05-05T12:04:23+05:30,0
posx-comet-store,a6e3c28d4b,2025-05-05T12:07:11+05:30,src/types/order.ts,1093924a25,2025-04-02T23:10:59+05:30,32
posx-comet-store,a6e3c28d4b,2025-05-05T12:07:11+05:30,src/types/order.ts,6018f2a368,2025-05-05T12:04:23+05:30,0
posx-comet-store,e49f71b761,2025-05-09T23:52:17+05:30,src/pages/customer/orders/past-orders/index.tsx,6933d99fff,2025-04-03T21:00:01+05:30,36
posx-comet-store,e49f71b761,2025-05-09T23:52:17+05:30,src/store/actions/past-order.action.ts,6933d99fff,2025-04-03T21:00:01+05:30,36
posx-comet-store,e49f71b761,2025-05-09T23:52:17+05:30,src/store/apis/past-order.request.ts,6933d99fff,2025-04-03T21:00:01+05:30,36
posx-comet-store,34c38d0af8,2025-05-13T15:10:26+05:30,.github/workflows/deploy-uat.yml,88a6f91ae9,2025-05-13T15:07:07+05:30,0
posx-comet-store,ba297aa677,2025-05-13T15:13:31+05:30,.github/workflows/deploy-uat.yml,34c38d0af8,2025-05-13T15:10:26+05:30,0
posx-comet-store,ba297aa677,2025-05-13T15:13:31+05:30,.github/workflows/deploy-uat.yml,88a6f91ae9,2025-05-13T15:07:07+05:30,0
posx-comet-store,90b79b48e7,2025-05-13T15:31:46+05:30,src/pages/inventory/inbound.tsx,5cf80fe7da,2025-05-13T15:29:07+05:30,0
posx-comet-store,b6130e7e3a,2025-05-21T18:07:48+05:30,src/components/app/return/return-status.tsx,ea046cab0a,2025-04-21T10:50:57+05:30,30
posx-comet-store,b6130e7e3a,2025-05-21T18:07:48+05:30,src/pages/return-and-exchange/index.tsx,31df5d684e,2025-04-29T20:13:39+05:30,21
posx-comet-store,b6130e7e3a,2025-05-21T18:07:48+05:30,src/pages/return-and-exchange/index.tsx,ea046cab0a,2025-04-21T10:50:57+05:30,30
posx-comet-store,8acc283ce5,2025-05-23T14:39:11+05:30,src/pages/inventory/index.tsx,3ac3b2824b,2025-04-15T19:52:31+05:30,37
posx-comet-store,8acc283ce5,2025-05-23T14:39:11+05:30,src/pages/inventory/index.tsx,29130ee4d3,2025-04-21T12:56:44+05:30,32
posx-comet-store,3235b233ca,2025-06-02T12:20:03+05:30,src/components/app/home/checkout-button.tsx,85070a868d,2025-03-22T17:12:53+05:30,71
posx-comet-store,9e72baf9c0,2025-06-07T11:09:07+05:30,src/components/app/order/order-card.tsx,1f2af0d23c,2025-06-02T11:04:37+05:30,5
posx-comet-store,9e72baf9c0,2025-06-07T11:09:07+05:30,src/components/app/order/order-details.tsx,68301967fd,2025-03-26T12:42:01+05:30,72
posx-comet-store,d20b79c06e,2025-06-07T11:10:01+05:30,src/components/app/order/order-card.tsx,9e72baf9c0,2025-06-07T11:09:07+05:30,0
posx-comet-store,d20b79c06e,2025-06-07T11:10:01+05:30,src/components/app/order/order-card.tsx,8464f54b99,2025-04-14T23:31:00+05:30,53
posx-comet-store,d20b79c06e,2025-06-07T11:10:01+05:30,src/components/app/order/order-card.tsx,6018f2a368,2025-05-05T12:04:23+05:30,32
posx-comet-store,d20b79c06e,2025-06-07T11:10:01+05:30,src/components/app/order/order-details.tsx,9e72baf9c0,2025-06-07T11:09:07+05:30,0
posx-comet-store,f4c1a65dbb,2025-06-17T15:06:39+05:30,src/components/primitives/date-range-picker.tsx,77d4f86888,2025-04-01T10:28:30+05:30,77
posx-comet-store,f4c1a65dbb,2025-06-17T15:06:39+05:30,src/components/primitives/date-range-picker.tsx,4432a4586b,2025-04-01T10:13:48+05:30,77
posx-comet-store,f4c1a65dbb,2025-06-17T15:06:39+05:30,src/components/primitives/date-range-picker.tsx,ab32bcfde4,2025-04-07T11:25:00+05:30,71
posx-comet-store,f4c1a65dbb,2025-06-17T15:06:39+05:30,src/pages/customer/orders/details.tsx,2037977994,2025-03-29T11:59:22+05:30,80
posx-comet-store,f4c1a65dbb,2025-06-17T15:06:39+05:30,src/pages/customer/orders/details.tsx,6933d99fff,2025-04-03T21:00:01+05:30,74
posx-comet-store,f4c1a65dbb,2025-06-17T15:06:39+05:30,src/pages/customer/orders/index.tsx,6bf086fea6,2025-03-26T14:32:16+05:30,83
posx-comet-store,f4c1a65dbb,2025-06-17T15:06:39+05:30,src/pages/orders/details/order-details.tsx,d1f943f60d,2025-04-09T19:39:10+05:30,68
posx-comet-store,f4c1a65dbb,2025-06-17T15:06:39+05:30,src/store/apis/order.request.ts,cf9bd6b21b,2025-03-28T20:44:10+05:30,80
posx-comet-store,8709320e3d,2025-06-18T16:37:32+05:30,src/pages/customer/orders/details.tsx,93f10e4888,2025-04-05T10:29:06+05:30,74
posx-comet-store,8709320e3d,2025-06-18T16:37:32+05:30,src/pages/customer/orders/details.tsx,6933d99fff,2025-04-03T21:00:01+05:30,75
posx-comet-store,8709320e3d,2025-06-18T16:37:32+05:30,src/pages/customer/orders/details.tsx,8e1175a91f,2025-04-26T14:09:06+05:30,53
posx-comet-store,8709320e3d,2025-06-18T16:37:32+05:30,src/pages/customer/orders/details.tsx,8464f54b99,2025-04-14T23:31:00+05:30,64
posx-comet-store,efcd376747,2025-06-19T16:45:16+05:30,src/components/app/online-orders/address-details.tsx,1f2af0d23c,2025-06-02T11:04:37+05:30,17
posx-comet-store,efcd376747,2025-06-19T16:45:16+05:30,src/components/app/product/cart-checkout.tsx,1f2af0d23c,2025-06-02T11:04:37+05:30,17
posx-comet-store,efcd376747,2025-06-19T16:45:16+05:30,src/components/app/product/cart-panel.tsx,1f2af0d23c,2025-06-02T11:04:37+05:30,17
posx-comet-store,efcd376747,2025-06-19T16:45:16+05:30,src/components/app/product/cart-panel.tsx,0d1a511ec0,2025-05-23T14:11:37+05:30,27
posx-comet-store,efcd376747,2025-06-19T16:45:16+05:30,src/components/app/product/cart-panel.tsx,51de8ab3ba,2025-05-21T18:03:01+05:30,28
posx-comet-store,efcd376747,2025-06-19T16:45:16+05:30,src/components/app/product/cart-panel.tsx,925634f0bf,2025-05-22T15:41:54+05:30,28
posx-comet-store,efcd376747,2025-06-19T16:45:16+05:30,src/components/app/product/online-promotional-coupon/index.tsx,0d1a511ec0,2025-05-23T14:11:37+05:30,27
posx-comet-store,efcd376747,2025-06-19T16:45:16+05:30,src/pages/online-orders/details/customer-details.tsx,1f2af0d23c,2025-06-02T11:04:37+05:30,17
posx-comet-store,efcd376747,2025-06-19T16:45:16+05:30,src/pages/online-orders/details/payment-details.tsx,1f2af0d23c,2025-06-02T11:04:37+05:30,17
posx-comet-store,efcd376747,2025-06-19T16:45:16+05:30,src/pages/products/details.tsx,e16c9dd5d5,2025-03-24T20:53:52+05:30,86
posx-comet-store,efcd376747,2025-06-19T16:45:16+05:30,src/pages/products/details.tsx,390fda85b9,2025-03-22T14:39:53+05:30,89
posx-comet-store,efcd376747,2025-06-19T16:45:16+05:30,src/pages/products/details.tsx,88395cc0c8,2025-03-22T20:54:51+05:30,88
posx-comet-store,efcd376747,2025-06-19T16:45:16+05:30,src/pages/products/details.tsx,0dd353332e,2025-04-03T10:19:23+05:30,77
posx-comet-store,efcd376747,2025-06-19T16:45:16+05:30,src/pages/products/details.tsx,51de8ab3ba,2025-05-21T18:03:01+05:30,28
posx-comet-store,efcd376747,2025-06-19T16:45:16+05:30,src/pages/products/details.tsx,925634f0bf,2025-05-22T15:41:54+05:30,28
posx-comet-store,efcd376747,2025-06-19T16:45:16+05:30,src/pages/products/details.tsx,afe8ca97f7,2025-04-02T18:10:32+05:30,77
posx-comet-store,efcd376747,2025-06-19T16:45:16+05:30,src/pages/products/details.tsx,b8ec20512e,2025-03-17T22:46:25+05:30,93
posx-comet-store,efcd376747,2025-06-19T16:45:16+05:30,src/pages/products/details.tsx,4a00b4a9b4,2025-04-01T11:11:07+05:30,79
posx-comet-store,efcd376747,2025-06-19T16:45:16+05:30,src/pages/products/details.tsx,bea776d21e,2025-03-18T00:35:47+05:30,93
posx-comet-store,efcd376747,2025-06-19T16:45:16+05:30,src/pages/products/details.tsx,35746af97f,2025-04-02T20:33:30+05:30,77
posx-comet-store,efcd376747,2025-06-19T16:45:16+05:30,src/pages/products/details.tsx,1c056a3d7d,2025-03-24T16:57:03+05:30,86
posx-comet-store,efcd376747,2025-06-19T16:45:16+05:30,src/pages/products/details.tsx,bd22af55bc,2025-03-30T18:55:05+05:30,80
posx-comet-store,0de23b3e73,2025-06-26T14:53:55+05:30,src/components/app/orders/orders-table.tsx,36d548b631,2025-04-24T12:50:51+05:30,63
posx-comet-store,d1459f01e9,2025-06-30T12:13:41+05:30,src/pages/online-orders/details/order-details.tsx,01e4e59197,2025-06-06T23:02:40+05:30,23
posx-comet-store,4fecbc008b,2025-07-03T11:48:44+05:30,src/components/app/online-orders/address-details.tsx,1f2af0d23c,2025-06-02T11:04:37+05:30,31
posx-comet-store,4fecbc008b,2025-07-03T11:48:44+05:30,src/components/app/online-orders/address-details.tsx,f803b2b63e,2025-07-02T14:00:18+05:30,0
posx-comet-store,4fecbc008b,2025-07-03T11:48:44+05:30,src/components/layouts/app/user-nav.tsx,f98afb1879,2025-03-22T21:24:16+05:30,102
posx-comet-store,4fecbc008b,2025-07-03T11:48:44+05:30,src/pages/online-orders/details/customer-details.tsx,b159c2e806,2025-06-25T23:45:03+05:30,7
posx-comet-store,4fecbc008b,2025-07-03T11:48:44+05:30,src/pages/products/details.tsx,efcd376747,2025-06-19T16:45:16+05:30,13
posx-comet-store,50bc74c4a1,2025-07-03T11:49:50+05:30,src/pages/online-orders/details/customer-details.tsx,01e4e59197,2025-06-06T23:02:40+05:30,26
posx-comet-store,bdb3bcd904,2025-07-04T22:26:58+05:30,src/store/middlewares/customer.middleware.ts,09d986903f,2025-03-20T15:33:12+05:30,106
posx-comet-store,7a08785baa,2025-07-17T16:58:47+05:30,src/components/app/orders/order-report-cards.tsx,31df5d684e,2025-04-29T20:13:39+05:30,78
posx-comet-store,7a08785baa,2025-07-17T16:58:47+05:30,src/components/app/orders/order-report-cards.tsx,8e1175a91f,2025-04-26T14:09:06+05:30,82
posx-comet-store,7a08785baa,2025-07-17T16:58:47+05:30,src/components/app/orders/orders-table.tsx,6bf086fea6,2025-03-26T14:32:16+05:30,113
posx-comet-store,7a08785baa,2025-07-17T16:58:47+05:30,src/components/app/orders/orders-table.tsx,36d548b631,2025-04-24T12:50:51+05:30,84
posx-comet-store,7a08785baa,2025-07-17T16:58:47+05:30,src/components/app/orders/orders-table.tsx,d98c7fdf0e,2025-03-27T11:10:16+05:30,112
posx-comet-store,7a08785baa,2025-07-17T16:58:47+05:30,src/pages/orders/details/order-details.tsx,31df5d684e,2025-04-29T20:13:39+05:30,78
posx-comet-store,7a08785baa,2025-07-17T16:58:47+05:30,src/pages/orders/index.tsx,37195e2abb,2025-04-24T15:10:04+05:30,84
posx-comet-store,da3fb619bb,2025-08-22T12:23:43+05:30,src/components/app/online-orders/address-details.tsx,1f2af0d23c,2025-06-02T11:04:37+05:30,81
posx-comet-store,da3fb619bb,2025-08-22T12:23:43+05:30,src/pages/online-orders/details/customer-details.tsx,01e4e59197,2025-06-06T23:02:40+05:30,76
posx-comet-store,da3fb619bb,2025-08-22T12:23:43+05:30,src/pages/online-orders/details/customer-details.tsx,1f2af0d23c,2025-06-02T11:04:37+05:30,81
posx-comet-store,da3fb619bb,2025-08-22T12:23:43+05:30,src/pages/online-orders/details/customer-details.tsx,f803b2b63e,2025-07-02T14:00:18+05:30,50
posx-comet-store,62c025f091,2025-08-22T12:30:11+05:30,src/pages/online-orders/details/customer-details.tsx,da3fb619bb,2025-08-22T12:23:43+05:30,0
posx-comet-store,bf589a7d27,2025-09-04T14:09:54+05:30,src/pages/online-orders/details/customer-details.tsx,f803b2b63e,2025-07-02T14:00:18+05:30,64
posx-comet-store,290047655b,2025-09-09T19:15:20+05:30,src/components/app/order/steps/customer-details/schema.ts,4b3b72cf9e,2025-03-17T21:43:20+05:30,175
posx-comet-store,290047655b,2025-09-09T19:15:20+05:30,src/pages/online-orders/details/customer-details.tsx,1f2af0d23c,2025-06-02T11:04:37+05:30,99
posx-comet-store,290047655b,2025-09-09T19:15:20+05:30,src/pages/orders/details/customer-details.tsx,68301967fd,2025-03-26T12:42:01+05:30,167
posx-comet-store,8a7373514a,2025-09-09T19:23:34+05:30,src/components/app/online-orders/customer-details/schema.ts,efcd376747,2025-06-19T16:45:16+05:30,82
posx-comet-store,d4192a79d8,2025-10-31T16:24:50+05:30,src/components/app/loss-of-sales/create-loss-of-sales-form.tsx,f6f9e54861,2025-10-31T09:19:52+05:30,0
posx-comet-store,d4192a79d8,2025-10-31T16:24:50+05:30,src/components/app/loss-of-sales/loss-of-sales-table.tsx,f6f9e54861,2025-10-31T09:19:52+05:30,0
posx-comet-store,d4192a79d8,2025-10-31T16:24:50+05:30,src/components/app/loss-of-sales/product-variant-selector.tsx,f6f9e54861,2025-10-31T09:19:52+05:30,0
posx-comet-store,d4192a79d8,2025-10-31T16:24:50+05:30,src/pages/loss-of-sales/index.tsx,f6f9e54861,2025-10-31T09:19:52+05:30,0
posx-comet-store,d4192a79d8,2025-10-31T16:24:50+05:30,src/store/middlewares/loss-of-sales.middleware.ts,f6f9e54861,2025-10-31T09:19:52+05:30,0
posx-comet-store,d4192a79d8,2025-10-31T16:24:50+05:30,src/store/middlewares/product.middleware.ts,3e761dd27a,2025-03-22T12:57:43+05:30,223
posx-comet-store,d4192a79d8,2025-10-31T16:24:50+05:30,src/store/middlewares/product.middleware.ts,738973a4ce,2025-03-22T19:34:06+05:30,222
posx-comet-store,d4192a79d8,2025-10-31T16:24:50+05:30,src/store/reducers/loss-of-sales.reducer.ts,f6f9e54861,2025-10-31T09:19:52+05:30,0
posx-comet-store,d4192a79d8,2025-10-31T16:24:50+05:30,src/store/reducers/product.reducer.ts,3e761dd27a,2025-03-22T12:57:43+05:30,223
posx-comet-store,d043d5fd66,2025-11-05T13:53:52+05:30,src/components/app/coupons/coupons-listing.tsx,b834c267e2,2025-04-03T08:51:43+05:30,216
posx-comet-store,d043d5fd66,2025-11-05T13:53:52+05:30,src/components/app/coupons/coupons-listing.tsx,4b3b72cf9e,2025-03-17T21:43:20+05:30,232
posx-comet-store,d043d5fd66,2025-11-05T13:53:52+05:30,src/components/app/home/cart-card.tsx,cf0fcbcdaa,2025-03-15T19:13:00+05:30,234
posx-comet-store,d043d5fd66,2025-11-05T13:53:52+05:30,src/components/app/home/cart-card.tsx,8db8c03999,2025-03-20T22:06:56+05:30,229
posx-comet-store,d043d5fd66,2025-11-05T13:53:52+05:30,src/components/app/home/cart-card.tsx,dec596b3ca,2025-03-21T21:10:18+05:30,228
posx-comet-store,d043d5fd66,2025-11-05T13:53:52+05:30,src/components/app/home/cart-card.tsx,aa9ccdf8f4,2025-03-15T20:51:38+05:30,234
posx-comet-store,d043d5fd66,2025-11-05T13:53:52+05:30,src/components/app/home/cart-card.tsx,c542cb3f18,2025-04-11T11:51:42+05:30,208
posx-comet-store,d043d5fd66,2025-11-05T13:53:52+05:30,src/components/app/home/cart-card.tsx,2e9a721e17,2025-03-21T09:16:40+05:30,229
posx-comet-store,d043d5fd66,2025-11-05T13:53:52+05:30,src/components/app/home/checkout-button.tsx,74c8adaf4b,2025-04-01T12:09:17+05:30,218
posx-comet-store,d043d5fd66,2025-11-05T13:53:52+05:30,src/components/app/home/index.tsx,68301967fd,2025-03-26T12:42:01+05:30,224
posx-comet-store,d043d5fd66,2025-11-05T13:53:52+05:30,src/components/app/home/index.tsx,ee5d478355,2025-03-21T16:10:48+05:30,228
posx-comet-store,d043d5fd66,2025-11-05T13:53:52+05:30,src/components/layouts/app/header.tsx,3f066c361c,2025-03-15T21:37:19+05:30,234
posx-comet-store,d043d5fd66,2025-11-05T13:53:52+05:30,src/components/layouts/app/header.tsx,cf0fcbcdaa,2025-03-15T19:13:00+05:30,234
posx-comet-store,d043d5fd66,2025-11-05T13:53:52+05:30,src/components/layouts/app/header.tsx,a9704840b5,2025-03-22T20:12:53+05:30,227
posx-comet-store,d043d5fd66,2025-11-05T13:53:52+05:30,src/components/layouts/app/header.tsx,3b82a92794,2025-03-28T15:46:34+05:30,221
posx-comet-store,d043d5fd66,2025-11-05T13:53:52+05:30,src/components/layouts/app/header.tsx,df579a1c1a,2025-03-31T12:06:22+05:30,219
posx-comet-store,d043d5fd66,2025-11-05T13:53:52+05:30,src/components/layouts/app/index.tsx,d65a356e0d,2025-04-11T18:01:23+05:30,207
posx-comet-store,d043d5fd66,2025-11-05T13:53:52+05:30,src/components/layouts/app/sidebar.tsx,dcdaa1bad5,2025-03-22T11:26:08+05:30,228
posx-comet-store,d043d5fd66,2025-11-05T13:53:52+05:30,src/components/layouts/app/store-selector.tsx,3e8a679852,2025-03-15T23:36:58+05:30,234
posx-comet-store,d043d5fd66,2025-11-05T13:53:52+05:30,src/components/layouts/app/store-selector.tsx,c349066281,2025-03-21T15:46:59+05:30,228
posx-comet-store,b323bc923b,2025-11-05T14:24:33+05:30,src/components/app/home/index.tsx,d043d5fd66,2025-11-05T13:53:52+05:30,0
posx-comet-store,b323bc923b,2025-11-05T14:24:33+05:30,src/components/app/home/index.tsx,68301967fd,2025-03-26T12:42:01+05:30,224
posx-comet-store,b323bc923b,2025-11-05T14:24:33+05:30,src/components/layouts/app/mobile-menu.tsx,d043d5fd66,2025-11-05T13:53:52+05:30,0
posx-comet-store,b323bc923b,2025-11-05T14:24:33+05:30,src/components/layouts/app/store-selector.tsx,3e8a679852,2025-03-15T23:36:58+05:30,234
posx-comet-store,14ec3704a0,2025-11-05T14:32:24+05:30,src/components/layouts/app/mobile-menu.tsx,d043d5fd66,2025-11-05T13:53:52+05:30,0
posx-comet-store,14ec3704a0,2025-11-05T14:32:24+05:30,src/components/primitives/sheet.tsx,afe8ca97f7,2025-04-02T18:10:32+05:30,216
posx-comet-store,82ee39cc7b,2025-11-05T14:38:31+05:30,src/components/layouts/app/bottom-nav.tsx,d043d5fd66,2025-11-05T13:53:52+05:30,0
posx-comet-store,82ee39cc7b,2025-11-05T14:38:31+05:30,src/components/layouts/app/mobile-menu.tsx,b323bc923b,2025-11-05T14:24:33+05:30,0
posx-comet-store,ed60d35351,2025-11-05T15:02:11+05:30,src/components/app/product/cart-checkout.tsx,1f2af0d23c,2025-06-02T11:04:37+05:30,156
posx-comet-store,ed60d35351,2025-11-05T15:02:11+05:30,src/components/app/product/cart-panel.tsx,925634f0bf,2025-05-22T15:41:54+05:30,166
posx-comet-store,ed60d35351,2025-11-05T15:02:11+05:30,src/components/app/product/cart-panel.tsx,efcd376747,2025-06-19T16:45:16+05:30,138
posx-comet-store,ed60d35351,2025-11-05T15:02:11+05:30,src/components/app/product/cart-panel.tsx,51de8ab3ba,2025-05-21T18:03:01+05:30,167
posx-comet-store,ed60d35351,2025-11-05T15:02:11+05:30,src/components/app/product/cart-panel.tsx,1f2af0d23c,2025-06-02T11:04:37+05:30,156
posx-comet-store,ed60d35351,2025-11-05T15:02:11+05:30,src/components/app/product/online-cart-card.tsx,925634f0bf,2025-05-22T15:41:54+05:30,166
posx-comet-store,ed60d35351,2025-11-05T15:02:11+05:30,src/components/layouts/app/bottom-nav.tsx,82ee39cc7b,2025-11-05T14:38:31+05:30,0
posx-comet-store,ed60d35351,2025-11-05T15:02:11+05:30,src/pages/products/index.tsx,3e761dd27a,2025-03-22T12:57:43+05:30,228
posx-comet-store,ed60d35351,2025-11-05T15:02:11+05:30,src/pages/products/index.tsx,51de8ab3ba,2025-05-21T18:03:01+05:30,167
posx-comet-store,ed60d35351,2025-11-05T15:02:11+05:30,src/pages/products/index.tsx,b159c2e806,2025-06-25T23:45:03+05:30,132
posx-comet-store,ed60d35351,2025-11-05T15:02:11+05:30,src/pages/products/index.tsx,27dfcea783,2025-04-03T08:23:30+05:30,216
posx-comet-store,ed60d35351,2025-11-05T15:02:11+05:30,src/pages/products/index.tsx,d584d5423e,2025-04-03T08:21:28+05:30,216
posx-comet-store,d38d6d0987,2025-11-05T15:52:53+05:30,src/pages/products/details.tsx,925634f0bf,2025-05-22T15:41:54+05:30,167
posx-comet-store,d38d6d0987,2025-11-05T15:52:53+05:30,src/pages/products/details.tsx,df553d7d13,2025-11-05T15:17:26+05:30,0
posx-comet-store,d38d6d0987,2025-11-05T15:52:53+05:30,src/pages/products/details.tsx,efcd376747,2025-06-19T16:45:16+05:30,138
posx-comet-store,d38d6d0987,2025-11-05T15:52:53+05:30,src/pages/products/details.tsx,35746af97f,2025-04-02T20:33:30+05:30,216
posx-comet-store,d38d6d0987,2025-11-05T15:52:53+05:30,src/pages/products/details.tsx,390fda85b9,2025-03-22T14:39:53+05:30,228
posx-comet-store,70179e25b9,2025-11-05T16:09:21+05:30,src/pages/products/details.tsx,d38d6d0987,2025-11-05T15:52:53+05:30,0
posx-comet-store,70179e25b9,2025-11-05T16:09:21+05:30,src/pages/products/details.tsx,df553d7d13,2025-11-05T15:17:26+05:30,0
posx-comet-store,9a61aa85c1,2025-11-07T02:30:35+05:30,src/components/app/coupons/coupons-listing.tsx,27c04807f5,2025-04-11T18:35:07+05:30,209
posx-comet-store,9a61aa85c1,2025-11-07T02:30:35+05:30,src/components/app/coupons/coupons-listing.tsx,d043d5fd66,2025-11-05T13:53:52+05:30,1
posx-comet-store,9a61aa85c1,2025-11-07T02:30:35+05:30,src/pages/coupons/index.tsx,53b8521341,2025-03-17T15:10:13+05:30,234
posx-comet-store,9a61aa85c1,2025-11-07T02:30:35+05:30,src/pages/coupons/index.tsx,ea9555a3f4,2025-03-27T20:26:10+05:30,224
posx-comet-store,9a61aa85c1,2025-11-07T02:30:35+05:30,src/pages/coupons/index.tsx,c9fb8215d0,2025-03-28T10:40:59+05:30,223
posx-comet-store,9a61aa85c1,2025-11-07T02:30:35+05:30,src/pages/coupons/index.tsx,5d40c9bbca,2025-04-01T12:50:16+05:30,219
posx-comet-store,9a61aa85c1,2025-11-07T02:30:35+05:30,src/pages/coupons/index.tsx,2e9a721e17,2025-03-21T09:16:40+05:30,230
posx-comet-store,9a61aa85c1,2025-11-07T02:30:35+05:30,src/pages/coupons/index.tsx,ee0054ade5,2025-03-22T11:10:04+05:30,229
posx-comet-store,0e35dae5b5,2025-11-07T03:28:10+05:30,src/components/app/employees/employees-table.tsx,bf3ffece8d,2025-03-16T14:13:22+05:30,235
posx-comet-store,0e35dae5b5,2025-11-07T03:28:10+05:30,src/components/app/employees/employees-table.tsx,c3c54bad94,2025-03-26T13:00:41+05:30,225
posx-comet-store,0e35dae5b5,2025-11-07T03:28:10+05:30,src/components/app/employees/employees-table.tsx,2e9a721e17,2025-03-21T09:16:40+05:30,230
posx-comet-store,0e35dae5b5,2025-11-07T03:28:10+05:30,src/components/app/employees/employees-table.tsx,ee5d478355,2025-03-21T16:10:48+05:30,230
posx-comet-store,0e35dae5b5,2025-11-07T03:28:10+05:30,src/pages/employees/index.tsx,ee0054ade5,2025-03-22T11:10:04+05:30,229
posx-comet-store,0e35dae5b5,2025-11-07T03:28:10+05:30,src/pages/employees/index.tsx,b64ce47ee9,2025-03-25T17:40:45+05:30,226
posx-comet-store,0e35dae5b5,2025-11-07T03:28:10+05:30,src/pages/employees/index.tsx,53b8521341,2025-03-17T15:10:13+05:30,234
posx-comet-store,4a2764782c,2025-11-07T04:44:19+05:30,src/components/app/inventory/inventory-table.tsx,57887186ea,2025-04-12T00:07:07+05:30,209
posx-comet-store,4a2764782c,2025-11-07T04:44:19+05:30,src/components/filters.tsx,5ab799e983,2025-03-31T12:23:06+05:30,220
posx-comet-store,4a2764782c,2025-11-07T04:44:19+05:30,src/components/filters.tsx,f9be6482b4,2025-03-25T14:02:43+05:30,226
posx-comet-store,4a2764782c,2025-11-07T04:44:19+05:30,src/components/filters.tsx,878d07fa7b,2025-03-26T10:02:12+05:30,225
posx-comet-store,4a2764782c,2025-11-07T04:44:19+05:30,src/components/layouts/app/index.tsx,d043d5fd66,2025-11-05T13:53:52+05:30,1
posx-comet-store,4a2764782c,2025-11-07T04:44:19+05:30,src/pages/inventory/index.tsx,a77f85bf7a,2025-03-18T13:29:37+05:30,233
posx-comet-store,4a2764782c,2025-11-07T04:44:19+05:30,src/pages/inventory/index.tsx,42329f5627,2025-03-18T17:07:03+05:30,233
posx-comet-store,4a2764782c,2025-11-07T04:44:19+05:30,src/pages/inventory/index.tsx,b39b6b4efe,2025-04-03T22:56:46+05:30,217
posx-comet-store,4a2764782c,2025-11-07T04:44:19+05:30,src/pages/inventory/index.tsx,57887186ea,2025-04-12T00:07:07+05:30,209
posx-comet-store,4a2764782c,2025-11-07T04:44:19+05:30,src/pages/inventory/index.tsx,5e5250dcc7,2025-04-15T15:18:42+05:30,205
posx-comet-store,4a2764782c,2025-11-07T04:44:19+05:30,src/pages/inventory/index.tsx,3ac3b2824b,2025-04-15T19:52:31+05:30,205
posx-comet-store,4a2764782c,2025-11-07T04:44:19+05:30,src/pages/inventory/index.tsx,878d07fa7b,2025-03-26T10:02:12+05:30,225
posx-comet-store,813aa1da6d,2025-11-07T15:36:21+05:30,src/components/app/cms/cash-in-store-card.tsx,99e711fbe0,2025-04-08T17:37:44+05:30,212
posx-comet-store,813aa1da6d,2025-11-07T15:36:21+05:30,src/components/app/cms/cms-table.tsx,0ede6ddd88,2025-04-07T19:59:15+05:30,213
posx-comet-store,813aa1da6d,2025-11-07T15:36:21+05:30,src/components/app/cms/cms-table.tsx,28128f52bd,2025-04-09T11:54:04+05:30,212
posx-comet-store,813aa1da6d,2025-11-07T15:36:21+05:30,src/components/app/cms/cms-table.tsx,808160c463,2025-04-08T19:16:20+05:30,212
posx-comet-store,813aa1da6d,2025-11-07T15:36:21+05:30,src/components/app/cms/cms-table.tsx,6bd4c3d1e3,2025-04-08T19:21:34+05:30,212
posx-comet-store,813aa1da6d,2025-11-07T15:36:21+05:30,src/components/sort.tsx,e141923d1c,2025-11-06T10:51:24+05:30,1
posx-comet-store,813aa1da6d,2025-11-07T15:36:21+05:30,src/pages/cms/index.tsx,0ede6ddd88,2025-04-07T19:59:15+05:30,213
posx-comet-store,813aa1da6d,2025-11-07T15:36:21+05:30,src/pages/cms/index.tsx,28128f52bd,2025-04-09T11:54:04+05:30,212
posx-comet-store,813aa1da6d,2025-11-07T15:36:21+05:30,src/pages/cms/index.tsx,99e711fbe0,2025-04-08T17:37:44+05:30,212
posx-comet-store,eda0f5ad56,2025-11-07T15:50:27+05:30,src/components/app/return/return-status.tsx,1182068c3f,2025-04-17T14:32:27+05:30,204
posx-comet-store,eda0f5ad56,2025-11-07T15:50:27+05:30,src/components/app/return/returnable-order-card.tsx,b0b5306412,2025-04-03T12:05:20+05:30,218
posx-comet-store,eda0f5ad56,2025-11-07T15:50:27+05:30,src/components/app/return/returnable-order-card.tsx,1182068c3f,2025-04-17T14:32:27+05:30,204
posx-comet-store,eda0f5ad56,2025-11-07T15:50:27+05:30,src/components/app/return/returnable-order-card.tsx,bdb29f193c,2025-04-06T09:55:54+05:30,215
posx-comet-store,eda0f5ad56,2025-11-07T15:50:27+05:30,src/components/app/return/returnable-order-card.tsx,d65a356e0d,2025-04-11T18:01:23+05:30,209
posx-comet-store,eda0f5ad56,2025-11-07T15:50:27+05:30,src/pages/returns/index.tsx,2b06d2fe4f,2025-04-02T20:53:22+05:30,218
posx-comet-store,eda0f5ad56,2025-11-07T15:50:27+05:30,src/pages/returns/index.tsx,1093924a25,2025-04-02T23:10:59+05:30,218
posx-comet-store,eda0f5ad56,2025-11-07T15:50:27+05:30,src/pages/returns/index.tsx,b0b5306412,2025-04-03T12:05:20+05:30,218
posx-comet-store,eda0f5ad56,2025-11-07T15:50:27+05:30,src/pages/returns/index.tsx,b3bfa9d098,2025-04-15T18:01:45+05:30,205
posx-comet-store,eda0f5ad56,2025-11-07T15:50:27+05:30,src/pages/returns/index.tsx,34344ba549,2025-04-21T12:24:31+05:30,200
posx-comet-store,b55a5a3de5,2025-11-07T16:06:44+05:30,src/components/app/order/order-card.tsx,8464f54b99,2025-04-14T23:31:00+05:30,206
posx-comet-store,b55a5a3de5,2025-11-07T16:06:44+05:30,src/components/app/order/order-card.tsx,1f2af0d23c,2025-06-02T11:04:37+05:30,158
posx-comet-store,b55a5a3de5,2025-11-07T16:06:44+05:30,src/components/app/order/order-card.tsx,5fa65ad26f,2025-04-22T17:49:55+05:30,198
posx-comet-store,b55a5a3de5,2025-11-07T16:06:44+05:30,src/components/app/order/order-details.tsx,88395cc0c8,2025-03-22T20:54:51+05:30,229
posx-comet-store,b55a5a3de5,2025-11-07T16:06:44+05:30,src/components/app/order/order-details.tsx,7526eb353e,2025-04-15T12:45:39+05:30,206
posx-comet-store,b55a5a3de5,2025-11-07T16:06:44+05:30,src/components/app/return/return-status.tsx,eda0f5ad56,2025-11-07T15:50:27+05:30,0
posx-comet-store,b55a5a3de5,2025-11-07T16:06:44+05:30,src/components/app/transactions/transations-table.tsx,e0b6da3aca,2025-03-24T10:11:55+05:30,228
posx-comet-store,b55a5a3de5,2025-11-07T16:06:44+05:30,src/components/app/transactions/transations-table.tsx,f893ffd901,2025-04-05T21:06:39+05:30,215
posx-comet-store,b55a5a3de5,2025-11-07T16:06:44+05:30,src/components/app/transactions/transations-table.tsx,bd22af55bc,2025-03-30T18:55:05+05:30,221
posx-comet-store,b55a5a3de5,2025-11-07T16:06:44+05:30,src/components/app/transactions/transations-table.tsx,68301967fd,2025-03-26T12:42:01+05:30,226
posx-comet-store,b55a5a3de5,2025-11-07T16:06:44+05:30,src/pages/return-and-exchange/index.tsx,3403935757,2025-04-11T15:16:07+05:30,210
posx-comet-store,b55a5a3de5,2025-11-07T16:06:44+05:30,src/pages/return-and-exchange/index.tsx,94be36eeb0,2025-07-15T16:44:18+05:30,114
posx-comet-store,b55a5a3de5,2025-11-07T16:06:44+05:30,src/pages/return-and-exchange/index.tsx,1182068c3f,2025-04-17T14:32:27+05:30,204
posx-comet-store,b55a5a3de5,2025-11-07T16:06:44+05:30,src/pages/return-and-exchange/index.tsx,31df5d684e,2025-04-29T20:13:39+05:30,191
posx-comet-store,b55a5a3de5,2025-11-07T16:06:44+05:30,src/pages/return-and-exchange/index.tsx,b6130e7e3a,2025-05-21T18:07:48+05:30,169
posx-comet-store,b55a5a3de5,2025-11-07T16:06:44+05:30,src/pages/return-and-exchange/index.tsx,01e4e59197,2025-06-06T23:02:40+05:30,153
posx-comet-store,b55a5a3de5,2025-11-07T16:06:44+05:30,src/pages/return-and-exchange/index.tsx,ea046cab0a,2025-04-21T10:50:57+05:30,200
posx-comet-store,7aa6a5bac5,2025-11-07T16:22:56+05:30,src/components/exchange/ExchangeOrderDetails.tsx,8464f54b99,2025-04-14T23:31:00+05:30,206
posx-comet-store,7aa6a5bac5,2025-11-07T16:22:56+05:30,src/components/exchange/ExchangeOrderDetails.tsx,3ce3c79786,2025-04-17T23:57:51+05:30,203
posx-comet-store,7aa6a5bac5,2025-11-07T16:22:56+05:30,src/components/exchange/ExchangeOrderDetails.tsx,fae881b77b,2025-04-16T16:28:18+05:30,204
posx-comet-store,7aa6a5bac5,2025-11-07T16:22:56+05:30,src/components/exchange/OrderProductCard.tsx,8464f54b99,2025-04-14T23:31:00+05:30,206
posx-comet-store,7aa6a5bac5,2025-11-07T16:22:56+05:30,src/components/exchange/OrderProductCard.tsx,6467a93fad,2025-04-15T12:12:50+05:30,206
posx-comet-store,7aa6a5bac5,2025-11-07T16:22:56+05:30,src/components/layouts/app/header.tsx,d043d5fd66,2025-11-05T13:53:52+05:30,2
posx-comet-store,7aa6a5bac5,2025-11-07T16:22:56+05:30,src/components/layouts/app/index.tsx,4a2764782c,2025-11-07T04:44:19+05:30,0
posx-comet-store,7aa6a5bac5,2025-11-07T16:22:56+05:30,src/pages/exchanges/details.tsx,3403935757,2025-04-11T15:16:07+05:30,210
posx-comet-store,7aa6a5bac5,2025-11-07T16:22:56+05:30,src/pages/exchanges/details.tsx,3ce3c79786,2025-04-17T23:57:51+05:30,203
posx-comet-store,15d01d8ae4,2025-11-07T16:35:20+05:30,src/components/app/coupons/coupons-listing.tsx,7ff399dc3f,2025-11-07T02:37:22+05:30,0
posx-comet-store,15d01d8ae4,2025-11-07T16:35:20+05:30,src/components/app/coupons/coupons-listing.tsx,9a61aa85c1,2025-11-07T02:30:35+05:30,0
posx-comet-store,15d01d8ae4,2025-11-07T16:35:20+05:30,src/pages/products/details.tsx,70179e25b9,2025-11-05T16:09:21+05:30,2
posx-comet-store,f5426ea707,2025-11-07T16:38:00+05:30,src/pages/products/details.tsx,efcd376747,2025-06-19T16:45:16+05:30,140
posx-comet-store,f5426ea707,2025-11-07T16:38:00+05:30,src/pages/products/details.tsx,70179e25b9,2025-11-05T16:09:21+05:30,2
posx-comet-store,91d1ef3afa,2025-11-07T22:04:25+05:30,src/components/app/home/index.tsx,b323bc923b,2025-11-05T14:24:33+05:30,2
posx-comet-store,f4a11fe9fa,2025-11-10T01:25:10+05:30,src/components/app/home/index.tsx,b323bc923b,2025-11-05T14:24:33+05:30,4
posx-comet-store,f4a11fe9fa,2025-11-10T01:25:10+05:30,src/components/app/home/index.tsx,91d1ef3afa,2025-11-07T22:04:25+05:30,2
posx-comet-store,f4a11fe9fa,2025-11-10T01:25:10+05:30,src/components/app/home/index.tsx,d043d5fd66,2025-11-05T13:53:52+05:30,4
posx-comet-store,8fe1bc2724,2025-11-10T01:31:28+05:30,src/components/app/home/index.tsx,f4a11fe9fa,2025-11-10T01:25:10+05:30,0
posx-comet-store,8fe1bc2724,2025-11-10T01:31:28+05:30,src/components/app/home/index.tsx,d043d5fd66,2025-11-05T13:53:52+05:30,4
posx-comet-store,8fe1bc2724,2025-11-10T01:31:28+05:30,src/components/app/home/index.tsx,b323bc923b,2025-11-05T14:24:33+05:30,4
posx-comet-store,8fe1bc2724,2025-11-10T01:31:28+05:30,src/components/app/home/index.tsx,91d1ef3afa,2025-11-07T22:04:25+05:30,2
posx-comet-store,8fe1bc2724,2025-11-10T01:31:28+05:30,src/components/app/home/index.tsx,15d01d8ae4,2025-11-07T16:35:20+05:30,2
posx-comet-store,f28418d557,2025-11-10T04:49:51+05:30,src/components/app/return/returnable-order-card.tsx,eda0f5ad56,2025-11-07T15:50:27+05:30,2
posx-comet-store,f28418d557,2025-11-10T04:49:51+05:30,src/pages/returns/index.tsx,eda0f5ad56,2025-11-07T15:50:27+05:30,2
posx-comet-store,5471e03c16,2025-11-10T11:39:25+05:30,src/pages/exchanges/details.tsx,7aa6a5bac5,2025-11-07T16:22:56+05:30,2
posx-comet-store,5471e03c16,2025-11-10T11:39:25+05:30,src/pages/return-and-exchange/index.tsx,b55a5a3de5,2025-11-07T16:06:44+05:30,2
posx-comet-store,5471e03c16,2025-11-10T11:39:25+05:30,src/pages/returns/details.tsx,e580ed9d39,2025-11-07T16:12:42+05:30,2
posx-comet-store,28c01f7985,2025-11-10T12:19:09+05:30,src/pages/online-orders/details/payment-details.tsx,1d08fe0c05,2025-11-10T11:48:12+05:30,0
posx-comet-store,28c01f7985,2025-11-10T12:19:09+05:30,src/pages/online-orders/details/payment-details.tsx,1f2af0d23c,2025-06-02T11:04:37+05:30,161
posx-comet-store,28c01f7985,2025-11-10T12:19:09+05:30,src/pages/return-and-exchange/index.tsx,5471e03c16,2025-11-10T11:39:25+05:30,0
posx-comet-store,2f28236b39,2025-11-10T12:48:45+05:30,src/components/app/online-orders/customer-details/gst-info.tsx,efcd376747,2025-06-19T16:45:16+05:30,143
posx-comet-store,2f28236b39,2025-11-10T12:48:45+05:30,src/components/app/online-orders/customer-details/personal-info.tsx,efcd376747,2025-06-19T16:45:16+05:30,143
posx-comet-store,2f28236b39,2025-11-10T12:48:45+05:30,src/components/app/online-orders/customer-details/personal-info.tsx,dd2700f685,2025-10-17T16:53:50+05:30,23
posx-comet-store,2f28236b39,2025-11-10T12:48:45+05:30,src/pages/online-orders/details/customer-details.tsx,1f2af0d23c,2025-06-02T11:04:37+05:30,161
posx-comet-store,2f28236b39,2025-11-10T12:48:45+05:30,src/pages/online-orders/details/customer-details.tsx,efcd376747,2025-06-19T16:45:16+05:30,143
posx-comet-store,2f28236b39,2025-11-10T12:48:45+05:30,src/pages/online-orders/details/customer-details.tsx,b159c2e806,2025-06-25T23:45:03+05:30,137
posx-comet-store,2f28236b39,2025-11-10T12:48:45+05:30,src/pages/online-orders/details/customer-details.tsx,4fecbc008b,2025-07-03T11:48:44+05:30,130
posx-comet-store,2f28236b39,2025-11-10T12:48:45+05:30,src/pages/online-orders/details/payment-details.tsx,1d08fe0c05,2025-11-10T11:48:12+05:30,0
posx-comet-store,68e353b3d1,2025-11-10T12:56:37+05:30,src/components/layouts/app/bottom-nav.tsx,2a97053271,2025-11-10T04:28:41+05:30,0
posx-comet-store,68e353b3d1,2025-11-10T12:56:37+05:30,src/components/layouts/app/index.tsx,7146adcb33,2025-11-10T04:55:24+05:30,0
posx-comet-store,835f8f4e33,2025-11-10T14:32:09+05:30,.claude/settings.local.json,2a97053271,2025-11-10T04:28:41+05:30,0
posx-comet-store,835f8f4e33,2025-11-10T14:32:09+05:30,src/components/layouts/app/bottom-nav.tsx,d043d5fd66,2025-11-05T13:53:52+05:30,5
posx-comet-store,835f8f4e33,2025-11-10T14:32:09+05:30,src/components/layouts/app/mobile-menu.tsx,14ec3704a0,2025-11-05T14:32:24+05:30,4
posx-comet-store,835f8f4e33,2025-11-10T14:32:09+05:30,src/components/layouts/app/mobile-menu.tsx,d043d5fd66,2025-11-05T13:53:52+05:30,5
posx-comet-store,835f8f4e33,2025-11-10T14:32:09+05:30,src/components/layouts/app/mobile-menu.tsx,b323bc923b,2025-11-05T14:24:33+05:30,5
posx-comet-store,27ceb2861d,2025-11-10T14:45:44+05:30,src/components/app/product/cart-panel.tsx,0d1a511ec0,2025-05-23T14:11:37+05:30,171
posx-comet-store,27ceb2861d,2025-11-10T14:45:44+05:30,src/components/app/product/cart-panel.tsx,925634f0bf,2025-05-22T15:41:54+05:30,171
posx-comet-store,27ceb2861d,2025-11-10T14:45:44+05:30,src/components/layouts/app/bottom-nav.tsx,8cb958ea0f,2025-11-10T01:51:12+05:30,0
posx-comet-store,27ceb2861d,2025-11-10T14:45:44+05:30,src/components/layouts/app/index.tsx,8cb958ea0f,2025-11-10T01:51:12+05:30,0
posx-comet-store,27ceb2861d,2025-11-10T14:45:44+05:30,src/pages/products/details.tsx,efcd376747,2025-06-19T16:45:16+05:30,143
posx-comet-store,1ca83a8110,2025-11-10T15:17:58+05:30,src/pages/orders/details/order-details.tsx,4ed6636143,2025-03-27T11:02:19+05:30,228
posx-comet-store,1ca83a8110,2025-11-10T15:17:58+05:30,src/pages/orders/details/order-details.tsx,31df5d684e,2025-04-29T20:13:39+05:30,194
posx-comet-store,1ca83a8110,2025-11-10T15:17:58+05:30,src/pages/products/index.tsx,51de8ab3ba,2025-05-21T18:03:01+05:30,172
posx-comet-store,1ca83a8110,2025-11-10T15:17:58+05:30,src/pages/products/index.tsx,b4adb77ae6,2025-11-10T03:17:07+05:30,0
posx-comet-store,1ca83a8110,2025-11-10T15:17:58+05:30,src/pages/products/index.tsx,d584d5423e,2025-04-03T08:21:28+05:30,221
posx-comet-store,066bceab0d,2025-11-10T15:19:24+05:30,src/pages/orders/details/order-details.tsx,8464f54b99,2025-04-14T23:31:00+05:30,209
posx-comet-store,066bceab0d,2025-11-10T15:19:24+05:30,src/pages/orders/details/order-details.tsx,8e1175a91f,2025-04-26T14:09:06+05:30,198
posx-comet-store,066bceab0d,2025-11-10T15:19:24+05:30,src/pages/orders/details/order-details.tsx,94be36eeb0,2025-07-15T16:44:18+05:30,117
posx-comet-store,066bceab0d,2025-11-10T15:19:24+05:30,src/pages/orders/details/order-details.tsx,0ef7520df3,2025-03-31T15:28:26+05:30,223
posx-comet-store,066bceab0d,2025-11-10T15:19:24+05:30,src/pages/orders/details/order-details.tsx,d1f943f60d,2025-04-09T19:39:10+05:30,214
posx-comet-store,066bceab0d,2025-11-10T15:19:24+05:30,src/pages/orders/details/order-details.tsx,31df5d684e,2025-04-29T20:13:39+05:30,194
posx-comet-store,066bceab0d,2025-11-10T15:19:24+05:30,src/pages/orders/details/order-details.tsx,6f395c4c68,2025-04-30T23:36:39+05:30,193
posx-comet-store,066bceab0d,2025-11-10T15:19:24+05:30,src/pages/orders/details/order-details.tsx,f4c1a65dbb,2025-06-17T15:06:39+05:30,146
posx-comet-store,066bceab0d,2025-11-10T15:19:24+05:30,src/pages/orders/details/order-details.tsx,1ca83a8110,2025-11-10T15:17:58+05:30,0
posx-comet-store,066bceab0d,2025-11-10T15:19:24+05:30,src/pages/orders/details/order-details.tsx,7a08785baa,2025-07-17T16:58:47+05:30,115
posx-comet-store,066bceab0d,2025-11-10T15:19:24+05:30,src/pages/orders/details/order-details.tsx,38bb6e8610,2025-03-28T10:13:34+05:30,227
posx-comet-store,066bceab0d,2025-11-10T15:19:24+05:30,src/pages/orders/details/order-details.tsx,93f10e4888,2025-04-05T10:29:06+05:30,219
posx-comet-store,066bceab0d,2025-11-10T15:19:24+05:30,src/pages/orders/details/order-details.tsx,7a10c1d85c,2025-03-27T12:49:44+05:30,228
posx-comet-store,547a342633,2025-11-11T04:05:11+05:30,.claude/settings.local.json,835f8f4e33,2025-11-10T14:32:09+05:30,0
posx-comet-store,547a342633,2025-11-11T04:05:11+05:30,src/components/primitives/date-range-picker.tsx,4432a4586b,2025-04-01T10:13:48+05:30,223
posx-comet-store,547a342633,2025-11-11T04:05:11+05:30,src/components/primitives/date-range-picker.tsx,e141923d1c,2025-11-06T10:51:24+05:30,4
posx-comet-store,547a342633,2025-11-11T04:05:11+05:30,src/components/primitives/date-range-picker.tsx,8d623af97a,2025-11-06T11:08:20+05:30,4
posx-comet-store,547a342633,2025-11-11T04:05:11+05:30,src/components/primitives/date-range-picker.tsx,77d4f86888,2025-04-01T10:28:30+05:30,223
posx-comet-store,547a342633,2025-11-11T04:05:11+05:30,src/components/primitives/date-range-picker.tsx,f4c1a65dbb,2025-06-17T15:06:39+05:30,146
posx-comet-store,7197405611,2025-11-11T10:16:06+05:30,src/components/layouts/app/index.tsx,68e353b3d1,2025-11-10T12:56:37+05:30,0
posx-comet-store,7197405611,2025-11-11T10:16:06+05:30,src/components/layouts/app/sidebar.tsx,2a97053271,2025-11-10T04:28:41+05:30,1
posx-comet-store,7197405611,2025-11-11T10:16:06+05:30,src/components/layouts/app/sidebar.tsx,7f00dd8c2c,2025-03-22T18:06:25+05:30,233
posx-comet-store,7197405611,2025-11-11T10:16:06+05:30,src/pages/products/details.tsx,f5426ea707,2025-11-07T16:38:00+05:30,3
posx-comet-store,7197405611,2025-11-11T10:16:06+05:30,src/pages/products/details.tsx,d38d6d0987,2025-11-05T15:52:53+05:30,5
posx-comet-store,59679d043b,2025-11-12T02:31:08+05:30,src/pages/products/index.tsx,1ca83a8110,2025-11-10T15:17:58+05:30,1
posx-comet-store,2d090cf5ff,2025-11-12T02:40:52+05:30,src/components/layouts/app/mobile-menu.tsx,b323bc923b,2025-11-05T14:24:33+05:30,6
posx-comet-store,2d090cf5ff,2025-11-12T02:40:52+05:30,src/components/layouts/app/store-selector.tsx,b323bc923b,2025-11-05T14:24:33+05:30,6
posx-comet-store,81a1b4604a,2025-11-12T03:43:12+05:30,src/components/app/orders/order-report-cards.tsx,8d8e8f3fae,2025-11-12T03:23:41+05:30,0
posx-comet-store,109ce33dd0,2025-11-12T03:55:03+05:30,src/components/app/loss-of-sales/loss-of-sales-report-cards.tsx,f6f9e54861,2025-10-31T09:19:52+05:30,11
posx-comet-store,109ce33dd0,2025-11-12T03:55:03+05:30,src/components/app/loss-of-sales/loss-of-sales-report-options.tsx,f6f9e54861,2025-10-31T09:19:52+05:30,11
posx-comet-store,109ce33dd0,2025-11-12T03:55:03+05:30,src/pages/loss-of-sales/index.tsx,f6f9e54861,2025-10-31T09:19:52+05:30,11
posx-comet-store,4e825cf1f1,2025-11-18T10:08:50+05:30,src/components/app/loss-of-sales/add-loss-of-sales.tsx,d4192a79d8,2025-10-31T16:24:50+05:30,17
posx-comet-store,4e825cf1f1,2025-11-18T10:08:50+05:30,src/components/app/loss-of-sales/add-loss-of-sales.tsx,49c4e84b57,2025-11-13T19:45:44+05:30,4
posx-comet-store,4e825cf1f1,2025-11-18T10:08:50+05:30,src/components/app/loss-of-sales/inventory-warning-dialog.tsx,49c4e84b57,2025-11-13T19:45:44+05:30,4
posx-comet-store,4e825cf1f1,2025-11-18T10:08:50+05:30,src/pages/loss-of-sales/index.tsx,d4192a79d8,2025-10-31T16:24:50+05:30,17
posx-comet-store,e772fc6fda,2025-11-18T10:27:16+05:30,src/types/loss-of-sales.ts,49c4e84b57,2025-11-13T19:45:44+05:30,4
posx-comet-store,42d578c942,2025-11-18T14:48:01+05:30,src/components/app/home/index.tsx,8fe1bc2724,2025-11-10T01:31:28+05:30,8
posx-comet-store,42d578c942,2025-11-18T14:48:01+05:30,src/components/app/orders/orders-report-options.tsx,8d8e8f3fae,2025-11-12T03:23:41+05:30,6
posx-comet-store,42d578c942,2025-11-18T14:48:01+05:30,src/components/app/orders/orders-report-options.tsx,369082de00,2025-03-29T11:41:50+05:30,234
posx-comet-store,0c4c90a021,2025-11-18T15:17:43+05:30,src/components/app/loss-of-sales/loss-of-sales-report-options.tsx,f6f9e54861,2025-10-31T09:19:52+05:30,18
posx-comet-store,0c4c90a021,2025-11-18T15:17:43+05:30,src/components/app/loss-of-sales/loss-of-sales-report-options.tsx,109ce33dd0,2025-11-12T03:55:03+05:30,6
posx-comet-store,0c4c90a021,2025-11-18T15:17:43+05:30,src/components/app/product/online-cart-card.tsx,27ceb2861d,2025-11-10T14:45:44+05:30,8
posx-comet-store,0c4c90a021,2025-11-18T15:17:43+05:30,src/components/app/product/online-cart-card.tsx,ed60d35351,2025-11-05T15:02:11+05:30,13
posx-comet-store,5dfe70d626,2025-11-19T09:29:47+05:30,src/components/app/loss-of-sales/add-loss-of-sales.tsx,d4192a79d8,2025-10-31T16:24:50+05:30,18
posx-comet-store,5dfe70d626,2025-11-19T09:29:47+05:30,src/components/app/loss-of-sales/add-loss-of-sales.tsx,49c4e84b57,2025-11-13T19:45:44+05:30,5
posx-comet-store,5dfe70d626,2025-11-19T09:29:47+05:30,src/components/app/loss-of-sales/add-loss-of-sales.tsx,4e825cf1f1,2025-11-18T10:08:50+05:30,0
posx-comet-store,5dfe70d626,2025-11-19T09:29:47+05:30,src/components/app/loss-of-sales/create-loss-of-sales-form.tsx,f6f9e54861,2025-10-31T09:19:52+05:30,19
posx-comet-store,5dfe70d626,2025-11-19T09:29:47+05:30,src/components/app/loss-of-sales/create-loss-of-sales-form.tsx,49c4e84b57,2025-11-13T19:45:44+05:30,5
posx-comet-store,5dfe70d626,2025-11-19T09:29:47+05:30,src/components/app/loss-of-sales/product-variant-selector.tsx,f6f9e54861,2025-10-31T09:19:52+05:30,19
posx-comet-store,edd69446a5,2025-11-19T20:42:50+05:30,src/components/app/order/order-details.tsx,88395cc0c8,2025-03-22T20:54:51+05:30,241
posx-comet-store,edd69446a5,2025-11-19T20:42:50+05:30,src/components/app/orders/orders-table.tsx,dbdbb7aacd,2025-11-10T03:52:56+05:30,9
posx-comet-store,edd69446a5,2025-11-19T20:42:50+05:30,src/pages/customer/orders/details.tsx,6933d99fff,2025-04-03T21:00:01+05:30,229
posx-comet-store,edd69446a5,2025-11-19T20:42:50+05:30,src/pages/online-orders/details/order-details.tsx,01e4e59197,2025-06-06T23:02:40+05:30,165
posx-comet-store,edd69446a5,2025-11-19T20:42:50+05:30,src/pages/online-orders/details/order-details.tsx,2a97053271,2025-11-10T04:28:41+05:30,9
posx-comet-store,edd69446a5,2025-11-19T20:42:50+05:30,src/pages/orders/details/order-details.tsx,4ed6636143,2025-03-27T11:02:19+05:30,237
posx-comet-store,edd69446a5,2025-11-19T20:42:50+05:30,src/pages/returns/details.tsx,e580ed9d39,2025-11-07T16:12:42+05:30,12
posx-comet-store,edd69446a5,2025-11-19T20:42:50+05:30,src/pages/returns/details.tsx,f60ace5fad,2025-04-05T13:40:03+05:30,228
posx-comet-store,54d6725e4d,2025-11-20T04:07:02+05:30,src/pages/exchanges/details.tsx,7aa6a5bac5,2025-11-07T16:22:56+05:30,12
posx-comet-store,54d6725e4d,2025-11-20T04:07:02+05:30,src/pages/return-and-exchange/index.tsx,b55a5a3de5,2025-11-07T16:06:44+05:30,12
posx-comet-store,54d6725e4d,2025-11-20T04:07:02+05:30,src/pages/return-and-exchange/index.tsx,3403935757,2025-04-11T15:16:07+05:30,222
posx-comet-store,54d6725e4d,2025-11-20T04:07:02+05:30,src/pages/return-and-exchange/index.tsx,5471e03c16,2025-11-10T11:39:25+05:30,9
posx-comet-store,54d6725e4d,2025-11-20T04:07:02+05:30,src/pages/returns/details.tsx,f60ace5fad,2025-04-05T13:40:03+05:30,228
posx-comet-store,54d6725e4d,2025-11-20T04:07:02+05:30,src/pages/returns/details.tsx,98cb2001db,2025-04-05T22:07:59+05:30,228
posx-comet-store,54d6725e4d,2025-11-20T04:07:02+05:30,src/pages/returns/details.tsx,a8bfe0f291,2025-04-05T16:31:06+05:30,228
posx-comet-store,54d6725e4d,2025-11-20T04:07:02+05:30,src/pages/returns/details.tsx,f893ffd901,2025-04-05T21:06:39+05:30,228
posx-comet-store,a94412a679,2025-11-20T04:30:40+05:30,src/components/app/order/steps/payment-details/cash-form/index.tsx,2bf3c7ac0a,2025-03-17T13:12:44+05:30,247
posx-comet-store,a94412a679,2025-11-20T04:30:40+05:30,src/components/app/order/steps/payment-details/cash-form/index.tsx,5029db4b04,2025-03-25T10:13:42+05:30,239
posx-comet-store,a94412a679,2025-11-20T04:30:40+05:30,src/components/app/order/steps/payment-details/razorpay-form/index.tsx,2bf3c7ac0a,2025-03-17T13:12:44+05:30,247
posx-comet-store,a94412a679,2025-11-20T04:30:40+05:30,src/components/app/order/steps/payment-details/razorpay-form/index.tsx,5029db4b04,2025-03-25T10:13:42+05:30,239
posx-comet-store,a94412a679,2025-11-20T04:30:40+05:30,src/components/app/order/steps/payment-details/razorpay-pos-form/index.tsx,2bf3c7ac0a,2025-03-17T13:12:44+05:30,247
posx-comet-store,a94412a679,2025-11-20T04:30:40+05:30,src/components/app/order/steps/payment-details/razorpay-pos-form/index.tsx,366fc8a457,2025-03-21T18:03:50+05:30,243
posx-comet-store,a94412a679,2025-11-20T04:30:40+05:30,src/components/app/order/steps/payment-details/razorpay-pos-form/index.tsx,5029db4b04,2025-03-25T10:13:42+05:30,239
posx-comet-store,a94412a679,2025-11-20T04:30:40+05:30,src/components/app/order/steps/payment-details/single-payment.tsx,2bf3c7ac0a,2025-03-17T13:12:44+05:30,247
posx-comet-store,a94412a679,2025-11-20T04:30:40+05:30,src/components/app/order/steps/payment-details/single-payment.tsx,68301967fd,2025-03-26T12:42:01+05:30,238
posx-comet-store,a94412a679,2025-11-20T04:30:40+05:30,src/components/app/order/steps/payment-details/single-payment.tsx,2352335dba,2025-03-27T12:50:25+05:30,237
posx-comet-store,eb80e375e6,2025-11-20T09:37:24+05:30,src/components/app/loss-of-sales/loss-of-sales-table.tsx,49c4e84b57,2025-11-13T19:45:44+05:30,6
posx-comet-store,eb80e375e6,2025-11-20T09:37:24+05:30,src/components/app/loss-of-sales/multi-product-selector.tsx,26cacd9a77,2025-11-20T09:11:08+05:30,0
posx-comet-store,eb80e375e6,2025-11-20T09:37:24+05:30,src/types/loss-of-sales.ts,49c4e84b57,2025-11-13T19:45:44+05:30,6
posx-comet-store,76d58749d8,2025-11-20T09:41:30+05:30,.claude/settings.local.json,d043d5fd66,2025-11-05T13:53:52+05:30,14
posx-comet-store,76d58749d8,2025-11-20T09:41:30+05:30,.claude/settings.local.json,e141923d1c,2025-11-06T10:51:24+05:30,13
posx-comet-store,76d58749d8,2025-11-20T09:41:30+05:30,.claude/settings.local.json,2a97053271,2025-11-10T04:28:41+05:30,10
posx-comet-store,76d58749d8,2025-11-20T09:41:30+05:30,.claude/settings.local.json,835f8f4e33,2025-11-10T14:32:09+05:30,9
posx-comet-store,76d58749d8,2025-11-20T09:41:30+05:30,.claude/settings.local.json,547a342633,2025-11-11T04:05:11+05:30,9
posx-comet-store,76d58749d8,2025-11-20T09:41:30+05:30,src/components/app/loss-of-sales/loss-of-sales-table.tsx,87724dfdfa,2025-11-18T16:02:35+05:30,1
posx-comet-store,76d58749d8,2025-11-20T09:41:30+05:30,src/components/app/orders/orders-table.tsx,e141923d1c,2025-11-06T10:51:24+05:30,13
posx-comet-store,76d58749d8,2025-11-20T09:41:30+05:30,src/components/app/return/returnable-order-card.tsx,bdb29f193c,2025-04-06T09:55:54+05:30,227
posx-comet-store,76d58749d8,2025-11-20T09:41:30+05:30,src/components/layouts/app/bottom-nav.tsx,835f8f4e33,2025-11-10T14:32:09+05:30,9
posx-comet-store,76d58749d8,2025-11-20T09:41:30+05:30,src/components/layouts/app/bottom-nav.tsx,757bdc12f0,2025-11-10T14:56:23+05:30,9
posx-comet-store,76d58749d8,2025-11-20T09:41:30+05:30,src/components/primitives/date-range-picker.tsx,547a342633,2025-11-11T04:05:11+05:30,9
posx-comet-store,76d58749d8,2025-11-20T09:41:30+05:30,src/pages/exchanges/details.tsx,3403935757,2025-04-11T15:16:07+05:30,222
posx-comet-store,76d58749d8,2025-11-20T09:41:30+05:30,src/pages/online-orders/details/payment-details.tsx,28c01f7985,2025-11-10T12:19:09+05:30,9
posx-comet-store,76d58749d8,2025-11-20T09:41:30+05:30,src/pages/orders/details/customer-details.tsx,f633ac1f54,2025-11-10T02:08:44+05:30,10
posx-comet-store,76d58749d8,2025-11-20T09:41:30+05:30,src/pages/orders/details/payment-details.tsx,f633ac1f54,2025-11-10T02:08:44+05:30,10
posx-comet-store,76d58749d8,2025-11-20T09:41:30+05:30,src/pages/orders/index.tsx,e141923d1c,2025-11-06T10:51:24+05:30,13
posx-comet-store,76d58749d8,2025-11-20T09:41:30+05:30,src/pages/products/details.tsx,7fab230286,2025-11-18T15:54:20+05:30,1
posx-comet-store,76d58749d8,2025-11-20T09:41:30+05:30,src/pages/return-and-exchange/index.tsx,3403935757,2025-04-11T15:16:07+05:30,222
posx-comet-store,76d58749d8,2025-11-20T09:41:30+05:30,src/pages/returns/details.tsx,a8bfe0f291,2025-04-05T16:31:06+05:30,228
posx-comet-store,4da6512754,2025-11-20T10:34:43+05:30,src/components/app/loss-of-sales/single-product-warning-dialog.tsx,26cacd9a77,2025-11-20T09:11:08+05:30,0
posx-comet-store,4da6512754,2025-11-20T10:34:43+05:30,src/pages/loss-of-sales/index.tsx,d4192a79d8,2025-10-31T16:24:50+05:30,19
posx-comet-store,4da6512754,2025-11-20T10:34:43+05:30,src/pages/loss-of-sales/index.tsx,f6f9e54861,2025-10-31T09:19:52+05:30,20
posx-comet-store,686f17e90b,2025-11-20T10:58:26+05:30,src/components/app/order/exchange-order-summary.tsx,8464f54b99,2025-04-14T23:31:00+05:30,219
posx-comet-store,686f17e90b,2025-11-20T10:58:26+05:30,src/components/app/order/exchange-order-summary.tsx,2591ddcc90,2025-04-18T15:56:09+05:30,215
posx-comet-store,686f17e90b,2025-11-20T10:58:26+05:30,src/components/app/order/exchange-order-summary.tsx,d1459f01e9,2025-06-30T12:13:41+05:30,142
posx-comet-store,686f17e90b,2025-11-20T10:58:26+05:30,src/components/app/order/exchange-order-summary.tsx,1a171f3268,2025-04-24T10:34:26+05:30,210
posx-comet-store,686f17e90b,2025-11-20T10:58:26+05:30,src/components/app/order/steps/customer-details/index.tsx,1edfd0a618,2025-10-17T16:01:15+05:30,33
posx-comet-store,686f17e90b,2025-11-20T10:58:26+05:30,src/components/app/order/steps/customer-details/index.tsx,788e002a0a,2025-03-17T11:49:36+05:30,247
posx-comet-store,686f17e90b,2025-11-20T10:58:26+05:30,src/components/app/order/steps/customer-details/index.tsx,f633ac1f54,2025-11-10T02:08:44+05:30,10
posx-comet-store,686f17e90b,2025-11-20T10:58:26+05:30,src/components/app/order/steps/customer-details/index.tsx,dd2700f685,2025-10-17T16:53:50+05:30,33
posx-comet-store,686f17e90b,2025-11-20T10:58:26+05:30,src/components/app/order/steps/payment-details/exchange-payment-details.tsx,8464f54b99,2025-04-14T23:31:00+05:30,219
posx-comet-store,686f17e90b,2025-11-20T10:58:26+05:30,src/components/app/order/steps/payment-details/exchange-payment-details.tsx,4f3b96030f,2025-04-15T12:01:23+05:30,218
posx-comet-store,686f17e90b,2025-11-20T10:58:26+05:30,src/pages/orders/details/exchange-payment-details.tsx,9b5397f26c,2025-04-19T12:56:16+05:30,214
posx-comet-store,686f17e90b,2025-11-20T10:58:26+05:30,src/pages/orders/details/exchange-payment-details.tsx,8464f54b99,2025-04-14T23:31:00+05:30,219
posx-comet-store,686f17e90b,2025-11-20T10:58:26+05:30,src/pages/orders/details/exchange-payment-details.tsx,2591ddcc90,2025-04-18T15:56:09+05:30,215
posx-comet-store,032654033e,2025-11-20T11:53:15+05:30,src/components/app/order/order-details.tsx,2a97053271,2025-11-10T04:28:41+05:30,10
posx-comet-store,032654033e,2025-11-20T11:53:15+05:30,src/components/app/order/order-details.tsx,88395cc0c8,2025-03-22T20:54:51+05:30,242
posx-comet-store,032654033e,2025-11-20T11:53:15+05:30,src/components/app/order/order-details.tsx,1182068c3f,2025-04-17T14:32:27+05:30,216
posx-comet-store,032654033e,2025-11-20T11:53:15+05:30,src/components/app/order/order-details.tsx,68301967fd,2025-03-26T12:42:01+05:30,238
posx-comet-store,032654033e,2025-11-20T11:53:15+05:30,src/components/app/order/order-details.tsx,edd69446a5,2025-11-19T20:42:50+05:30,0
posx-comet-store,032654033e,2025-11-20T11:53:15+05:30,src/components/app/payments/shared/order-transactions-table.tsx,788e002a0a,2025-03-17T11:49:36+05:30,248
posx-comet-store,032654033e,2025-11-20T11:53:15+05:30,src/components/app/payments/shared/order-transactions-table.tsx,7f00dd8c2c,2025-03-22T18:06:25+05:30,242
posx-comet-store,032654033e,2025-11-20T11:53:15+05:30,src/components/app/payments/shared/order-transactions-table.tsx,e0b6da3aca,2025-03-24T10:11:55+05:30,241
posx-comet-store,032654033e,2025-11-20T11:53:15+05:30,src/components/app/payments/shared/order-transactions-table.tsx,366fc8a457,2025-03-21T18:03:50+05:30,243
posx-comet-store,032654033e,2025-11-20T11:53:15+05:30,src/components/app/payments/shared/order-transactions-table.tsx,2c22248b46,2025-03-24T12:36:43+05:30,240
posx-comet-store,032654033e,2025-11-20T11:53:15+05:30,src/components/app/payments/shared/order-transactions-table.tsx,bd22af55bc,2025-03-30T18:55:05+05:30,234
posx-comet-store,032654033e,2025-11-20T11:53:15+05:30,src/components/app/payments/shared/order-transactions-table.tsx,b0ceeb6aac,2025-03-24T00:21:23+05:30,241
posx-comet-store,032654033e,2025-11-20T11:53:15+05:30,src/components/app/payments/shared/order-transactions-table.tsx,2ac653ed98,2025-03-24T11:35:44+05:30,241
posx-comet-store,032654033e,2025-11-20T11:53:15+05:30,src/components/app/payments/shared/order-transactions-table.tsx,874f8785d7,2025-03-21T14:40:15+05:30,243
posx-comet-store,032654033e,2025-11-20T11:53:15+05:30,src/components/app/payments/shared/order-transactions-table.tsx,923a144764,2025-03-27T14:58:11+05:30,237
posx-comet-store,032654033e,2025-11-20T11:53:15+05:30,src/components/app/payments/shared/order-transactions-table.tsx,ef11f5a062,2025-03-24T17:36:24+05:30,240
posx-comet-store,032654033e,2025-11-20T11:53:15+05:30,src/components/app/transactions/order-transactions-section.tsx,69ba310299,2025-11-20T04:12:46+05:30,0
posx-comet-store,032654033e,2025-11-20T11:53:15+05:30,src/pages/customer/orders/details.tsx,e0b6da3aca,2025-03-24T10:11:55+05:30,241
posx-comet-store,032654033e,2025-11-20T11:53:15+05:30,src/pages/customer/orders/details.tsx,978f8145c8,2025-11-19T21:36:58+05:30,0
posx-comet-store,032654033e,2025-11-20T11:53:15+05:30,src/pages/customer/orders/details.tsx,6933d99fff,2025-04-03T21:00:01+05:30,230
posx-comet-store,032654033e,2025-11-20T11:53:15+05:30,src/pages/online-orders/details/order-details.tsx,01e4e59197,2025-06-06T23:02:40+05:30,166
posx-comet-store,032654033e,2025-11-20T11:53:15+05:30,src/pages/online-orders/details/order-details.tsx,978f8145c8,2025-11-19T21:36:58+05:30,0
posx-comet-store,032654033e,2025-11-20T11:53:15+05:30,src/pages/orders/details/order-details.tsx,e0b6da3aca,2025-03-24T10:11:55+05:30,241
posx-comet-store,032654033e,2025-11-20T11:53:15+05:30,src/pages/orders/details/order-details.tsx,978f8145c8,2025-11-19T21:36:58+05:30,0
posx-comet-store,032654033e,2025-11-20T11:53:15+05:30,src/pages/orders/details/order-details.tsx,7a1b80ab51,2025-11-11T04:45:59+05:30,9
posx-comet-store,032654033e,2025-11-20T11:53:15+05:30,src/pages/orders/details/order-details.tsx,4ed6636143,2025-03-27T11:02:19+05:30,238
posx-comet-store,032654033e,2025-11-20T11:53:15+05:30,src/pages/orders/details/order-details.tsx,066bceab0d,2025-11-10T15:19:24+05:30,9
posx-comet-store,032654033e,2025-11-20T11:53:15+05:30,src/pages/orders/details/order-details.tsx,edd69446a5,2025-11-19T20:42:50+05:30,0
posx-comet-store,032654033e,2025-11-20T11:53:15+05:30,src/pages/orders/details/order-details.tsx,353f49b2d5,2025-11-18T15:05:19+05:30,1
posx-comet-store,032654033e,2025-11-20T11:53:15+05:30,src/pages/return-and-exchange/index.tsx,3403935757,2025-04-11T15:16:07+05:30,222
posx-comet-store,032654033e,2025-11-20T11:53:15+05:30,src/pages/return-and-exchange/index.tsx,54d6725e4d,2025-11-20T04:07:02+05:30,0
posx-comet-store,f330e6e93b,2025-11-20T19:29:25+05:30,src/pages/orders/details/order-details.tsx,066bceab0d,2025-11-10T15:19:24+05:30,10
posx-comet-store,f330e6e93b,2025-11-20T19:29:25+05:30,src/pages/orders/details/order-details.tsx,032654033e,2025-11-20T11:53:15+05:30,0
posx-comet-store,71bffa4713,2025-11-20T19:41:03+05:30,src/pages/orders/details/order-details.tsx,032654033e,2025-11-20T11:53:15+05:30,0
posx-comet-store,6550479c87,2025-11-20T19:46:16+05:30,src/pages/orders/details/order-details.tsx,f330e6e93b,2025-11-20T19:29:25+05:30,0
posx-comet-store,ff01f1b832,2025-11-20T21:02:44+05:30,src/components/app/home/checkout-button.tsx,74c8adaf4b,2025-04-01T12:09:17+05:30,233
posx-comet-store,648b08c464,2025-11-21T12:47:11+05:30,src/components/app/home/index.tsx,8fe1bc2724,2025-11-10T01:31:28+05:30,11
posx-comet-store,648b08c464,2025-11-21T12:47:11+05:30,src/components/app/home/index.tsx,86ce460821,2025-11-10T02:27:47+05:30,11
posx-comet-store,648b08c464,2025-11-21T12:47:11+05:30,src/components/app/home/index.tsx,68301967fd,2025-03-26T12:42:01+05:30,240
posx-comet-store,206f04421f,2025-11-27T12:12:43+05:30,src/components/app/online-orders/schema.ts,1f2af0d23c,2025-06-02T11:04:37+05:30,178
posx-comet-store,206f04421f,2025-11-27T12:12:43+05:30,src/pages/online-orders/details/customer-details.tsx,f08e82292c,2025-11-13T19:46:54+05:30,13
posx-comet-store,77684905b6,2025-11-28T21:55:04+05:30,src/components/layouts/app/header.tsx,2a97053271,2025-11-10T04:28:41+05:30,18
posx-comet-store,ba28875dda,2025-12-16T17:13:32+05:30,src/pages/online-orders/details/order-details.tsx,b159c2e806,2025-06-25T23:45:03+05:30,173
posx-comet-store,ba28875dda,2025-12-16T17:13:32+05:30,src/pages/orders/details/order-details.tsx,f330e6e93b,2025-11-20T19:29:25+05:30,25
posx-comet-store,c51e152441,2026-01-19T16:58:15+05:30,src/components/app/payments/shared/order-transactions-table.tsx,032654033e,2025-11-20T11:53:15+05:30,60
posx-comet-store,c51e152441,2026-01-19T16:58:15+05:30,src/components/app/payments/shared/order-transactions-table.tsx,ef11f5a062,2025-03-24T17:36:24+05:30,300
posx-comet-store,c51e152441,2026-01-19T16:58:15+05:30,src/components/app/transactions/order-transaction-card.tsx,032654033e,2025-11-20T11:53:15+05:30,60
posx-comet-store,61817caf7b,2026-01-19T17:28:16+05:30,src/components/app/payments/shared/order-transactions-table.tsx,c51e152441,2026-01-19T16:58:15+05:30,0
posx-comet-store,61817caf7b,2026-01-19T17:28:16+05:30,src/components/app/transactions/order-transaction-card.tsx,c51e152441,2026-01-19T16:58:15+05:30,0
posx-comet-store,677366e3c0,2026-01-27T17:10:51+05:30,src/components/app/employees/employees-table.tsx,d745698f9e,2026-01-26T23:20:49+05:30,0
posx-comet-store,677366e3c0,2026-01-27T17:10:51+05:30,src/components/app/employees/employees-table.tsx,bf3ffece8d,2025-03-16T14:13:22+05:30,317
posx-comet-store,677366e3c0,2026-01-27T17:10:51+05:30,src/components/app/employees/employees-table.tsx,c3c54bad94,2025-03-26T13:00:41+05:30,307
posx-comet-store,677366e3c0,2026-01-27T17:10:51+05:30,src/components/app/employees/employees-table.tsx,2e9a721e17,2025-03-21T09:16:40+05:30,312
posx-comet-store,677366e3c0,2026-01-27T17:10:51+05:30,src/components/app/employees/employees-table.tsx,12af699779,2025-11-10T00:30:40+05:30,78
posx-comet-store,677366e3c0,2026-01-27T17:10:51+05:30,src/components/app/employees/employees-table.tsx,ee5d478355,2025-03-21T16:10:48+05:30,312
posx-comet-store,677366e3c0,2026-01-27T17:10:51+05:30,src/components/app/employees/employees-table.tsx,07e9ad9e48,2026-01-26T23:26:36+05:30,0
posx-comet-store,74ee2aa600,2026-01-27T17:12:16+05:30,src/components/layouts/app/store-selector.tsx,a7fdf7f0ce,2025-11-20T01:05:17+05:30,68
posx-comet-store,14ffb702a8,2026-01-28T11:13:27+05:30,src/types/auth.ts,dcdaa1bad5,2025-03-22T11:26:08+05:30,311
posx-comet-store,08b2352f22,2026-02-23T16:50:49+05:30,src/components/access-controlled-outlet.tsx,4208f7b3e9,2025-11-17T16:10:21+05:30,98
posx-comet-store,08b2352f22,2026-02-23T16:50:49+05:30,src/components/access-controlled-outlet.tsx,73043de8c7,2025-11-17T14:32:52+05:30,98
posx-comet-store,08b2352f22,2026-02-23T16:50:49+05:30,src/components/layouts/app/index.tsx,4208f7b3e9,2025-11-17T16:10:21+05:30,98
posx-comet-store,08b2352f22,2026-02-23T16:50:49+05:30,src/components/layouts/app/index.tsx,2545a1aa01,2025-03-21T10:57:44+05:30,339
posx-comet-store,08b2352f22,2026-02-23T16:50:49+05:30,src/hooks/usePermission.ts,73043de8c7,2025-11-17T14:32:52+05:30,98
posx-comet-store,08b2352f22,2026-02-23T16:50:49+05:30,src/store/middlewares/permission.middleware.ts,73043de8c7,2025-11-17T14:32:52+05:30,98
posx-comet-store,08b2352f22,2026-02-23T16:50:49+05:30,src/store/reducers/permission.reducer.ts,73043de8c7,2025-11-17T14:32:52+05:30,98
posx-comet-store,b9ae048483,2026-02-23T18:44:54+05:30,src/components/access-controlled-outlet.tsx,a7fdf7f0ce,2025-11-20T01:05:17+05:30,95
posx-comet-store,b9ae048483,2026-02-23T18:44:54+05:30,src/hooks/useIsAdmin.ts,12af699779,2025-11-10T00:30:40+05:30,105
posx-comet-store,b9ae048483,2026-02-23T18:44:54+05:30,src/pages/orders/details/_layout.tsx,107fa8b5e8,2025-12-11T12:48:39+05:30,74
posx-comet-store,b9ae048483,2026-02-23T18:44:54+05:30,src/pages/stores/index.tsx,12af699779,2025-11-10T00:30:40+05:30,105
posx-comet-store,b9ae048483,2026-02-23T18:44:54+05:30,src/store/middlewares/auth.middleware.ts,12af699779,2025-11-10T00:30:40+05:30,105
posx-comet-store,faac382952,2026-04-07T16:07:56+05:30,src/components/app/online-orders/payments/single-payment.tsx,f7e8b8a3c3,2026-01-27T16:36:33+05:30,69
posx-comet-store,faac382952,2026-04-07T16:07:56+05:30,src/components/app/online-orders/payments/split-payment.tsx,f7e8b8a3c3,2026-01-27T16:36:33+05:30,69
posx-comet-store,faac382952,2026-04-07T16:07:56+05:30,src/components/app/order/steps/payment-details/gift-card-form/index.tsx,09cf3714fa,2026-02-06T15:47:14+05:30,60
posx-comet-store,faac382952,2026-04-07T16:07:56+05:30,src/components/app/order/steps/payment-details/gift-card-form/index.tsx,22283d3cc5,2026-01-31T12:02:41+05:30,66
posx-comet-store,faac382952,2026-04-07T16:07:56+05:30,src/components/app/order/steps/payment-details/gift-card-form/index.tsx,37fb3d392b,2026-02-10T18:07:45+05:30,55
posx-comet-store,faac382952,2026-04-07T16:07:56+05:30,src/components/app/order/steps/payment-details/single-payment.tsx,f7e8b8a3c3,2026-01-27T16:36:33+05:30,69
posx-comet-store,faac382952,2026-04-07T16:07:56+05:30,src/components/app/order/steps/payment-details/split-payment.tsx,f7e8b8a3c3,2026-01-27T16:36:33+05:30,69
posx-comet-store,faac382952,2026-04-07T16:07:56+05:30,src/components/app/product/cart-panel.tsx,90d4e3781e,2026-01-16T22:18:34+05:30,80
posx-comet-store,faac382952,2026-04-07T16:07:56+05:30,src/components/app/product/online-campaign-coupon/index.tsx,1f2af0d23c,2025-06-02T11:04:37+05:30,309
posx-comet-store,faac382952,2026-04-07T16:07:56+05:30,src/components/app/product/online-campaign-coupon/index.tsx,0d1a511ec0,2025-05-23T14:11:37+05:30,319
posx-comet-store,faac382952,2026-04-07T16:07:56+05:30,src/components/app/product/online-promotional-coupon/index.tsx,efcd376747,2025-06-19T16:45:16+05:30,291
posx-comet-store,faac382952,2026-04-07T16:07:56+05:30,src/components/app/product/online-promotional-coupon/index.tsx,0d1a511ec0,2025-05-23T14:11:37+05:30,319
posx-comet-store,faac382952,2026-04-07T16:07:56+05:30,src/components/app/product/warning-dialog.tsx,efcd376747,2025-06-19T16:45:16+05:30,291
posx-comet-store,faac382952,2026-04-07T16:07:56+05:30,src/store/middlewares/online-cart.middleware.ts,51de8ab3ba,2025-05-21T18:03:01+05:30,320
posx-comet-store,65c28ff49a,2026-04-08T17:12:08+05:30,src/pages/returns/index.tsx,f28418d557,2025-11-10T04:49:51+05:30,149
posx-comet-store,bde7a2a845,2026-06-08T16:59:46+05:30,src/components/app/order/steps/customer-details/schema.ts,290047655b,2025-09-09T19:15:20+05:30,271
posx-comet-store,9cfde429de,2026-06-15T12:58:01+05:30,src/components/app/payments/shared/order-transactions-table.tsx,c51e152441,2026-01-19T16:58:15+05:30,146
posx-comet-store,9cfde429de,2026-06-15T12:58:01+05:30,src/components/app/payments/shared/order-transactions-table.tsx,032654033e,2025-11-20T11:53:15+05:30,207
posx-comet-store,50fdacf45b,2026-06-24T10:37:31+05:30,src/store/apis/report.request.ts,0ef7520df3,2025-03-31T15:28:26+05:30,449
posx-comet-store,50fdacf45b,2026-06-24T10:37:31+05:30,src/store/middlewares/report.middleware.ts,a5982903d1,2025-03-31T21:29:05+05:30,449
posx-comet-store,43b5d20088,2026-06-24T10:43:47+05:30,src/store/apis/report.request.ts,50fdacf45b,2026-06-24T10:37:31+05:30,0
posx-comet-store,026cb7704a,2026-06-25T15:59:21+05:30,src/components/download-invoice.tsx,f4c1a65dbb,2025-06-17T15:06:39+05:30,373
posx-comet-store,026cb7704a,2026-06-25T15:59:21+05:30,src/pages/orders/details/order-details.tsx,f330e6e93b,2025-11-20T19:29:25+05:30,216
posx-comet-store,026cb7704a,2026-06-25T15:59:21+05:30,src/pages/return-and-exchange/index.tsx,94be36eeb0,2025-07-15T16:44:18+05:30,344
posx-comet-store,bc0cfde2b9,2026-06-29T14:11:21+05:30,src/hooks/useIsAdmin.ts,12af699779,2025-11-10T00:30:40+05:30,231
posx-comet-store,bc0cfde2b9,2026-06-29T14:11:21+05:30,src/store/middlewares/auth.middleware.ts,12af699779,2025-11-10T00:30:40+05:30,231
posx-comet-store,8400838695,2026-06-29T16:38:09+05:30,src/pages/products/details.tsx,f7e8b8a3c3,2026-01-27T16:36:33+05:30,153
posx-comet-store,7d30ba12ce,2026-07-02T20:38:40+05:30,src/pages/products/details.tsx,f7e8b8a3c3,2026-01-27T16:36:33+05:30,156
posx-comet-store,7d30ba12ce,2026-07-02T20:38:40+05:30,src/pages/products/details.tsx,48fa4c85cc,2026-03-30T17:12:17+05:30,94
posx-comet-store,7d30ba12ce,2026-07-02T20:38:40+05:30,src/pages/products/details.tsx,afe8ca97f7,2025-04-02T18:10:32+05:30,456
posx-comet-store,7d30ba12ce,2026-07-02T20:38:40+05:30,src/pages/products/details.tsx,cd1fe8a737,2025-04-02T12:12:45+05:30,456
posx-comet-store,7d30ba12ce,2026-07-02T20:38:40+05:30,src/pages/products/details.tsx,8400838695,2026-06-29T16:38:09+05:30,3
posx-comet-store,7d30ba12ce,2026-07-02T20:38:40+05:30,src/pages/products/details.tsx,b9aef1a2af,2026-03-29T22:28:38+05:30,94
posx-comet-store,fbc30ac9b2,2026-07-03T13:03:51+05:30,src/components/app/online-orders/payments/gift-card-form/index.tsx,c597187cdf,2026-02-01T22:29:45+05:30,151
posx-comet-store,fbc30ac9b2,2026-07-03T13:03:51+05:30,src/components/app/online-orders/payments/gift-card-form/index.tsx,0db6d462df,2026-02-07T00:26:31+05:30,146
posx-comet-store,fbc30ac9b2,2026-07-03T13:03:51+05:30,src/components/app/order/steps/payment-details/gift-card-form/index.tsx,f7e8b8a3c3,2026-01-27T16:36:33+05:30,156
posx-comet-store,fbc30ac9b2,2026-07-03T13:03:51+05:30,src/components/app/order/steps/payment-details/gift-card-form/index.tsx,09cf3714fa,2026-02-06T15:47:14+05:30,146
posx-comet-store,a5757e6d8b,2026-07-06T10:35:11+05:30,src/components/app/footfall/footfall-entry.tsx,3b82a92794,2025-03-28T15:46:34+05:30,464
posx-comet-store,a5757e6d8b,2026-07-06T10:35:11+05:30,src/components/app/footfall/footfall-entry.tsx,08ce563ffc,2025-04-16T12:38:36+05:30,445
posx-comet-store,a5757e6d8b,2026-07-06T10:35:11+05:30,src/components/app/footfalls/footfalls-table.tsx,4cd35a222c,2025-05-02T17:06:39+05:30,429
posx-comet-store,a5757e6d8b,2026-07-06T10:35:11+05:30,src/pages/footfalls/index.tsx,49dabf1162,2025-11-07T16:46:32+05:30,240
posx-comet-store,a9fbe2fc2f,2026-07-06T10:41:00+05:30,src/store/index.ts,2545a1aa01,2025-03-21T10:57:44+05:30,471
posx-comet-store,a9fbe2fc2f,2026-07-06T10:41:00+05:30,src/store/reducers/init.reducer.ts,02dedde1c0,2025-11-18T10:25:06+05:30,230
posx-comet-store,5abddf5614,2026-07-06T11:43:01+05:30,src/components/filters.tsx,878d07fa7b,2025-03-26T10:02:12+05:30,467
posx-comet-store,5abddf5614,2026-07-06T11:43:01+05:30,src/components/filters.tsx,f9be6482b4,2025-03-25T14:02:43+05:30,467
posx-comet-store,5abddf5614,2026-07-06T11:43:01+05:30,src/components/primitives/date-time-picker.tsx,4432a4586b,2025-04-01T10:13:48+05:30,461
posx-comet-store,5abddf5614,2026-07-06T11:43:01+05:30,src/components/primitives/date-time-picker.tsx,f9be6482b4,2025-03-25T14:02:43+05:30,467
posx-comet-store,7447f27cf5,2026-07-06T11:53:56+05:30,src/components/app/home/employee-selector-v1.tsx,0ede6ddd88,2025-04-07T19:59:15+05:30,454
posx-comet-store,7447f27cf5,2026-07-06T11:53:56+05:30,src/components/app/home/employee-selector.tsx,4208f7b3e9,2025-11-17T16:10:21+05:30,230
posx-comet-store,7447f27cf5,2026-07-06T11:53:56+05:30,src/components/layouts/app/store-selector.tsx,a7fdf7f0ce,2025-11-20T01:05:17+05:30,228
posx-comet-store,7447f27cf5,2026-07-06T11:53:56+05:30,src/components/layouts/app/store-selector.tsx,d745698f9e,2026-01-26T23:20:49+05:30,160
posx-comet-store,aff66df9d8,2026-07-06T15:45:12+05:30,src/store/apis/customer.request.ts,09d986903f,2025-03-20T15:33:12+05:30,473
posx-comet-store,aff66df9d8,2026-07-06T15:45:12+05:30,src/store/middlewares/online-order.middleware.ts,1f2af0d23c,2025-06-02T11:04:37+05:30,399
posx-comet-store,aff66df9d8,2026-07-06T15:45:12+05:30,src/store/middlewares/online-order.middleware.ts,01e4e59197,2025-06-06T23:02:40+05:30,394
posx-comet-store,1df81fcc95,2026-07-06T15:54:49+05:30,src/components/app/online-orders/customer-details/personal-info.tsx,2f28236b39,2025-11-10T12:48:45+05:30,238
posx-comet-store,1df81fcc95,2026-07-06T15:54:49+05:30,src/components/app/online-orders/customer-details/schema.ts,efcd376747,2025-06-19T16:45:16+05:30,381
posx-comet-store,1df81fcc95,2026-07-06T15:54:49+05:30,src/components/app/order/steps/customer-details/index.tsx,788e002a0a,2025-03-17T11:49:36+05:30,476
posx-comet-store,1df81fcc95,2026-07-06T15:54:49+05:30,src/components/app/order/steps/customer-details/schema.ts,4b3b72cf9e,2025-03-17T21:43:20+05:30,475
posx-comet-store,6e1ed539ec,2026-07-09T15:32:27+05:30,src/components/app/home/employee-selector.tsx,816c60491a,2025-03-31T12:06:16+05:30,465
posx-comet-store,6e1ed539ec,2026-07-09T15:32:27+05:30,src/components/app/home/employee-selector.tsx,254a561358,2025-03-21T11:47:23+05:30,475
posx-comet-store,6e1ed539ec,2026-07-09T15:32:27+05:30,src/components/app/home/employee-selector.tsx,3b5c4cb6cf,2025-03-22T19:09:04+05:30,473
posx-comet-store,6e1ed539ec,2026-07-09T15:32:27+05:30,src/components/app/home/employee-selector.tsx,4208f7b3e9,2025-11-17T16:10:21+05:30,233
posx-comet-store,7a3eb6de62,2026-07-10T15:22:11+05:30,src/components/app/coupons/coupons-filter.tsx,ea9555a3f4,2025-03-27T20:26:10+05:30,469
posx-comet-store,7a3eb6de62,2026-07-10T15:22:11+05:30,src/components/app/order/exchange-order-summary.tsx,686f17e90b,2025-11-20T10:58:26+05:30,232
posx-comet-store,7a3eb6de62,2026-07-10T15:22:11+05:30,src/components/app/order/order-summary.tsx,68301967fd,2025-03-26T12:42:01+05:30,471
posx-comet-store,7a3eb6de62,2026-07-10T15:22:11+05:30,src/pages/returns/details.tsx,f7e8b8a3c3,2026-01-27T16:36:33+05:30,163
posx-comet-store,7a3eb6de62,2026-07-10T15:22:11+05:30,src/pages/returns/details.tsx,77741f90ff,2026-02-09T22:24:21+05:30,150
posx-comet-store,ff5c6fd5d6,2026-07-14T00:26:49+05:30,src/components/app/payments/shared/cancel-transaction-request.tsx,366fc8a457,2025-03-21T18:03:50+05:30,479
posx-comet-store,ff5c6fd5d6,2026-07-14T00:26:49+05:30,src/components/app/payments/shared/resend-transaction-request.tsx,366fc8a457,2025-03-21T18:03:50+05:30,479
posx-comet-store,ff5c6fd5d6,2026-07-14T00:26:49+05:30,src/components/app/payments/shared/verify-refund-request.tsx,a8bfe0f291,2025-04-05T16:31:06+05:30,464
posx-comet-store,ff5c6fd5d6,2026-07-14T00:26:49+05:30,src/components/app/payments/shared/verify-transaction-request.tsx,402d8342c2,2025-03-24T00:37:08+05:30,476
posx-comet-store,ff5c6fd5d6,2026-07-14T00:26:49+05:30,src/components/app/product/warning-dialog.tsx,efcd376747,2025-06-19T16:45:16+05:30,389
posx-comet-store,ff5c6fd5d6,2026-07-14T00:26:49+05:30,src/store/apis/transaction.request.ts,fbe3407f55,2025-03-24T09:47:33+05:30,476
posx-comet-store,ff5c6fd5d6,2026-07-14T00:26:49+05:30,src/store/apis/transaction.request.ts,366fc8a457,2025-03-21T18:03:50+05:30,479
posx-comet-store,ff5c6fd5d6,2026-07-14T00:26:49+05:30,src/store/apis/transaction.request.ts,a8bfe0f291,2025-04-05T16:31:06+05:30,464
posx-comet-store,8164083551,2026-07-14T01:07:25+05:30,src/components/app/loss-of-sales/loss-of-sales-filter.tsx,f6f9e54861,2025-10-31T09:19:52+05:30,255
posx-comet-store,8164083551,2026-07-14T01:07:25+05:30,src/components/app/loss-of-sales/loss-of-sales-report-options.tsx,f6f9e54861,2025-10-31T09:19:52+05:30,255
posx-comet-store,8164083551,2026-07-14T01:07:25+05:30,src/components/app/loss-of-sales/loss-of-sales-table.tsx,a86d3bc9d7,2025-11-18T15:22:37+05:30,237
posx-comet-store,8164083551,2026-07-14T01:07:25+05:30,src/components/app/loss-of-sales/loss-of-sales-table.tsx,87724dfdfa,2025-11-18T16:02:35+05:30,237
posx-comet-store,8164083551,2026-07-14T01:07:25+05:30,src/components/app/loss-of-sales/loss-of-sales-table.tsx,ceab6f563a,2025-11-20T12:00:19+05:30,235
posx-comet-store,8164083551,2026-07-14T01:07:25+05:30,src/components/app/loss-of-sales/loss-of-sales-table.tsx,ad21f8fc8c,2025-11-20T09:55:36+05:30,235
posx-comet-store,8164083551,2026-07-14T01:07:25+05:30,src/pages/loss-of-sales/index.tsx,d4192a79d8,2025-10-31T16:24:50+05:30,255
posx-comet-store,8164083551,2026-07-14T01:07:25+05:30,src/pages/loss-of-sales/index.tsx,4da6512754,2025-11-20T10:34:43+05:30,235
posx-comet-store,8164083551,2026-07-14T01:07:25+05:30,src/pages/loss-of-sales/index.tsx,f6f9e54861,2025-10-31T09:19:52+05:30,255
posx-comet-store,8164083551,2026-07-14T01:07:25+05:30,src/pages/loss-of-sales/index.tsx,ad21f8fc8c,2025-11-20T09:55:36+05:30,235
posx-comet-store,8164083551,2026-07-14T01:07:25+05:30,src/pages/loss-of-sales/index.tsx,49c4e84b57,2025-11-13T19:45:44+05:30,242
posx-comet-store,8164083551,2026-07-14T01:07:25+05:30,src/store/reducers/loss-of-sales.reducer.ts,d4192a79d8,2025-10-31T16:24:50+05:30,255
posx-comet-store,0d2763a52d,2026-07-14T13:05:18+05:30,package.json,ffa48cf61c,2025-04-03T23:05:23+05:30,466
posx-comet-store,8cda80ff9f,2026-07-14T23:38:36+05:30,src/components/app/payments/shared/order-transactions-table.tsx,d022001709,2026-07-14T00:17:55+05:30,0
posx-comet-store,8cda80ff9f,2026-07-14T23:38:36+05:30,src/components/app/transactions/order-transaction-card.tsx,d022001709,2026-07-14T00:17:55+05:30,0
posx-comet-store,8cda80ff9f,2026-07-14T23:38:36+05:30,src/store/apis/transaction.request.ts,ff5c6fd5d6,2026-07-14T00:26:49+05:30,0
posx-comet-store,80f30d006d,2026-07-16T11:10:22+05:30,src/pages/products/index.tsx,d584d5423e,2025-04-03T08:21:28+05:30,469
posx-comet-store,80f30d006d,2026-07-16T11:10:22+05:30,src/pages/products/index.tsx,b159c2e806,2025-06-25T23:45:03+05:30,385
posx-comet-store,80f30d006d,2026-07-16T11:10:22+05:30,src/pages/products/index.tsx,3e761dd27a,2025-03-22T12:57:43+05:30,480
posx-comet-store,80f30d006d,2026-07-16T11:10:22+05:30,src/store/middlewares/product.middleware.ts,d4192a79d8,2025-10-31T16:24:50+05:30,257
posx-comet-store,80f30d006d,2026-07-16T11:10:22+05:30,src/store/reducers/product.reducer.ts,d4192a79d8,2025-10-31T16:24:50+05:30,257
posx-comet-store,5b86be6458,2026-07-16T11:18:15+05:30,src/components/app/loss-of-sales/product-variant-selector.tsx,d4192a79d8,2025-10-31T16:24:50+05:30,257
posx-comet-store,c7a931fc97,2026-07-21T18:18:36+05:30,src/components/app/loss-of-sales/product-variant-selector.tsx,5b86be6458,2026-07-16T11:18:15+05:30,5
posx-comet-store,c7a931fc97,2026-07-21T18:18:36+05:30,src/components/app/loss-of-sales/product-variant-selector.tsx,f6f9e54861,2025-10-31T09:19:52+05:30,263
posx-comet-store,4e11091a52,2026-07-21T18:26:26+05:30,src/components/app/loss-of-sales/loss-of-sales-report-options.tsx,f6f9e54861,2025-10-31T09:19:52+05:30,263
posx-comet-store,4e11091a52,2026-07-21T18:26:26+05:30,src/components/app/loss-of-sales/loss-of-sales-table.tsx,a86d3bc9d7,2025-11-18T15:22:37+05:30,245
posx-comet-store,4e11091a52,2026-07-21T18:26:26+05:30,src/store/actions/loss-of-sales.action.ts,f6f9e54861,2025-10-31T09:19:52+05:30,263
posx-comet-store,4e11091a52,2026-07-21T18:26:26+05:30,src/store/actions/loss-of-sales.action.ts,8164083551,2026-07-14T01:07:25+05:30,7
posx-comet-store,4e11091a52,2026-07-21T18:26:26+05:30,src/store/apis/loss-of-sales.request.ts,f6f9e54861,2025-10-31T09:19:52+05:30,263
posx-comet-store,4e11091a52,2026-07-21T18:26:26+05:30,src/store/apis/loss-of-sales.request.ts,8164083551,2026-07-14T01:07:25+05:30,7
posx-comet-store,4e11091a52,2026-07-21T18:26:26+05:30,src/store/middlewares/loss-of-sales.middleware.ts,f6f9e54861,2025-10-31T09:19:52+05:30,263
posx-comet-store,4e11091a52,2026-07-21T18:26:26+05:30,src/store/middlewares/loss-of-sales.middleware.ts,8164083551,2026-07-14T01:07:25+05:30,7
posx-comet-store,21b0d3bba6,2026-07-21T18:50:51+05:30,src/components/filters.tsx,4a2764782c,2025-11-07T04:44:19+05:30,256
posx-comet-store,21b0d3bba6,2026-07-21T18:50:51+05:30,src/components/primitives/date-range-picker.tsx,35ce445211,2026-07-16T14:59:55+05:30,5
posx-comet-store,21b0d3bba6,2026-07-21T18:50:51+05:30,src/pages/coupons/index.tsx,35ce445211,2026-07-16T14:59:55+05:30,5
posx-comet-store,f34a8ffe45,2026-07-21T23:10:46+05:30,src/components/primitives/date-range-picker.tsx,547a342633,2025-11-11T04:05:11+05:30,252
posx-comet-store,f34a8ffe45,2026-07-21T23:10:46+05:30,src/components/primitives/date-range-picker.tsx,35ce445211,2026-07-16T14:59:55+05:30,5
posx-comet-store,f34a8ffe45,2026-07-21T23:10:46+05:30,src/components/primitives/date-range-picker.tsx,ab32bcfde4,2025-04-07T11:25:00+05:30,470
posx-comet-store,f34a8ffe45,2026-07-21T23:10:46+05:30,src/components/primitives/date-range-picker.tsx,f4c1a65dbb,2025-06-17T15:06:39+05:30,399
posx-comet-store,6a32512037,2026-07-23T23:47:14+05:30,src/pages/inter-store/details.tsx,534f77e1d4,2026-07-23T23:37:34+05:30,0
posx-comet-store,e39b860d7c,2026-07-24T00:43:48+05:30,src/components/layouts/app/mobile-menu.tsx,d043d5fd66,2025-11-05T13:53:52+05:30,260
posx-comet-store,e39b860d7c,2026-07-24T00:43:48+05:30,src/components/layouts/app/sidebar.tsx,cf0fcbcdaa,2025-03-15T19:13:00+05:30,495
posx-comet-store,e39b860d7c,2026-07-24T00:43:48+05:30,src/pages/inter-store/_layout.tsx,534f77e1d4,2026-07-23T23:37:34+05:30,0
posx-comet-store,e39b860d7c,2026-07-24T00:43:48+05:30,src/pages/inter-store/index.tsx,534f77e1d4,2026-07-23T23:37:34+05:30,0
posx-comet-store,e39b860d7c,2026-07-24T00:43:48+05:30,src/pages/returns/details.tsx,f60ace5fad,2025-04-05T13:40:03+05:30,474
posx-comet-store,e39b860d7c,2026-07-24T00:43:48+05:30,src/pages/returns/details.tsx,e254b2c114,2026-07-23T23:45:22+05:30,0
posx-comet-store,e39b860d7c,2026-07-24T00:43:48+05:30,src/pages/returns/details.tsx,258f448880,2025-04-05T17:23:23+05:30,474
posx-comet-store,e39b860d7c,2026-07-24T00:43:48+05:30,src/store/actions/return.action.ts,534f77e1d4,2026-07-23T23:37:34+05:30,0
posx-comet-store,e39b860d7c,2026-07-24T00:43:48+05:30,src/store/middlewares/return.middleware.ts,534f77e1d4,2026-07-23T23:37:34+05:30,0
posx-comet-store,e2bd769fa5,2026-08-01T11:36:39+05:30,src/pages/exchanges/details.tsx,174807b616,2026-07-31T12:54:11+05:30,0
posx-comet-store,e2bd769fa5,2026-08-01T11:36:39+05:30,src/pages/inter-store/index.tsx,534f77e1d4,2026-07-23T23:37:34+05:30,8
posx-comet-store,e2bd769fa5,2026-08-01T11:36:39+05:30,src/pages/inter-store/index.tsx,d8884d8735,2026-07-31T13:15:23+05:30,0
posx-comet-store,e2bd769fa5,2026-08-01T11:36:39+05:30,src/pages/inter-store/index.tsx,e39b860d7c,2026-07-24T00:43:48+05:30,8
posx-comet-store,e2bd769fa5,2026-08-01T11:36:39+05:30,src/pages/returns/details.tsx,174807b616,2026-07-31T12:54:11+05:30,0
posx-comet-store,e2bd769fa5,2026-08-01T11:36:39+05:30,src/pages/returns/details.tsx,f60ace5fad,2025-04-05T13:40:03+05:30,482
posx-comet-store,e2bd769fa5,2026-08-01T11:36:39+05:30,src/store/middlewares/return.middleware.ts,e39b860d7c,2026-07-24T00:43:48+05:30,8
posx-comet-store,e2bd769fa5,2026-08-01T11:36:39+05:30,src/store/middlewares/return.middleware.ts,534f77e1d4,2026-07-23T23:37:34+05:30,8
posx-comet-store,3fde77cb3e,2026-08-01T11:42:11+05:30,src/pages/returns/details.tsx,e254b2c114,2026-07-23T23:45:22+05:30,8
posx-comet-store,3fde77cb3e,2026-08-01T11:42:11+05:30,src/pages/returns/details.tsx,e2bd769fa5,2026-08-01T11:36:39+05:30,0
posx-comet-store,3fde77cb3e,2026-08-01T11:42:11+05:30,src/pages/returns/details.tsx,f60ace5fad,2025-04-05T13:40:03+05:30,482
posx-comet-store,3fde77cb3e,2026-08-01T11:42:11+05:30,src/pages/returns/details.tsx,258f448880,2025-04-05T17:23:23+05:30,482
posx-comet-store,26698dccd6,2026-08-01T11:53:59+05:30,src/store/middlewares/return.middleware.ts,e39b860d7c,2026-07-24T00:43:48+05:30,8
posx-comet-store,26698dccd6,2026-08-01T11:53:59+05:30,src/store/middlewares/return.middleware.ts,534f77e1d4,2026-07-23T23:37:34+05:30,8
posx-comet-store,0551d409b2,2026-08-04T15:05:22+05:30,src/pages/returns/details.tsx,e254b2c114,2026-07-23T23:45:22+05:30,11
posx-comet-store,0551d409b2,2026-08-04T15:05:22+05:30,src/pages/returns/details.tsx,3fde77cb3e,2026-08-01T11:42:11+05:30,3
posx-comet-store,0551d409b2,2026-08-04T15:05:22+05:30,src/pages/returns/details.tsx,9287bd1401,2026-07-24T01:08:19+05:30,11
posx-comet-store,76f0c38349,2026-08-04T17:03:49+05:30,src/pages/returns/details.tsx,e254b2c114,2026-07-23T23:45:22+05:30,11
posx-comet-store,3a6323247a,2026-08-04T17:35:46+05:30,src/pages/returns/index.tsx,b3bfa9d098,2025-04-15T18:01:45+05:30,475
posx-comet-store,9000076cbb,2026-07-06T10:35:11+05:30,src/components/app/footfall/footfall-entry.tsx,3b82a92794,2025-03-28T15:46:34+05:30,464
posx-comet-store,9000076cbb,2026-07-06T10:35:11+05:30,src/components/app/footfall/footfall-entry.tsx,08ce563ffc,2025-04-16T12:38:36+05:30,445
posx-comet-store,9000076cbb,2026-07-06T10:35:11+05:30,src/components/app/footfalls/footfalls-table.tsx,4cd35a222c,2025-05-02T17:06:39+05:30,429
posx-comet-store,9000076cbb,2026-07-06T10:35:11+05:30,src/pages/footfalls/index.tsx,49dabf1162,2025-11-07T16:46:32+05:30,240
posx-comet-store,fc24148f11,2026-07-06T10:41:00+05:30,src/store/index.ts,2545a1aa01,2025-03-21T10:57:44+05:30,471
posx-comet-store,c82ea9d205,2026-07-06T11:43:01+05:30,src/components/filters.tsx,878d07fa7b,2025-03-26T10:02:12+05:30,467
posx-comet-store,c82ea9d205,2026-07-06T11:43:01+05:30,src/components/primitives/date-time-picker.tsx,4432a4586b,2025-04-01T10:13:48+05:30,461
posx-comet-store,c82ea9d205,2026-07-06T11:43:01+05:30,src/components/primitives/date-time-picker.tsx,f9be6482b4,2025-03-25T14:02:43+05:30,467
posx-comet-store,40224da89b,2026-07-06T11:53:56+05:30,src/components/app/home/employee-selector-v1.tsx,0ede6ddd88,2025-04-07T19:59:15+05:30,454
posx-comet-store,40224da89b,2026-07-06T11:53:56+05:30,src/components/app/home/employee-selector.tsx,4208f7b3e9,2025-11-17T16:10:21+05:30,230
posx-comet-store,40224da89b,2026-07-06T11:53:56+05:30,src/components/layouts/app/store-selector.tsx,d745698f9e,2026-01-26T23:20:49+05:30,160
posx-comet-store,df91e56972,2026-07-06T15:45:12+05:30,src/store/apis/customer.request.ts,09d986903f,2025-03-20T15:33:12+05:30,473
posx-comet-store,df91e56972,2026-07-06T15:45:12+05:30,src/store/middlewares/online-order.middleware.ts,1f2af0d23c,2025-06-02T11:04:37+05:30,399
posx-comet-store,df91e56972,2026-07-06T15:45:12+05:30,src/store/middlewares/online-order.middleware.ts,01e4e59197,2025-06-06T23:02:40+05:30,394
posx-comet-store,1dc7c37967,2026-07-06T15:54:49+05:30,src/components/app/online-orders/customer-details/personal-info.tsx,2f28236b39,2025-11-10T12:48:45+05:30,238
posx-comet-store,1dc7c37967,2026-07-06T15:54:49+05:30,src/components/app/online-orders/customer-details/schema.ts,efcd376747,2025-06-19T16:45:16+05:30,381
posx-comet-store,1dc7c37967,2026-07-06T15:54:49+05:30,src/components/app/order/steps/customer-details/index.tsx,788e002a0a,2025-03-17T11:49:36+05:30,476
posx-comet-store,1dc7c37967,2026-07-06T15:54:49+05:30,src/components/app/order/steps/customer-details/schema.ts,4b3b72cf9e,2025-03-17T21:43:20+05:30,475
posx-comet-store,2943212ab1,2026-07-09T15:32:27+05:30,src/components/app/home/employee-selector.tsx,816c60491a,2025-03-31T12:06:16+05:30,465
posx-comet-store,2943212ab1,2026-07-09T15:32:27+05:30,src/components/app/home/employee-selector.tsx,254a561358,2025-03-21T11:47:23+05:30,475
posx-comet-store,2943212ab1,2026-07-09T15:32:27+05:30,src/components/app/home/employee-selector.tsx,3b5c4cb6cf,2025-03-22T19:09:04+05:30,473
posx-comet-store,2943212ab1,2026-07-09T15:32:27+05:30,src/components/app/home/employee-selector.tsx,4208f7b3e9,2025-11-17T16:10:21+05:30,233
posx-comet-store,5d46230e11,2026-07-10T15:22:11+05:30,src/components/app/coupons/coupons-filter.tsx,ea9555a3f4,2025-03-27T20:26:10+05:30,469
posx-comet-store,5d46230e11,2026-07-10T15:22:11+05:30,src/components/app/order/exchange-order-summary.tsx,686f17e90b,2025-11-20T10:58:26+05:30,232
posx-comet-store,5d46230e11,2026-07-10T15:22:11+05:30,src/components/app/order/order-summary.tsx,68301967fd,2025-03-26T12:42:01+05:30,471
posx-comet-store,74a51ede7d,2026-08-05T16:56:52+05:30,src/components/app/footfall/footfall-entry.tsx,9000076cbb,2026-07-06T10:35:11+05:30,30
posx-comet-store,74a51ede7d,2026-08-05T16:56:52+05:30,src/components/app/footfall/footfall-entry.tsx,08ce563ffc,2025-04-16T12:38:36+05:30,476
posx-comet-store,74a51ede7d,2026-08-05T16:56:52+05:30,src/components/filters.tsx,878d07fa7b,2025-03-26T10:02:12+05:30,497
posx-comet-store,74a51ede7d,2026-08-05T16:56:52+05:30,src/components/filters.tsx,c82ea9d205,2026-07-06T11:43:01+05:30,30
posx-comet-store,74a51ede7d,2026-08-05T16:56:52+05:30,src/store/apis/customer.request.ts,09d986903f,2025-03-20T15:33:12+05:30,503
posx-comet-store,74a51ede7d,2026-08-05T16:56:52+05:30,src/store/apis/customer.request.ts,df91e56972,2026-07-06T15:45:12+05:30,30
posx-comet-store,74a51ede7d,2026-08-05T16:56:52+05:30,src/store/apis/customer.request.ts,02ff6b32a0,2025-03-19T13:35:29+05:30,504
posx-comet-store,74a51ede7d,2026-08-05T16:56:52+05:30,src/store/apis/customer.request.ts,6d9c5bd0f5,2025-06-09T23:16:46+05:30,421
posx-comet-store,74a51ede7d,2026-08-05T16:56:52+05:30,src/store/apis/customer.request.ts,ceeff2dfb6,2025-03-27T15:44:17+05:30,496
posx-comet-store,de81f81dca,2026-08-05T17:25:18+05:30,src/store/apis/customer.request.ts,6d9c5bd0f5,2025-06-09T23:16:46+05:30,421
posx-comet-store,0ec17e219a,2026-08-06T01:27:47+05:30,src/store/middlewares/customer.middleware.ts,f803b2b63e,2025-07-02T14:00:18+05:30,399
posx-comet-store,91d20fa505,2026-08-06T12:47:29+05:30,src/pages/online-orders/details/customer-details.tsx,439447dfda,2026-04-09T18:53:05+05:30,118
posx-comet-store,91d20fa505,2026-08-06T12:47:29+05:30,src/pages/online-orders/details/customer-details.tsx,8d7f61275b,2026-07-15T00:31:25+05:30,22
posx-comet-store,91d20fa505,2026-08-06T12:47:29+05:30,src/store/middlewares/customer.middleware.ts,8d7f61275b,2026-07-15T00:31:25+05:30,22
posx-comet-store,09d2d704aa,2026-08-07T00:55:32+05:30,src/components/app/payments/shared/order-transactions-table.tsx,e0b6da3aca,2025-03-24T10:11:55+05:30,500
posx-comet-store,09d2d704aa,2026-08-07T00:55:32+05:30,src/components/app/payments/shared/order-transactions-table.tsx,8cda80ff9f,2026-07-14T23:38:36+05:30,23
posx-comet-store,09d2d704aa,2026-08-07T00:55:32+05:30,src/components/app/payments/shared/order-transactions-table.tsx,032654033e,2025-11-20T11:53:15+05:30,259
posx-comet-store,09d2d704aa,2026-08-07T00:55:32+05:30,src/components/app/transactions/order-transaction-card.tsx,c51e152441,2026-01-19T16:58:15+05:30,199
posx-comet-store,09d2d704aa,2026-08-07T00:55:32+05:30,src/components/app/transactions/order-transaction-card.tsx,ffc9b05170,2026-07-15T00:25:46+05:30,23
posx-comet-store,09d2d704aa,2026-08-07T00:55:32+05:30,src/components/app/transactions/order-transaction-card.tsx,d022001709,2026-07-14T00:17:55+05:30,24
posx-comet-store,09d2d704aa,2026-08-07T00:55:32+05:30,src/components/app/transactions/order-transaction-card.tsx,032654033e,2025-11-20T11:53:15+05:30,259
posx-comet-store,68e35d4d13,2026-08-08T11:38:44+05:30,src/components/app/cms/add-cms/index.tsx,38ffe2d67c,2026-08-08T11:15:44+05:30,0
posx-comet-store,68e35d4d13,2026-08-08T11:38:44+05:30,src/components/app/home/index.tsx,d043d5fd66,2025-11-05T13:53:52+05:30,275
posx-comet-store,68e35d4d13,2026-08-08T11:38:44+05:30,src/components/app/home/index.tsx,38ffe2d67c,2026-08-08T11:15:44+05:30,0
posx-comet-store,68e35d4d13,2026-08-08T11:38:44+05:30,src/components/app/home/index.tsx,86ce460821,2025-11-10T02:27:47+05:30,271
posx-comet-store,68e35d4d13,2026-08-08T11:38:44+05:30,src/components/layouts/app/container.tsx,38ffe2d67c,2026-08-08T11:15:44+05:30,0
posx-comet-store,68e35d4d13,2026-08-08T11:38:44+05:30,src/components/layouts/app/header.tsx,38ffe2d67c,2026-08-08T11:15:44+05:30,0
posx-comet-store,68e35d4d13,2026-08-08T11:38:44+05:30,src/components/layouts/app/header.tsx,d745698f9e,2026-01-26T23:20:49+05:30,193
posx-comet-store,68e35d4d13,2026-08-08T11:38:44+05:30,src/components/layouts/auth/container.tsx,38ffe2d67c,2026-08-08T11:15:44+05:30,0
posx-comet-store,68e35d4d13,2026-08-08T11:38:44+05:30,src/index.css,38ffe2d67c,2026-08-08T11:15:44+05:30,0
posx-comet-store,68e35d4d13,2026-08-08T11:38:44+05:30,src/types/exchange.ts,2eb62719f6,2025-04-16T10:58:50+05:30,479
posx-comet-store,46e9e079cd,2026-08-08T11:46:14+05:30,src/components/app/home/index.tsx,8fe1bc2724,2025-11-10T01:31:28+05:30,271
posx-comet-store,46e9e079cd,2026-08-08T11:46:14+05:30,src/components/app/home/index.tsx,42d578c942,2025-11-18T14:48:01+05:30,262
posx-comet-store,46e9e079cd,2026-08-08T11:46:14+05:30,src/components/layouts/app/header.tsx,d745698f9e,2026-01-26T23:20:49+05:30,193
posx-comet-store,0070693aa3,2026-08-10T15:35:20+05:30,index.html,38ffe2d67c,2026-08-08T11:15:44+05:30,2
posx-comet-store,0070693aa3,2026-08-10T15:35:20+05:30,src/components/app/home/index.tsx,ec99516acc,2025-12-09T17:14:03+05:30,243
posx-comet-store,0070693aa3,2026-08-10T15:35:20+05:30,src/components/app/home/index.tsx,d705b69aad,2025-03-20T22:28:07+05:30,507
posx-comet-store,0070693aa3,2026-08-10T15:35:20+05:30,src/components/app/home/index.tsx,8db8c03999,2025-03-20T22:06:56+05:30,507
posx-comet-store,0070693aa3,2026-08-10T15:35:20+05:30,src/components/app/home/index.tsx,8fe1bc2724,2025-11-10T01:31:28+05:30,273
posx-comet-store,0070693aa3,2026-08-10T15:35:20+05:30,src/components/app/home/index.tsx,51de8ab3ba,2025-05-21T18:03:01+05:30,445
posx-comet-store,ab94d4115c,2026-08-10T17:44:31+05:30,src/components/app/payments/shared/cancel-transaction-request.tsx,874f8785d7,2025-03-21T14:40:15+05:30,507
posx-comet-store,ab94d4115c,2026-08-10T17:44:31+05:30,src/components/app/payments/shared/cancel-transaction-request.tsx,fbe3407f55,2025-03-24T09:47:33+05:30,504
posx-comet-store,a943945e72,2026-08-10T18:37:52+05:30,src/components/app/payments/shared/cancel-transaction-request.tsx,874f8785d7,2025-03-21T14:40:15+05:30,507
posx-comet-store,a943945e72,2026-08-10T18:37:52+05:30,src/components/app/payments/shared/cancel-transaction-request.tsx,ab94d4115c,2026-08-10T17:44:31+05:30,0
posx-comet-store,44e1157633,2026-08-11T15:34:31+05:30,src/components/app/home/barcode-scanner/index.tsx,ec99516acc,2025-12-09T17:14:03+05:30,244
posx-comet-store,44e1157633,2026-08-11T15:34:31+05:30,src/components/app/home/barcode-scanner/index.tsx,38ffe2d67c,2026-08-08T11:15:44+05:30,3
posx-comet-store,44e1157633,2026-08-11T15:34:31+05:30,src/components/app/home/barcode-scanner/index.tsx,51de8ab3ba,2025-05-21T18:03:01+05:30,446
posx-comet-store,44e1157633,2026-08-11T15:34:31+05:30,src/pages/orders/index.tsx,38ffe2d67c,2026-08-08T11:15:44+05:30,3
posx-comet-store,44e1157633,2026-08-11T15:34:31+05:30,src/pages/return-and-exchange/index.tsx,28c01f7985,2025-11-10T12:19:09+05:30,274
posx-comet-store,44e1157633,2026-08-11T15:34:31+05:30,src/pages/return-and-exchange/index.tsx,01e4e59197,2025-06-06T23:02:40+05:30,430
posx-comet-store,44e1157633,2026-08-11T15:34:31+05:30,src/pages/return-and-exchange/index.tsx,38ffe2d67c,2026-08-08T11:15:44+05:30,3
posx-comet-store,44e1157633,2026-08-11T15:34:31+05:30,src/pages/returns/index.tsx,38ffe2d67c,2026-08-08T11:15:44+05:30,3
posx-comet-store,3699990ff6,2026-08-13T14:25:57+05:30,src/pages/orders/index.tsx,6f395c4c68,2025-04-30T23:36:39+05:30,469
posx-comet-store,3699990ff6,2026-08-13T14:25:57+05:30,src/pages/orders/index.tsx,89e75bb848,2025-11-10T03:39:47+05:30,276
posx-comet-store,3699990ff6,2026-08-13T14:25:57+05:30,src/pages/orders/index.tsx,e141923d1c,2025-11-06T10:51:24+05:30,280
posx-comet-store,71b30997a6,2026-08-13T14:25:57+05:30,src/pages/orders/index.tsx,4432a4586b,2025-04-01T10:13:48+05:30,499
posx-comet-store,71b30997a6,2026-08-13T14:25:57+05:30,src/pages/orders/index.tsx,38ffe2d67c,2026-08-08T11:15:44+05:30,5
posx-comet-store,71b30997a6,2026-08-13T14:25:57+05:30,src/pages/orders/index.tsx,6f395c4c68,2025-04-30T23:36:39+05:30,469
posx-comet-store,71b30997a6,2026-08-13T14:25:57+05:30,src/pages/orders/index.tsx,89e75bb848,2025-11-10T03:39:47+05:30,276
posx-comet-store,71b30997a6,2026-08-13T14:25:57+05:30,src/pages/orders/index.tsx,e141923d1c,2025-11-06T10:51:24+05:30,280
posx-comet-store,102013eeca,2026-08-13T17:39:20+05:30,src/libs/calculate-product-discount.ts,3ce3c79786,2025-04-17T23:57:51+05:30,482
posx-comet-store,102013eeca,2026-08-13T17:39:20+05:30,src/pages/exchanges/details.tsx,010779c069,2025-04-18T18:36:24+05:30,481
posx-comet-store,102013eeca,2026-08-13T17:39:20+05:30,src/pages/exchanges/details.tsx,3403935757,2025-04-11T15:16:07+05:30,489
posx-comet-store,102013eeca,2026-08-13T17:39:20+05:30,src/pages/exchanges/details.tsx,3ce3c79786,2025-04-17T23:57:51+05:30,482
posx-comet-store,102013eeca,2026-08-13T17:39:20+05:30,src/pages/exchanges/details.tsx,7aa6a5bac5,2025-11-07T16:22:56+05:30,279
posx-comet-store,48dc82aa4a,2026-08-15T11:20:39+05:30,src/pages/orders/details/exchange-payment-details.tsx,8464f54b99,2025-04-14T23:31:00+05:30,487
posx-comet-store,0dbbb365fb,2026-08-13T17:39:20+05:30,src/libs/calculate-product-discount.ts,3ce3c79786,2025-04-17T23:57:51+05:30,482
posx-comet-store,0dbbb365fb,2026-08-13T17:39:20+05:30,src/pages/exchanges/details.tsx,010779c069,2025-04-18T18:36:24+05:30,481
posx-comet-store,0dbbb365fb,2026-08-13T17:39:20+05:30,src/pages/exchanges/details.tsx,3403935757,2025-04-11T15:16:07+05:30,489
posx-comet-store,0dbbb365fb,2026-08-13T17:39:20+05:30,src/pages/exchanges/details.tsx,3ce3c79786,2025-04-17T23:57:51+05:30,482
posx-comet-store,0dbbb365fb,2026-08-13T17:39:20+05:30,src/pages/exchanges/details.tsx,7aa6a5bac5,2025-11-07T16:22:56+05:30,279
posx-comet-store,620c47d6a1,2026-08-15T11:41:28+05:30,src/libs/calculate-product-discount.ts,3ce3c79786,2025-04-17T23:57:51+05:30,484
posx-comet-store,620c47d6a1,2026-08-15T11:41:28+05:30,src/libs/calculate-product-discount.ts,0dbbb365fb,2026-08-13T17:39:20+05:30,1
posx-comet-store,620c47d6a1,2026-08-15T11:41:28+05:30,src/pages/exchanges/details.tsx,0dbbb365fb,2026-08-13T17:39:20+05:30,1
posx-comet-store,acba0ed3af,2026-08-24T17:49:02+05:30,src/components/app/cms/add-cms/index.tsx,0ede6ddd88,2025-04-07T19:59:15+05:30,503
posx-comet-store,acba0ed3af,2026-08-24T17:49:02+05:30,src/components/app/cms/add-cms/schema.ts,0ede6ddd88,2025-04-07T19:59:15+05:30,503
posx-comet-store,acba0ed3af,2026-08-24T17:49:02+05:30,src/components/app/cms/cms-filter.tsx,28128f52bd,2025-04-09T11:54:04+05:30,502
posx-comet-store,acba0ed3af,2026-08-24T17:49:02+05:30,src/components/app/cms/cms-sort.tsx,28128f52bd,2025-04-09T11:54:04+05:30,502
posx-comet-store,acba0ed3af,2026-08-24T17:49:02+05:30,src/components/app/home/home-cart-panel.tsx,8cb958ea0f,2025-11-10T01:51:12+05:30,287
posx-comet-store,acba0ed3af,2026-08-24T17:49:02+05:30,src/components/app/home/index.tsx,648b08c464,2025-11-21T12:47:11+05:30,276
posx-comet-store,acba0ed3af,2026-08-24T17:49:02+05:30,src/components/app/inventory/inventory-table.tsx,b39b6b4efe,2025-04-03T22:56:46+05:30,507
posx-comet-store,acba0ed3af,2026-08-24T17:49:02+05:30,src/components/app/loss-of-sales/add-loss-of-sales.tsx,49c4e84b57,2025-11-13T19:45:44+05:30,283
posx-comet-store,acba0ed3af,2026-08-24T17:49:02+05:30,src/components/app/loss-of-sales/add-loss-of-sales.tsx,4e825cf1f1,2025-11-18T10:08:50+05:30,279
posx-comet-store,acba0ed3af,2026-08-24T17:49:02+05:30,src/components/app/loss-of-sales/add-loss-of-sales.tsx,26cacd9a77,2025-11-20T09:11:08+05:30,277
posx-comet-store,acba0ed3af,2026-08-24T17:49:02+05:30,src/components/app/loss-of-sales/add-loss-of-sales.tsx,5dfe70d626,2025-11-19T09:29:47+05:30,278
posx-comet-store,acba0ed3af,2026-08-24T17:49:02+05:30,src/components/app/loss-of-sales/create-loss-of-sales-form.tsx,49c4e84b57,2025-11-13T19:45:44+05:30,283
posx-comet-store,acba0ed3af,2026-08-24T17:49:02+05:30,src/components/app/loss-of-sales/create-loss-of-sales-form.tsx,ad21f8fc8c,2025-11-20T09:55:36+05:30,277
posx-comet-store,acba0ed3af,2026-08-24T17:49:02+05:30,src/components/app/product/cart-panel.tsx,d745698f9e,2026-01-26T23:20:49+05:30,209
posx-comet-store,acba0ed3af,2026-08-24T17:49:02+05:30,src/components/app/product/cart-panel.tsx,925634f0bf,2025-05-22T15:41:54+05:30,459
posx-comet-store,acba0ed3af,2026-08-24T17:49:02+05:30,src/components/app/product/cart-panel.tsx,51de8ab3ba,2025-05-21T18:03:01+05:30,459
posx-comet-store,acba0ed3af,2026-08-24T17:49:02+05:30,src/components/app/product/cart-panel.tsx,0d1a511ec0,2025-05-23T14:11:37+05:30,458
posx-comet-store,acba0ed3af,2026-08-24T17:49:02+05:30,src/components/app/product/cart-panel.tsx,efcd376747,2025-06-19T16:45:16+05:30,431
posx-comet-store,acba0ed3af,2026-08-24T17:49:02+05:30,src/components/app/product/cart-panel.tsx,1f2af0d23c,2025-06-02T11:04:37+05:30,448
posx-comet-store,acba0ed3af,2026-08-24T17:49:02+05:30,src/components/app/product/cart-panel.tsx,a7fdf7f0ce,2025-11-20T01:05:17+05:30,277
posx-comet-store,acba0ed3af,2026-08-24T17:49:02+05:30,src/components/layouts/app/header.tsx,df579a1c1a,2025-03-31T12:06:22+05:30,511
posx-comet-store,acba0ed3af,2026-08-24T17:49:02+05:30,src/components/layouts/app/mobile-menu.tsx,d043d5fd66,2025-11-05T13:53:52+05:30,292
posx-comet-store,acba0ed3af,2026-08-24T17:49:02+05:30,src/components/layouts/app/mobile-menu.tsx,534f77e1d4,2026-07-23T23:37:34+05:30,31
posx-comet-store,acba0ed3af,2026-08-24T17:49:02+05:30,src/components/layouts/app/sidebar.tsx,e39b860d7c,2026-07-24T00:43:48+05:30,31
posx-comet-store,acba0ed3af,2026-08-24T17:49:02+05:30,src/components/layouts/app/sidebar.tsx,7197405611,2025-11-11T10:16:06+05:30,286
posx-comet-store,acba0ed3af,2026-08-24T17:49:02+05:30,src/components/layouts/app/sidebar.tsx,4cd35a222c,2025-05-02T17:06:39+05:30,479
posx-comet-store,acba0ed3af,2026-08-24T17:49:02+05:30,src/libs/configs/protected-routes.ts,4cd35a222c,2025-05-02T17:06:39+05:30,479
posx-comet-store,acba0ed3af,2026-08-24T17:49:02+05:30,src/pages/cms/index.tsx,0ede6ddd88,2025-04-07T19:59:15+05:30,503
posx-comet-store,acba0ed3af,2026-08-24T17:49:02+05:30,src/pages/coupons/index.tsx,35ce445211,2026-07-16T14:59:55+05:30,39
posx-comet-store,acba0ed3af,2026-08-24T17:49:02+05:30,src/pages/coupons/index.tsx,21b0d3bba6,2026-07-21T18:50:51+05:30,33
posx-comet-store,acba0ed3af,2026-08-24T17:49:02+05:30,src/pages/inventory/index.tsx,57887186ea,2025-04-12T00:07:07+05:30,499
posx-comet-store,acba0ed3af,2026-08-24T17:49:02+05:30,src/pages/inventory/index.tsx,878d07fa7b,2025-03-26T10:02:12+05:30,516
posx-comet-store,acba0ed3af,2026-08-24T17:49:02+05:30,src/pages/inventory/index.tsx,8acc283ce5,2025-05-23T14:39:11+05:30,458
posx-comet-store,acba0ed3af,2026-08-24T17:49:02+05:30,src/pages/loss-of-sales/index.tsx,8164083551,2026-07-14T01:07:25+05:30,41
posx-comet-store,acba0ed3af,2026-08-24T17:49:02+05:30,src/pages/orders/details/_layout.tsx,107fa8b5e8,2025-12-11T12:48:39+05:30,256
posx-comet-store,acba0ed3af,2026-08-24T17:49:02+05:30,src/pages/orders/details/_layout.tsx,b9ae048483,2026-02-23T18:44:54+05:30,181
posx-comet-store,acba0ed3af,2026-08-24T17:49:02+05:30,src/pages/orders/index.tsx,4432a4586b,2025-04-01T10:13:48+05:30,510
posx-comet-store,acba0ed3af,2026-08-24T17:49:02+05:30,src/pages/orders/index.tsx,38ffe2d67c,2026-08-08T11:15:44+05:30,16
posx-comet-store,acba0ed3af,2026-08-24T17:49:02+05:30,src/pages/orders/index.tsx,31df5d684e,2025-04-29T20:13:39+05:30,481
posx-comet-store,acba0ed3af,2026-08-24T17:49:02+05:30,src/pages/orders/index.tsx,3699990ff6,2026-08-13T14:25:57+05:30,11
posx-comet-store,acba0ed3af,2026-08-24T17:49:02+05:30,src/pages/orders/index.tsx,f7d0889e03,2026-08-15T12:00:29+05:30,9
posx-comet-store,acba0ed3af,2026-08-24T17:49:02+05:30,src/pages/orders/index.tsx,44e1157633,2026-08-11T15:34:31+05:30,13
posx-comet-store,acba0ed3af,2026-08-24T17:49:02+05:30,src/pages/orders/index.tsx,a5982903d1,2025-03-31T21:29:05+05:30,510
posx-comet-store,acba0ed3af,2026-08-24T17:49:02+05:30,src/pages/orders/index.tsx,89e75bb848,2025-11-10T03:39:47+05:30,287
posx-comet-store,acba0ed3af,2026-08-24T17:49:02+05:30,src/pages/products/index.tsx,d584d5423e,2025-04-03T08:21:28+05:30,508
posx-comet-store,acba0ed3af,2026-08-24T17:49:02+05:30,src/pages/products/index.tsx,b159c2e806,2025-06-25T23:45:03+05:30,424
posx-comet-store,acba0ed3af,2026-08-24T17:49:02+05:30,src/pages/returns/index.tsx,b3bfa9d098,2025-04-15T18:01:45+05:30,495
posx-comet-store,acba0ed3af,2026-08-24T17:49:02+05:30,src/pages/returns/index.tsx,3a6323247a,2026-08-04T17:35:46+05:30,20
posx-comet-store,acba0ed3af,2026-08-24T17:49:02+05:30,src/pages/returns/index.tsx,b0b5306412,2025-04-03T12:05:20+05:30,508
posx-comet-store,acba0ed3af,2026-08-24T17:49:02+05:30,src/pages/returns/index.tsx,1093924a25,2025-04-02T23:10:59+05:30,508
posx-comet-store,acba0ed3af,2026-08-24T17:49:02+05:30,src/pages/returns/index.tsx,34344ba549,2025-04-21T12:24:31+05:30,490
posx-comet-store,acba0ed3af,2026-08-24T17:49:02+05:30,src/pages/returns/index.tsx,44e1157633,2026-08-11T15:34:31+05:30,13
posx-comet-store,acba0ed3af,2026-08-24T17:49:02+05:30,src/store/middlewares/cms.middleware.ts,99e711fbe0,2025-04-08T17:37:44+05:30,503
posx-comet-store,acba0ed3af,2026-08-24T17:49:02+05:30,src/store/reducers/inventory.reducer.ts,c02acd67f3,2025-03-19T10:31:29+05:30,523
posx-comet-store,acba0ed3af,2026-08-24T17:49:02+05:30,src/store/reducers/inventory.reducer.ts,878d07fa7b,2025-03-26T10:02:12+05:30,516
posx-comet-store,d772975817,2026-08-24T18:30:31+05:30,src/providers/side-effect.tsx,130c41fa4c,2025-03-25T17:11:06+05:30,517
posx-comet-store,d772975817,2026-08-24T18:30:31+05:30,src/store/reducers/auth.reducer.ts,09d986903f,2025-03-20T15:33:12+05:30,522
posx-comet-store,39e01f3c64,2026-08-25T00:16:12+05:30,src/components/app/home/employee-selector-v1.tsx,acba0ed3af,2026-08-24T17:49:02+05:30,0
posx-comet-store,39e01f3c64,2026-08-25T00:16:12+05:30,src/components/app/home/employee-selector.tsx,acba0ed3af,2026-08-24T17:49:02+05:30,0
posx-comet-store,39e01f3c64,2026-08-25T00:16:12+05:30,src/components/layouts/app/header.tsx,3b82a92794,2025-03-28T15:46:34+05:30,514
posx-comet-store,39e01f3c64,2026-08-25T00:16:12+05:30,src/components/layouts/app/header.tsx,4208f7b3e9,2025-11-17T16:10:21+05:30,280
posx-comet-store,39e01f3c64,2026-08-25T00:16:12+05:30,src/components/layouts/app/header.tsx,acba0ed3af,2026-08-24T17:49:02+05:30,0
posx-comet-store,39e01f3c64,2026-08-25T00:16:12+05:30,src/components/layouts/app/header.tsx,d745698f9e,2026-01-26T23:20:49+05:30,210
posx-comet-store,39e01f3c64,2026-08-25T00:16:12+05:30,src/components/layouts/app/header.tsx,c2948ca380,2025-03-31T12:19:11+05:30,511
posx-comet-store,39e01f3c64,2026-08-25T00:16:12+05:30,src/components/layouts/app/header.tsx,df579a1c1a,2025-03-31T12:06:22+05:30,511
posx-comet-store,39e01f3c64,2026-08-25T00:16:12+05:30,src/pages/employees/index.tsx,acba0ed3af,2026-08-24T17:49:02+05:30,0
posx-comet-store,d51723673c,2026-08-25T10:07:36+05:30,src/components/app/cms/add-cms/index.tsx,b8c6cef9f4,2025-04-08T18:59:52+05:30,503
posx-comet-store,d51723673c,2026-08-25T10:07:36+05:30,src/components/app/cms/cms-sort.tsx,28128f52bd,2025-04-09T11:54:04+05:30,502
posx-comet-store,d51723673c,2026-08-25T10:07:36+05:30,src/components/filters.tsx,f9be6482b4,2025-03-25T14:02:43+05:30,517
posx-comet-store,d51723673c,2026-08-25T10:07:36+05:30,src/store/middlewares/cms.middleware.ts,0ede6ddd88,2025-04-07T19:59:15+05:30,504
posx-comet-store,d51723673c,2026-08-25T10:07:36+05:30,src/store/middlewares/cms.middleware.ts,99e711fbe0,2025-04-08T17:37:44+05:30,503
posx-comet-store,d51723673c,2026-08-25T10:07:36+05:30,src/store/middlewares/cms.middleware.ts,acba0ed3af,2026-08-24T17:49:02+05:30,0
posx-comet-store,cabbf81e19,2026-08-25T14:23:21+05:30,src/components/print-button.tsx,db2d7eee7a,2025-03-29T18:32:13+05:30,513
posx-comet-store,cabbf81e19,2026-08-25T14:23:21+05:30,src/components/print-button.tsx,cf9bd6b21b,2025-03-28T20:44:10+05:30,514
posx-comet-store,cd9b3fea32,2026-08-26T00:45:15+05:30,src/components/print-button.tsx,db2d7eee7a,2025-03-29T18:32:13+05:30,514
posx-comet-store,cd9b3fea32,2026-08-26T00:45:15+05:30,src/components/print-button.tsx,cf9bd6b21b,2025-03-28T20:44:10+05:30,515
posx-comet-store,a9aae13805,2026-08-28T15:35:24+05:30,src/components/app/product/image-carousel.tsx,df553d7d13,2025-11-05T15:17:26+05:30,296
posx-comet-store,a9aae13805,2026-08-28T15:35:24+05:30,src/components/app/product/image-carousel.tsx,c325c74938,2025-11-05T17:05:32+05:30,295
posx-comet-store,a9aae13805,2026-08-28T15:35:24+05:30,src/components/app/product/image-carousel.tsx,b4adb77ae6,2025-11-10T03:17:07+05:30,291
posx-comet-store,a9aae13805,2026-08-28T15:35:24+05:30,src/pages/products/details.tsx,faac382952,2026-04-07T16:07:56+05:30,142
posx-comet-store,a9aae13805,2026-08-28T15:35:24+05:30,src/pages/products/details.tsx,ec99516acc,2025-12-09T17:14:03+05:30,261
posx-comet-store,a9aae13805,2026-08-28T15:35:24+05:30,src/pages/products/details.tsx,a8fc0b586c,2026-04-10T16:48:05+05:30,139
posx-comet-store,a9aae13805,2026-08-28T15:35:24+05:30,src/pages/products/details.tsx,b9aef1a2af,2026-03-29T22:28:38+05:30,151
posx-comet-store,a9aae13805,2026-08-28T15:35:24+05:30,src/pages/products/details.tsx,d38d6d0987,2025-11-05T15:52:53+05:30,295
posx-comet-store,a9aae13805,2026-08-28T15:35:24+05:30,src/pages/products/details.tsx,efcd376747,2025-06-19T16:45:16+05:30,434
posx-comet-store,a9aae13805,2026-08-28T15:35:24+05:30,src/pages/products/details.tsx,b4adb77ae6,2025-11-10T03:17:07+05:30,291
posx-comet-store,a9aae13805,2026-08-28T15:35:24+05:30,src/pages/products/details.tsx,df553d7d13,2025-11-05T15:17:26+05:30,296
posx-comet-store,a9aae13805,2026-08-28T15:35:24+05:30,src/pages/products/details.tsx,f7e8b8a3c3,2026-01-27T16:36:33+05:30,212
posx-comet-store,a9aae13805,2026-08-28T15:35:24+05:30,src/pages/products/details.tsx,70179e25b9,2025-11-05T16:09:21+05:30,295
posx-comet-store,a9aae13805,2026-08-28T15:35:24+05:30,src/pages/products/details.tsx,0dd353332e,2025-04-03T10:19:23+05:30,512
posx-comet-store,a9aae13805,2026-08-28T15:35:24+05:30,src/pages/products/details.tsx,7d30ba12ce,2026-07-02T20:38:40+05:30,56
posx-comet-store,a9aae13805,2026-08-28T15:35:24+05:30,src/pages/products/details.tsx,8400838695,2026-06-29T16:38:09+05:30,59
posx-comet-store,a9aae13805,2026-08-28T15:35:24+05:30,src/pages/products/details.tsx,7fab230286,2025-11-18T15:54:20+05:30,282
posx-comet-store,352a0755c3,2026-08-31T16:14:53+05:30,src/components/app/coupons/coupons-listing.tsx,8b3eec7b24,2025-04-22T17:57:16+05:30,495
posx-comet-store,352a0755c3,2026-08-31T16:14:53+05:30,src/components/app/coupons/coupons-listing.tsx,d043d5fd66,2025-11-05T13:53:52+05:30,299
posx-comet-store,352a0755c3,2026-08-31T16:14:53+05:30,src/components/app/order/order-details.tsx,f60ace5fad,2025-04-05T13:40:03+05:30,513
posx-comet-store,352a0755c3,2026-08-31T16:14:53+05:30,src/components/app/order/order-details.tsx,032654033e,2025-11-20T11:53:15+05:30,284
posx-comet-store,352a0755c3,2026-08-31T16:14:53+05:30,src/components/app/order/order-details.tsx,7526eb353e,2025-04-15T12:45:39+05:30,503
posx-demo-admin,8787d3a68f,2026-05-22T11:45:49+05:30,.github/workflows/cleanup-bucket-policies.yml,ed306eb5aa,2026-05-22T11:43:54+05:30,0
posx-demo-backend,c7507d5ae5,2026-04-18T12:05:04+05:30,Dockerfile,d8881acb28,2026-04-18T11:59:55+05:30,0
posx-demo-backend,47e80cec36,2026-04-21T11:02:44+05:30,Dockerfile,630d02eb9f,2026-04-21T10:47:05+05:30,0
posx-demo-backend,6db889af8e,2026-04-21T17:36:22+05:30,.github/workflows/deploy.yml,61c67b44d8,2026-04-21T16:10:00+05:30,0
posx-demo-backend,0b738fadce,2026-04-22T11:59:01+05:30,Dockerfile,d8881acb28,2026-04-18T11:59:55+05:30,3
posx-demo-backend,b009f1cc9f,2026-04-23T17:48:10+05:30,Dockerfile,d8881acb28,2026-04-18T11:59:55+05:30,5
posx-demo-backend,d9c7fcd47e,2026-05-04T17:31:36+05:30,.github/workflows/deploy.yml,6db889af8e,2026-04-21T17:36:22+05:30,12
posx-demo-backend,e78844378f,2026-05-05T11:39:56+05:30,.github/workflows/deploy.yml,d9c7fcd47e,2026-05-04T17:31:36+05:30,0
posx-eume-admin,8f9bdcf24c,2025-09-11T11:14:18+05:30,src/hooks/api/campaign-coupons.tsx,44ca1194ca,2025-08-19T15:29:21+05:30,22
posx-eume-admin,8f9bdcf24c,2025-09-11T11:14:18+05:30,src/routes/campaign-coupons/campaign-list/components/campaign-coupon-list-table/campaign-coupon-list-table.tsx,44ca1194ca,2025-08-19T15:29:21+05:30,22
posx-eume-admin,8f9bdcf24c,2025-09-11T11:14:18+05:30,src/routes/campaign-coupons/campaign-list/components/use-campaign-coupon-table-query.tsx,44ca1194ca,2025-08-19T15:29:21+05:30,22
posx-eume-admin,8f9bdcf24c,2025-09-11T11:14:18+05:30,src/routes/campaign-coupons/coupon-create/components/basic-info-create-form/basic-info-create-form.tsx,44ca1194ca,2025-08-19T15:29:21+05:30,22
posx-eume-admin,8f9bdcf24c,2025-09-11T11:14:18+05:30,src/routes/campaign-coupons/coupon-create/components/coupon-create-form/coupon-create-form.tsx,44ca1194ca,2025-08-19T15:29:21+05:30,22
posx-eume-admin,8f9bdcf24c,2025-09-11T11:14:18+05:30,src/routes/campaign-coupons/coupon-create/components/discount-configuration-form/discount-configuration-form.tsx,44ca1194ca,2025-08-19T15:29:21+05:30,22
posx-eume-admin,8f9bdcf24c,2025-09-11T11:14:18+05:30,src/routes/campaign-coupons/coupon-create/constants.ts,44ca1194ca,2025-08-19T15:29:21+05:30,22
posx-eume-admin,8f9bdcf24c,2025-09-11T11:14:18+05:30,src/routes/campaign-coupons/coupon-detail/components/basic-info-section.tsx,44ca1194ca,2025-08-19T15:29:21+05:30,22
posx-eume-admin,8f9bdcf24c,2025-09-11T11:14:18+05:30,src/routes/campaign-coupons/coupon-detail/components/discount-info-section.tsx,44ca1194ca,2025-08-19T15:29:21+05:30,22
posx-eume-admin,8f9bdcf24c,2025-09-11T11:14:18+05:30,src/routes/campaign-coupons/coupon-detail/loader.ts,44ca1194ca,2025-08-19T15:29:21+05:30,22
posx-eume-admin,8f9bdcf24c,2025-09-11T11:14:18+05:30,src/routes/campaign-coupons/coupon-edit/components/edit-coupon-form.tsx,44ca1194ca,2025-08-19T15:29:21+05:30,22
posx-eume-admin,8f9bdcf24c,2025-09-11T11:14:18+05:30,src/routes/campaign-coupons/types.ts,44ca1194ca,2025-08-19T15:29:21+05:30,22
posx-eume-admin,0c22c832ff,2025-09-17T12:36:43+05:30,src/components/common/logo-box/avatar-box.tsx,24b1b39126,2025-09-16T15:59:22+05:30,0
posx-eume-admin,1ad407a30f,2025-10-01T12:16:30+05:30,src/i18n/translations/en.json,44ca1194ca,2025-08-19T15:29:21+05:30,42
posx-eume-admin,63aafc1782,2025-10-03T18:18:18+05:30,src/routes/store-details/store-details-create/components/payment-create-form/payment-create-form.tsx,1bedab7cee,2025-10-03T15:06:58+05:30,0
posx-eume-admin,f30dbb9665,2025-10-16T12:33:16+05:30,src/i18n/translations/en.json,da1d417820,2025-10-16T11:54:58+05:30,0
posx-eume-admin,f30dbb9665,2025-10-16T12:33:16+05:30,src/routes/store-details/store-detail/components/payment-integration-section.tsx,da1d417820,2025-10-16T11:54:58+05:30,0
posx-eume-admin,f30dbb9665,2025-10-16T12:33:16+05:30,src/routes/store-details/store-details-create/components/payment-create-form/payment-create-form.tsx,da1d417820,2025-10-16T11:54:58+05:30,0
posx-eume-admin,f30dbb9665,2025-10-16T12:33:16+05:30,src/routes/store-details/store-details-create/constants.ts,da1d417820,2025-10-16T11:54:58+05:30,0
posx-eume-admin,f30dbb9665,2025-10-16T12:33:16+05:30,src/routes/store-details/store-edit/components/edit-store-form.tsx,da1d417820,2025-10-16T11:54:58+05:30,0
posx-eume-admin,f30dbb9665,2025-10-16T12:33:16+05:30,src/routes/store-details/types.ts,da1d417820,2025-10-16T11:54:58+05:30,0
posx-eume-admin,bb52286ec9,2025-12-23T16:25:15+05:30,src/routes/employees/employee-edit/components/edit-employee-form/edit-employee-form.tsx,8fd37935d8,2025-12-16T17:16:31+05:30,6
posx-eume-admin,bb52286ec9,2025-12-23T16:25:15+05:30,src/routes/employees/employee-edit/components/edit-employee-form/edit-employee-form.tsx,44ca1194ca,2025-08-19T15:29:21+05:30,126
posx-eume-admin,7758e5254e,2025-12-23T23:50:26+05:30,src/routes/employees/employee-create/components/basic-info-create-form/basic-info-create-form.tsx,15e54f534d,2025-12-23T15:34:31+05:30,0
posx-eume-admin,1f65b2ace1,2026-02-02T17:47:20+05:30,src/routes/store-details/store-details-create/components/payment-create-form/payment-create-form.tsx,0f39472083,2026-01-29T17:02:00+05:30,4
posx-eume-admin,ce6c4c953f,2026-03-31T15:14:10+05:30,src/routes/store-details/store-details-create/components/payment-create-form/payment-create-form.tsx,da1d417820,2025-10-16T11:54:58+05:30,166
posx-eume-admin,ce6c4c953f,2026-03-31T15:14:10+05:30,src/routes/store-details/store-details-create/components/payment-create-form/payment-create-form.tsx,6772e35022,2026-02-03T14:46:05+05:30,56
posx-eume-admin,ce6c4c953f,2026-03-31T15:14:10+05:30,src/routes/store-details/store-details-create/components/store-details-create-form/store-details-create-form.tsx,0f39472083,2026-01-29T17:02:00+05:30,60
posx-eume-admin,ce6c4c953f,2026-03-31T15:14:10+05:30,src/routes/store-details/store-details-create/constants.ts,0f39472083,2026-01-29T17:02:00+05:30,60
posx-eume-admin,dc256ff801,2026-04-22T12:50:00+05:30,.github/workflows/deploy.yml,fc529597a3,2026-04-17T17:10:53+05:30,4
posx-eume-admin,f5e8305d38,2026-06-20T18:31:55+05:30,src/routes/unicommerce/unicommerce-panel/unicommerce-panel.tsx,127fb66731,2026-06-20T18:12:20+05:30,0
posx-eume-admin,48db3c8481,2026-07-30T19:11:56+05:30,src/routes/order-details/order-list/components/order-report-grid.tsx,44ca1194ca,2025-08-19T15:29:21+05:30,345
posx-eume-admin,48db3c8481,2026-07-30T19:11:56+05:30,src/routes/order-details/order-list/components/order-report-grid.tsx,3cf0a14444,2026-03-31T13:55:45+05:30,121
posx-eume-admin,c55e7ebd2d,2026-08-12T11:52:44+05:30,src/routes/orders/order-receive-return/components/order-receive-return-form/order-receive-return-form.tsx,c637dde92d,2026-08-12T11:32:58+05:30,0
posx-eume-admin,f5aef7beaf,2026-08-12T21:38:18+05:30,src/routes/global-config/global-config-create/constants.ts,44ca1194ca,2025-08-19T15:29:21+05:30,358
posx-eume-admin,f5aef7beaf,2026-08-12T21:38:18+05:30,src/routes/global-config/global-config-edit/components/edit-global-config-form/edit-global-config-form.tsx,44ca1194ca,2025-08-19T15:29:21+05:30,358
posx-eume-admin,f5aef7beaf,2026-08-12T21:38:18+05:30,src/routes/store-details/store-details-create/constants.ts,c637dde92d,2026-08-12T11:32:58+05:30,0
posx-eume-admin,306f025eba,2026-08-13T18:26:34+05:30,src/components/custom-search/custom-search.tsx,c637dde92d,2026-08-12T11:32:58+05:30,1
posx-eume-admin,306f025eba,2026-08-13T18:26:34+05:30,src/components/custom-search/custom-search.tsx,44ca1194ca,2025-08-19T15:29:21+05:30,359
posx-eume-admin,306f025eba,2026-08-13T18:26:34+05:30,src/routes/store-coupons/coupon-create/components/product-selection/product-selection.tsx,44ca1194ca,2025-08-19T15:29:21+05:30,359
posx-eume-admin,692d3b7ec4,2026-08-26T18:54:15+05:30,src/routes/store-coupons/coupon-create/constants.ts,68ac39001c,2026-08-20T01:15:02+05:30,6
posx-eume-backend,b467491625,2025-08-29T19:07:03+05:30,src/workflows/product/steps/get-product-with-metadata-step.ts,ae45bfed36,2025-08-29T15:47:04+05:30,0
posx-eume-backend,878c306f36,2025-08-30T12:06:16+05:30,src/workflows/product/steps/get-product-with-metadata-step.ts,ff28bf4b1b,2025-08-30T11:50:02+05:30,0
posx-eume-backend,878c306f36,2025-08-30T12:06:16+05:30,src/workflows/product/steps/get-product-with-metadata-step.ts,ae45bfed36,2025-08-29T15:47:04+05:30,0
posx-eume-backend,1b5bc1999e,2025-09-04T10:55:38+05:30,medusa-config.ts,0dbe98f091,2025-09-02T22:45:20+05:30,1
posx-eume-backend,1b5bc1999e,2025-09-04T10:55:38+05:30,src/modules/razorpay-pos/service.ts,ee2d4c66c4,2025-08-19T12:39:40+05:30,15
posx-eume-backend,1b5bc1999e,2025-09-04T10:55:38+05:30,src/workflows/payment-detail/steps/cancel-payment-details-step.ts,19dbec8a36,2025-08-30T10:00:25+05:30,5
posx-eume-backend,1b5bc1999e,2025-09-04T10:55:38+05:30,src/workflows/payment-detail/steps/cancel-payment-details-step.ts,ee2d4c66c4,2025-08-19T12:39:40+05:30,15
posx-eume-backend,1b5bc1999e,2025-09-04T10:55:38+05:30,src/workflows/payment-detail/steps/verify-payment-details-step.ts,ee2d4c66c4,2025-08-19T12:39:40+05:30,15
posx-eume-backend,7e502e77d5,2025-09-05T11:39:23+05:30,src/lib/constant.ts,f1976fccd5,2025-09-04T13:16:36+05:30,0
posx-eume-backend,7e502e77d5,2025-09-05T11:39:23+05:30,src/lib/helpers/build-summary.ts,0dbe98f091,2025-09-02T22:45:20+05:30,2
posx-eume-backend,7e502e77d5,2025-09-05T11:39:23+05:30,src/lib/helpers/calculate-online-coupon-discount.ts,5cd6a45db7,2025-09-01T11:02:12+05:30,4
posx-eume-backend,7e502e77d5,2025-09-05T11:39:23+05:30,src/lib/helpers/get-order-product-discount-amount.ts,ee2d4c66c4,2025-08-19T12:39:40+05:30,16
posx-eume-backend,7e502e77d5,2025-09-05T11:39:23+05:30,src/workflows/online-order/steps/create-online-order-step.ts,bb4d59b628,2025-09-04T16:31:35+05:30,0
posx-eume-backend,7e502e77d5,2025-09-05T11:39:23+05:30,src/workflows/online-order/steps/create-online-order-step.ts,015e1f9ba7,2025-09-04T19:00:02+05:30,0
posx-eume-backend,7e502e77d5,2025-09-05T11:39:23+05:30,src/workflows/online-order/steps/create-online-order-step.ts,ee2d4c66c4,2025-08-19T12:39:40+05:30,16
posx-eume-backend,11a3763026,2025-09-05T11:50:11+05:30,src/lib/helpers/build-summary.ts,0dbe98f091,2025-09-02T22:45:20+05:30,2
posx-eume-backend,62c33a297e,2025-09-05T13:41:33+05:30,src/workflows/online-order/steps/create-online-order-step.ts,015e1f9ba7,2025-09-04T19:00:02+05:30,0
posx-eume-backend,9b8d197f47,2025-09-05T14:17:59+05:30,src/api/admin/shopify-customer/address/route.ts,ee2d4c66c4,2025-08-19T12:39:40+05:30,17
posx-eume-backend,9b8d197f47,2025-09-05T14:17:59+05:30,src/types/validators/shopify-customer.ts,ee2d4c66c4,2025-08-19T12:39:40+05:30,17
posx-eume-backend,68332e3f68,2025-09-05T17:03:35+05:30,src/types/validators/cart.ts,9087e14d8f,2025-08-22T13:34:19+05:30,14
posx-eume-backend,f476ef0650,2025-09-05T17:42:44+05:30,src/workflows/online-order/steps/create-online-order-step.ts,015e1f9ba7,2025-09-04T19:00:02+05:30,0
posx-eume-backend,51c40b3da3,2025-09-09T10:12:19+05:30,src/api/shopify/webhooks/product/update/route.ts,ee2d4c66c4,2025-08-19T12:39:40+05:30,20
posx-eume-backend,51c40b3da3,2025-09-09T10:12:19+05:30,src/lib/helpers/build-summary.ts,6fa0e3c6e6,2025-08-30T11:42:38+05:30,9
posx-eume-backend,51c40b3da3,2025-09-09T10:12:19+05:30,src/lib/helpers/build-summary.ts,0dbe98f091,2025-09-02T22:45:20+05:30,6
posx-eume-backend,51c40b3da3,2025-09-09T10:12:19+05:30,src/workflows/cart/steps/apply-custom-discount-step.ts,9087e14d8f,2025-08-22T13:34:19+05:30,17
posx-eume-backend,51c40b3da3,2025-09-09T10:12:19+05:30,src/workflows/order-detail/steps/create-order-detail-step.ts,ee2d4c66c4,2025-08-19T12:39:40+05:30,20
posx-eume-backend,ac93054160,2025-09-10T10:00:14+05:30,src/api/admin/cart/route.ts,0dbe98f091,2025-09-02T22:45:20+05:30,7
posx-eume-backend,ac93054160,2025-09-10T10:00:14+05:30,src/api/change-returnable/route.ts,ee2d4c66c4,2025-08-19T12:39:40+05:30,21
posx-eume-backend,ac93054160,2025-09-10T10:00:14+05:30,src/jobs/change-returnable-status-of-order.ts,ee2d4c66c4,2025-08-19T12:39:40+05:30,21
posx-eume-backend,ac93054160,2025-09-10T10:00:14+05:30,src/lib/helpers/build-summary.ts,9087e14d8f,2025-08-22T13:34:19+05:30,18
posx-eume-backend,ac93054160,2025-09-10T10:00:14+05:30,src/lib/helpers/build-summary.ts,e9843ba015,2025-08-29T16:32:33+05:30,11
posx-eume-backend,ac93054160,2025-09-10T10:00:14+05:30,src/lib/helpers/build-summary.ts,51c40b3da3,2025-09-09T10:12:19+05:30,0
posx-eume-backend,ac93054160,2025-09-10T10:00:14+05:30,src/subscribers/order-detail-order-confirmed.ts,ee2d4c66c4,2025-08-19T12:39:40+05:30,21
posx-eume-backend,ac93054160,2025-09-10T10:00:14+05:30,src/types/workflows/store-details.ts,19dbec8a36,2025-08-30T10:00:25+05:30,10
posx-eume-backend,ac93054160,2025-09-10T10:00:14+05:30,src/workflows/order-detail/steps/create-exchange-order-detail-step.ts,ee2d4c66c4,2025-08-19T12:39:40+05:30,21
posx-eume-backend,ac93054160,2025-09-10T10:00:14+05:30,src/workflows/order-return-and-exchange/steps/adjust-returned-order-as-per-order-product-step.ts,ee2d4c66c4,2025-08-19T12:39:40+05:30,21
posx-eume-backend,ac93054160,2025-09-10T10:00:14+05:30,src/workflows/order-return-and-exchange/steps/check-order-returnable-step.ts,ee2d4c66c4,2025-08-19T12:39:40+05:30,21
posx-eume-backend,ac93054160,2025-09-10T10:00:14+05:30,src/workflows/pos-inventory/steps/update-shopping-bag-count-step.ts,ee2d4c66c4,2025-08-19T12:39:40+05:30,21
posx-eume-backend,ac93054160,2025-09-10T10:00:14+05:30,src/workflows/pos-inventory/workflows/update-shopping-bag-counts.ts,ee2d4c66c4,2025-08-19T12:39:40+05:30,21
posx-eume-backend,22e083f094,2025-09-10T12:35:15+05:30,src/api/admin/cart/route.ts,ac93054160,2025-09-10T10:00:14+05:30,0
posx-eume-backend,22e083f094,2025-09-10T12:35:15+05:30,src/modules/unicommerce/service.ts,ee2d4c66c4,2025-08-19T12:39:40+05:30,21
posx-eume-backend,22e083f094,2025-09-10T12:35:15+05:30,src/types/validators/cart.ts,0dbe98f091,2025-09-02T22:45:20+05:30,7
posx-eume-backend,22e083f094,2025-09-10T12:35:15+05:30,src/types/validators/order-detail.ts,bb4d59b628,2025-09-04T16:31:35+05:30,5
posx-eume-backend,22e083f094,2025-09-10T12:35:15+05:30,src/workflows/cart/steps/get-medusa-product-variant-step.ts,ee2d4c66c4,2025-08-19T12:39:40+05:30,21
posx-eume-backend,22e083f094,2025-09-10T12:35:15+05:30,src/workflows/cart/workflows/add-to-cart.ts,ee2d4c66c4,2025-08-19T12:39:40+05:30,21
posx-eume-backend,22e083f094,2025-09-10T12:35:15+05:30,src/workflows/order-detail/steps/check-if-item-codes-is-sold.ts,ee2d4c66c4,2025-08-19T12:39:40+05:30,21
posx-eume-backend,22e083f094,2025-09-10T12:35:15+05:30,src/workflows/order-detail/steps/create-order-detail-step.ts,51c40b3da3,2025-09-09T10:12:19+05:30,1
posx-eume-backend,22e083f094,2025-09-10T12:35:15+05:30,src/workflows/order-detail/steps/validate-order-products-step.ts,ee2d4c66c4,2025-08-19T12:39:40+05:30,21
posx-eume-backend,e8f4f2d2b9,2025-09-10T14:21:15+05:30,src/types/validators/order-detail.ts,ee2d4c66c4,2025-08-19T12:39:40+05:30,22
posx-eume-backend,e8f4f2d2b9,2025-09-10T14:21:15+05:30,src/workflows/order-detail/steps/confirm-order-detail-step.ts,ee2d4c66c4,2025-08-19T12:39:40+05:30,22
posx-eume-backend,e8f4f2d2b9,2025-09-10T14:21:15+05:30,src/workflows/order-detail/steps/confirm-order-detail-step.ts,139f10dd2d,2025-09-10T10:34:25+05:30,0
posx-eume-backend,e8f4f2d2b9,2025-09-10T14:21:15+05:30,src/workflows/order-detail/steps/update-order-detail-step.ts,ee2d4c66c4,2025-08-19T12:39:40+05:30,22
posx-eume-backend,e8f4f2d2b9,2025-09-10T14:21:15+05:30,src/workflows/order-detail/workflows/update-order-details.ts,ee2d4c66c4,2025-08-19T12:39:40+05:30,22
posx-eume-backend,ef5e2ee531,2025-09-10T16:05:28+05:30,src/api/admin/order-detail/[id]/route.ts,ee2d4c66c4,2025-08-19T12:39:40+05:30,22
posx-eume-backend,ef5e2ee531,2025-09-10T16:05:28+05:30,src/workflows/order-detail/steps/confirm-order-detail-step.ts,ee2d4c66c4,2025-08-19T12:39:40+05:30,22
posx-eume-backend,ef5e2ee531,2025-09-10T16:05:28+05:30,src/workflows/order-detail/steps/confirm-order-detail-step.ts,e8f4f2d2b9,2025-09-10T14:21:15+05:30,0
posx-eume-backend,0cbeea51bc,2025-09-11T14:53:19+05:30,src/workflows/cart/steps/apply-online-coupon-step.ts,6fa0e3c6e6,2025-08-30T11:42:38+05:30,12
posx-eume-backend,0cbeea51bc,2025-09-11T14:53:19+05:30,src/workflows/cart/steps/apply-online-coupon-step.ts,ee2d4c66c4,2025-08-19T12:39:40+05:30,23
posx-eume-backend,543e52bce0,2025-09-12T17:58:38+05:30,src/api/admin/order-return-and-exchange/route.ts,ee2d4c66c4,2025-08-19T12:39:40+05:30,24
posx-eume-backend,543e52bce0,2025-09-12T17:58:38+05:30,src/workflows/online-order/steps/calculate-store-coupon-discount-for-order-step.ts,bb4d59b628,2025-09-04T16:31:35+05:30,8
posx-eume-backend,543e52bce0,2025-09-12T17:58:38+05:30,src/workflows/online-order/steps/create-online-order-step.ts,015e1f9ba7,2025-09-04T19:00:02+05:30,7
posx-eume-backend,543e52bce0,2025-09-12T17:58:38+05:30,src/workflows/online-order/steps/create-online-order-step.ts,bb4d59b628,2025-09-04T16:31:35+05:30,8
posx-eume-backend,543e52bce0,2025-09-12T17:58:38+05:30,src/workflows/order-detail/steps/create-exchange-order-detail-step.ts,139f10dd2d,2025-09-10T10:34:25+05:30,2
posx-eume-backend,543e52bce0,2025-09-12T17:58:38+05:30,src/workflows/order-detail/steps/create-exchange-order-detail-step.ts,ee2d4c66c4,2025-08-19T12:39:40+05:30,24
posx-eume-backend,543e52bce0,2025-09-12T17:58:38+05:30,src/workflows/order-detail/steps/create-order-detail-step.ts,ee2d4c66c4,2025-08-19T12:39:40+05:30,24
posx-eume-backend,543e52bce0,2025-09-12T17:58:38+05:30,src/workflows/order-detail/steps/create-order-detail-step.ts,ed4e0ccb30,2025-09-10T19:48:53+05:30,1
posx-eume-backend,543e52bce0,2025-09-12T17:58:38+05:30,src/workflows/order-detail/steps/create-order-detail-step.ts,51c40b3da3,2025-09-09T10:12:19+05:30,3
posx-eume-backend,543e52bce0,2025-09-12T17:58:38+05:30,src/workflows/order-detail/steps/validate-order-products-step.ts,ee2d4c66c4,2025-08-19T12:39:40+05:30,24
posx-eume-backend,543e52bce0,2025-09-12T17:58:38+05:30,src/workflows/payment-detail/steps/create-refund-payment-step.ts,ee2d4c66c4,2025-08-19T12:39:40+05:30,24
posx-eume-backend,d9dd81e59d,2025-09-12T18:54:09+05:30,src/workflows/order-detail/steps/confirm-order-detail-step.ts,ef5e2ee531,2025-09-10T16:05:28+05:30,2
posx-eume-backend,d68441bde8,2025-09-25T11:15:20+05:30,src/workflows/order-detail/steps/confirm-order-detail-step.ts,e8f4f2d2b9,2025-09-10T14:21:15+05:30,14
posx-eume-backend,d68441bde8,2025-09-25T11:15:20+05:30,src/workflows/order-detail/steps/confirm-order-detail-step.ts,ef5e2ee531,2025-09-10T16:05:28+05:30,14
posx-eume-backend,d68441bde8,2025-09-25T11:15:20+05:30,src/workflows/order-detail/steps/confirm-order-detail-step.ts,ee2d4c66c4,2025-08-19T12:39:40+05:30,36
posx-eume-backend,d68441bde8,2025-09-25T11:15:20+05:30,src/workflows/order-detail/steps/confirm-order-detail-step.ts,3f43a9d43b,2025-09-23T15:57:05+05:30,1
posx-eume-backend,d68441bde8,2025-09-25T11:15:20+05:30,src/workflows/order-detail/steps/confirm-order-detail-step.ts,081b729e1f,2025-09-24T16:11:51+05:30,0
posx-eume-backend,091517e0e2,2025-09-29T11:13:30+05:30,src/workflows/order-return-and-exchange/steps/cancel-unicommerce-order-step.ts,3f43a9d43b,2025-09-23T15:57:05+05:30,5
posx-eume-backend,091517e0e2,2025-09-29T11:13:30+05:30,src/workflows/order-return-and-exchange/steps/cancel-unicommerce-order-step.ts,d9c0f43b34,2025-09-25T18:19:19+05:30,3
posx-eume-backend,16b87805cd,2025-10-01T12:11:39+05:30,src/types/workflows/employee.ts,0ac36ec610,2025-09-25T15:50:44+05:30,5
posx-eume-backend,16b87805cd,2025-10-01T12:11:39+05:30,src/workflows/cart/workflows/add-to-cart.ts,ee2d4c66c4,2025-08-19T12:39:40+05:30,42
posx-eume-backend,4b99436c50,2025-10-01T12:19:19+05:30,src/modules/pdf-client/invoice.html,ee2d4c66c4,2025-08-19T12:39:40+05:30,42
posx-eume-backend,4b99436c50,2025-10-01T12:19:19+05:30,src/workflows/cart/steps/get-medusa-product-variant-step.ts,22e083f094,2025-09-10T12:35:15+05:30,20
posx-eume-backend,4b99436c50,2025-10-01T12:19:19+05:30,src/workflows/cart/steps/get-sku-from-unicommerce-step.ts,ee2d4c66c4,2025-08-19T12:39:40+05:30,42
posx-eume-backend,4b99436c50,2025-10-01T12:19:19+05:30,src/workflows/user/steps/send-activation-link-step.ts,ee2d4c66c4,2025-08-19T12:39:40+05:30,42
posx-eume-backend,9a6bc001e0,2025-10-01T14:59:06+05:30,src/types/validators/order-detail.ts,c52c812e09,2025-09-16T15:57:47+05:30,14
posx-eume-backend,9a6bc001e0,2025-10-01T14:59:06+05:30,src/workflows/cart/steps/add-personalization-product-step.ts,c5f3c7ee14,2025-09-24T12:54:54+05:30,7
posx-eume-backend,9a6bc001e0,2025-10-01T14:59:06+05:30,src/workflows/cart/steps/apply-online-coupon-step.ts,23d89e7257,2025-09-30T17:29:37+05:30,0
posx-eume-backend,9a6bc001e0,2025-10-01T14:59:06+05:30,src/workflows/cart/steps/apply-store-coupon-step.ts,23d89e7257,2025-09-30T17:29:37+05:30,0
posx-eume-backend,5142981988,2025-10-02T12:41:31+05:30,src/lib/helpers/build-summary.ts,ee2d4c66c4,2025-08-19T12:39:40+05:30,44
posx-eume-backend,5142981988,2025-10-02T12:41:31+05:30,src/lib/helpers/build-summary.ts,6fa0e3c6e6,2025-08-30T11:42:38+05:30,33
posx-eume-backend,5142981988,2025-10-02T12:41:31+05:30,src/lib/helpers/build-summary.ts,fc5c515225,2025-09-30T14:13:38+05:30,1
posx-eume-backend,5142981988,2025-10-02T12:41:31+05:30,src/workflows/cart/steps/add-personalization-product-step.ts,9a6bc001e0,2025-10-01T14:59:06+05:30,0
posx-eume-backend,5142981988,2025-10-02T12:41:31+05:30,src/workflows/cart/steps/remove-custom-discount-step.ts,fc5c515225,2025-09-30T14:13:38+05:30,1
posx-eume-backend,5142981988,2025-10-02T12:41:31+05:30,src/workflows/cart/steps/remove-item-from-shopify-cart-step.ts,2ee3056981,2025-09-25T18:19:36+05:30,6
posx-eume-backend,5142981988,2025-10-02T12:41:31+05:30,src/workflows/cart/steps/remove-online-coupon-step.ts,fc5c515225,2025-09-30T14:13:38+05:30,1
posx-eume-backend,5142981988,2025-10-02T12:41:31+05:30,src/workflows/cart/steps/remove-store-coupon-step.ts,fc5c515225,2025-09-30T14:13:38+05:30,1
posx-eume-backend,5142981988,2025-10-02T12:41:31+05:30,src/workflows/shopify-product/steps/update-product-variant-steps.ts,280ce9794d,2025-09-09T11:11:41+05:30,23
posx-eume-backend,5142981988,2025-10-02T12:41:31+05:30,src/workflows/shopify-product/steps/update-product-variant-steps.ts,ee2d4c66c4,2025-08-19T12:39:40+05:30,44
posx-eume-backend,bd16cc3969,2025-10-06T14:07:32+05:30,src/workflows/order-return-and-exchange/steps/check-variant-availability-step.ts,d9c0f43b34,2025-09-25T18:19:19+05:30,10
posx-eume-backend,dbede2b605,2025-10-06T14:17:06+05:30,src/modules/unicommerce/service.ts,bd16cc3969,2025-10-06T14:07:32+05:30,0
posx-eume-backend,dbede2b605,2025-10-06T14:17:06+05:30,src/workflows/order-return-and-exchange/steps/check-variant-availability-step.ts,bd16cc3969,2025-10-06T14:07:32+05:30,0
posx-eume-backend,ff9a74b85d,2025-10-08T10:47:05+05:30,src/workflows/product/steps/get-product-with-metadata-step.ts,b93883334c,2025-08-30T12:24:45+05:30,38
posx-eume-backend,ff9a74b85d,2025-10-08T10:47:05+05:30,src/workflows/product/steps/get-product-with-metadata-step.ts,ae45bfed36,2025-08-29T15:47:04+05:30,39
posx-eume-backend,ff9a74b85d,2025-10-08T10:47:05+05:30,src/workflows/product/steps/get-product-with-metadata-step.ts,b467491625,2025-08-29T19:07:03+05:30,39
posx-eume-backend,ff9a74b85d,2025-10-08T10:47:05+05:30,src/workflows/product/steps/get-product-with-metadata-step.ts,618e9e43d6,2025-08-30T13:18:33+05:30,38
posx-eume-backend,ff9a74b85d,2025-10-08T10:47:05+05:30,src/workflows/shopify-product/steps/create-medusa-product-step.ts,ee2d4c66c4,2025-08-19T12:39:40+05:30,49
posx-eume-backend,ff9a74b85d,2025-10-08T10:47:05+05:30,src/workflows/shopify-product/steps/update-medusa-product-step.ts,ee2d4c66c4,2025-08-19T12:39:40+05:30,49
posx-eume-backend,b64926a767,2025-10-08T14:05:29+05:30,src/workflows/cart/workflows/change-quantity.ts,ff3106c167,2025-10-06T17:09:25+05:30,1
posx-eume-backend,b64926a767,2025-10-08T14:05:29+05:30,src/workflows/online-cart/steps/check-variant-is-available.ts,ee2d4c66c4,2025-08-19T12:39:40+05:30,50
posx-eume-backend,08cf8b2dae,2025-10-08T18:01:47+05:30,src/workflows/payment-detail/steps/verify-payment-details-step.ts,19dbec8a36,2025-08-30T10:00:25+05:30,39
posx-eume-backend,8f84aabb82,2025-10-11T13:14:44+05:30,src/jobs/inventory-snapshot.ts,3f43a9d43b,2025-09-23T15:57:05+05:30,17
posx-eume-backend,8f84aabb82,2025-10-11T13:14:44+05:30,src/modules/pdf-client/service.ts,ee2d4c66c4,2025-08-19T12:39:40+05:30,53
posx-eume-backend,8f84aabb82,2025-10-11T13:14:44+05:30,src/modules/pdf-client/service.ts,bde7c1139b,2025-09-15T12:32:48+05:30,26
posx-eume-backend,8f84aabb82,2025-10-11T13:14:44+05:30,src/workflows/order-detail/steps/generate-receipt-step.ts,ee2d4c66c4,2025-08-19T12:39:40+05:30,53
posx-eume-backend,fa32dc7c24,2025-10-14T13:47:01+05:30,src/api/admin/order-return-and-exchange/[id]/exchange/forward/route.ts,ee2d4c66c4,2025-08-19T12:39:40+05:30,56
posx-eume-backend,fa32dc7c24,2025-10-14T13:47:01+05:30,src/workflows/payment-detail/steps/create-refund-payment-step.ts,f8ecb5941a,2025-10-14T11:37:12+05:30,0
posx-eume-backend,fa32dc7c24,2025-10-14T13:47:01+05:30,src/workflows/payment-detail/steps/exchange-payment-adjustment-step.ts,ee2d4c66c4,2025-08-19T12:39:40+05:30,56
posx-eume-backend,e8dab9ca18,2025-10-16T12:12:04+05:30,src/types/workflows/store-details.ts,41d609f721,2025-10-16T11:59:10+05:30,0
posx-eume-backend,6a1ec3a2a7,2025-10-16T13:29:08+05:30,src/modules/pinelabs/service.ts,b3bb8544a9,2025-10-15T16:04:14+05:30,0
posx-eume-backend,6a1ec3a2a7,2025-10-16T13:29:08+05:30,src/modules/store-details/migrations/.snapshot-store-details.json,3da776c4bb,2025-10-16T12:05:55+05:30,0
posx-eume-backend,73031508df,2025-10-27T12:38:19+05:30,src/types/validators/store-details.ts,4a76a7afc8,2025-10-17T18:19:17+05:30,9
posx-eume-backend,73031508df,2025-10-27T12:38:19+05:30,src/types/workflows/store-details.ts,4a76a7afc8,2025-10-17T18:19:17+05:30,9
posx-eume-backend,1604a51b67,2025-10-27T14:44:15+05:30,src/modules/pinelabs/service.ts,4a76a7afc8,2025-10-17T18:19:17+05:30,9
posx-eume-backend,1604a51b67,2025-10-27T14:44:15+05:30,src/workflows/payment-detail/steps/cancel-payment-details-step.ts,4a76a7afc8,2025-10-17T18:19:17+05:30,9
posx-eume-backend,6830291b82,2025-11-13T01:53:25+05:30,src/modules/pdf-client/service.ts,c99e249ee8,2025-10-15T14:03:07+05:30,28
posx-eume-backend,9eda4473d6,2025-11-13T11:11:19+05:30,src/modules/pdf-client/invoice.ejs,6830291b82,2025-11-13T01:53:25+05:30,0
posx-eume-backend,047de48176,2025-11-17T16:26:26+05:30,src/modules/pinelabs/service.ts,6a1ec3a2a7,2025-10-16T13:29:08+05:30,32
posx-eume-backend,047de48176,2025-11-17T16:26:26+05:30,src/workflows/payment-detail/steps/verify-payment-details-step.ts,4ddc05a761,2025-10-16T11:08:40+05:30,32
posx-eume-backend,047de48176,2025-11-17T16:26:26+05:30,src/workflows/payment-detail/steps/verify-payment-details-step.ts,4a76a7afc8,2025-10-17T18:19:17+05:30,30
posx-eume-backend,047de48176,2025-11-17T16:26:26+05:30,src/workflows/payment-detail/steps/verify-payment-details-step.ts,b3bb8544a9,2025-10-15T16:04:14+05:30,33
posx-eume-backend,19a1a1062d,2025-11-18T17:12:49+05:30,src/workflows/order-detail/steps/confirm-order-detail-step.ts,3f43a9d43b,2025-09-23T15:57:05+05:30,56
posx-eume-backend,facad6a4bf,2025-11-18T17:28:16+05:30,src/workflows/order-detail/steps/confirm-order-detail-step.ts,75a7c85617,2025-11-17T12:54:46+05:30,1
posx-eume-backend,facad6a4bf,2025-11-18T17:28:16+05:30,src/workflows/order-return-and-exchange/steps/unicommerce-exchange-forward-flow-step.ts,3c4a37428c,2025-11-18T17:12:27+05:30,0
posx-eume-backend,bc052ad380,2025-11-18T22:37:46+05:30,src/modules/pdf-client/invoice.ejs,a03b9564e8,2025-09-17T17:22:51+05:30,62
posx-eume-backend,bc052ad380,2025-11-18T22:37:46+05:30,src/modules/pdf-client/invoice.ejs,9eda4473d6,2025-11-13T11:11:19+05:30,5
posx-eume-backend,bc052ad380,2025-11-18T22:37:46+05:30,src/modules/pdf-client/invoice.ejs,ee2d4c66c4,2025-08-19T12:39:40+05:30,91
posx-eume-backend,2eddcd8d8c,2025-11-18T22:38:13+05:30,src/modules/pdf-client/service.ts,a03b9564e8,2025-09-17T17:22:51+05:30,62
posx-eume-backend,ce5ffc06e5,2025-11-19T01:37:45+05:30,src/workflows/order-detail/steps/confirm-order-detail-step.ts,ee2d4c66c4,2025-08-19T12:39:40+05:30,91
posx-eume-backend,ce5ffc06e5,2025-11-19T01:37:45+05:30,src/workflows/order-detail/steps/confirm-order-detail-step.ts,4efbabd353,2025-11-14T01:44:12+05:30,4
posx-eume-backend,ce5ffc06e5,2025-11-19T01:37:45+05:30,src/workflows/order-detail/steps/confirm-order-detail-step.ts,cbbba7f5b8,2025-11-12T00:27:20+05:30,7
posx-eume-backend,25f750cc39,2025-11-19T01:38:28+05:30,src/workflows/order-return-and-exchange/workflows/confirm-exchange-order-v2.ts,f9ff97ab3b,2025-11-18T17:05:51+05:30,0
posx-eume-backend,d193119f21,2025-11-19T10:10:44+05:30,src/workflows/order-detail/steps/confirm-order-detail-step.ts,75a7c85617,2025-11-17T12:54:46+05:30,1
posx-eume-backend,d193119f21,2025-11-19T10:10:44+05:30,src/workflows/order-detail/steps/confirm-order-detail-step.ts,ce5ffc06e5,2025-11-19T01:37:45+05:30,0
posx-eume-backend,6fcb75416a,2025-11-19T14:48:13+05:30,src/jobs/complete-unicommerce-fulfillments.ts,08a725d91f,2025-11-14T01:58:46+05:30,5
posx-eume-backend,6fcb75416a,2025-11-19T14:48:13+05:30,src/jobs/daily-failed-orders-summary.ts,c40ac7127b,2025-11-14T01:51:52+05:30,5
posx-eume-backend,2fef4202f7,2025-11-20T15:08:29+05:30,src/api/admin/order-return-and-exchange/[id]/exchange/route.ts,ee2d4c66c4,2025-08-19T12:39:40+05:30,93
posx-eume-backend,db1aa3132d,2025-11-20T15:10:19+05:30,src/lib/helpers/unicommerce-return-validator.ts,b647973ac2,2025-11-19T18:26:56+05:30,0
posx-eume-backend,db1aa3132d,2025-11-20T15:10:19+05:30,src/lib/helpers/unicommerce-return-validator.ts,3c000ded6c,2025-11-19T14:34:50+05:30,1
posx-eume-backend,db1aa3132d,2025-11-20T15:10:19+05:30,src/subscribers/unicommerce-return-processing.ts,e33b5aafe0,2025-11-19T18:27:16+05:30,0
posx-eume-backend,db1aa3132d,2025-11-20T15:10:19+05:30,src/subscribers/unicommerce-return-processing.ts,3c000ded6c,2025-11-19T14:34:50+05:30,1
posx-eume-backend,65ed4f9b91,2025-11-20T18:29:58+05:30,src/api/admin/order-return-and-exchange/[id]/exchange/forward/route.ts,ee2d4c66c4,2025-08-19T12:39:40+05:30,93
posx-eume-backend,85a2b74a7d,2025-11-20T18:46:18+05:30,src/workflows/order-return-and-exchange/workflows/confirm-exchange-order-v2.ts,91aba1330c,2025-11-20T15:08:09+05:30,0
posx-eume-backend,85a2b74a7d,2025-11-20T18:46:18+05:30,src/workflows/order-return-and-exchange/workflows/confirm-return-order-v2.ts,91aba1330c,2025-11-20T15:08:09+05:30,0
posx-eume-backend,ea55385fe0,2025-11-20T19:14:37+05:30,src/jobs/complete-unicommerce-fulfillments.ts,51602fc6d9,2025-11-17T12:49:36+05:30,3
posx-eume-backend,302267f25d,2025-11-20T19:54:02+05:30,src/workflows/order-return-and-exchange/steps/adjust-returned-order-as-per-order-product-step.ts,85a2b74a7d,2025-11-20T18:46:18+05:30,0
posx-eume-backend,302267f25d,2025-11-20T19:54:02+05:30,src/workflows/order-return-and-exchange/workflows/confirm-exchange-order-v2.ts,d9c0f43b34,2025-09-25T18:19:19+05:30,56
posx-eume-backend,302267f25d,2025-11-20T19:54:02+05:30,src/workflows/order-return-and-exchange/workflows/confirm-return-order-v2.ts,4272676ac4,2025-09-22T17:02:33+05:30,59
posx-eume-backend,302267f25d,2025-11-20T19:54:02+05:30,src/workflows/order-return-and-exchange/workflows/confirm-return-order-v2.ts,75165fbfd7,2025-11-19T18:28:00+05:30,1
posx-eume-backend,36f27d7d3e,2025-11-20T22:44:50+05:30,src/workflows/order-return-and-exchange/steps/associate-exchanged-and-parent-order.ts,d9c0f43b34,2025-09-25T18:19:19+05:30,56
posx-eume-backend,36f27d7d3e,2025-11-20T22:44:50+05:30,src/workflows/order-return-and-exchange/steps/associate-exchanged-and-parent-order.ts,ee2d4c66c4,2025-08-19T12:39:40+05:30,93
posx-eume-backend,996f8eb4ec,2025-11-20T22:48:09+05:30,src/jobs/complete-unicommerce-fulfillments.ts,ea55385fe0,2025-11-20T19:14:37+05:30,0
posx-eume-backend,7877b6778f,2025-11-21T10:06:35+05:30,src/jobs/complete-unicommerce-fulfillments.ts,51602fc6d9,2025-11-17T12:49:36+05:30,3
posx-eume-backend,7877b6778f,2025-11-21T10:06:35+05:30,src/jobs/complete-unicommerce-fulfillments.ts,99afcccbf2,2025-11-20T22:50:35+05:30,0
posx-eume-backend,f21e7db4d5,2025-11-22T11:29:27+05:30,src/api/adsr/order-payment/route.ts,cd16c0b481,2025-10-13T18:39:10+05:30,39
posx-eume-backend,e7e159decd,2025-11-22T12:39:05+05:30,src/api/adsr/order-payment/route.ts,f21e7db4d5,2025-11-22T11:29:27+05:30,0
posx-eume-backend,e1f67f435b,2025-11-26T11:07:46+05:30,src/modules/pdf-client/service.ts,a6ba23ce57,2025-11-25T19:00:04+05:30,0
posx-eume-backend,e1f67f435b,2025-11-26T11:07:46+05:30,src/workflows/credit-note/steps/generate-credit-note-pdf-step.ts,a6ba23ce57,2025-11-25T19:00:04+05:30,0
posx-eume-backend,23c129a02e,2025-11-27T14:06:08+05:30,src/workflows/order-return-and-exchange/workflows/confirm-exchange-order-v2.ts,7ddcff78f5,2025-11-24T16:23:18+05:30,2
posx-eume-backend,23c129a02e,2025-11-27T14:06:08+05:30,src/workflows/order-return-and-exchange/workflows/confirm-exchange-order-v2.ts,10c32ed725,2025-11-26T17:46:37+05:30,0
posx-eume-backend,3dac32680c,2025-11-28T13:08:02+05:30,src/api/adsr/order-payment/route.ts,cd16c0b481,2025-10-13T18:39:10+05:30,45
posx-eume-backend,3dac32680c,2025-11-28T13:08:02+05:30,src/api/adsr/order-payment/route.ts,e7e159decd,2025-11-22T12:39:05+05:30,6
posx-eume-backend,f3f77361bf,2025-11-28T17:34:12+05:30,src/modules/pdf-client/invoice.ejs,a03b9564e8,2025-09-17T17:22:51+05:30,72
posx-eume-backend,f3f77361bf,2025-11-28T17:34:12+05:30,src/modules/pdf-client/invoice.ejs,bc052ad380,2025-11-18T22:37:46+05:30,9
posx-eume-backend,f3f77361bf,2025-11-28T17:34:12+05:30,src/modules/pdf-client/service.ts,bde7c1139b,2025-09-15T12:32:48+05:30,74
posx-eume-backend,f3f77361bf,2025-11-28T17:34:12+05:30,src/modules/pdf-client/service.ts,a6ba23ce57,2025-11-25T19:00:04+05:30,2
posx-eume-backend,be50cc3eaa,2025-12-04T20:02:53+05:30,src/subscribers/create-io-on-cash-and-carry.ts,aa55ad3387,2025-11-28T11:05:32+05:30,6
posx-eume-backend,755bfc18d6,2025-12-04T20:13:41+05:30,src/workflows/stn/steps/create-stn-step.ts,aa55ad3387,2025-11-28T11:05:32+05:30,6
posx-eume-backend,c605edf8e8,2025-12-04T20:59:42+05:30,src/workflows/stn/steps/validate-stn-items-step.ts,aa55ad3387,2025-11-28T11:05:32+05:30,6
posx-eume-backend,c605edf8e8,2025-12-04T20:59:42+05:30,src/workflows/stn/workflows/create-stn-workflow.ts,a36b29b7bf,2025-12-04T20:46:29+05:30,0
posx-eume-backend,a12cfac746,2025-12-05T16:04:49+05:30,src/workflows/stn/steps/submit-stn-step.ts,aa55ad3387,2025-11-28T11:05:32+05:30,7
posx-eume-backend,a12cfac746,2025-12-05T16:04:49+05:30,src/workflows/stn/steps/validate-stn-items-step.ts,aa55ad3387,2025-11-28T11:05:32+05:30,7
posx-eume-backend,a12cfac746,2025-12-05T16:04:49+05:30,src/workflows/stn/workflows/create-stn-workflow.ts,aa55ad3387,2025-11-28T11:05:32+05:30,7
posx-eume-backend,a12cfac746,2025-12-05T16:04:49+05:30,src/workflows/stn/workflows/create-stn-workflow.ts,c605edf8e8,2025-12-04T20:59:42+05:30,0
posx-eume-backend,a12cfac746,2025-12-05T16:04:49+05:30,src/workflows/system-config/steps/generate-code-step.ts,ee2d4c66c4,2025-08-19T12:39:40+05:30,108
posx-eume-backend,a12cfac746,2025-12-05T16:04:49+05:30,src/workflows/system-config/steps/generate-code-step.ts,7ddcff78f5,2025-11-24T16:23:18+05:30,10
posx-eume-backend,1f394c7e08,2025-12-08T13:15:28+05:30,src/workflows/online-order/steps/check-if-product-is-sold.ts,ee2d4c66c4,2025-08-19T12:39:40+05:30,111
posx-eume-backend,11030d92d4,2025-12-09T17:16:40+05:30,src/workflows/order-detail/steps/generate-and-send-file-step.ts,4dd3ed00e0,2025-12-09T15:57:16+05:30,0
posx-eume-backend,44eab09289,2025-12-11T17:24:53+05:30,src/lib/helpers/build-summary.ts,0ac36ec610,2025-09-25T15:50:44+05:30,77
posx-eume-backend,27d3849b82,2025-12-17T14:48:00+05:30,src/lib/helpers/build-summary.ts,a25ccfb2e0,2025-10-02T15:38:31+05:30,75
posx-eume-backend,4a5bc4b4d9,2025-12-17T15:14:53+05:30,src/workflows/cart/steps/remove-custom-discount-step.ts,a25ccfb2e0,2025-10-02T15:38:31+05:30,75
posx-eume-backend,4a5bc4b4d9,2025-12-17T15:14:53+05:30,src/workflows/cart/steps/remove-online-coupon-step.ts,a25ccfb2e0,2025-10-02T15:38:31+05:30,75
posx-eume-backend,4a5bc4b4d9,2025-12-17T15:14:53+05:30,src/workflows/cart/steps/remove-store-coupon-step.ts,a25ccfb2e0,2025-10-02T15:38:31+05:30,75
posx-eume-backend,1311757dad,2025-12-22T13:49:30+05:30,src/api/adsr/moa-bangalore/route.ts,fe9518b577,2025-12-17T18:00:48+05:30,4
posx-eume-backend,406003a841,2026-01-05T15:01:38+05:30,src/workflows/online-order/steps/confirm-online-order-step.ts,55d47cb836,2025-10-01T01:02:25+05:30,96
posx-eume-backend,406003a841,2026-01-05T15:01:38+05:30,src/workflows/order-detail/steps/confirm-order-detail-step.ts,ee2d4c66c4,2025-08-19T12:39:40+05:30,139
posx-eume-backend,731f758234,2026-01-12T18:48:37+05:30,src/subscribers/return-order-confirmed.ts,ee2d4c66c4,2025-08-19T12:39:40+05:30,146
posx-eume-backend,731f758234,2026-01-12T18:48:37+05:30,src/subscribers/return-order-confirmed.ts,c369bc19c7,2025-11-19T14:28:52+05:30,54
posx-eume-backend,731f758234,2026-01-12T18:48:37+05:30,src/subscribers/return-order-confirmed.ts,f8ecb5941a,2025-10-14T11:37:12+05:30,90
posx-eume-backend,731f758234,2026-01-12T18:48:37+05:30,src/workflows/order-return-and-exchange/workflows/confirm-return-order-v2.ts,4272676ac4,2025-09-22T17:02:33+05:30,112
posx-eume-backend,731f758234,2026-01-12T18:48:37+05:30,src/workflows/order-return-and-exchange/workflows/confirm-return-order-v2.ts,027e69ee09,2025-11-24T22:06:12+05:30,48
posx-eume-backend,731f758234,2026-01-12T18:48:37+05:30,src/workflows/order-return-and-exchange/workflows/confirm-return-order-v2.ts,9527528731,2025-10-06T16:00:20+05:30,98
posx-eume-backend,731f758234,2026-01-12T18:48:37+05:30,src/workflows/order-return-and-exchange/workflows/confirm-return-order-v2.ts,f7b9535a96,2025-11-25T18:58:15+05:30,47
posx-eume-backend,731f758234,2026-01-12T18:48:37+05:30,src/workflows/order-return-and-exchange/workflows/confirm-return-order-v2.ts,10c32ed725,2025-11-26T17:46:37+05:30,47
posx-eume-backend,731f758234,2026-01-12T18:48:37+05:30,src/workflows/order-return-and-exchange/workflows/confirm-return-order-v2.ts,23c129a02e,2025-11-27T14:06:08+05:30,46
posx-eume-backend,731f758234,2026-01-12T18:48:37+05:30,src/workflows/order-return-and-exchange/workflows/confirm-return-order-v2.ts,3f43a9d43b,2025-09-23T15:57:05+05:30,111
posx-eume-backend,731f758234,2026-01-12T18:48:37+05:30,src/workflows/order-return-and-exchange/workflows/confirm-return-order-v2.ts,4dd3ed00e0,2025-12-09T15:57:16+05:30,34
posx-eume-backend,731f758234,2026-01-12T18:48:37+05:30,src/workflows/order-return-and-exchange/workflows/confirm-return-order-v2.ts,302267f25d,2025-11-20T19:54:02+05:30,52
posx-eume-backend,879923034f,2026-01-16T18:12:01+05:30,src/subscribers/create-return-io-on-cash-and-carry.ts,5ffbf4e089,2026-01-16T17:57:51+05:30,0
posx-eume-backend,423b1ad20f,2026-02-06T14:13:47+05:30,src/workflows/order-return-and-exchange/workflows/confirm-return-order-v2.ts,4e96a587df,2026-02-04T18:39:05+05:30,1
posx-eume-backend,423b1ad20f,2026-02-06T14:13:47+05:30,src/workflows/payment-detail/steps/create-refund-payment-step.ts,7326bc129c,2026-02-03T14:45:49+05:30,2
posx-eume-backend,423b1ad20f,2026-02-06T14:13:47+05:30,src/workflows/payment-detail/steps/detect-original-payment-mode-step.ts,4e96a587df,2026-02-04T18:39:05+05:30,1
posx-eume-backend,6dd301bbf4,2026-02-10T18:33:45+05:30,src/subscribers/stn-approval-notification.ts,6a784264db,2026-02-10T18:19:39+05:30,0
posx-eume-backend,6dd301bbf4,2026-02-10T18:33:45+05:30,src/subscribers/stn-rejection-notification.ts,6a784264db,2026-02-10T18:19:39+05:30,0
posx-eume-backend,ae80b8480b,2026-02-11T16:32:47+05:30,src/modules/unicommerce/service.ts,5371f3acef,2025-12-10T15:14:48+05:30,63
posx-eume-backend,ae80b8480b,2026-02-11T16:32:47+05:30,src/subscribers/unicommerce-sale-order-creation.ts,3c000ded6c,2025-11-19T14:34:50+05:30,84
posx-eume-backend,ae80b8480b,2026-02-11T16:32:47+05:30,src/subscribers/unicommerce-sale-order-creation.ts,5371f3acef,2025-12-10T15:14:48+05:30,63
posx-eume-backend,ae80b8480b,2026-02-11T16:32:47+05:30,src/subscribers/unicommerce-sale-order-creation.ts,09182263ee,2025-11-19T18:31:49+05:30,83
posx-eume-backend,ae80b8480b,2026-02-11T16:32:47+05:30,src/subscribers/unicommerce-sale-order-creation.ts,a84762f340,2025-11-19T17:51:47+05:30,83
posx-eume-backend,f7c5edb925,2026-02-11T17:30:50+05:30,src/lib/helpers/build-summary.ts,fc5c515225,2025-09-30T14:13:38+05:30,134
posx-eume-backend,8716673253,2026-02-11T18:03:05+05:30,src/jobs/daily-failed-orders-summary.ts,c6df444e8d,2026-02-06T19:26:10+05:30,4
posx-eume-backend,8716673253,2026-02-11T18:03:05+05:30,src/jobs/daily-failed-orders-summary.ts,c40ac7127b,2025-11-14T01:51:52+05:30,89
posx-eume-backend,6604f06561,2026-03-02T11:52:47+05:30,src/modules/payment-details/service.ts,ee2d4c66c4,2025-08-19T12:39:40+05:30,194
posx-eume-backend,74a9fcb610,2026-03-16T16:33:40+05:30,src/workflows/credit-note/steps/create-credit-note-step.ts,6ec88bb13e,2025-11-27T14:13:12+05:30,109
posx-eume-backend,557d895ea4,2026-03-31T00:59:50+05:30,src/workflows/stn/steps/cancel-stn-step.ts,aa55ad3387,2025-11-28T11:05:32+05:30,122
posx-eume-backend,557d895ea4,2026-03-31T00:59:50+05:30,src/workflows/stn/workflows/approve-stn-workflow.ts,6a784264db,2026-02-10T18:19:39+05:30,48
posx-eume-backend,59fc25b431,2026-04-17T12:29:14+05:30,src/modules/store-details/models/store-details.ts,75de069164,2026-04-16T19:16:33+05:30,0
posx-eume-backend,1cb0ab8195,2026-04-22T12:10:07+05:30,Dockerfile,d48718ec9a,2026-04-18T12:17:25+05:30,3
posx-eume-backend,ba6e4ea440,2026-04-22T16:18:59+05:30,src/workflows/order-return-and-exchange/workflows/confirm-exchange-order-v2.ts,4e96a587df,2026-02-04T18:39:05+05:30,76
posx-eume-backend,ba6e4ea440,2026-04-22T16:18:59+05:30,src/workflows/order-return-and-exchange/workflows/confirm-exchange-order-v2.ts,6b5d5c4eea,2026-04-22T11:31:23+05:30,0
posx-eume-backend,b41b9b14cc,2026-04-23T11:12:07+05:30,.github/workflows/deploy.yml,3792608801,2026-04-22T11:55:58+05:30,0
posx-eume-backend,0dab0878f3,2026-04-23T14:25:24+05:30,src/modules/pdf-client/service.ts,bb461d95a3,2026-04-23T14:19:09+05:30,0
posx-eume-backend,1967db8342,2026-04-24T17:00:08+05:30,src/modules/unicommerce/service.ts,c50b57c9dd,2026-04-24T16:52:59+05:30,0
posx-eume-backend,8ca9faa76b,2026-04-30T18:25:20+05:30,src/subscribers/gift-card-issue-on-order-confirm.ts,6b5d5c4eea,2026-04-22T11:31:23+05:30,8
posx-eume-backend,8ca9faa76b,2026-04-30T18:25:20+05:30,src/subscribers/gift-card-issue-on-order-confirm.ts,aa233271f9,2026-04-30T18:21:01+05:30,0
posx-eume-backend,8ca9faa76b,2026-04-30T18:25:20+05:30,src/subscribers/gift-card-issue-on-order-confirm.ts,bb461d95a3,2026-04-23T14:19:09+05:30,7
posx-eume-backend,bd8a80d9c6,2026-05-05T14:57:08+05:30,src/modules/pdf-client/gift-card.ejs,bb461d95a3,2026-04-23T14:19:09+05:30,12
posx-eume-backend,bd8a80d9c6,2026-05-05T14:57:08+05:30,src/modules/pdf-client/service.ts,0dab0878f3,2026-04-23T14:25:24+05:30,12
posx-eume-backend,b655da7f4d,2026-05-05T15:25:49+05:30,src/modules/pdf-client/gift-card.ejs,bd8a80d9c6,2026-05-05T14:57:08+05:30,0
posx-eume-backend,8600f68acb,2026-06-01T17:30:43+05:30,.github/workflows/deploy-prod.yml,cfccb797c6,2026-05-05T10:55:59+05:30,27
posx-eume-backend,53420eea9d,2026-06-12T13:13:26+05:30,src/modules/pdf-client/invoice.ejs,a03b9564e8,2025-09-17T17:22:51+05:30,267
posx-eume-backend,53420eea9d,2026-06-12T13:13:26+05:30,src/modules/pdf-client/invoice.ejs,517e999d33,2025-10-03T15:06:05+05:30,251
posx-eume-backend,f18959b90d,2026-06-20T18:31:42+05:30,src/api/admin/unicommerce/sale-order/[code]/cancel/route.ts,d8e7983fed,2026-06-20T18:11:20+05:30,0
posx-eume-backend,f18959b90d,2026-06-20T18:31:42+05:30,src/api/admin/unicommerce/sale-order/[code]/cancel/route.ts,80f555821e,2026-06-20T11:12:42+05:30,0
posx-eume-backend,f18959b90d,2026-06-20T18:31:42+05:30,src/api/admin/unicommerce/sale-order/[code]/route.ts,80f555821e,2026-06-20T11:12:42+05:30,0
posx-eume-backend,f18959b90d,2026-06-20T18:31:42+05:30,src/api/admin/unicommerce/sale-order/[code]/route.ts,d8e7983fed,2026-06-20T18:11:20+05:30,0
posx-eume-backend,f18959b90d,2026-06-20T18:31:42+05:30,src/api/admin/unicommerce/sale-orders/status/route.ts,d8e7983fed,2026-06-20T18:11:20+05:30,0
posx-eume-backend,482433a6ad,2026-06-25T15:29:30+05:30,src/modules/pdf-client/service.ts,ee2d4c66c4,2025-08-19T12:39:40+05:30,310
posx-eume-backend,ab379cc9b2,2026-07-31T18:04:24+05:30,src/modules/pdf-client/invoice.ejs,a03b9564e8,2025-09-17T17:22:51+05:30,317
posx-eume-backend,f08e7b5cff,2026-08-06T13:25:11+05:30,src/workflows/exports/steps/generate-order-export-csv-step.ts,6b68138fe9,2026-03-13T15:27:55+05:30,145
posx-eume-backend,aae44dc09d,2026-07-28T15:42:24+05:30,src/api/admin/order-detail/export/route.ts,ee2d4c66c4,2025-08-19T12:39:40+05:30,343
posx-eume-backend,aae44dc09d,2026-07-28T15:42:24+05:30,src/api/admin/order-detail/export/route.ts,0a09bb5421,2026-04-09T11:58:43+05:30,110
posx-eume-backend,aae44dc09d,2026-07-28T15:42:24+05:30,src/api/adsr/order-payment/route.ts,819b53a4c1,2025-11-04T01:22:35+05:30,266
posx-eume-backend,aae44dc09d,2026-07-28T15:42:24+05:30,src/api/adsr/order-payment/route.ts,cd16c0b481,2025-10-13T18:39:10+05:30,287
posx-eume-backend,aae44dc09d,2026-07-28T15:42:24+05:30,src/api/adsr/order-payment/route.ts,f21e7db4d5,2025-11-22T11:29:27+05:30,248
posx-eume-backend,aae44dc09d,2026-07-28T15:42:24+05:30,src/api/adsr/order-payment/route.ts,edb675b131,2026-03-02T11:44:39+05:30,148
posx-eume-backend,aae44dc09d,2026-07-28T15:42:24+05:30,src/api/adsr/order-payment/route.ts,e999eb0277,2025-11-04T12:47:01+05:30,266
posx-eume-backend,aae44dc09d,2026-07-28T15:42:24+05:30,src/workflows/exports/steps/generate-order-export-csv-step.ts,ee2d4c66c4,2025-08-19T12:39:40+05:30,343
posx-eume-backend,aae44dc09d,2026-07-28T15:42:24+05:30,src/workflows/exports/steps/generate-order-export-csv-step.ts,6412a8c087,2026-05-04T16:35:13+05:30,84
posx-eume-backend,aae44dc09d,2026-07-28T15:42:24+05:30,src/workflows/exports/steps/generate-order-export-csv-step.ts,ce25e8b117,2025-12-16T16:44:47+05:30,223
posx-eume-backend,aae44dc09d,2026-07-28T15:42:24+05:30,src/workflows/exports/steps/generate-payment-export-csv-step.ts,ee2d4c66c4,2025-08-19T12:39:40+05:30,343
posx-eume-backend,aae44dc09d,2026-07-28T15:42:24+05:30,src/workflows/exports/workflows/export-order-details-workflow.ts,ee2d4c66c4,2025-08-19T12:39:40+05:30,343
posx-eume-backend,aae44dc09d,2026-07-28T15:42:24+05:30,src/workflows/pos-inventory/steps/generate-inventory-export-csv-step.ts,ee2d4c66c4,2025-08-19T12:39:40+05:30,343
posx-eume-backend,2a70d3ab98,2026-07-29T12:45:40+05:30,src/api/admin/order-detail/export/route.ts,aae44dc09d,2026-07-28T15:42:24+05:30,0
posx-eume-backend,2a70d3ab98,2026-07-29T12:45:40+05:30,src/workflows/exports/steps/generate-order-export-csv-step.ts,ee2d4c66c4,2025-08-19T12:39:40+05:30,344
posx-eume-backend,2a70d3ab98,2026-07-29T12:45:40+05:30,src/workflows/exports/steps/generate-order-export-csv-step.ts,aae44dc09d,2026-07-28T15:42:24+05:30,0
posx-eume-backend,2a70d3ab98,2026-07-29T12:45:40+05:30,src/workflows/exports/steps/generate-order-export-csv-step.ts,6412a8c087,2026-05-04T16:35:13+05:30,85
posx-eume-backend,2a70d3ab98,2026-07-29T12:45:40+05:30,src/workflows/exports/steps/generate-order-export-csv-step.ts,6b68138fe9,2026-03-13T15:27:55+05:30,137
posx-eume-backend,2a70d3ab98,2026-07-29T12:45:40+05:30,src/workflows/exports/steps/generate-order-export-csv-step.ts,4b11e827a0,2026-02-28T02:42:01+05:30,151
posx-eume-backend,77b87f2852,2026-07-29T18:54:26+05:30,src/workflows/exports/steps/generate-order-export-csv-step.ts,2a70d3ab98,2026-07-29T12:45:40+05:30,0
posx-eume-backend,77b87f2852,2026-07-29T18:54:26+05:30,src/workflows/exports/steps/generate-order-export-csv-step.ts,aae44dc09d,2026-07-28T15:42:24+05:30,1
posx-eume-backend,2818e7635b,2026-07-31T00:50:45+05:30,src/api/admin/order-detail/report/route.ts,ee2d4c66c4,2025-08-19T12:39:40+05:30,345
posx-eume-backend,2818e7635b,2026-07-31T00:50:45+05:30,src/modules/order-detail/service.ts,ee2d4c66c4,2025-08-19T12:39:40+05:30,345
posx-eume-backend,2818e7635b,2026-07-31T00:50:45+05:30,src/modules/order-detail/service.ts,e189c9970a,2025-12-11T18:26:28+05:30,231
posx-eume-backend,2818e7635b,2026-07-31T00:50:45+05:30,src/modules/order-detail/service.ts,68ee55d67a,2026-03-31T13:54:41+05:30,121
posx-eume-backend,2818e7635b,2026-07-31T00:50:45+05:30,src/modules/order-detail/service.ts,378d44f11b,2025-12-10T15:51:11+05:30,232
posx-eume-backend,5ff76faec3,2026-08-10T02:06:37+05:30,src/modules/order-detail/service.ts,2818e7635b,2026-07-31T00:50:45+05:30,10
posx-eume-backend,5cba953b6b,2026-08-11T17:18:29+05:30,src/modules/pdf-client/invoice.ejs,a03b9564e8,2025-09-17T17:22:51+05:30,327
posx-eume-backend,95395af720,2026-08-12T17:41:29+05:30,src/modules/pdf-client/service.ts,2eddcd8d8c,2025-11-18T22:38:13+05:30,266
posx-eume-backend,95395af720,2026-08-12T17:41:29+05:30,src/modules/pdf-client/service.ts,a4484d4cfe,2025-12-09T15:57:43+05:30,246
posx-eume-backend,aa61290ee2,2026-08-12T16:04:59+05:30,src/workflows/online-order/steps/create-online-order-step.ts,543e52bce0,2025-09-12T17:58:38+05:30,333
posx-eume-backend,aa61290ee2,2026-08-12T16:04:59+05:30,src/workflows/online-order/steps/create-online-order-step.ts,015e1f9ba7,2025-09-04T19:00:02+05:30,341
posx-eume-backend,aa61290ee2,2026-08-12T16:04:59+05:30,src/workflows/online-order/steps/create-online-order-step.ts,0a4a67df24,2026-08-12T15:03:07+05:30,0
posx-eume-backend,aa61290ee2,2026-08-12T16:04:59+05:30,src/workflows/online-order/steps/create-online-order-step.ts,a69d6ad964,2026-08-12T11:14:16+05:30,0
posx-eume-backend,aa61290ee2,2026-08-12T16:04:59+05:30,src/workflows/order-detail/steps/create-order-detail-step.ts,51c40b3da3,2025-09-09T10:12:19+05:30,337
posx-eume-backend,aa61290ee2,2026-08-12T16:04:59+05:30,src/workflows/order-detail/steps/create-order-detail-step.ts,543e52bce0,2025-09-12T17:58:38+05:30,333
posx-eume-backend,aa61290ee2,2026-08-12T16:04:59+05:30,src/workflows/order-detail/steps/create-order-detail-step.ts,0a4a67df24,2026-08-12T15:03:07+05:30,0
posx-eume-backend,aa61290ee2,2026-08-12T16:04:59+05:30,src/workflows/order-detail/steps/create-order-detail-step.ts,a69d6ad964,2026-08-12T11:14:16+05:30,0
posx-eume-backend,754647bd0a,2026-08-12T16:17:47+05:30,src/lib/helpers/build-summary.ts,6fa0e3c6e6,2025-08-30T11:42:38+05:30,347
posx-eume-backend,754647bd0a,2026-08-12T16:17:47+05:30,src/lib/helpers/build-summary.ts,51c40b3da3,2025-09-09T10:12:19+05:30,337
posx-eume-backend,754647bd0a,2026-08-12T16:17:47+05:30,src/workflows/online-order/steps/create-online-order-step.ts,aa61290ee2,2026-08-12T16:04:59+05:30,0
posx-eume-backend,754647bd0a,2026-08-12T16:17:47+05:30,src/workflows/online-order/steps/create-online-order-step.ts,015e1f9ba7,2025-09-04T19:00:02+05:30,341
posx-eume-backend,754647bd0a,2026-08-12T16:17:47+05:30,src/workflows/online-order/steps/create-online-order-step.ts,bb4d59b628,2025-09-04T16:31:35+05:30,341
posx-eume-backend,754647bd0a,2026-08-12T16:17:47+05:30,src/workflows/online-order/steps/create-online-order-step.ts,77dde08e99,2025-09-26T11:11:51+05:30,320
posx-eume-backend,754647bd0a,2026-08-12T16:17:47+05:30,src/workflows/online-order/steps/create-online-order-step.ts,ee2d4c66c4,2025-08-19T12:39:40+05:30,358
posx-eume-backend,754647bd0a,2026-08-12T16:17:47+05:30,src/workflows/order-detail/steps/create-order-detail-step.ts,aa61290ee2,2026-08-12T16:04:59+05:30,0
posx-eume-backend,754647bd0a,2026-08-12T16:17:47+05:30,src/workflows/order-detail/steps/create-order-detail-step.ts,51c40b3da3,2025-09-09T10:12:19+05:30,337
posx-eume-backend,754647bd0a,2026-08-12T16:17:47+05:30,src/workflows/order-detail/steps/create-order-detail-step.ts,77dde08e99,2025-09-26T11:11:51+05:30,320
posx-eume-backend,754647bd0a,2026-08-12T16:17:47+05:30,src/workflows/order-detail/steps/create-order-detail-step.ts,ee2d4c66c4,2025-08-19T12:39:40+05:30,358
posx-eume-backend,4774f5aaed,2026-08-12T16:56:29+05:30,src/lib/helpers/build-summary.ts,754647bd0a,2026-08-12T16:17:47+05:30,0
posx-eume-backend,4774f5aaed,2026-08-12T16:56:29+05:30,src/lib/helpers/get-order-product-discount-amount.ts,7e502e77d5,2025-09-05T11:39:23+05:30,341
posx-eume-backend,4774f5aaed,2026-08-12T16:56:29+05:30,src/workflows/online-order/steps/create-online-order-step.ts,754647bd0a,2026-08-12T16:17:47+05:30,0
posx-eume-backend,4774f5aaed,2026-08-12T16:56:29+05:30,src/workflows/online-order/steps/create-online-order-step.ts,015e1f9ba7,2025-09-04T19:00:02+05:30,341
posx-eume-backend,4774f5aaed,2026-08-12T16:56:29+05:30,src/workflows/online-order/steps/create-online-order-step.ts,3334af1afa,2026-02-13T18:11:45+05:30,179
posx-eume-backend,4774f5aaed,2026-08-12T16:56:29+05:30,src/workflows/online-order/steps/create-online-order-step.ts,7e502e77d5,2025-09-05T11:39:23+05:30,341
posx-eume-backend,4774f5aaed,2026-08-12T16:56:29+05:30,src/workflows/order-detail/steps/create-order-detail-step.ts,754647bd0a,2026-08-12T16:17:47+05:30,0
posx-eume-backend,4774f5aaed,2026-08-12T16:56:29+05:30,src/workflows/order-detail/steps/create-order-detail-step.ts,51c40b3da3,2025-09-09T10:12:19+05:30,337
posx-eume-backend,4774f5aaed,2026-08-12T16:56:29+05:30,src/workflows/order-detail/steps/create-order-detail-step.ts,3334af1afa,2026-02-13T18:11:45+05:30,179
posx-eume-backend,41ba6b2aa3,2026-08-13T13:20:38+05:30,src/lib/helpers/build-summary.ts,0a4a67df24,2026-08-12T15:03:07+05:30,0
posx-eume-backend,d36a8ca267,2026-08-20T01:00:16+05:30,src/modules/order-detail/service.ts,2818e7635b,2026-07-31T00:50:45+05:30,20
posx-eume-backend,d36a8ca267,2026-08-20T01:00:16+05:30,src/workflows/exports/steps/generate-order-export-csv-step.ts,6412a8c087,2026-05-04T16:35:13+05:30,107
posx-eume-backend,0e497c6d54,2026-08-26T15:39:47+05:30,src/modules/store-coupon/service.ts,ee2d4c66c4,2025-08-19T12:39:40+05:30,372
posx-eume-backend,0e497c6d54,2026-08-26T15:39:47+05:30,src/subscribers/order-detail-order-confirmed.ts,85ef05337a,2026-08-26T15:04:11+05:30,0
posx-eume-backend,0e497c6d54,2026-08-26T15:39:47+05:30,src/subscribers/order-detail-order-confirmed.ts,ee2d4c66c4,2025-08-19T12:39:40+05:30,372
posx-eume-backend,0e497c6d54,2026-08-26T15:39:47+05:30,src/workflows/online-order/steps/confirm-online-order-step.ts,85ef05337a,2026-08-26T15:04:11+05:30,0
posx-eume-backend,0e497c6d54,2026-08-26T15:39:47+05:30,src/workflows/store-coupon/steps/update-store-coupon-usage-count-step.ts,ee2d4c66c4,2025-08-19T12:39:40+05:30,372
posx-eume-backend,0e497c6d54,2026-08-26T15:39:47+05:30,src/workflows/store-coupon/steps/update-store-coupon-usage-count-step.ts,85ef05337a,2026-08-26T15:04:11+05:30,0
posx-eume-backend,3f09681523,2026-08-26T18:52:21+05:30,src/types/validators/store-coupon.ts,cbe46fcf41,2026-08-20T00:59:58+05:30,6
posx-eume-backend,808c81752d,2026-08-26T19:09:01+05:30,src/types/validators/store-coupon.ts,3f09681523,2026-08-26T18:52:21+05:30,0
posx-eume-backend,4be4864468,2026-08-27T22:49:32+05:30,src/subscribers/order-detail-order-confirmed.ts,85ef05337a,2026-08-26T15:04:11+05:30,1
posx-eume-backend,4be4864468,2026-08-27T22:49:32+05:30,src/workflows/online-order/steps/confirm-online-order-step.ts,0e497c6d54,2026-08-26T15:39:47+05:30,1
posx-eume-backend,dd9b6460d7,2026-08-20T15:02:02+05:30,src/modules/employee/migrations/Migration20250821120141.ts,0ac36ec610,2025-09-25T15:50:44+05:30,328
posx-eume-backend,220df70d65,2026-08-20T16:00:51+05:30,src/api/middlewares.ts,d2ab605add,2026-08-20T15:03:22+05:30,0
posx-eume-backend,220df70d65,2026-08-20T16:00:51+05:30,src/modules/order-detail/migrations/Migration20260716000002.ts,18622d7f7c,2026-07-16T17:08:59+05:30,34
posx-eume-backend,220df70d65,2026-08-20T16:00:51+05:30,test/return-approval/validators.unit.spec.ts,d2ab605add,2026-08-20T15:03:22+05:30,0
posx-eume-backend,a603ff7f44,2026-08-20T18:15:24+05:30,src/modules/return-approval/service.ts,5aff03d268,2026-08-20T15:02:52+05:30,0
posx-eume-backend,a603ff7f44,2026-08-20T18:15:24+05:30,src/workflows/order-return-and-exchange/steps/verify-return-approval-step.ts,d2ab605add,2026-08-20T15:03:22+05:30,0
posx-eume-backend,a603ff7f44,2026-08-20T18:15:24+05:30,src/workflows/return-approval/steps/create-return-approval-step.ts,5aff03d268,2026-08-20T15:02:52+05:30,0
posx-eume-backend,f87e9d3451,2026-08-20T20:15:23+05:30,src/api/admin/return-approval/route.ts,5aff03d268,2026-08-20T15:02:52+05:30,0
posx-eume-backend,f87e9d3451,2026-08-20T20:15:23+05:30,src/lib/helpers/return-approval/email-template.ts,5aff03d268,2026-08-20T15:02:52+05:30,0
posx-eume-backend,f87e9d3451,2026-08-20T20:15:23+05:30,src/lib/helpers/return-approval/otp.ts,5aff03d268,2026-08-20T15:02:52+05:30,0
posx-eume-backend,f87e9d3451,2026-08-20T20:15:23+05:30,src/lib/helpers/return-approval/rules.ts,5aff03d268,2026-08-20T15:02:52+05:30,0
posx-eume-backend,f87e9d3451,2026-08-20T20:15:23+05:30,src/types/validators/order-return-exchange.ts,d2ab605add,2026-08-20T15:03:22+05:30,0
posx-eume-backend,f87e9d3451,2026-08-20T20:15:23+05:30,src/workflows/order-detail/steps/create-exchange-order-detail-step-v2.ts,d2ab605add,2026-08-20T15:03:22+05:30,0
posx-eume-backend,f87e9d3451,2026-08-20T20:15:23+05:30,src/workflows/order-return-and-exchange/steps/resolve-operating-employee-step.ts,d2ab605add,2026-08-20T15:03:22+05:30,0
posx-eume-backend,f87e9d3451,2026-08-20T20:15:23+05:30,src/workflows/order-return-and-exchange/steps/return-order-product-step-v2.ts,d2ab605add,2026-08-20T15:03:22+05:30,0
posx-eume-backend,f87e9d3451,2026-08-20T20:15:23+05:30,src/workflows/order-return-and-exchange/steps/verify-return-approval-step.ts,a603ff7f44,2026-08-20T18:15:24+05:30,0
posx-eume-backend,f87e9d3451,2026-08-20T20:15:23+05:30,src/workflows/order-return-and-exchange/steps/verify-return-approval-step.ts,d2ab605add,2026-08-20T15:03:22+05:30,0
posx-eume-backend,f87e9d3451,2026-08-20T20:15:23+05:30,src/workflows/order-return-and-exchange/workflows/confirm-exchange-order-v2.ts,d2ab605add,2026-08-20T15:03:22+05:30,0
posx-eume-backend,f87e9d3451,2026-08-20T20:15:23+05:30,src/workflows/order-return-and-exchange/workflows/confirm-exchange-order-v2.ts,4e96a587df,2026-02-04T18:39:05+05:30,197
posx-eume-backend,f87e9d3451,2026-08-20T20:15:23+05:30,src/workflows/order-return-and-exchange/workflows/confirm-return-order-v2.ts,d2ab605add,2026-08-20T15:03:22+05:30,0
posx-eume-backend,f87e9d3451,2026-08-20T20:15:23+05:30,src/workflows/order-return-and-exchange/workflows/confirm-return-order-v2.ts,4e96a587df,2026-02-04T18:39:05+05:30,197
posx-eume-backend,f87e9d3451,2026-08-20T20:15:23+05:30,src/workflows/return-approval/steps/prepare-return-otp-step.ts,5aff03d268,2026-08-20T15:02:52+05:30,0
posx-eume-backend,f87e9d3451,2026-08-20T20:15:23+05:30,src/workflows/return-approval/steps/send-return-otp-email-step.ts,5aff03d268,2026-08-20T15:02:52+05:30,0
posx-eume-backend,f87e9d3451,2026-08-20T20:15:23+05:30,test/return-approval/mode.unit.spec.ts,d2ab605add,2026-08-20T15:03:22+05:30,0
posx-eume-backend,a5b9615d9a,2026-08-21T10:25:46+05:30,src/api/admin/return-approval/route.ts,f87e9d3451,2026-08-20T20:15:23+05:30,0
posx-eume-backend,a5b9615d9a,2026-08-21T10:25:46+05:30,src/lib/helpers/return-approval/rules.ts,f87e9d3451,2026-08-20T20:15:23+05:30,0
posx-eume-backend,a5b9615d9a,2026-08-21T10:25:46+05:30,src/workflows/order-detail/steps/create-exchange-order-detail-step-v2.ts,f87e9d3451,2026-08-20T20:15:23+05:30,0
posx-eume-backend,a5b9615d9a,2026-08-21T10:25:46+05:30,src/workflows/order-return-and-exchange/steps/return-order-product-step-v2.ts,f87e9d3451,2026-08-20T20:15:23+05:30,0
posx-eume-backend,a5b9615d9a,2026-08-21T10:25:46+05:30,src/workflows/order-return-and-exchange/workflows/confirm-exchange-order-v2.ts,d2ab605add,2026-08-20T15:03:22+05:30,0
posx-eume-backend,a5b9615d9a,2026-08-21T10:25:46+05:30,src/workflows/order-return-and-exchange/workflows/confirm-exchange-order-v2.ts,f87e9d3451,2026-08-20T20:15:23+05:30,0
posx-eume-backend,a5b9615d9a,2026-08-21T10:25:46+05:30,src/workflows/order-return-and-exchange/workflows/confirm-return-order-v2.ts,d2ab605add,2026-08-20T15:03:22+05:30,0
posx-eume-backend,a5b9615d9a,2026-08-21T10:25:46+05:30,src/workflows/order-return-and-exchange/workflows/confirm-return-order-v2.ts,f87e9d3451,2026-08-20T20:15:23+05:30,0
posx-eume-backend,a5b9615d9a,2026-08-21T10:25:46+05:30,test/return-approval/rules.unit.spec.ts,5aff03d268,2026-08-20T15:02:52+05:30,0
posx-eume-backend,8a5e221846,2026-08-21T10:29:02+05:30,src/workflows/order-detail/steps/create-exchange-order-detail-step-v2.ts,d2ab605add,2026-08-20T15:03:22+05:30,0
posx-eume-backend,24c4a473ed,2026-08-21T12:02:22+05:30,src/lib/helpers/return-approval/config.ts,0a861f5636,2026-08-21T11:38:58+05:30,0
posx-eume-backend,24c4a473ed,2026-08-21T12:02:22+05:30,src/workflows/order-return-and-exchange/steps/verify-return-approval-step.ts,0a861f5636,2026-08-21T11:38:58+05:30,0
posx-eume-backend,24c4a473ed,2026-08-21T12:02:22+05:30,src/workflows/order-return-and-exchange/steps/verify-return-approval-step.ts,f87e9d3451,2026-08-20T20:15:23+05:30,0
posx-eume-backend,24c4a473ed,2026-08-21T12:02:22+05:30,src/workflows/return-approval/steps/create-return-approval-step.ts,0a861f5636,2026-08-21T11:38:58+05:30,0
posx-eume-backend,24c4a473ed,2026-08-21T12:02:22+05:30,src/workflows/return-approval/steps/send-return-otp-email-step.ts,0a861f5636,2026-08-21T11:38:58+05:30,0
posx-eume-backend,24c4a473ed,2026-08-21T12:02:22+05:30,test/return-approval/send-cap.unit.spec.ts,a603ff7f44,2026-08-20T18:15:24+05:30,0
posx-eume-backend,24c4a473ed,2026-08-21T12:02:22+05:30,test/return-approval/validators.unit.spec.ts,d2ab605add,2026-08-20T15:03:22+05:30,0
posx-eume-backend,e975483f58,2026-08-21T12:11:11+05:30,src/modules/return-approval/service.ts,5aff03d268,2026-08-20T15:02:52+05:30,0
posx-eume-store,4a9c5ae55b,2025-09-02T16:28:00+05:30,src/pages/products/details.tsx,06c4818e67,2025-09-02T15:23:12+05:30,0
posx-eume-store,4a9c5ae55b,2025-09-02T16:28:00+05:30,src/pages/products/details.tsx,4e9d6e6066,2025-08-29T12:12:50+05:30,4
posx-eume-store,dac7fa25ac,2025-09-10T18:05:31+05:30,src/components/app/product/online-card.tsx,4e9d6e6066,2025-08-29T12:12:50+05:30,12
posx-eume-store,dac7fa25ac,2025-09-10T18:05:31+05:30,src/components/app/product/online-card.tsx,5cc5304481,2025-09-05T12:39:28+05:30,5
posx-eume-store,dac7fa25ac,2025-09-10T18:05:31+05:30,src/components/app/product/online-card.tsx,b2760f19c2,2025-09-05T05:00:25+05:30,5
posx-eume-store,dac7fa25ac,2025-09-10T18:05:31+05:30,src/components/app/product/online-card.tsx,6e0a89b0ea,2025-09-05T13:41:04+05:30,5
posx-eume-store,dac7fa25ac,2025-09-10T18:05:31+05:30,src/components/layouts/app/sidebar.tsx,4e9d6e6066,2025-08-29T12:12:50+05:30,12
posx-eume-store,dac7fa25ac,2025-09-10T18:05:31+05:30,src/components/layouts/app/sidebar.tsx,5078852ee6,2025-09-04T10:51:10+05:30,6
posx-eume-store,dac7fa25ac,2025-09-10T18:05:31+05:30,src/components/primitives/stepper.tsx,4e9d6e6066,2025-08-29T12:12:50+05:30,12
posx-eume-store,dac7fa25ac,2025-09-10T18:05:31+05:30,src/components/primitives/stepper.tsx,4bfc44d74e,2025-09-04T12:47:16+05:30,6
posx-eume-store,dac7fa25ac,2025-09-10T18:05:31+05:30,src/components/primitives/stepper.tsx,e21774383f,2025-08-18T12:52:21+05:30,23
posx-eume-store,dac7fa25ac,2025-09-10T18:05:31+05:30,src/pages/online-orders/details/customer-details.tsx,1ab7b7db2f,2025-08-29T12:44:23+05:30,12
posx-eume-store,dac7fa25ac,2025-09-10T18:05:31+05:30,src/pages/online-orders/details/customer-details.tsx,4a0fe30f77,2025-09-05T14:42:27+05:30,5
posx-eume-store,dac7fa25ac,2025-09-10T18:05:31+05:30,src/pages/online-orders/details/customer-details.tsx,e21774383f,2025-08-18T12:52:21+05:30,23
posx-eume-store,dac7fa25ac,2025-09-10T18:05:31+05:30,src/pages/online-orders/details/customer-details.tsx,b2760f19c2,2025-09-05T05:00:25+05:30,5
posx-eume-store,dac7fa25ac,2025-09-10T18:05:31+05:30,src/pages/online-orders/details/customer-details.tsx,4bfc44d74e,2025-09-04T12:47:16+05:30,6
posx-eume-store,dac7fa25ac,2025-09-10T18:05:31+05:30,src/pages/products/details.tsx,c5a41685bc,2025-09-01T01:10:08+05:30,9
posx-eume-store,dac7fa25ac,2025-09-10T18:05:31+05:30,src/pages/products/details.tsx,edcdc3d016,2025-09-02T16:43:04+05:30,8
posx-eume-store,dac7fa25ac,2025-09-10T18:05:31+05:30,src/pages/products/details.tsx,d989a947bb,2025-09-06T01:52:00+05:30,4
posx-eume-store,dac7fa25ac,2025-09-10T18:05:31+05:30,src/pages/products/details.tsx,d87b6c4906,2025-09-02T18:04:17+05:30,8
posx-eume-store,dac7fa25ac,2025-09-10T18:05:31+05:30,src/pages/products/details.tsx,845a109f04,2025-09-03T02:43:29+05:30,7
posx-eume-store,dac7fa25ac,2025-09-10T18:05:31+05:30,src/pages/products/details.tsx,d420eeda33,2025-09-03T13:18:36+05:30,7
posx-eume-store,dac7fa25ac,2025-09-10T18:05:31+05:30,src/pages/products/details.tsx,85fff8a1f7,2025-09-01T20:01:12+05:30,8
posx-eume-store,dac7fa25ac,2025-09-10T18:05:31+05:30,src/pages/products/details.tsx,e21774383f,2025-08-18T12:52:21+05:30,23
posx-eume-store,dac7fa25ac,2025-09-10T18:05:31+05:30,src/pages/products/details.tsx,06c4818e67,2025-09-02T15:23:12+05:30,8
posx-eume-store,dac7fa25ac,2025-09-10T18:05:31+05:30,src/pages/products/details.tsx,4e9d6e6066,2025-08-29T12:12:50+05:30,12
posx-eume-store,dac7fa25ac,2025-09-10T18:05:31+05:30,src/pages/products/details.tsx,4bfc44d74e,2025-09-04T12:47:16+05:30,6
posx-eume-store,dac7fa25ac,2025-09-10T18:05:31+05:30,src/pages/products/details.tsx,4a9c5ae55b,2025-09-02T16:28:00+05:30,8
posx-eume-store,ea194abc6f,2025-09-10T18:56:25+05:30,src/libs/shopify.ts,e21774383f,2025-08-18T12:52:21+05:30,23
posx-eume-store,562fa03ad7,2025-09-12T18:17:56+05:30,src/components/app/home/cart-card.tsx,2e6a70b616,2025-09-10T22:37:40+05:30,1
posx-eume-store,562fa03ad7,2025-09-12T18:17:56+05:30,src/components/app/home/cart-card.tsx,1ab7b7db2f,2025-08-29T12:44:23+05:30,14
posx-eume-store,562fa03ad7,2025-09-12T18:17:56+05:30,src/components/app/home/cart-card.tsx,e21774383f,2025-08-18T12:52:21+05:30,25
posx-eume-store,562fa03ad7,2025-09-12T18:17:56+05:30,src/components/app/home/checkout-button.tsx,e21774383f,2025-08-18T12:52:21+05:30,25
posx-eume-store,562fa03ad7,2025-09-12T18:17:56+05:30,src/components/app/home/index.tsx,e21774383f,2025-08-18T12:52:21+05:30,25
posx-eume-store,562fa03ad7,2025-09-12T18:17:56+05:30,src/components/app/home/index.tsx,4e9d6e6066,2025-08-29T12:12:50+05:30,14
posx-eume-store,562fa03ad7,2025-09-12T18:17:56+05:30,src/components/app/home/index.tsx,2e6a70b616,2025-09-10T22:37:40+05:30,1
posx-eume-store,562fa03ad7,2025-09-12T18:17:56+05:30,src/components/app/order/order-details.tsx,4a0fe30f77,2025-09-05T14:42:27+05:30,7
posx-eume-store,562fa03ad7,2025-09-12T18:17:56+05:30,src/components/app/order/order-summary.tsx,e21774383f,2025-08-18T12:52:21+05:30,25
posx-eume-store,562fa03ad7,2025-09-12T18:17:56+05:30,src/components/app/order/order-summary.tsx,b2760f19c2,2025-09-05T05:00:25+05:30,7
posx-eume-store,562fa03ad7,2025-09-12T18:17:56+05:30,src/components/app/product/AddToCartModal.tsx,c5a41685bc,2025-09-01T01:10:08+05:30,11
posx-eume-store,562fa03ad7,2025-09-12T18:17:56+05:30,src/components/app/product/AddToCartModal.tsx,2e6a70b616,2025-09-10T22:37:40+05:30,1
posx-eume-store,562fa03ad7,2025-09-12T18:17:56+05:30,src/components/app/product/AddToCartModal.tsx,85fff8a1f7,2025-09-01T20:01:12+05:30,10
posx-eume-store,562fa03ad7,2025-09-12T18:17:56+05:30,src/components/app/product/AddToCartModal.tsx,9730da6e58,2025-09-04T14:06:56+05:30,8
posx-eume-store,562fa03ad7,2025-09-12T18:17:56+05:30,src/components/app/product/AddToCartModal.tsx,3bf2d6835b,2025-09-01T01:16:34+05:30,11
posx-eume-store,562fa03ad7,2025-09-12T18:17:56+05:30,src/components/app/product/AddToCartModal.tsx,52808dac98,2025-09-02T13:24:16+05:30,10
posx-eume-store,562fa03ad7,2025-09-12T18:17:56+05:30,src/components/app/product/online-card.tsx,4e9d6e6066,2025-08-29T12:12:50+05:30,14
posx-eume-store,562fa03ad7,2025-09-12T18:17:56+05:30,src/components/app/product/online-card.tsx,4a0fe30f77,2025-09-05T14:42:27+05:30,7
posx-eume-store,562fa03ad7,2025-09-12T18:17:56+05:30,src/components/app/product/online-card.tsx,b2760f19c2,2025-09-05T05:00:25+05:30,7
posx-eume-store,562fa03ad7,2025-09-12T18:17:56+05:30,src/components/app/return/return-status.tsx,e21774383f,2025-08-18T12:52:21+05:30,25
posx-eume-store,562fa03ad7,2025-09-12T18:17:56+05:30,src/components/app/return/return-status.tsx,2e6a70b616,2025-09-10T22:37:40+05:30,1
posx-eume-store,562fa03ad7,2025-09-12T18:17:56+05:30,src/components/primitives/stepper.tsx,e21774383f,2025-08-18T12:52:21+05:30,25
posx-eume-store,562fa03ad7,2025-09-12T18:17:56+05:30,src/libs/calculate-product-discount.ts,4e9d6e6066,2025-08-29T12:12:50+05:30,14
posx-eume-store,562fa03ad7,2025-09-12T18:17:56+05:30,src/libs/calculate-product-discount.ts,e21774383f,2025-08-18T12:52:21+05:30,25
posx-eume-store,562fa03ad7,2025-09-12T18:17:56+05:30,src/libs/order.ts,e21774383f,2025-08-18T12:52:21+05:30,25
posx-eume-store,562fa03ad7,2025-09-12T18:17:56+05:30,src/libs/order.ts,aae5fa0324,2025-08-19T17:24:32+05:30,24
posx-eume-store,562fa03ad7,2025-09-12T18:17:56+05:30,src/pages/exchanges/details.tsx,e21774383f,2025-08-18T12:52:21+05:30,25
posx-eume-store,562fa03ad7,2025-09-12T18:17:56+05:30,src/pages/exchanges/details.tsx,4e9d6e6066,2025-08-29T12:12:50+05:30,14
posx-eume-store,562fa03ad7,2025-09-12T18:17:56+05:30,src/pages/exchanges/details.tsx,2e6a70b616,2025-09-10T22:37:40+05:30,1
posx-eume-store,562fa03ad7,2025-09-12T18:17:56+05:30,src/pages/online-orders/details/customer-details.tsx,1ab7b7db2f,2025-08-29T12:44:23+05:30,14
posx-eume-store,562fa03ad7,2025-09-12T18:17:56+05:30,src/pages/online-orders/details/customer-details.tsx,4a0fe30f77,2025-09-05T14:42:27+05:30,7
posx-eume-store,562fa03ad7,2025-09-12T18:17:56+05:30,src/pages/online-orders/details/customer-details.tsx,e21774383f,2025-08-18T12:52:21+05:30,25
posx-eume-store,562fa03ad7,2025-09-12T18:17:56+05:30,src/pages/orders/details/_layout.tsx,e21774383f,2025-08-18T12:52:21+05:30,25
posx-eume-store,562fa03ad7,2025-09-12T18:17:56+05:30,src/pages/orders/details/customer-details.tsx,1ab7b7db2f,2025-08-29T12:44:23+05:30,14
posx-eume-store,562fa03ad7,2025-09-12T18:17:56+05:30,src/pages/orders/details/customer-details.tsx,2e6a70b616,2025-09-10T22:37:40+05:30,1
posx-eume-store,562fa03ad7,2025-09-12T18:17:56+05:30,src/pages/orders/details/customer-details.tsx,e21774383f,2025-08-18T12:52:21+05:30,25
posx-eume-store,562fa03ad7,2025-09-12T18:17:56+05:30,src/pages/orders/details/payment-details.tsx,e21774383f,2025-08-18T12:52:21+05:30,25
posx-eume-store,562fa03ad7,2025-09-12T18:17:56+05:30,src/pages/products/details.tsx,c5a41685bc,2025-09-01T01:10:08+05:30,11
posx-eume-store,562fa03ad7,2025-09-12T18:17:56+05:30,src/pages/products/details.tsx,4e9d6e6066,2025-08-29T12:12:50+05:30,14
posx-eume-store,562fa03ad7,2025-09-12T18:17:56+05:30,src/pages/products/details.tsx,2e6a70b616,2025-09-10T22:37:40+05:30,1
posx-eume-store,562fa03ad7,2025-09-12T18:17:56+05:30,src/pages/products/details.tsx,d87b6c4906,2025-09-02T18:04:17+05:30,10
posx-eume-store,562fa03ad7,2025-09-12T18:17:56+05:30,src/pages/products/details.tsx,845a109f04,2025-09-03T02:43:29+05:30,9
posx-eume-store,562fa03ad7,2025-09-12T18:17:56+05:30,src/pages/products/details.tsx,d420eeda33,2025-09-03T13:18:36+05:30,9
posx-eume-store,562fa03ad7,2025-09-12T18:17:56+05:30,src/pages/products/details.tsx,85fff8a1f7,2025-09-01T20:01:12+05:30,10
posx-eume-store,562fa03ad7,2025-09-12T18:17:56+05:30,src/pages/products/details.tsx,06c4818e67,2025-09-02T15:23:12+05:30,10
posx-eume-store,562fa03ad7,2025-09-12T18:17:56+05:30,src/pages/products/details.tsx,4bfc44d74e,2025-09-04T12:47:16+05:30,8
posx-eume-store,562fa03ad7,2025-09-12T18:17:56+05:30,src/pages/products/details.tsx,4a9c5ae55b,2025-09-02T16:28:00+05:30,10
posx-eume-store,562fa03ad7,2025-09-12T18:17:56+05:30,src/store/middlewares/cart.middleware.ts,2e6a70b616,2025-09-10T22:37:40+05:30,1
posx-eume-store,562fa03ad7,2025-09-12T18:17:56+05:30,src/store/reducers/cart.reducer.ts,2e6a70b616,2025-09-10T22:37:40+05:30,1
posx-eume-store,562fa03ad7,2025-09-12T18:17:56+05:30,src/store/reducers/exchange.reducer.ts,e21774383f,2025-08-18T12:52:21+05:30,25
posx-eume-store,562fa03ad7,2025-09-12T18:17:56+05:30,src/types/product.ts,e21774383f,2025-08-18T12:52:21+05:30,25
posx-eume-store,562fa03ad7,2025-09-12T18:17:56+05:30,src/types/product.ts,4e9d6e6066,2025-08-29T12:12:50+05:30,14
posx-eume-store,792b17a934,2025-09-25T18:21:05+05:30,src/components/app/orders/orders-report-options.tsx,e21774383f,2025-08-18T12:52:21+05:30,38
posx-eume-store,792b17a934,2025-09-25T18:21:05+05:30,src/components/exchange/ExchangeOrderDetails.tsx,e21774383f,2025-08-18T12:52:21+05:30,38
posx-eume-store,792b17a934,2025-09-25T18:21:05+05:30,src/components/filters.tsx,e21774383f,2025-08-18T12:52:21+05:30,38
posx-eume-store,792b17a934,2025-09-25T18:21:05+05:30,src/libs/calculate-product-exchange-value.ts,e21774383f,2025-08-18T12:52:21+05:30,38
posx-eume-store,792b17a934,2025-09-25T18:21:05+05:30,src/libs/print.ts,e21774383f,2025-08-18T12:52:21+05:30,38
posx-eume-store,792b17a934,2025-09-25T18:21:05+05:30,src/libs/print.ts,40cb9bb747,2025-09-23T18:01:19+05:30,2
posx-eume-store,792b17a934,2025-09-25T18:21:05+05:30,src/libs/print.ts,6c6177d1ee,2025-09-23T16:13:05+05:30,2
posx-eume-store,792b17a934,2025-09-25T18:21:05+05:30,src/pages/inventory/index.tsx,e21774383f,2025-08-18T12:52:21+05:30,38
posx-eume-store,792b17a934,2025-09-25T18:21:05+05:30,src/pages/online-orders/details/customer-details.tsx,29fc3c960e,2025-09-16T12:56:26+05:30,9
posx-eume-store,792b17a934,2025-09-25T18:21:05+05:30,src/pages/online-orders/details/customer-details.tsx,1ab7b7db2f,2025-08-29T12:44:23+05:30,27
posx-eume-store,792b17a934,2025-09-25T18:21:05+05:30,src/pages/online-orders/details/customer-details.tsx,e21774383f,2025-08-18T12:52:21+05:30,38
posx-eume-store,792b17a934,2025-09-25T18:21:05+05:30,src/pages/online-orders/details/customer-details.tsx,562fa03ad7,2025-09-12T18:17:56+05:30,13
posx-eume-store,792b17a934,2025-09-25T18:21:05+05:30,src/pages/online-orders/details/customer-details.tsx,4a0fe30f77,2025-09-05T14:42:27+05:30,20
posx-eume-store,792b17a934,2025-09-25T18:21:05+05:30,src/pages/online-orders/details/customer-details.tsx,f993bfd0e5,2025-09-12T18:26:01+05:30,12
posx-eume-store,792b17a934,2025-09-25T18:21:05+05:30,src/pages/returns/details.tsx,ccedf8699e,2025-09-24T16:31:30+05:30,1
posx-eume-store,792b17a934,2025-09-25T18:21:05+05:30,src/pages/returns/details.tsx,e21774383f,2025-08-18T12:52:21+05:30,38
posx-eume-store,792b17a934,2025-09-25T18:21:05+05:30,src/pages/returns/details.tsx,4a0fe30f77,2025-09-05T14:42:27+05:30,20
posx-eume-store,792b17a934,2025-09-25T18:21:05+05:30,src/pages/returns/details.tsx,6c6177d1ee,2025-09-23T16:13:05+05:30,2
posx-eume-store,792b17a934,2025-09-25T18:21:05+05:30,src/store/apis/customer.request.ts,e21774383f,2025-08-18T12:52:21+05:30,38
posx-eume-store,4daeefee2a,2025-09-27T11:00:16+05:30,src/components/app/order/exchange-order-summary.tsx,9973f5d265,2025-09-26T19:22:41+05:30,0
posx-eume-store,4daeefee2a,2025-09-27T11:00:16+05:30,src/components/app/order/exchange-order-summary.tsx,e21774383f,2025-08-18T12:52:21+05:30,39
posx-eume-store,4daeefee2a,2025-09-27T11:00:16+05:30,src/components/app/order/order-card.tsx,e21774383f,2025-08-18T12:52:21+05:30,39
posx-eume-store,4daeefee2a,2025-09-27T11:00:16+05:30,src/components/app/order/order-card.tsx,4a0fe30f77,2025-09-05T14:42:27+05:30,21
posx-eume-store,4daeefee2a,2025-09-27T11:00:16+05:30,src/components/app/order/order-card.tsx,ccedf8699e,2025-09-24T16:31:30+05:30,2
posx-eume-store,4daeefee2a,2025-09-27T11:00:16+05:30,src/components/app/product/AddToCartModal.tsx,ccee4a43b3,2025-09-26T15:01:09+05:30,0
posx-eume-store,4daeefee2a,2025-09-27T11:00:16+05:30,src/pages/products/details.tsx,ccee4a43b3,2025-09-26T15:01:09+05:30,0
posx-eume-store,4daeefee2a,2025-09-27T11:00:16+05:30,src/store/apis/exchange.request.ts,e21774383f,2025-08-18T12:52:21+05:30,39
posx-eume-store,4daeefee2a,2025-09-27T11:00:16+05:30,src/store/apis/exchange.request.ts,2e6a70b616,2025-09-10T22:37:40+05:30,16
posx-eume-store,4daeefee2a,2025-09-27T11:00:16+05:30,src/store/middlewares/cart.middleware.ts,d5d95d75b7,2025-09-27T10:49:07+05:30,0
posx-eume-store,4daeefee2a,2025-09-27T11:00:16+05:30,src/store/middlewares/exchange.middleware.ts,e21774383f,2025-08-18T12:52:21+05:30,39
posx-eume-store,4daeefee2a,2025-09-27T11:00:16+05:30,src/store/middlewares/exchange.middleware.ts,2e6a70b616,2025-09-10T22:37:40+05:30,16
posx-eume-store,bb5a3b23e6,2025-09-27T13:15:06+05:30,src/pages/returns/details.tsx,e21774383f,2025-08-18T12:52:21+05:30,40
posx-eume-store,0aedc57702,2025-10-01T14:53:51+05:30,src/components/app/home/index.tsx,4e9d6e6066,2025-08-29T12:12:50+05:30,33
posx-eume-store,0aedc57702,2025-10-01T14:53:51+05:30,src/components/app/product/cart-panel.tsx,db700dd111,2025-09-06T01:31:02+05:30,25
posx-eume-store,0aedc57702,2025-10-01T14:53:51+05:30,src/components/app/product/cart-panel.tsx,e71d9a3763,2025-09-30T14:13:17+05:30,1
posx-eume-store,0aedc57702,2025-10-01T14:53:51+05:30,src/pages/exchanges/details.tsx,9973f5d265,2025-09-26T19:22:41+05:30,4
posx-eume-store,4dfd88aef3,2025-10-01T14:56:24+05:30,src/components/app/product/cart-panel.tsx,db700dd111,2025-09-06T01:31:02+05:30,25
posx-eume-store,ea66a071cf,2025-10-02T12:41:18+05:30,src/components/app/home/index.tsx,50557b5ead,2025-10-01T12:03:36+05:30,1
posx-eume-store,ea66a071cf,2025-10-02T12:41:18+05:30,src/components/app/home/index.tsx,b9fa6ed15b,2025-09-30T19:32:07+05:30,1
posx-eume-store,ea66a071cf,2025-10-02T12:41:18+05:30,src/components/app/home/index.tsx,6adf08131c,2025-09-30T18:07:41+05:30,1
posx-eume-store,ea66a071cf,2025-10-02T12:41:18+05:30,src/components/app/home/index.tsx,e21774383f,2025-08-18T12:52:21+05:30,44
posx-eume-store,ea66a071cf,2025-10-02T12:41:18+05:30,src/components/app/home/online-coupon/index.tsx,6adf08131c,2025-09-30T18:07:41+05:30,1
posx-eume-store,ea66a071cf,2025-10-02T12:41:18+05:30,src/components/app/home/online-coupon/index.tsx,e21774383f,2025-08-18T12:52:21+05:30,44
posx-eume-store,ea66a071cf,2025-10-02T12:41:18+05:30,src/components/app/home/retail-coupon/index.tsx,6adf08131c,2025-09-30T18:07:41+05:30,1
posx-eume-store,ea66a071cf,2025-10-02T12:41:18+05:30,src/components/app/home/retail-coupon/index.tsx,e21774383f,2025-08-18T12:52:21+05:30,44
posx-eume-store,ea66a071cf,2025-10-02T12:41:18+05:30,src/components/app/product/cart-panel.tsx,6adf08131c,2025-09-30T18:07:41+05:30,1
posx-eume-store,ea66a071cf,2025-10-02T12:41:18+05:30,src/components/app/product/cart-panel.tsx,faaecfe511,2025-09-05T11:09:32+05:30,27
posx-eume-store,ea66a071cf,2025-10-02T12:41:18+05:30,src/components/app/product/cart-panel.tsx,e71d9a3763,2025-09-30T14:13:17+05:30,1
posx-eume-store,ea66a071cf,2025-10-02T12:41:18+05:30,src/components/app/product/cart-panel.tsx,e21774383f,2025-08-18T12:52:21+05:30,44
posx-eume-store,ea66a071cf,2025-10-02T12:41:18+05:30,src/components/app/product/cart-panel.tsx,d23e3dc6db,2025-09-04T19:12:09+05:30,27
posx-eume-store,ea66a071cf,2025-10-02T12:41:18+05:30,src/components/app/product/online-coupon-product/index.tsx,faaecfe511,2025-09-05T11:09:32+05:30,27
posx-eume-store,ea66a071cf,2025-10-02T12:41:18+05:30,src/components/app/product/online-coupon-product/index.tsx,e21774383f,2025-08-18T12:52:21+05:30,44
posx-eume-store,ea66a071cf,2025-10-02T12:41:18+05:30,src/components/app/product/online-coupon-product/index.tsx,065f141d2c,2025-08-19T21:02:32+05:30,43
posx-eume-store,ea66a071cf,2025-10-02T12:41:18+05:30,src/components/app/product/online-retail-coupon/index.tsx,e21774383f,2025-08-18T12:52:21+05:30,44
posx-eume-store,ea66a071cf,2025-10-02T12:41:18+05:30,src/components/app/product/online-retail-coupon/index.tsx,faaecfe511,2025-09-05T11:09:32+05:30,27
posx-eume-store,ea66a071cf,2025-10-02T12:41:18+05:30,src/components/app/product/online-retail-coupon/index.tsx,0a93e677a2,2025-08-19T18:00:32+05:30,43
posx-eume-store,ea66a071cf,2025-10-02T12:41:18+05:30,src/components/app/product/online-retail-coupon/index.tsx,4a6b2ed40a,2025-09-26T16:33:56+05:30,5
posx-eume-store,a9520ac3b1,2025-10-07T10:52:09+05:30,src/components/app/home/barcode-scanner/index.tsx,464fe5d8a8,2025-10-03T17:57:08+05:30,3
posx-eume-store,a9520ac3b1,2025-10-07T10:52:09+05:30,src/components/app/home/barcode-scanner/index.tsx,8671826e65,2025-10-04T12:30:59+05:30,2
posx-eume-store,a9520ac3b1,2025-10-07T10:52:09+05:30,src/components/app/home/index.tsx,e21774383f,2025-08-18T12:52:21+05:30,49
posx-eume-store,4aced53b54,2025-10-11T13:13:52+05:30,src/components/app/order/steps/customer-details/index.tsx,1ab7b7db2f,2025-08-29T12:44:23+05:30,43
posx-eume-store,4aced53b54,2025-10-11T13:13:52+05:30,src/components/app/order/steps/customer-details/index.tsx,29fc3c960e,2025-09-16T12:56:26+05:30,25
posx-eume-store,4aced53b54,2025-10-11T13:13:52+05:30,src/components/app/order/steps/payment-details/razorpay-form/index.tsx,e21774383f,2025-08-18T12:52:21+05:30,54
posx-eume-store,4aced53b54,2025-10-11T13:13:52+05:30,src/components/app/return/return-status.tsx,562fa03ad7,2025-09-12T18:17:56+05:30,28
posx-eume-store,4aced53b54,2025-10-11T13:13:52+05:30,src/libs/print.ts,e21774383f,2025-08-18T12:52:21+05:30,54
posx-eume-store,4aced53b54,2025-10-11T13:13:52+05:30,src/libs/print.ts,dad89081f1,2025-10-01T16:17:20+05:30,9
posx-eume-store,4aced53b54,2025-10-11T13:13:52+05:30,src/libs/print.ts,40cb9bb747,2025-09-23T18:01:19+05:30,17
posx-eume-store,4aced53b54,2025-10-11T13:13:52+05:30,src/pages/online-orders/details/customer-details.tsx,e21774383f,2025-08-18T12:52:21+05:30,54
posx-eume-store,4aced53b54,2025-10-11T13:13:52+05:30,src/pages/online-orders/details/customer-details.tsx,29fc3c960e,2025-09-16T12:56:26+05:30,25
posx-eume-store,4aced53b54,2025-10-11T13:13:52+05:30,src/pages/online-orders/details/customer-details.tsx,792b17a934,2025-09-25T18:21:05+05:30,15
posx-eume-store,4aced53b54,2025-10-11T13:13:52+05:30,src/pages/online-orders/details/customer-details.tsx,d225c00532,2025-09-26T00:48:59+05:30,15
posx-eume-store,4aced53b54,2025-10-11T13:13:52+05:30,src/pages/return-and-exchange/index.tsx,e21774383f,2025-08-18T12:52:21+05:30,54
posx-eume-store,2166ff9899,2025-11-26T10:37:39+05:30,src/pages/customer/credit-summary.tsx,e95f53d9c1,2025-11-25T18:52:27+05:30,0
posx-eume-store,d25959616c,2025-11-27T17:51:36+05:30,src/components/airprint-button.tsx,395ee3a10e,2025-11-05T12:13:25+05:30,22
posx-eume-store,fff5473b04,2025-12-01T19:03:09+05:30,src/components/exchange/OrderProductCard.tsx,d62ebaa08b,2025-09-27T13:14:10+05:30,65
posx-eume-store,7b6d5dcf7f,2025-12-03T16:23:25+05:30,src/components/app/order/order-card.tsx,4daeefee2a,2025-09-27T11:00:16+05:30,67
posx-eume-store,7b6d5dcf7f,2025-12-03T16:23:25+05:30,src/components/app/order/order-card.tsx,d62ebaa08b,2025-09-27T13:14:10+05:30,67
posx-eume-store,209d5dac80,2025-12-04T16:23:43+05:30,src/components/app/order/steps/customer-details/index.tsx,e21774383f,2025-08-18T12:52:21+05:30,108
posx-eume-store,209d5dac80,2025-12-04T16:23:43+05:30,src/pages/orders/details/customer-details.tsx,50557b5ead,2025-10-01T12:03:36+05:30,64
posx-eume-store,209d5dac80,2025-12-04T16:23:43+05:30,src/pages/orders/details/customer-details.tsx,e21774383f,2025-08-18T12:52:21+05:30,108
posx-eume-store,209d5dac80,2025-12-04T16:23:43+05:30,src/pages/orders/details/order-details.tsx,e21774383f,2025-08-18T12:52:21+05:30,108
posx-eume-store,f220fad74d,2025-12-11T14:28:15+05:30,src/components/app/customer/customer-login/index.tsx,487cd37ecf,2025-12-09T16:10:26+05:30,1
posx-eume-store,9d7cc1eaa6,2025-12-11T16:54:53+05:30,src/components/app/home/custom-discount/index.tsx,6adf08131c,2025-09-30T18:07:41+05:30,71
posx-eume-store,9d7cc1eaa6,2025-12-11T16:54:53+05:30,src/components/app/product/custom-discount/index.tsx,4a6b2ed40a,2025-09-26T16:33:56+05:30,76
posx-eume-store,9d7cc1eaa6,2025-12-11T16:54:53+05:30,src/components/app/product/custom-discount/index.tsx,d23e3dc6db,2025-09-04T19:12:09+05:30,97
posx-eume-store,d8ce3f12dd,2025-12-12T11:51:23+05:30,src/components/app/customer/customer-login/index.tsx,487cd37ecf,2025-12-09T16:10:26+05:30,2
posx-eume-store,d76ed24302,2025-12-23T18:40:32+05:30,src/components/app/product/approval-modal.tsx,e71d9a3763,2025-09-30T14:13:17+05:30,84
posx-eume-store,5d19cd90f3,2025-12-24T15:41:42+05:30,src/components/app/product/AddToCartModal.tsx,3bf2d6835b,2025-09-01T01:16:34+05:30,114
posx-eume-store,5d19cd90f3,2025-12-24T15:41:42+05:30,src/components/app/product/AddToCartModal.tsx,1b1a130ae9,2025-09-01T12:38:17+05:30,114
posx-eume-store,bd7935a9ad,2025-12-24T15:45:44+05:30,src/pages/products/details.tsx,4e9d6e6066,2025-08-29T12:12:50+05:30,117
posx-eume-store,bd7935a9ad,2025-12-24T15:45:44+05:30,src/pages/products/details.tsx,c5a41685bc,2025-09-01T01:10:08+05:30,114
posx-eume-store,4db1ddf2bd,2025-12-25T17:22:23+05:30,src/store/middlewares/online-order.middleware.ts,e21774383f,2025-08-18T12:52:21+05:30,129
posx-eume-store,8c81f59575,2026-01-16T18:06:21+05:30,src/components/app/inventory/inventory-movements-table.tsx,0c8b9c305e,2025-12-05T18:52:24+05:30,41
posx-eume-store,8c81f59575,2026-01-16T18:06:21+05:30,src/pages/inventory/movements.tsx,0c8b9c305e,2025-12-05T18:52:24+05:30,41
posx-eume-store,e2925c3a20,2026-02-10T16:09:46+05:30,src/pages/exchanges/details.tsx,c099c884d7,2026-02-09T14:16:51+05:30,1
posx-eume-store,e2925c3a20,2026-02-10T16:09:46+05:30,src/pages/exchanges/details.tsx,cae49a0a4b,2025-12-03T16:18:42+05:30,68
posx-eume-store,e3b08862f8,2026-02-10T16:40:27+05:30,src/pages/exchanges/details.tsx,cae49a0a4b,2025-12-03T16:18:42+05:30,69
posx-eume-store,dd34df40b6,2026-02-11T18:07:14+05:30,src/components/app/inventory/grn-list/index.tsx,e03a09725e,2025-12-04T19:58:20+05:30,68
posx-eume-store,dd34df40b6,2026-02-11T18:07:14+05:30,src/components/app/inventory/grn/index.tsx,e03a09725e,2025-12-04T19:58:20+05:30,68
posx-eume-store,1cf68adabe,2026-04-13T15:32:15+05:30,src/components/app/product/AddToCartModal.tsx,c5a41685bc,2025-09-01T01:10:08+05:30,224
posx-eume-store,1cf68adabe,2026-04-13T15:32:15+05:30,src/pages/products/details.tsx,4e9d6e6066,2025-08-29T12:12:50+05:30,227
posx-eume-store,1cf68adabe,2026-04-13T15:32:15+05:30,src/pages/products/details.tsx,562fa03ad7,2025-09-12T18:17:56+05:30,212
posx-eume-store,19f3375d11,2026-04-22T12:19:03+05:30,src/components/app/online-orders/payments/single-payment.tsx,a5015e37ce,2025-10-03T12:57:40+05:30,200
posx-eume-store,19f3375d11,2026-04-22T12:19:03+05:30,src/components/app/online-orders/payments/split-payment.tsx,a5015e37ce,2025-10-03T12:57:40+05:30,200
posx-eume-store,a62d84b98d,2026-04-22T12:50:02+05:30,.github/workflows/deploy.yml,60ffa12ac8,2026-04-17T17:12:49+05:30,4
posx-eume-store,e2643d77aa,2026-06-11T15:27:12+05:30,src/components/app/product/product-card.tsx,52808dac98,2025-09-02T13:24:16+05:30,282
posx-eume-store,d8d6b6e12a,2026-06-11T15:27:12+05:30,src/components/app/product/product-card.tsx,52808dac98,2025-09-02T13:24:16+05:30,282
posx-eume-store,32393d9cdd,2026-06-17T15:36:21+05:30,src/components/app/order/steps/customer-details/index.tsx,29fc3c960e,2025-09-16T12:56:26+05:30,274
posx-eume-store,32393d9cdd,2026-06-17T15:36:21+05:30,src/components/app/order/steps/customer-details/index.tsx,4aced53b54,2025-10-11T13:13:52+05:30,249
posx-eume-store,32393d9cdd,2026-06-17T15:36:21+05:30,src/components/app/order/steps/customer-details/schema.ts,e21774383f,2025-08-18T12:52:21+05:30,303
posx-eume-store,32393d9cdd,2026-06-17T15:36:21+05:30,src/pages/online-orders/details/customer-details.tsx,792b17a934,2025-09-25T18:21:05+05:30,264
posx-eume-store,32393d9cdd,2026-06-17T15:36:21+05:30,src/pages/online-orders/details/customer-details.tsx,29fc3c960e,2025-09-16T12:56:26+05:30,274
posx-eume-store,32393d9cdd,2026-06-17T15:36:21+05:30,src/pages/online-orders/details/customer-details.tsx,4aced53b54,2025-10-11T13:13:52+05:30,249
posx-eume-store,32393d9cdd,2026-06-17T15:36:21+05:30,src/pages/online-orders/details/customer-details.tsx,1ab7b7db2f,2025-08-29T12:44:23+05:30,292
posx-eume-store,32393d9cdd,2026-06-17T15:36:21+05:30,src/pages/orders/details/customer-details.tsx,e21774383f,2025-08-18T12:52:21+05:30,303
posx-eume-store,32393d9cdd,2026-06-17T15:36:21+05:30,src/store/middlewares/gst.middleware.ts,29fc3c960e,2025-09-16T12:56:26+05:30,274
posx-eume-store,3599d31754,2026-06-29T14:01:24+05:30,src/components/app/inventory/stn-detail/index.tsx,7b35c80080,2026-02-17T00:56:35+05:30,132
posx-eume-store,757ab8c5cc,2026-07-09T16:43:30+05:30,src/store/middlewares/init.middleware.ts,e21774383f,2025-08-18T12:52:21+05:30,325
posx-eume-store,6f474c5e0d,2026-06-25T13:04:51+05:30,src/pages/exchanges/details.tsx,1a37a3eaf1,2025-10-06T16:02:12+05:30,261
posx-eume-store,0a6de9af62,2026-07-16T14:04:15+05:30,src/components/app/order/steps/payment-details/online-payment-form/index.tsx,f53dfa578c,2026-07-16T12:20:24+05:30,0
posx-eume-store,5db03e86e5,2026-07-17T15:35:33+05:30,src/components/app/online-orders/payments/online-payment-form/index.tsx,f53dfa578c,2026-07-16T12:20:24+05:30,1
posx-eume-store,5db03e86e5,2026-07-17T15:35:33+05:30,src/components/app/order/steps/payment-details/online-payment-form/index.tsx,f53dfa578c,2026-07-16T12:20:24+05:30,1
posx-eume-store,5db03e86e5,2026-07-17T15:35:33+05:30,src/pages/exchanges/details.tsx,d83e35a4da,2026-06-25T12:00:12+05:30,22
posx-eume-store,5db03e86e5,2026-07-17T15:35:33+05:30,src/pages/returns/details.tsx,d83e35a4da,2026-06-25T12:00:12+05:30,22
posx-eume-store,35b5434262,2026-07-24T15:36:13+05:30,src/components/layouts/app/store-selector.tsx,e21774383f,2025-08-18T12:52:21+05:30,340
posx-eume-store,41853dab62,2026-08-20T16:25:17+05:30,src/components/app/coupons/coupons-table.tsx,e21774383f,2025-08-18T12:52:21+05:30,367
posx-eume-store,cac2a0dcbd,2026-08-26T17:40:36+05:30,src/hooks/useAutoApplyStoreCoupon.ts,b2d6e08615,2026-08-12T11:32:53+05:30,14
posx-eume-store,cac2a0dcbd,2026-08-26T17:40:36+05:30,src/store/reducers/cart.reducer.ts,f2ad03d296,2026-08-26T15:04:36+05:30,0
posx-eume-store,cac2a0dcbd,2026-08-26T17:40:36+05:30,src/store/reducers/coupon-removed-notice.ts,f2ad03d296,2026-08-26T15:04:36+05:30,0
posx-eume-store,cac2a0dcbd,2026-08-26T17:40:36+05:30,src/store/reducers/online-cart.reducer.ts,f2ad03d296,2026-08-26T15:04:36+05:30,0
posx-eume-store,a1feee26eb,2026-08-27T22:42:46+05:30,src/hooks/useAutoApplyStoreCoupon.ts,cac2a0dcbd,2026-08-26T17:40:36+05:30,1
posx-eume-store,d140b5351f,2026-08-20T18:34:47+05:30,src/components/app/product/customer-verification-modal.tsx,4d83e02bf8,2026-08-20T18:15:55+05:30,0
posx-eume-store,d140b5351f,2026-08-20T18:34:47+05:30,src/pages/exchanges/details.tsx,33cda8698f,2026-07-11T13:31:01+05:30,40
posx-eume-store,d140b5351f,2026-08-20T18:34:47+05:30,src/pages/exchanges/details.tsx,4d83e02bf8,2026-08-20T18:15:55+05:30,0
posx-eume-store,d140b5351f,2026-08-20T18:34:47+05:30,src/pages/exchanges/details.tsx,9973f5d265,2025-09-26T19:22:41+05:30,327
posx-eume-store,d140b5351f,2026-08-20T18:34:47+05:30,src/store/apis/return-approval.request.ts,4d83e02bf8,2026-08-20T18:15:55+05:30,0
posx-eume-store,d140b5351f,2026-08-20T18:34:47+05:30,src/store/middlewares/exchange.middleware.ts,e21774383f,2025-08-18T12:52:21+05:30,367
posx-eume-store,d140b5351f,2026-08-20T18:34:47+05:30,src/store/middlewares/return.middleware.ts,e21774383f,2025-08-18T12:52:21+05:30,367
posx-eume-store,002bdd63b9,2026-08-20T20:16:36+05:30,src/components/app/product/customer-verification-modal.tsx,4d83e02bf8,2026-08-20T18:15:55+05:30,0
posx-eume-store,002bdd63b9,2026-08-20T20:16:36+05:30,src/pages/exchanges/details.tsx,4d83e02bf8,2026-08-20T18:15:55+05:30,0
posx-eume-store,002bdd63b9,2026-08-20T20:16:36+05:30,src/pages/returns/details.tsx,4d83e02bf8,2026-08-20T18:15:55+05:30,0
posx-eume-store,f33b981bec,2026-08-21T10:23:44+05:30,src/components/app/product/customer-verification-modal.tsx,4d83e02bf8,2026-08-20T18:15:55+05:30,0
posx-eume-store,f33b981bec,2026-08-21T10:23:44+05:30,src/components/app/product/customer-verification-modal.tsx,002bdd63b9,2026-08-20T20:16:36+05:30,0
posx-eume-store,f33b981bec,2026-08-21T10:23:44+05:30,src/components/app/product/customer-verification-modal.tsx,d140b5351f,2026-08-20T18:34:47+05:30,0
posx-eume-store,f33b981bec,2026-08-21T10:23:44+05:30,src/libs/redact.ts,d140b5351f,2026-08-20T18:34:47+05:30,0
posx-eume-store,f33b981bec,2026-08-21T10:23:44+05:30,src/store/apis/return-approval.request.ts,d140b5351f,2026-08-20T18:34:47+05:30,0
posx-eume-store,c0e0da3407,2026-08-21T12:03:41+05:30,src/components/app/product/customer-verification-modal.tsx,f33b981bec,2026-08-21T10:23:44+05:30,0
posx-eume-store,c0e0da3407,2026-08-21T12:03:41+05:30,src/libs/customer-verification-error.ts,4d83e02bf8,2026-08-20T18:15:55+05:30,0
posx-eume-store,c0e0da3407,2026-08-21T12:03:41+05:30,src/libs/customer-verification-error.ts,29cdf0207d,2026-08-21T11:41:52+05:30,0
posx-eume-store,c0e0da3407,2026-08-21T12:03:41+05:30,src/libs/redact.ts,d140b5351f,2026-08-20T18:34:47+05:30,0
posx-eume-store,61843b7554,2026-08-24T19:43:05+05:30,src/pages/returns/details.tsx,29cdf0207d,2026-08-21T11:41:52+05:30,3
posx-eume-store,61843b7554,2026-08-24T19:43:05+05:30,src/pages/returns/details.tsx,4d83e02bf8,2026-08-20T18:15:55+05:30,4
posx-eume-store,61843b7554,2026-08-24T19:43:05+05:30,src/pages/returns/details.tsx,1a37a3eaf1,2025-10-06T16:02:12+05:30,322
posx-eume-store,e3fab04c8b,2026-09-03T15:41:11+05:30,src/components/app/order/steps/payment-details/exchange-payment-details.tsx,e21774383f,2025-08-18T12:52:21+05:30,381
posx-frido-admin,cab273ca6a,2025-08-11T15:55:41+05:30,src/routes/order-details/order-detail/components/basic-info-section.tsx,4ca352cdf2,2025-07-11T11:08:14+05:30,31
posx-frido-admin,cab273ca6a,2025-08-11T15:55:41+05:30,src/routes/order-details/order-detail/components/order-items-section.tsx,4ca352cdf2,2025-07-11T11:08:14+05:30,31
posx-frido-admin,cab273ca6a,2025-08-11T15:55:41+05:30,src/routes/order-details/types.ts,4ca352cdf2,2025-07-11T11:08:14+05:30,31
posx-frido-admin,a3a9a8882d,2025-09-25T01:24:41+05:30,src/routes/login/login.tsx,1a30232446,2025-09-25T01:18:32+05:30,0
posx-frido-admin,a3a9a8882d,2025-09-25T01:24:41+05:30,src/routes/reset-password/reset-password.tsx,4b5b9db857,2025-09-25T01:21:27+05:30,0
posx-frido-admin,a3a9a8882d,2025-09-25T01:24:41+05:30,src/routes/reset-password/reset-password.tsx,1a30232446,2025-09-25T01:18:32+05:30,0
posx-frido-admin,903e4fa7a5,2025-10-11T19:44:51+05:30,src/routes/store-details/store-details-create/components/payment-create-form/payment-create-form.tsx,a501c566ef,2025-10-10T19:51:09+05:30,0
posx-frido-admin,903e4fa7a5,2025-10-11T19:44:51+05:30,src/routes/store-details/store-details-create/components/payment-create-form/payment-create-form.tsx,9816610af2,2025-08-18T18:42:47+05:30,54
posx-frido-admin,414247ac9c,2025-10-16T14:44:30+05:30,src/routes/freebies/freebies-detail/freebies-detail.tsx,a7cbf9c576,2025-10-04T16:25:13+05:30,11
posx-frido-admin,414247ac9c,2025-10-16T14:44:30+05:30,src/routes/freebies/freebies-edit/components/edit-freebies-form/edit-freebies-form.tsx,a7cbf9c576,2025-10-04T16:25:13+05:30,11
posx-frido-admin,414247ac9c,2025-10-16T14:44:30+05:30,src/routes/order-details/order-list/components/order-report-grid.tsx,4ca352cdf2,2025-07-11T11:08:14+05:30,97
posx-frido-admin,01078233fe,2025-12-30T11:36:18+05:30,src/routes/order-details/order-list/components/store-report-table.tsx,ee53cf6f0e,2025-12-30T11:27:47+05:30,0
posx-frido-admin,e598e5143e,2026-01-13T16:27:22+05:30,src/routes/order-details/order-list/components/export-orders-button.tsx,4ca352cdf2,2025-07-11T11:08:14+05:30,186
posx-frido-admin,e598e5143e,2026-01-13T16:27:22+05:30,src/routes/order-details/order-list/components/export-store-report-button.tsx,c60b13ce87,2026-01-13T14:13:36+05:30,0
posx-frido-admin,544caf0d96,2026-01-19T14:53:33+05:30,src/routes/order-details/order-list/components/store-report-table.tsx,2a764cf5b1,2026-01-19T13:25:34+05:30,0
posx-frido-admin,3a4ef4753d,2026-01-26T18:41:04+05:30,src/hooks/api/fallback-orders.tsx,ee7ae04304,2026-01-06T16:01:03+05:30,20
posx-frido-admin,3a4ef4753d,2026-01-26T18:41:04+05:30,src/hooks/api/fallback-orders.tsx,a690940205,2026-01-26T18:05:53+05:30,0
posx-frido-admin,3a4ef4753d,2026-01-26T18:41:04+05:30,src/routes/fallback-orders/fallback-order-list/components/fallback-order-list-table/fallback-order-list-table.tsx,a690940205,2026-01-26T18:05:53+05:30,0
posx-frido-admin,54445dad51,2026-02-21T11:10:48+05:30,src/components/layout/main-layout/main-layout.tsx,4ca352cdf2,2025-07-11T11:08:14+05:30,225
posx-frido-admin,54445dad51,2026-02-21T11:10:48+05:30,src/components/layout/main-layout/main-layout.tsx,c7fdc92e9b,2026-02-19T19:50:37+05:30,1
posx-frido-admin,54445dad51,2026-02-21T11:10:48+05:30,src/routes/petty-cash/petty-cash-list/components/export-petty-cash-button.tsx,c7fdc92e9b,2026-02-19T19:50:37+05:30,1
posx-frido-admin,54445dad51,2026-02-21T11:10:48+05:30,src/routes/petty-cash/petty-cash-list/components/petty-cash-transactions-table/petty-cash-transactions-table.tsx,c7fdc92e9b,2026-02-19T19:50:37+05:30,1
posx-frido-admin,54445dad51,2026-02-21T11:10:48+05:30,src/routes/petty-cash/petty-cash-list/components/petty-cash-transactions-table/petty-cash-transactions-table.tsx,f8196e00d6,2026-02-20T17:44:27+05:30,0
posx-frido-admin,6dc3461e82,2026-02-26T12:03:27+05:30,src/routes/cms/cms-create/components/cms-create-form/cms-create-form.tsx,c5339d63a0,2025-10-09T17:56:26+05:30,139
posx-frido-admin,6dc3461e82,2026-02-26T12:03:27+05:30,src/routes/cms/cms-create/components/cms-create-form/cms-create-form.tsx,f03517d4e4,2025-10-10T15:17:20+05:30,138
posx-frido-admin,9c3287827d,2026-04-13T13:04:46+05:30,src/routes/petty-cash/petty-cash-list/components/petty-cash-transactions-table/petty-cash-transactions-table.tsx,27db8d7c13,2026-02-25T15:39:47+05:30,46
posx-frido-admin,9c3287827d,2026-04-13T13:04:46+05:30,src/routes/petty-cash/petty-cash-list/components/petty-cash-transactions-table/petty-cash-transactions-table.tsx,54445dad51,2026-02-21T11:10:48+05:30,51
posx-frido-admin,9c3287827d,2026-04-13T13:04:46+05:30,src/routes/petty-cash/petty-cash-list/components/petty-cash-transactions-table/petty-cash-transactions-table.tsx,f8196e00d6,2026-02-20T17:44:27+05:30,51
posx-frido-admin,9c3287827d,2026-04-13T13:04:46+05:30,src/routes/petty-cash/petty-cash-list/components/petty-cash-transactions-table/petty-cash-transactions-table.tsx,c7fdc92e9b,2026-02-19T19:50:37+05:30,52
posx-frido-admin,9c3287827d,2026-04-13T13:04:46+05:30,src/routes/petty-cash/petty-cash-list/components/petty-cash-transactions-table/petty-cash-transactions-table.tsx,64da6f115a,2026-02-27T11:52:11+05:30,45
posx-frido-admin,b5947cfd36,2026-04-21T15:36:08+05:30,src/routes/employees/employee-create/components/basic-info-create-form/basic-info-create-form.tsx,4ca352cdf2,2025-07-11T11:08:14+05:30,284
posx-frido-admin,b5947cfd36,2026-04-21T15:36:08+05:30,src/routes/employees/employee-edit/components/edit-employee-form/edit-employee-form.tsx,4ca352cdf2,2025-07-11T11:08:14+05:30,284
posx-frido-admin,e37f95915b,2026-06-06T10:11:53+05:30,src/hooks/api/order-details.tsx,08070f84b5,2026-01-02T16:25:59+05:30,154
posx-frido-admin,e37f95915b,2026-06-06T10:11:53+05:30,src/routes/order-details/order-list/components/store-report-table.tsx,e8df466078,2026-06-05T18:33:01+05:30,0
posx-frido-admin,e37f95915b,2026-06-06T10:11:53+05:30,src/routes/order-details/types.ts,e8df466078,2026-06-05T18:33:01+05:30,0
posx-frido-admin,75fc1db5a3,2026-08-06T13:03:39+05:30,src/routes/campaign-coupons/coupon-create/components/store-allocation-form/store-allocation-form.tsx,4ca352cdf2,2025-07-11T11:08:14+05:30,391
posx-frido-admin,6b40c4a539,2026-08-06T13:19:24+05:30,src/routes/campaign-coupons/coupon-create/components/store-allocation-form/store-allocation-form.tsx,4ca352cdf2,2025-07-11T11:08:14+05:30,391
posx-frido-admin,69a1eb5635,2026-08-06T13:50:20+05:30,src/routes/campaign-coupons/coupon-create/components/store-allocation-form/store-allocation-form.tsx,4ca352cdf2,2025-07-11T11:08:14+05:30,391
posx-frido-admin,69a1eb5635,2026-08-06T13:50:20+05:30,src/routes/campaign-coupons/coupon-create/components/store-allocation-form/store-allocation-form.tsx,6b40c4a539,2026-08-06T13:19:24+05:30,0
posx-frido-admin,69a1eb5635,2026-08-06T13:50:20+05:30,src/routes/campaign-coupons/coupon-create/components/store-allocation-form/store-allocation-form.tsx,75fc1db5a3,2026-08-06T13:03:39+05:30,0
posx-frido-admin,5a84860e25,2026-09-03T16:04:57+05:30,src/routes/fallback-orders/fallback-order-list/components/export-fallback-orders-button.tsx,5d38f3819e,2026-09-03T15:37:16+05:30,0
posx-frido-b2b-admin,10bb348800,2025-12-17T17:53:52+05:30,src/hooks/api/auth.tsx,89ee078ab9,2025-12-17T11:32:21+05:30,0
posx-frido-b2b-admin,10bb348800,2025-12-17T17:53:52+05:30,src/i18n/translations/en.json,89ee078ab9,2025-12-17T11:32:21+05:30,0
posx-frido-b2b-admin,10bb348800,2025-12-17T17:53:52+05:30,src/routes/employees/employee-create/components/basic-info-create-form/basic-info-create-form.tsx,89ee078ab9,2025-12-17T11:32:21+05:30,0
posx-frido-b2b-admin,10bb348800,2025-12-17T17:53:52+05:30,src/routes/employees/employee-create/constants.ts,89ee078ab9,2025-12-17T11:32:21+05:30,0
posx-frido-b2b-admin,10bb348800,2025-12-17T17:53:52+05:30,src/routes/employees/employee-edit/components/edit-employee-form/edit-employee-form.tsx,89ee078ab9,2025-12-17T11:32:21+05:30,0
posx-frido-b2b-admin,6faf01cb92,2025-12-23T12:54:04+05:30,src/routes/invite/invite.tsx,89ee078ab9,2025-12-17T11:32:21+05:30,6
posx-frido-b2b-admin,bdf15a0c4d,2025-12-23T12:54:46+05:30,src/hooks/api/invites.tsx,89ee078ab9,2025-12-17T11:32:21+05:30,6
posx-frido-b2b-admin,5e72c39d88,2025-12-23T13:05:37+05:30,src/routes/employees/employee-edit/components/edit-employee-form/edit-employee-form.tsx,89ee078ab9,2025-12-17T11:32:21+05:30,6
posx-frido-b2b-admin,5e72c39d88,2025-12-23T13:05:37+05:30,src/routes/employees/employee-edit/components/edit-employee-form/edit-employee-form.tsx,10bb348800,2025-12-17T17:53:52+05:30,5
posx-frido-b2b-admin,61781303d7,2025-12-23T13:07:25+05:30,src/routes/employees/employee-create/components/basic-info-create-form/basic-info-create-form.tsx,10bb348800,2025-12-17T17:53:52+05:30,5
posx-frido-b2b-admin,61781303d7,2025-12-23T13:07:25+05:30,src/routes/employees/employee-create/components/basic-info-create-form/basic-info-create-form.tsx,89ee078ab9,2025-12-17T11:32:21+05:30,6
posx-frido-b2b-admin,bae0c91d99,2025-12-23T13:11:17+05:30,src/routes/employees/types.ts,89ee078ab9,2025-12-17T11:32:21+05:30,6
posx-frido-b2b-admin,ee39ed3df7,2026-01-06T00:00:42+05:30,src/i18n/translations/$schema.json,89ee078ab9,2025-12-17T11:32:21+05:30,19
posx-frido-b2b-admin,ee39ed3df7,2026-01-06T00:00:42+05:30,src/routes/order-details/order-list/components/order-report-grid.tsx,89ee078ab9,2025-12-17T11:32:21+05:30,19
posx-frido-b2b-admin,ee39ed3df7,2026-01-06T00:00:42+05:30,src/routes/payment-methods/payment-method-detail/components/basic-info-section.tsx,29d60a495a,2025-12-29T16:55:42+05:30,7
posx-frido-b2b-admin,ee39ed3df7,2026-01-06T00:00:42+05:30,src/routes/pos-inventory/inventory-list/components/inventory-list-table/inventory-list-table.tsx,89ee078ab9,2025-12-17T11:32:21+05:30,19
posx-frido-b2b-admin,ee39ed3df7,2026-01-06T00:00:42+05:30,src/routes/products/product-bulk-edit/utils.ts,57ceae0b5f,2026-01-02T10:53:41+05:30,3
posx-frido-b2b-admin,be335f8c8f,2026-01-06T00:23:55+05:30,src/routes/employees/employee-list/components/employee-list-table/employee-list-table.tsx,563267c228,2025-12-31T21:57:49+05:30,5
posx-frido-b2b-admin,be335f8c8f,2026-01-06T00:23:55+05:30,src/routes/home/home.tsx,89ee078ab9,2025-12-17T11:32:21+05:30,19
posx-frido-b2b-admin,be335f8c8f,2026-01-06T00:23:55+05:30,src/routes/order-details/order-list/components/order-list-table/order-list-table.tsx,89ee078ab9,2025-12-17T11:32:21+05:30,19
posx-frido-b2b-admin,be335f8c8f,2026-01-06T00:23:55+05:30,src/routes/order-details/types.ts,89ee078ab9,2025-12-17T11:32:21+05:30,19
posx-frido-b2b-admin,19518105b2,2026-01-07T00:18:28+05:30,src/routes/order-details/order-list/components/order-list-table/order-list-table.tsx,be335f8c8f,2026-01-06T00:23:55+05:30,0
posx-frido-b2b-admin,19518105b2,2026-01-07T00:18:28+05:30,src/routes/order-details/order-list/components/order-list-table/order-list-table.tsx,89ee078ab9,2025-12-17T11:32:21+05:30,20
posx-frido-b2b-admin,6d1381d3ce,2026-01-07T00:20:22+05:30,src/routes/order-details/order-list/components/order-list-table/order-list-table.tsx,89ee078ab9,2025-12-17T11:32:21+05:30,20
posx-frido-b2b-admin,6d1381d3ce,2026-01-07T00:20:22+05:30,src/routes/order-details/order-list/components/order-list-table/order-list-table.tsx,be335f8c8f,2026-01-06T00:23:55+05:30,0
posx-frido-b2b-admin,6d1381d3ce,2026-01-07T00:20:22+05:30,src/routes/order-details/order-list/components/order-list-table/order-list-table.tsx,19518105b2,2026-01-07T00:18:28+05:30,0
posx-frido-b2b-admin,8b80313af5,2026-02-05T21:31:28+05:30,package.json,89ee078ab9,2025-12-17T11:32:21+05:30,50
posx-frido-b2b-admin,3507b6885f,2026-02-23T15:54:20+05:30,src/hooks/api/order-details.tsx,89ee078ab9,2025-12-17T11:32:21+05:30,68
posx-frido-b2b-admin,ce5442863a,2026-02-23T18:43:30+05:30,src/hooks/api/auth.tsx,89ee078ab9,2025-12-17T11:32:21+05:30,68
posx-frido-b2b-admin,ce5442863a,2026-02-23T18:43:30+05:30,src/hooks/api/auth.tsx,44cd6e0e65,2026-02-23T18:28:04+05:30,0
posx-frido-b2b-backend,9e97f936c6,2026-01-02T10:56:44+05:30,src/api/admin/products/bulk/route.ts,be38ba4c3f,2026-01-02T10:55:31+05:30,0
posx-frido-b2b-backend,9e97f936c6,2026-01-02T10:56:44+05:30,src/workflows/shopify-product/steps/bulk-update-shopify-variants-step.ts,be38ba4c3f,2026-01-02T10:55:31+05:30,0
posx-frido-b2b-backend,9e97f936c6,2026-01-02T10:56:44+05:30,src/workflows/shopify-product/steps/verify-products-and-variants-step.ts,be38ba4c3f,2026-01-02T10:55:31+05:30,0
posx-frido-b2b-backend,025d6baf4d,2026-01-05T23:51:40+05:30,src/modules/order-detail/service.ts,9784855f23,2025-12-17T11:28:19+05:30,19
posx-frido-b2b-backend,025d6baf4d,2026-01-05T23:51:40+05:30,src/workflows/shopify-product/steps/verify-products-and-variants-step.ts,be38ba4c3f,2026-01-02T10:55:31+05:30,3
posx-frido-b2b-backend,025d6baf4d,2026-01-05T23:51:40+05:30,src/workflows/shopify-product/steps/verify-products-and-variants-step.ts,e7c1d5541e,2026-01-02T11:49:43+05:30,3
posx-frido-b2b-backend,025d6baf4d,2026-01-05T23:51:40+05:30,src/workflows/shopify-product/steps/verify-products-and-variants-step.ts,9e97f936c6,2026-01-02T10:56:44+05:30,3
posx-frido-b2b-backend,025d6baf4d,2026-01-05T23:51:40+05:30,src/workflows/shopify-product/workflows/bulk-update-products-workflow.ts,e7c1d5541e,2026-01-02T11:49:43+05:30,3
posx-frido-b2b-backend,0cfa14ad1d,2026-01-05T23:53:58+05:30,src/workflows/exports/workflows/export-coupon-workflow.ts,9784855f23,2025-12-17T11:28:19+05:30,19
posx-frido-b2b-backend,69f4051e4a,2026-01-06T16:07:36+05:30,src/jobs/inventory-snapshot.ts,9784855f23,2025-12-17T11:28:19+05:30,20
posx-frido-b2b-backend,69f4051e4a,2026-01-06T16:07:36+05:30,src/jobs/inventory-snapshot.ts,237d26176e,2025-12-29T17:03:21+05:30,7
posx-frido-b2b-backend,69f4051e4a,2026-01-06T16:07:36+05:30,src/jobs/inventory-snapshot.ts,656adf9309,2025-12-27T13:00:04+05:30,10
posx-frido-b2b-backend,69f4051e4a,2026-01-06T16:07:36+05:30,src/jobs/inventory-snapshot.ts,be38ba4c3f,2026-01-02T10:55:31+05:30,4
posx-frido-b2b-backend,69f4051e4a,2026-01-06T16:07:36+05:30,src/modules/pos-inventory/service.ts,9784855f23,2025-12-17T11:28:19+05:30,20
posx-frido-b2b-backend,69f4051e4a,2026-01-06T16:07:36+05:30,src/workflows/online-cart/steps/change-business-type.ts,9784855f23,2025-12-17T11:28:19+05:30,20
posx-frido-b2b-backend,45793bb64f,2026-01-07T00:17:24+05:30,src/api/admin/order-detail/route.ts,db7eedc5a3,2026-01-06T00:25:19+05:30,0
posx-frido-b2b-backend,45793bb64f,2026-01-07T00:17:24+05:30,src/workflows/online-order/steps/confirm-online-order-step.ts,9784855f23,2025-12-17T11:28:19+05:30,20
posx-frido-b2b-backend,90e31477b1,2026-01-16T10:03:39+05:30,src/workflows/online-cart/steps/check-variant-is-available.ts,9784855f23,2025-12-17T11:28:19+05:30,29
posx-frido-b2b-backend,fa00a0e221,2026-01-21T12:54:31+05:30,src/workflows/pos-inventory/steps/generate-inventory-export-csv-step.ts,9784855f23,2025-12-17T11:28:19+05:30,35
posx-frido-b2b-backend,5a2e7ae62b,2026-01-21T16:13:09+05:30,src/api/admin/order-detail/export/route.ts,c3b1486beb,2026-01-21T15:20:22+05:30,0
posx-frido-b2b-backend,5a2e7ae62b,2026-01-21T16:13:09+05:30,src/api/admin/order-detail/export/route.ts,9784855f23,2025-12-17T11:28:19+05:30,35
posx-frido-b2b-backend,5a2e7ae62b,2026-01-21T16:13:09+05:30,src/workflows/payment-detail/steps/create-payment-detail.ts,9784855f23,2025-12-17T11:28:19+05:30,35
posx-frido-b2b-backend,5a2e7ae62b,2026-01-21T16:13:09+05:30,src/workflows/payment-detail/steps/create-payment-detail.ts,07b172579e,2026-01-21T14:51:21+05:30,0
posx-frido-b2b-store,56008774b8,2026-01-07T00:18:00+05:30,src/components/app/inventory/inventory-filters.tsx,9974339ddb,2025-12-17T11:30:03+05:30,20
posx-frido-b2b-store,56008774b8,2026-01-07T00:18:00+05:30,src/components/app/inventory/inventory-table.tsx,9974339ddb,2025-12-17T11:30:03+05:30,20
posx-frido-b2b-store,56008774b8,2026-01-07T00:18:00+05:30,src/components/app/online-orders/payments/cash-form/index.tsx,9974339ddb,2025-12-17T11:30:03+05:30,20
posx-frido-b2b-store,56008774b8,2026-01-07T00:18:00+05:30,src/components/app/online-orders/payments/qr-payment-form/index.tsx,04ccd2c435,2026-01-05T13:52:20+05:30,1
posx-frido-b2b-store,56008774b8,2026-01-07T00:18:00+05:30,src/components/app/orders/order-report-cards.tsx,9974339ddb,2025-12-17T11:30:03+05:30,20
posx-frido-b2b-store,56008774b8,2026-01-07T00:18:00+05:30,src/components/app/product/AddToCartModal.tsx,9974339ddb,2025-12-17T11:30:03+05:30,20
posx-frido-b2b-store,56008774b8,2026-01-07T00:18:00+05:30,src/components/app/product/custom-discount/index.tsx,9974339ddb,2025-12-17T11:30:03+05:30,20
posx-frido-b2b-store,56008774b8,2026-01-07T00:18:00+05:30,src/components/app/product/custom-discount/index.tsx,4baa53c0de,2026-01-02T12:02:19+05:30,4
posx-frido-b2b-store,56008774b8,2026-01-07T00:18:00+05:30,src/components/app/product/custom-discount/index.tsx,7a68fd6d1e,2026-01-03T15:00:21+05:30,3
posx-frido-b2b-store,56008774b8,2026-01-07T00:18:00+05:30,src/components/app/product/online-cart-card.tsx,4baa53c0de,2026-01-02T12:02:19+05:30,4
posx-frido-b2b-store,56008774b8,2026-01-07T00:18:00+05:30,src/components/app/product/online-cart-card.tsx,9974339ddb,2025-12-17T11:30:03+05:30,20
posx-frido-b2b-store,56008774b8,2026-01-07T00:18:00+05:30,src/components/app/product/product-card.tsx,4ad2ada832,2025-12-31T21:58:09+05:30,6
posx-frido-b2b-store,56008774b8,2026-01-07T00:18:00+05:30,src/components/app/product/product-card.tsx,1efb0be1ff,2025-12-29T17:41:24+05:30,8
posx-frido-b2b-store,56008774b8,2026-01-07T00:18:00+05:30,src/components/hamburger-menu/overlay.tsx,db0dfe4d75,2026-01-03T11:17:18+05:30,3
posx-frido-b2b-store,56008774b8,2026-01-07T00:18:00+05:30,src/components/hamburger-menu/overlay.tsx,8a75344491,2026-01-03T10:26:39+05:30,3
posx-frido-b2b-store,56008774b8,2026-01-07T00:18:00+05:30,src/components/hamburger-menu/overlay.tsx,9974339ddb,2025-12-17T11:30:03+05:30,20
posx-frido-b2b-store,56008774b8,2026-01-07T00:18:00+05:30,src/pages/online-orders/details/order-details.tsx,9974339ddb,2025-12-17T11:30:03+05:30,20
posx-frido-b2b-store,c76e88e730,2026-01-07T13:58:55+05:30,src/components/app/orders/orders-report-options.tsx,9974339ddb,2025-12-17T11:30:03+05:30,21
posx-frido-b2b-store,c76e88e730,2026-01-07T13:58:55+05:30,src/components/app/orders/orders-report-options.tsx,c988ba2244,2025-12-17T18:33:25+05:30,20
posx-frido-b2b-store,c76e88e730,2026-01-07T13:58:55+05:30,src/components/app/orders/orders-report-options.tsx,1efb0be1ff,2025-12-29T17:41:24+05:30,8
posx-frido-b2b-store,c76e88e730,2026-01-07T13:58:55+05:30,src/components/hamburger-menu/overlay.tsx,56008774b8,2026-01-07T00:18:00+05:30,0
posx-frido-b2b-store,c76e88e730,2026-01-07T13:58:55+05:30,src/components/hamburger-menu/overlay.tsx,db0dfe4d75,2026-01-03T11:17:18+05:30,4
posx-frido-b2b-store,bbbad053c8,2026-01-07T14:07:23+05:30,src/components/layouts/app/bottom-nav.tsx,db0dfe4d75,2026-01-03T11:17:18+05:30,4
posx-frido-b2b-store,bbbad053c8,2026-01-07T14:07:23+05:30,src/components/layouts/app/bottom-nav.tsx,8a75344491,2026-01-03T10:26:39+05:30,4
posx-frido-b2b-store,6440e7fa86,2026-01-10T22:36:01+05:30,src/components/app/product/online-cart-card.tsx,561d4928ae,2026-01-10T22:35:20+05:30,0
posx-frido-backend,52b36f546c,2025-07-23T12:46:57+05:30,src/workflows/cart/steps/add-to-cart-step.ts,b9bb2ffa4e,2025-07-18T16:42:02+05:30,4
posx-frido-backend,52b36f546c,2025-07-23T12:46:57+05:30,src/workflows/online-cart/steps/add-to-online-cart-step.ts,098473d115,2025-07-11T11:42:55+05:30,12
posx-frido-backend,159abd5be6,2025-07-23T15:42:15+05:30,src/lib/helpers/build-summary.ts,6999c4ba8c,2025-07-22T12:07:37+05:30,1
posx-frido-backend,367509401e,2025-07-23T15:51:13+05:30,src/lib/helpers/build-summary.ts,6999c4ba8c,2025-07-22T12:07:37+05:30,1
posx-frido-backend,fc02f0a342,2025-07-28T18:56:00+05:30,src/api/admin/online-cart/route.ts,7a9984df40,2025-07-28T18:54:15+05:30,0
posx-frido-backend,fc02f0a342,2025-07-28T18:56:00+05:30,src/api/admin/online-cart/route.ts,a3697e0665,2025-07-28T15:26:58+05:30,0
posx-frido-backend,fc02f0a342,2025-07-28T18:56:00+05:30,src/api/admin/online-cart/route.ts,b46a5c1aba,2025-07-23T14:56:38+05:30,5
posx-frido-backend,fc02f0a342,2025-07-28T18:56:00+05:30,src/api/admin/online-cart/route.ts,1ee04c9685,2025-07-28T16:34:17+05:30,0
posx-frido-backend,fc02f0a342,2025-07-28T18:56:00+05:30,src/api/admin/online-cart/route.ts,098473d115,2025-07-11T11:42:55+05:30,17
posx-frido-backend,fc02f0a342,2025-07-28T18:56:00+05:30,src/api/admin/online-cart/route.ts,6999c4ba8c,2025-07-22T12:07:37+05:30,6
posx-frido-backend,fc02f0a342,2025-07-28T18:56:00+05:30,src/api/admin/online-cart/route.ts,eb20b4f87e,2025-07-24T22:46:00+05:30,3
posx-frido-backend,8d1a1183b4,2025-07-29T14:51:13+05:30,src/api/admin/cart/route.ts,5d3c7e2ede,2025-07-29T12:33:18+05:30,0
posx-frido-backend,8d1a1183b4,2025-07-29T14:51:13+05:30,src/workflows/online-cart/workflows/change-business-type.ts,a3697e0665,2025-07-28T15:26:58+05:30,0
posx-frido-backend,55f2212743,2025-07-30T17:24:00+05:30,src/workflows/online-cart/steps/change-business-type.ts,a3697e0665,2025-07-28T15:26:58+05:30,2
posx-frido-backend,55f2212743,2025-07-30T17:24:00+05:30,src/workflows/online-cart/workflows/change-business-type.ts,a3697e0665,2025-07-28T15:26:58+05:30,2
posx-frido-backend,55f2212743,2025-07-30T17:24:00+05:30,src/workflows/online-cart/workflows/change-business-type.ts,8d1a1183b4,2025-07-29T14:51:13+05:30,1
posx-frido-backend,14d9f3895b,2025-07-31T14:40:27+05:30,src/api/admin/shopify-customer/address/route.ts,098473d115,2025-07-11T11:42:55+05:30,20
posx-frido-backend,ad97e0cd2d,2025-07-31T18:40:35+05:30,src/api/admin/shopify-customer/address/route.ts,098473d115,2025-07-11T11:42:55+05:30,20
posx-frido-backend,ad97e0cd2d,2025-07-31T18:40:35+05:30,src/api/admin/shopify-customer/address/route.ts,14d9f3895b,2025-07-31T14:40:27+05:30,0
posx-frido-backend,ad97e0cd2d,2025-07-31T18:40:35+05:30,src/api/admin/shopify-customer/route.ts,098473d115,2025-07-11T11:42:55+05:30,20
posx-frido-backend,ad97e0cd2d,2025-07-31T18:40:35+05:30,src/lib/constant.ts,098473d115,2025-07-11T11:42:55+05:30,20
posx-frido-backend,ad97e0cd2d,2025-07-31T18:40:35+05:30,src/lib/helpers/build-summary.ts,eb20b4f87e,2025-07-24T22:46:00+05:30,6
posx-frido-backend,ad97e0cd2d,2025-07-31T18:40:35+05:30,src/lib/helpers/build-summary.ts,6999c4ba8c,2025-07-22T12:07:37+05:30,9
posx-frido-backend,ad97e0cd2d,2025-07-31T18:40:35+05:30,src/lib/helpers/calculate-promotional-discount.ts,098473d115,2025-07-11T11:42:55+05:30,20
posx-frido-backend,ad97e0cd2d,2025-07-31T18:40:35+05:30,src/lib/helpers/get-hsn-code-from-shopify.ts,098473d115,2025-07-11T11:42:55+05:30,20
posx-frido-backend,ad97e0cd2d,2025-07-31T18:40:35+05:30,src/lib/helpers/get-product-swatch-image.ts,098473d115,2025-07-11T11:42:55+05:30,20
posx-frido-backend,ad97e0cd2d,2025-07-31T18:40:35+05:30,src/subscribers/exchange-order-post-effects.ts,098473d115,2025-07-11T11:42:55+05:30,20
posx-frido-backend,ad97e0cd2d,2025-07-31T18:40:35+05:30,src/subscribers/return-order-confirmed.ts,098473d115,2025-07-11T11:42:55+05:30,20
posx-frido-backend,ad97e0cd2d,2025-07-31T18:40:35+05:30,src/types/validators/shopify-customer.ts,098473d115,2025-07-11T11:42:55+05:30,20
posx-frido-backend,ad97e0cd2d,2025-07-31T18:40:35+05:30,src/workflows/cart/steps/aggregate-product-quantities-step.ts,b9bb2ffa4e,2025-07-18T16:42:02+05:30,13
posx-frido-backend,ad97e0cd2d,2025-07-31T18:40:35+05:30,src/workflows/cart/steps/apply-combo-discount-to-cart-step.ts,6999c4ba8c,2025-07-22T12:07:37+05:30,9
posx-frido-backend,ad97e0cd2d,2025-07-31T18:40:35+05:30,src/workflows/cart/steps/apply-combo-discount-to-cart-step.ts,b9bb2ffa4e,2025-07-18T16:42:02+05:30,13
posx-frido-backend,ad97e0cd2d,2025-07-31T18:40:35+05:30,src/workflows/cart/steps/determine-product-discounts-step.ts,b9bb2ffa4e,2025-07-18T16:42:02+05:30,13
posx-frido-backend,ad97e0cd2d,2025-07-31T18:40:35+05:30,src/workflows/cart/workflows/apply-combo-discount.ts,b9bb2ffa4e,2025-07-18T16:42:02+05:30,13
posx-frido-backend,ad97e0cd2d,2025-07-31T18:40:35+05:30,src/workflows/online-cart/steps/adjust-cart-item-price-step.ts,7a9984df40,2025-07-28T18:54:15+05:30,2
posx-frido-backend,ad97e0cd2d,2025-07-31T18:40:35+05:30,src/workflows/online-cart/steps/adjust-cart-item-price-step.ts,1ee04c9685,2025-07-28T16:34:17+05:30,3
posx-frido-backend,ad97e0cd2d,2025-07-31T18:40:35+05:30,src/workflows/online-cart/steps/adjust-cart-item-price-step.ts,eb20b4f87e,2025-07-24T22:46:00+05:30,6
posx-frido-backend,ad97e0cd2d,2025-07-31T18:40:35+05:30,src/workflows/online-order/steps/confirm-online-order-step.ts,098473d115,2025-07-11T11:42:55+05:30,20
posx-frido-backend,ad97e0cd2d,2025-07-31T18:40:35+05:30,src/workflows/order-detail/steps/confirm-order-detail-step.ts,098473d115,2025-07-11T11:42:55+05:30,20
posx-frido-backend,ad97e0cd2d,2025-07-31T18:40:35+05:30,src/workflows/shopify-product/steps/validate-product-for-pos-system-step.ts,098473d115,2025-07-11T11:42:55+05:30,20
posx-frido-backend,e460ed6305,2025-08-05T12:58:10+05:30,src/workflows/online-cart/steps/adjust-cart-item-price-step.ts,1ee04c9685,2025-07-28T16:34:17+05:30,7
posx-frido-backend,1655c710cb,2025-08-06T17:44:13+05:30,src/workflows/quotation/steps/update-quotation-step.ts,a4e13e486a,2025-08-05T18:31:57+05:30,0
posx-frido-backend,22432e8630,2025-08-06T18:03:32+05:30,src/api/admin/cart/route.ts,de3a34ad24,2025-08-06T17:36:33+05:30,0
posx-frido-backend,22432e8630,2025-08-06T18:03:32+05:30,src/api/admin/online-cart/route.ts,de3a34ad24,2025-08-06T17:36:33+05:30,0
posx-frido-backend,22432e8630,2025-08-06T18:03:32+05:30,src/types/validators/cart.ts,de3a34ad24,2025-08-06T17:36:33+05:30,0
posx-frido-backend,22432e8630,2025-08-06T18:03:32+05:30,src/workflows/online-cart/steps/adjust-cart-item-price-step.ts,de3a34ad24,2025-08-06T17:36:33+05:30,0
posx-frido-backend,22432e8630,2025-08-06T18:03:32+05:30,src/workflows/online-cart/steps/adjust-cart-item-price-step.ts,eb20b4f87e,2025-07-24T22:46:00+05:30,12
posx-frido-backend,41be03018f,2025-08-06T18:18:53+05:30,src/workflows/online-cart/workflows/adjust-cart-item-price.ts,7a9984df40,2025-07-28T18:54:15+05:30,8
posx-frido-backend,41be03018f,2025-08-06T18:18:53+05:30,src/workflows/online-cart/workflows/adjust-cart-item-price.ts,eb20b4f87e,2025-07-24T22:46:00+05:30,12
posx-frido-backend,a3ea87e12a,2025-08-07T10:48:05+05:30,src/workflows/online-cart/workflows/adjust-cart-item-price.ts,eb20b4f87e,2025-07-24T22:46:00+05:30,13
posx-frido-backend,c061e1a035,2025-08-07T12:10:46+05:30,src/api/admin/online-cart/route.ts,e460ed6305,2025-08-05T12:58:10+05:30,1
posx-frido-backend,c061e1a035,2025-08-07T12:10:46+05:30,src/lib/helpers/build-summary.ts,098473d115,2025-07-11T11:42:55+05:30,27
posx-frido-backend,c061e1a035,2025-08-07T12:10:46+05:30,src/lib/helpers/build-summary.ts,5d3c7e2ede,2025-07-29T12:33:18+05:30,8
posx-frido-backend,c061e1a035,2025-08-07T12:10:46+05:30,src/lib/helpers/build-summary.ts,6999c4ba8c,2025-07-22T12:07:37+05:30,16
posx-frido-backend,c061e1a035,2025-08-07T12:10:46+05:30,src/lib/helpers/build-summary.ts,1ee04c9685,2025-07-28T16:34:17+05:30,9
posx-frido-backend,c061e1a035,2025-08-07T12:10:46+05:30,src/lib/helpers/build-summary.ts,de3a34ad24,2025-08-06T17:36:33+05:30,0
posx-frido-backend,c061e1a035,2025-08-07T12:10:46+05:30,src/lib/helpers/build-summary.ts,eb20b4f87e,2025-07-24T22:46:00+05:30,13
posx-frido-backend,c061e1a035,2025-08-07T12:10:46+05:30,src/lib/helpers/build-summary.ts,159abd5be6,2025-07-23T15:42:15+05:30,14
posx-frido-backend,c061e1a035,2025-08-07T12:10:46+05:30,src/lib/helpers/build-summary.ts,ad97e0cd2d,2025-07-31T18:40:35+05:30,6
posx-frido-backend,c061e1a035,2025-08-07T12:10:46+05:30,src/lib/helpers/build-summary.ts,7a9984df40,2025-07-28T18:54:15+05:30,9
posx-frido-backend,c061e1a035,2025-08-07T12:10:46+05:30,src/types/validators/cart.ts,6999c4ba8c,2025-07-22T12:07:37+05:30,16
posx-frido-backend,c061e1a035,2025-08-07T12:10:46+05:30,src/types/validators/cart.ts,1ee04c9685,2025-07-28T16:34:17+05:30,9
posx-frido-backend,c061e1a035,2025-08-07T12:10:46+05:30,src/types/validators/cart.ts,7a9984df40,2025-07-28T18:54:15+05:30,9
posx-frido-backend,c061e1a035,2025-08-07T12:10:46+05:30,src/types/validators/cart.ts,de3a34ad24,2025-08-06T17:36:33+05:30,0
posx-frido-backend,c061e1a035,2025-08-07T12:10:46+05:30,src/types/validators/cart.ts,e460ed6305,2025-08-05T12:58:10+05:30,1
posx-frido-backend,c061e1a035,2025-08-07T12:10:46+05:30,src/workflows/campaign-coupon/steps/calculate-coupon-discount-step.ts,1ee04c9685,2025-07-28T16:34:17+05:30,9
posx-frido-backend,c061e1a035,2025-08-07T12:10:46+05:30,src/workflows/cart/steps/add-to-cart-step.ts,de3a34ad24,2025-08-06T17:36:33+05:30,0
posx-frido-backend,c061e1a035,2025-08-07T12:10:46+05:30,src/workflows/cart/steps/add-to-cart-step.ts,2e11375a64,2025-08-05T12:09:19+05:30,2
posx-frido-backend,c061e1a035,2025-08-07T12:10:46+05:30,src/workflows/cart/steps/apply-campaign-coupon-step.ts,de3a34ad24,2025-08-06T17:36:33+05:30,0
posx-frido-backend,c061e1a035,2025-08-07T12:10:46+05:30,src/workflows/cart/steps/apply-combo-discount-to-cart-step.ts,de3a34ad24,2025-08-06T17:36:33+05:30,0
posx-frido-backend,c061e1a035,2025-08-07T12:10:46+05:30,src/workflows/cart/steps/apply-custom-coupon-step.ts,2e11375a64,2025-08-05T12:09:19+05:30,2
posx-frido-backend,c061e1a035,2025-08-07T12:10:46+05:30,src/workflows/cart/steps/apply-custom-coupon-step.ts,de3a34ad24,2025-08-06T17:36:33+05:30,0
posx-frido-backend,c061e1a035,2025-08-07T12:10:46+05:30,src/workflows/cart/steps/apply-promotional-coupon-step.ts,de3a34ad24,2025-08-06T17:36:33+05:30,0
posx-frido-backend,c061e1a035,2025-08-07T12:10:46+05:30,src/workflows/cart/steps/change-cart-variant-quantity-step.ts,de3a34ad24,2025-08-06T17:36:33+05:30,0
posx-frido-backend,c061e1a035,2025-08-07T12:10:46+05:30,src/workflows/cart/workflows/apply-campaign-coupon.ts,098473d115,2025-07-11T11:42:55+05:30,27
posx-frido-backend,c061e1a035,2025-08-07T12:10:46+05:30,src/workflows/cart/workflows/apply-custom-coupon.ts,5d3c7e2ede,2025-07-29T12:33:18+05:30,8
posx-frido-backend,c061e1a035,2025-08-07T12:10:46+05:30,src/workflows/cart/workflows/apply-promotional-coupon.ts,098473d115,2025-07-11T11:42:55+05:30,27
posx-frido-backend,c061e1a035,2025-08-07T12:10:46+05:30,src/workflows/online-cart/steps/add-to-online-cart-step.ts,de3a34ad24,2025-08-06T17:36:33+05:30,0
posx-frido-backend,c061e1a035,2025-08-07T12:10:46+05:30,src/workflows/online-cart/steps/add-to-online-cart-step.ts,52b36f546c,2025-07-23T12:46:57+05:30,14
posx-frido-backend,c061e1a035,2025-08-07T12:10:46+05:30,src/workflows/online-cart/steps/adjust-cart-item-price-step.ts,22432e8630,2025-08-06T18:03:32+05:30,0
posx-frido-backend,c061e1a035,2025-08-07T12:10:46+05:30,src/workflows/online-cart/steps/adjust-cart-item-price-step.ts,de3a34ad24,2025-08-06T17:36:33+05:30,0
posx-frido-backend,c061e1a035,2025-08-07T12:10:46+05:30,src/workflows/online-order/steps/create-online-order-address-step.ts,098473d115,2025-07-11T11:42:55+05:30,27
posx-frido-backend,916669e307,2025-08-07T12:36:53+05:30,src/api/admin/quotation/[id]/route.ts,a4e13e486a,2025-08-05T18:31:57+05:30,1
posx-frido-backend,916669e307,2025-08-07T12:36:53+05:30,src/lib/helpers/calculate-custom-discount.ts,5d3c7e2ede,2025-07-29T12:33:18+05:30,9
posx-frido-backend,916669e307,2025-08-07T12:36:53+05:30,src/lib/helpers/calculate-promotional-discount.ts,6999c4ba8c,2025-07-22T12:07:37+05:30,16
posx-frido-backend,916669e307,2025-08-07T12:36:53+05:30,src/lib/helpers/calculate-promotional-discount.ts,de3a34ad24,2025-08-06T17:36:33+05:30,0
posx-frido-backend,916669e307,2025-08-07T12:36:53+05:30,src/lib/helpers/get-total-amount.ts,6999c4ba8c,2025-07-22T12:07:37+05:30,16
posx-frido-backend,916669e307,2025-08-07T12:36:53+05:30,src/workflows/online-cart/steps/change-business-type.ts,a3697e0665,2025-07-28T15:26:58+05:30,9
posx-frido-backend,916669e307,2025-08-07T12:36:53+05:30,src/workflows/online-cart/steps/change-business-type.ts,2deeb9fb8f,2025-08-05T12:51:11+05:30,1
posx-frido-backend,916669e307,2025-08-07T12:36:53+05:30,src/workflows/quotation/steps/create-online-order-from-quotation-step.ts,a4e13e486a,2025-08-05T18:31:57+05:30,1
posx-frido-backend,916669e307,2025-08-07T12:36:53+05:30,src/workflows/quotation/steps/update-quotation-step.ts,1655c710cb,2025-08-06T17:44:13+05:30,0
posx-frido-backend,916669e307,2025-08-07T12:36:53+05:30,src/workflows/quotation/workflows/update-quotation.ts,a4e13e486a,2025-08-05T18:31:57+05:30,1
posx-frido-backend,21a46d297b,2025-08-07T12:46:36+05:30,src/workflows/shopify-customer/steps/update-customer-address-step.ts,2e11375a64,2025-08-05T12:09:19+05:30,2
posx-frido-backend,21a46d297b,2025-08-07T12:46:36+05:30,src/workflows/shopify-customer/steps/update-customer-step.ts,098473d115,2025-07-11T11:42:55+05:30,27
posx-frido-backend,21a46d297b,2025-08-07T12:46:36+05:30,src/workflows/shopify-customer/workflows/update-customer-address.ts,2e11375a64,2025-08-05T12:09:19+05:30,2
posx-frido-backend,f299d03062,2025-08-07T13:02:33+05:30,src/workflows/online-cart/steps/adjust-cart-item-price-step.ts,1771300c72,2025-08-07T12:26:37+05:30,0
posx-frido-backend,f299d03062,2025-08-07T13:02:33+05:30,src/workflows/online-cart/steps/adjust-cart-item-price-step.ts,22432e8630,2025-08-06T18:03:32+05:30,0
posx-frido-backend,f299d03062,2025-08-07T13:02:33+05:30,src/workflows/online-cart/steps/adjust-cart-item-price-step.ts,c061e1a035,2025-08-07T12:10:46+05:30,0
posx-frido-backend,fa4477d85a,2025-08-07T13:04:18+05:30,Makefile,674edc6f6f,2025-08-06T18:08:09+05:30,0
posx-frido-backend,fa4477d85a,2025-08-07T13:04:18+05:30,src/subscribers/inventory-product-item-created.ts,098473d115,2025-07-11T11:42:55+05:30,27
posx-frido-backend,fa4477d85a,2025-08-07T13:04:18+05:30,src/subscribers/inventory-product-item-created.ts,b9bb2ffa4e,2025-07-18T16:42:02+05:30,19
posx-frido-backend,fa4477d85a,2025-08-07T13:04:18+05:30,src/workflows/campaign-coupon/workflows/calculate-coupon-discount.ts,de3a34ad24,2025-08-06T17:36:33+05:30,0
posx-frido-backend,fa4477d85a,2025-08-07T13:04:18+05:30,src/workflows/cart/steps/get-medusa-product-variant-step.ts,b9bb2ffa4e,2025-07-18T16:42:02+05:30,19
posx-frido-backend,fa4477d85a,2025-08-07T13:04:18+05:30,src/workflows/quotation/steps/create-online-order-from-quotation-step.ts,a4e13e486a,2025-08-05T18:31:57+05:30,1
posx-frido-backend,0596b21ea9,2025-08-07T13:39:32+05:30,src/workflows/online-cart/steps/change-business-type.ts,a3697e0665,2025-07-28T15:26:58+05:30,9
posx-frido-backend,0596b21ea9,2025-08-07T13:39:32+05:30,src/workflows/online-cart/steps/change-business-type.ts,916669e307,2025-08-07T12:36:53+05:30,0
posx-frido-backend,0596b21ea9,2025-08-07T13:39:32+05:30,src/workflows/online-cart/workflows/change-business-type.ts,55f2212743,2025-07-30T17:24:00+05:30,7
posx-frido-backend,5e64894664,2025-08-07T14:26:46+05:30,src/workflows/cart/steps/add-to-cart-step.ts,2e11375a64,2025-08-05T12:09:19+05:30,2
posx-frido-backend,5e64894664,2025-08-07T14:26:46+05:30,src/workflows/cart/steps/add-to-cart-step.ts,b9bb2ffa4e,2025-07-18T16:42:02+05:30,19
posx-frido-backend,22fe940130,2025-08-07T15:54:40+05:30,src/workflows/cart/steps/remove-item-from-shopify-cart-step.ts,098473d115,2025-07-11T11:42:55+05:30,27
posx-frido-backend,94469b954d,2025-08-07T16:09:54+05:30,src/workflows/cart/steps/apply-custom-coupon-step.ts,de3a34ad24,2025-08-06T17:36:33+05:30,0
posx-frido-backend,94469b954d,2025-08-07T16:09:54+05:30,src/workflows/cart/steps/apply-custom-coupon-step.ts,c061e1a035,2025-08-07T12:10:46+05:30,0
posx-frido-backend,94469b954d,2025-08-07T16:09:54+05:30,src/workflows/cart/steps/remove-item-from-shopify-cart-step.ts,22fe940130,2025-08-07T15:54:40+05:30,0
posx-frido-backend,7763f5a64d,2025-08-07T19:20:37+05:30,src/api/admin/online-cart/route.ts,7a9984df40,2025-07-28T18:54:15+05:30,10
posx-frido-backend,7763f5a64d,2025-08-07T19:20:37+05:30,src/api/admin/online-cart/route.ts,1ee04c9685,2025-07-28T16:34:17+05:30,10
posx-frido-backend,7763f5a64d,2025-08-07T19:20:37+05:30,src/api/admin/online-cart/route.ts,fc02f0a342,2025-07-28T18:56:00+05:30,10
posx-frido-backend,7763f5a64d,2025-08-07T19:20:37+05:30,src/api/admin/online-cart/route.ts,098473d115,2025-07-11T11:42:55+05:30,27
posx-frido-backend,7763f5a64d,2025-08-07T19:20:37+05:30,src/api/admin/online-cart/route.ts,de3a34ad24,2025-08-06T17:36:33+05:30,1
posx-frido-backend,7763f5a64d,2025-08-07T19:20:37+05:30,src/api/admin/online-cart/route.ts,5d3c7e2ede,2025-07-29T12:33:18+05:30,9
posx-frido-backend,28a7920787,2025-08-07T19:44:47+05:30,src/workflows/cart/workflows/change-cart-variant-quantity.ts,6999c4ba8c,2025-07-22T12:07:37+05:30,16
posx-frido-backend,3d7b9a8a36,2025-08-07T19:45:29+05:30,src/workflows/cart/workflows/add-to-cart.ts,a352fd5898,2025-08-07T19:13:27+05:30,0
posx-frido-backend,cc6879a7b5,2025-08-07T20:09:21+05:30,src/api/admin/cart/route.ts,098473d115,2025-07-11T11:42:55+05:30,27
posx-frido-backend,cc6879a7b5,2025-08-07T20:09:21+05:30,src/api/admin/cart/route.ts,5d3c7e2ede,2025-07-29T12:33:18+05:30,9
posx-frido-backend,cc6879a7b5,2025-08-07T20:09:21+05:30,src/api/admin/online-cart/route.ts,eb20b4f87e,2025-07-24T22:46:00+05:30,13
posx-frido-backend,cc6879a7b5,2025-08-07T20:09:21+05:30,src/workflows/cart/workflows/add-to-cart.ts,2e11375a64,2025-08-05T12:09:19+05:30,2
posx-frido-backend,cc6879a7b5,2025-08-07T20:09:21+05:30,src/workflows/online-cart/workflows/adjust-cart-item-price.ts,eb20b4f87e,2025-07-24T22:46:00+05:30,13
posx-frido-backend,8804821a21,2025-08-07T20:11:27+05:30,src/lib/helpers/build-summary.ts,a352fd5898,2025-08-07T19:13:27+05:30,0
posx-frido-backend,8804821a21,2025-08-07T20:11:27+05:30,src/lib/helpers/build-summary.ts,c061e1a035,2025-08-07T12:10:46+05:30,0
posx-frido-backend,8804821a21,2025-08-07T20:11:27+05:30,src/lib/helpers/build-summary.ts,098473d115,2025-07-11T11:42:55+05:30,27
posx-frido-backend,8804821a21,2025-08-07T20:11:27+05:30,src/lib/helpers/build-summary.ts,6999c4ba8c,2025-07-22T12:07:37+05:30,16
posx-frido-backend,8804821a21,2025-08-07T20:11:27+05:30,src/lib/helpers/build-summary.ts,159abd5be6,2025-07-23T15:42:15+05:30,15
posx-frido-backend,8804821a21,2025-08-07T20:11:27+05:30,src/lib/helpers/build-summary.ts,eb20b4f87e,2025-07-24T22:46:00+05:30,13
posx-frido-backend,8804821a21,2025-08-07T20:11:27+05:30,src/workflows/cart/steps/apply-campaign-coupon-step.ts,a352fd5898,2025-08-07T19:13:27+05:30,0
posx-frido-backend,8804821a21,2025-08-07T20:11:27+05:30,src/workflows/cart/steps/apply-campaign-coupon-step.ts,c061e1a035,2025-08-07T12:10:46+05:30,0
posx-frido-backend,8804821a21,2025-08-07T20:11:27+05:30,src/workflows/cart/steps/apply-promotional-coupon-step.ts,c061e1a035,2025-08-07T12:10:46+05:30,0
posx-frido-backend,8804821a21,2025-08-07T20:11:27+05:30,src/workflows/cart/steps/apply-promotional-coupon-step.ts,de3a34ad24,2025-08-06T17:36:33+05:30,1
posx-frido-backend,f2011027b3,2025-08-07T20:14:37+05:30,src/workflows/cart/workflows/add-to-cart.ts,cc6879a7b5,2025-08-07T20:09:21+05:30,0
posx-frido-backend,34bc4e0710,2025-08-07T21:48:24+05:30,src/api/admin/cart/route.ts,cc6879a7b5,2025-08-07T20:09:21+05:30,0
posx-frido-backend,34bc4e0710,2025-08-07T21:48:24+05:30,src/modules/order-detail/models/order-detail.ts,098473d115,2025-07-11T11:42:55+05:30,27
posx-frido-backend,34bc4e0710,2025-08-07T21:48:24+05:30,src/modules/order-detail/models/order-product-detail.ts,098473d115,2025-07-11T11:42:55+05:30,27
posx-frido-backend,34bc4e0710,2025-08-07T21:48:24+05:30,src/types/validators/order-detail.ts,098473d115,2025-07-11T11:42:55+05:30,27
posx-frido-backend,34bc4e0710,2025-08-07T21:48:24+05:30,src/workflows/helper/steps/remove-discount-step.ts,f7c1c82384,2025-08-07T19:31:23+05:30,0
posx-frido-backend,34bc4e0710,2025-08-07T21:48:24+05:30,src/workflows/online-cart/steps/adjust-cart-item-price-step.ts,eb20b4f87e,2025-07-24T22:46:00+05:30,13
posx-frido-backend,34bc4e0710,2025-08-07T21:48:24+05:30,src/workflows/order-detail/steps/validate-order-products-step.ts,098473d115,2025-07-11T11:42:55+05:30,27
posx-frido-backend,2d30995baf,2025-08-08T10:22:41+05:30,src/workflows/quotation/workflows/convert-quotation-to-order.ts,6645e34f8d,2025-08-08T10:19:29+05:30,0
posx-frido-backend,2d30995baf,2025-08-08T10:22:41+05:30,src/workflows/quotation/workflows/convert-quotation-to-order.ts,cafd86a8b7,2025-08-07T15:19:55+05:30,0
posx-frido-backend,2c5ae7bfb1,2025-08-08T10:25:56+05:30,src/api/admin/quotation/[id]/route.ts,a4e13e486a,2025-08-05T18:31:57+05:30,2
posx-frido-backend,ca75083fbe,2025-08-08T11:00:47+05:30,src/api/admin/online-order/[id]/route.ts,098473d115,2025-07-11T11:42:55+05:30,27
posx-frido-backend,ca75083fbe,2025-08-08T11:00:47+05:30,src/api/admin/quotation/[id]/route.ts,916669e307,2025-08-07T12:36:53+05:30,0
posx-frido-backend,ca75083fbe,2025-08-08T11:00:47+05:30,src/workflows/online-order/steps/update-online-order-details-step.ts,098473d115,2025-07-11T11:42:55+05:30,27
posx-frido-backend,ca75083fbe,2025-08-08T11:00:47+05:30,src/workflows/online-order/workflows/update-online-order.ts,098473d115,2025-07-11T11:42:55+05:30,27
posx-frido-backend,9e44292e14,2025-08-08T15:54:56+05:30,src/lib/helpers/calculate-promotional-discount-helper.ts,a48ad5eeeb,2025-08-08T03:03:16+05:30,0
posx-frido-backend,9e44292e14,2025-08-08T15:54:56+05:30,src/lib/helpers/calculate-promotional-discount-helper.ts,1af3e5b314,2025-08-08T12:27:54+05:30,0
posx-frido-backend,9e44292e14,2025-08-08T15:54:56+05:30,src/modules/shopify-product/migrations/.snapshot-postgres.json,b9bb2ffa4e,2025-07-18T16:42:02+05:30,20
posx-frido-backend,9e44292e14,2025-08-08T15:54:56+05:30,src/modules/shopify-product/models/shopify-variant.ts,b9bb2ffa4e,2025-07-18T16:42:02+05:30,20
posx-frido-backend,9e44292e14,2025-08-08T15:54:56+05:30,src/workflows/campaign-coupon/steps/calculate-coupon-discount-step.ts,c061e1a035,2025-08-07T12:10:46+05:30,1
posx-frido-backend,9e44292e14,2025-08-08T15:54:56+05:30,src/workflows/cart/steps/apply-campaign-coupon-step.ts,1af3e5b314,2025-08-08T12:27:54+05:30,0
posx-frido-backend,9e44292e14,2025-08-08T15:54:56+05:30,src/workflows/cart/steps/apply-campaign-coupon-step.ts,de3a34ad24,2025-08-06T17:36:33+05:30,1
posx-frido-backend,9e44292e14,2025-08-08T15:54:56+05:30,src/workflows/cart/steps/apply-campaign-coupon-step.ts,cc6879a7b5,2025-08-07T20:09:21+05:30,0
posx-frido-backend,9e44292e14,2025-08-08T15:54:56+05:30,src/workflows/cart/steps/apply-campaign-coupon-step.ts,c061e1a035,2025-08-07T12:10:46+05:30,1
posx-frido-backend,9e44292e14,2025-08-08T15:54:56+05:30,src/workflows/cart/steps/apply-custom-coupon-step.ts,1af3e5b314,2025-08-08T12:27:54+05:30,0
posx-frido-backend,9e44292e14,2025-08-08T15:54:56+05:30,src/workflows/cart/steps/apply-custom-coupon-step.ts,94469b954d,2025-08-07T16:09:54+05:30,0
posx-frido-backend,9e44292e14,2025-08-08T15:54:56+05:30,src/workflows/cart/steps/apply-custom-coupon-step.ts,de3a34ad24,2025-08-06T17:36:33+05:30,1
posx-frido-backend,9e44292e14,2025-08-08T15:54:56+05:30,src/workflows/cart/steps/apply-custom-coupon-step.ts,c061e1a035,2025-08-07T12:10:46+05:30,1
posx-frido-backend,9e44292e14,2025-08-08T15:54:56+05:30,src/workflows/cart/steps/apply-custom-coupon-step.ts,2e11375a64,2025-08-05T12:09:19+05:30,3
posx-frido-backend,9e44292e14,2025-08-08T15:54:56+05:30,src/workflows/cart/steps/get-medusa-product-variant-step.ts,b9bb2ffa4e,2025-07-18T16:42:02+05:30,20
posx-frido-backend,9e44292e14,2025-08-08T15:54:56+05:30,src/workflows/cart/steps/get-medusa-product-variant-step.ts,fa4477d85a,2025-08-07T13:04:18+05:30,1
posx-frido-backend,9e44292e14,2025-08-08T15:54:56+05:30,src/workflows/cart/steps/get-sku-from-unicommerce-step.ts,098473d115,2025-07-11T11:42:55+05:30,28
posx-frido-backend,9e44292e14,2025-08-08T15:54:56+05:30,src/workflows/order-detail/steps/validate-order-products-step.ts,34bc4e0710,2025-08-07T21:48:24+05:30,0
posx-frido-backend,9e44292e14,2025-08-08T15:54:56+05:30,src/workflows/quotation/steps/create-quotation-step.ts,f5b560179d,2025-08-08T10:55:24+05:30,0
posx-frido-backend,9e44292e14,2025-08-08T15:54:56+05:30,src/workflows/quotation/steps/validate-quotation-products-step.ts,2e11375a64,2025-08-05T12:09:19+05:30,3
posx-frido-backend,9e44292e14,2025-08-08T15:54:56+05:30,src/workflows/quotation/steps/validate-quotation-products-step.ts,f5b560179d,2025-08-08T10:55:24+05:30,0
posx-frido-backend,9e44292e14,2025-08-08T15:54:56+05:30,src/workflows/shopify-product/steps/create-shopify-product-variant-step.ts,b9bb2ffa4e,2025-07-18T16:42:02+05:30,20
posx-frido-backend,474a7d005b,2025-08-08T17:12:17+05:30,src/api/admin/pos-inventory/job/route.ts,b9bb2ffa4e,2025-07-18T16:42:02+05:30,21
posx-frido-backend,474a7d005b,2025-08-08T17:12:17+05:30,src/api/admin/pos-inventory/job/route.ts,098473d115,2025-07-11T11:42:55+05:30,28
posx-frido-backend,474a7d005b,2025-08-08T17:12:17+05:30,src/lib/helpers/calculate-promotional-discount-helper.ts,9e44292e14,2025-08-08T15:54:56+05:30,0
posx-frido-backend,474a7d005b,2025-08-08T17:12:17+05:30,src/lib/helpers/calculate-promotional-discount-helper.ts,a48ad5eeeb,2025-08-08T03:03:16+05:30,0
posx-frido-backend,474a7d005b,2025-08-08T17:12:17+05:30,src/modules/order-detail/migrations/.snapshot-postgres.json,6645e34f8d,2025-08-08T10:19:29+05:30,0
posx-frido-backend,474a7d005b,2025-08-08T17:12:17+05:30,src/workflows/cart/steps/add-to-cart-step.ts,2e11375a64,2025-08-05T12:09:19+05:30,3
posx-frido-backend,474a7d005b,2025-08-08T17:12:17+05:30,src/workflows/cart/steps/add-to-cart-step.ts,b9bb2ffa4e,2025-07-18T16:42:02+05:30,21
posx-frido-backend,474a7d005b,2025-08-08T17:12:17+05:30,src/workflows/cart/steps/add-to-cart-step.ts,c061e1a035,2025-08-07T12:10:46+05:30,1
posx-frido-backend,474a7d005b,2025-08-08T17:12:17+05:30,src/workflows/cart/steps/apply-campaign-coupon-step.ts,9e44292e14,2025-08-08T15:54:56+05:30,0
posx-frido-backend,474a7d005b,2025-08-08T17:12:17+05:30,src/workflows/cart/steps/apply-campaign-coupon-step.ts,de3a34ad24,2025-08-06T17:36:33+05:30,1
posx-frido-backend,474a7d005b,2025-08-08T17:12:17+05:30,src/workflows/cart/steps/apply-custom-coupon-step.ts,9e44292e14,2025-08-08T15:54:56+05:30,0
posx-frido-backend,474a7d005b,2025-08-08T17:12:17+05:30,src/workflows/cart/steps/apply-custom-coupon-step.ts,c061e1a035,2025-08-07T12:10:46+05:30,1
posx-frido-backend,474a7d005b,2025-08-08T17:12:17+05:30,src/workflows/online-order/steps/check-if-product-is-sold.ts,098473d115,2025-07-11T11:42:55+05:30,28
posx-frido-backend,09b101ca40,2025-08-08T18:14:20+05:30,src/workflows/online-order/steps/create-online-order-step.ts,6645e34f8d,2025-08-08T10:19:29+05:30,0
posx-frido-backend,e146e0592a,2025-08-08T22:34:27+05:30,Dockerfile,098473d115,2025-07-11T11:42:55+05:30,28
posx-frido-backend,e146e0592a,2025-08-08T22:34:27+05:30,src/api/admin/online-cart/route.ts,8d1a1183b4,2025-07-29T14:51:13+05:30,10
posx-frido-backend,e146e0592a,2025-08-08T22:34:27+05:30,src/workflows/cart/workflows/add-to-online-cart.ts,0b1cd33f7f,2025-08-08T20:37:25+05:30,0
posx-frido-backend,e146e0592a,2025-08-08T22:34:27+05:30,src/workflows/cart/workflows/add-to-retail-cart.ts,0b1cd33f7f,2025-08-08T20:37:25+05:30,0
posx-frido-backend,e146e0592a,2025-08-08T22:34:27+05:30,src/workflows/online-cart/workflows/change-business-type.ts,a3697e0665,2025-07-28T15:26:58+05:30,11
posx-frido-backend,e146e0592a,2025-08-08T22:34:27+05:30,src/workflows/online-cart/workflows/change-business-type.ts,8d1a1183b4,2025-07-29T14:51:13+05:30,10
posx-frido-backend,e146e0592a,2025-08-08T22:34:27+05:30,src/workflows/online-cart/workflows/change-business-type.ts,55f2212743,2025-07-30T17:24:00+05:30,9
posx-frido-backend,e146e0592a,2025-08-08T22:34:27+05:30,src/workflows/online-cart/workflows/change-business-type.ts,0596b21ea9,2025-08-07T13:39:32+05:30,1
posx-frido-backend,e146e0592a,2025-08-08T22:34:27+05:30,src/workflows/online-order/steps/confirm-online-order-step.ts,098473d115,2025-07-11T11:42:55+05:30,28
posx-frido-backend,e146e0592a,2025-08-08T22:34:27+05:30,src/workflows/order-detail/steps/update-gatepass-details-step.ts,597052be0c,2025-08-08T19:25:00+05:30,0
posx-frido-backend,a64790ca50,2025-08-11T10:25:55+05:30,src/workflows/online-cart/steps/change-business-step.ts,e146e0592a,2025-08-08T22:34:27+05:30,2
posx-frido-backend,509268d2ef,2025-08-11T15:03:01+05:30,src/api/admin/quotation/[id]/route.ts,2e11375a64,2025-08-05T12:09:19+05:30,6
posx-frido-backend,509268d2ef,2025-08-11T15:03:01+05:30,src/modules/order-detail/migrations/Migration20250807100037.ts,5bbfde0083,2025-08-07T15:47:02+05:30,3
posx-frido-backend,509268d2ef,2025-08-11T15:03:01+05:30,src/modules/order-detail/migrations/Migration20250807191446.ts,32fa26c828,2025-08-08T00:45:53+05:30,3
posx-frido-backend,509268d2ef,2025-08-11T15:03:01+05:30,src/modules/order-detail/migrations/Migration20250807192648.ts,92a07a16da,2025-08-08T01:04:09+05:30,3
posx-frido-backend,509268d2ef,2025-08-11T15:03:01+05:30,src/modules/order-detail/migrations/Migration20250808035828.ts,6645e34f8d,2025-08-08T10:19:29+05:30,3
posx-frido-backend,509268d2ef,2025-08-11T15:03:01+05:30,src/modules/order-detail/migrations/Migration20250808103809.ts,474a7d005b,2025-08-08T17:12:17+05:30,2
posx-frido-backend,509268d2ef,2025-08-11T15:03:01+05:30,src/modules/order-detail/migrations/Migration20250806130219.ts,03088b2dc8,2025-08-07T09:57:46+05:30,4
posx-frido-backend,509268d2ef,2025-08-11T15:03:01+05:30,src/modules/quotation/migrations/.snapshot-postgres.json,2e11375a64,2025-08-05T12:09:19+05:30,6
posx-frido-backend,509268d2ef,2025-08-11T15:03:01+05:30,src/modules/quotation/models/quotation_product.ts,2e11375a64,2025-08-05T12:09:19+05:30,6
posx-frido-backend,509268d2ef,2025-08-11T15:03:01+05:30,src/workflows/cart/workflows/add-to-online-cart.ts,0b1cd33f7f,2025-08-08T20:37:25+05:30,2
posx-frido-backend,509268d2ef,2025-08-11T15:03:01+05:30,src/workflows/cart/workflows/add-to-online-cart.ts,e146e0592a,2025-08-08T22:34:27+05:30,2
posx-frido-backend,b281768e39,2025-08-11T16:11:47+05:30,src/workflows/cart/workflows/add-to-online-cart.ts,509268d2ef,2025-08-11T15:03:01+05:30,0
posx-frido-backend,b281768e39,2025-08-11T16:11:47+05:30,src/workflows/cart/workflows/add-to-online-cart.ts,0b1cd33f7f,2025-08-08T20:37:25+05:30,2
posx-frido-backend,3618631035,2025-08-11T18:50:23+05:30,src/lib/helpers/calculate-promotional-discount-helper.ts,9e44292e14,2025-08-08T15:54:56+05:30,3
posx-frido-backend,3618631035,2025-08-11T18:50:23+05:30,src/lib/helpers/calculate-promotional-discount-helper.ts,a48ad5eeeb,2025-08-08T03:03:16+05:30,3
posx-frido-backend,3618631035,2025-08-11T18:50:23+05:30,src/lib/helpers/calculate-promotional-discount-helper.ts,1af3e5b314,2025-08-08T12:27:54+05:30,3
posx-frido-backend,3618631035,2025-08-11T18:50:23+05:30,src/lib/helpers/calculate-promotional-discount-helper.ts,474a7d005b,2025-08-08T17:12:17+05:30,3
posx-frido-backend,3618631035,2025-08-11T18:50:23+05:30,src/lib/helpers/calculate-promotional-discount.ts,916669e307,2025-08-07T12:36:53+05:30,4
posx-frido-backend,3618631035,2025-08-11T18:50:23+05:30,src/lib/helpers/calculate-promotional-discount.ts,098473d115,2025-07-11T11:42:55+05:30,31
posx-frido-backend,3618631035,2025-08-11T18:50:23+05:30,src/modules/order-detail/migrations/Migration20250811072239.ts,509268d2ef,2025-08-11T15:03:01+05:30,0
posx-frido-backend,5d90f05908,2025-08-12T11:07:26+05:30,src/lib/helpers/get-order-total-amount.ts,a4e13e486a,2025-08-05T18:31:57+05:30,6
posx-frido-backend,5d90f05908,2025-08-12T11:07:26+05:30,src/lib/helpers/get-order-total-amount.ts,098473d115,2025-07-11T11:42:55+05:30,31
posx-frido-backend,5d90f05908,2025-08-12T11:07:26+05:30,src/workflows/campaign-coupon/steps/calculate-coupon-discount-step-v0.ts,098473d115,2025-07-11T11:42:55+05:30,31
posx-frido-backend,5d90f05908,2025-08-12T11:07:26+05:30,src/workflows/online-order/steps/create-online-order-step.ts,098473d115,2025-07-11T11:42:55+05:30,31
posx-frido-backend,5d90f05908,2025-08-12T11:07:26+05:30,src/workflows/online-order/steps/create-online-order-step.ts,92a07a16da,2025-08-08T01:04:09+05:30,4
posx-frido-backend,36040f0ea1,2025-08-14T17:49:46+05:30,src/links/shopify-collection-link-revert.ts,098473d115,2025-07-11T11:42:55+05:30,34
posx-frido-backend,36040f0ea1,2025-08-14T17:49:46+05:30,src/workflows/shopify-collection/steps/create-shopify-collection.ts,098473d115,2025-07-11T11:42:55+05:30,34
posx-frido-backend,36040f0ea1,2025-08-14T17:49:46+05:30,src/workflows/shopify-collection/steps/update-product-association-with-collection-step.ts,098473d115,2025-07-11T11:42:55+05:30,34
posx-frido-backend,36040f0ea1,2025-08-14T17:49:46+05:30,src/workflows/shopify-collection/workflows/create-shopify-collection.ts,098473d115,2025-07-11T11:42:55+05:30,34
posx-frido-backend,2824075c41,2025-08-18T17:38:27+05:30,src/api/admin/order-detail/[id]/route.ts,30208bd493,2025-08-18T17:05:27+05:30,0
posx-frido-backend,2824075c41,2025-08-18T17:38:27+05:30,src/api/admin/order-detail/[id]/route.ts,098473d115,2025-07-11T11:42:55+05:30,38
posx-frido-backend,dd7f3b7989,2025-08-20T11:37:05+05:30,src/modules/pdf-client/quotation.ejs,0547a64c17,2025-08-12T15:49:21+05:30,7
posx-frido-backend,58606c9889,2025-08-20T14:34:49+05:30,src/workflows/online-cart/steps/add-to-online-cart-step.ts,de3a34ad24,2025-08-06T17:36:33+05:30,13
posx-frido-backend,aa57885797,2025-08-21T20:35:03+05:30,src/modules/pdf-client/service.ts,098473d115,2025-07-11T11:42:55+05:30,41
posx-frido-backend,7422ca8f20,2025-08-27T16:19:53+05:30,src/api/shopify/webhooks/product/update/route.ts,098473d115,2025-07-11T11:42:55+05:30,47
posx-frido-backend,7422ca8f20,2025-08-27T16:19:53+05:30,src/modules/pdf-client/invoice.ejs,098473d115,2025-07-11T11:42:55+05:30,47
posx-frido-backend,7422ca8f20,2025-08-27T16:19:53+05:30,src/modules/pdf-client/service.ts,098473d115,2025-07-11T11:42:55+05:30,47
posx-frido-backend,7422ca8f20,2025-08-27T16:19:53+05:30,src/workflows/order-detail/steps/generate-and-send-file-step.ts,098473d115,2025-07-11T11:42:55+05:30,47
posx-frido-backend,7422ca8f20,2025-08-27T16:19:53+05:30,src/workflows/shopify-product/steps/update-product-variant-steps.ts,098473d115,2025-07-11T11:42:55+05:30,47
posx-frido-backend,720d3604c7,2025-08-27T18:21:11+05:30,src/api/admin/order-detail/confirm/route.ts,098473d115,2025-07-11T11:42:55+05:30,47
posx-frido-backend,720d3604c7,2025-08-27T18:21:11+05:30,src/subscribers/order-detail-order-confirmed.ts,098473d115,2025-07-11T11:42:55+05:30,47
posx-frido-backend,720d3604c7,2025-08-27T18:21:11+05:30,src/subscribers/order-detail-order-confirmed.ts,7422ca8f20,2025-08-27T16:19:53+05:30,0
posx-frido-backend,720d3604c7,2025-08-27T18:21:11+05:30,src/subscribers/order-detail-order-confirmed.ts,1cec4dfdec,2025-08-08T09:08:17+05:30,19
posx-frido-backend,720d3604c7,2025-08-27T18:21:11+05:30,src/workflows/order-detail/steps/confirm-order-detail-step.ts,2c6007890e,2025-08-25T13:14:12+05:30,2
posx-frido-backend,ae0cd64f72,2025-08-27T19:25:14+05:30,src/subscribers/order-detail-online-order-confirmed.ts,2e9c25cf97,2025-08-27T19:02:01+05:30,0
posx-frido-backend,37c466efa9,2025-08-27T19:44:26+05:30,src/workflows/online-order/steps/confirm-online-order-step.ts,2c6007890e,2025-08-25T13:14:12+05:30,2
posx-frido-backend,37c466efa9,2025-08-27T19:44:26+05:30,src/workflows/online-order/steps/confirm-online-order-step.ts,098473d115,2025-07-11T11:42:55+05:30,47
posx-frido-backend,aa29ff016e,2025-09-01T20:35:40+05:30,src/workflows/shopify-product/steps/create-medusa-product-step.ts,bca1202263,2025-08-18T14:38:01+05:30,14
posx-frido-backend,aa29ff016e,2025-09-01T20:35:40+05:30,src/workflows/shopify-product/steps/create-medusa-product-step.ts,098473d115,2025-07-11T11:42:55+05:30,52
posx-frido-backend,aa29ff016e,2025-09-01T20:35:40+05:30,src/workflows/shopify-product/steps/update-medusa-product-step.ts,098473d115,2025-07-11T11:42:55+05:30,52
posx-frido-backend,aa29ff016e,2025-09-01T20:35:40+05:30,src/workflows/shopify-product/steps/update-product-variant-steps.ts,098473d115,2025-07-11T11:42:55+05:30,52
posx-frido-backend,9647cb492e,2025-09-03T12:15:54+05:30,src/api/admin/cart/route.ts,34bc4e0710,2025-08-07T21:48:24+05:30,26
posx-frido-backend,9647cb492e,2025-09-03T12:15:54+05:30,src/api/admin/online-cart/route.ts,1771300c72,2025-08-07T12:26:37+05:30,26
posx-frido-backend,9647cb492e,2025-09-03T12:15:54+05:30,src/api/admin/order-return-and-exchange/[id]/exchange/forward/route.ts,098473d115,2025-07-11T11:42:55+05:30,54
posx-frido-backend,9647cb492e,2025-09-03T12:15:54+05:30,src/api/admin/quotation/[id]/route.ts,2e11375a64,2025-08-05T12:09:19+05:30,29
posx-frido-backend,9647cb492e,2025-09-03T12:15:54+05:30,src/api/admin/shopify-customer/address/route.ts,098473d115,2025-07-11T11:42:55+05:30,54
posx-frido-backend,9647cb492e,2025-09-03T12:15:54+05:30,src/api/admin/shopify-customer/address/route.ts,2e11375a64,2025-08-05T12:09:19+05:30,29
posx-frido-backend,9647cb492e,2025-09-03T12:15:54+05:30,src/api/health-check/route.ts,ad97e0cd2d,2025-07-31T18:40:35+05:30,33
posx-frido-backend,9647cb492e,2025-09-03T12:15:54+05:30,src/api/shopify/webhooks/product/create/route.ts,b9bb2ffa4e,2025-07-18T16:42:02+05:30,46
posx-frido-backend,9647cb492e,2025-09-03T12:15:54+05:30,src/api/shopify/webhooks/product/create/route.ts,098473d115,2025-07-11T11:42:55+05:30,54
posx-frido-backend,9647cb492e,2025-09-03T12:15:54+05:30,src/lib/helpers/build-summary.ts,eb20b4f87e,2025-07-24T22:46:00+05:30,40
posx-frido-backend,9647cb492e,2025-09-03T12:15:54+05:30,src/lib/helpers/build-summary.ts,8804821a21,2025-08-07T20:11:27+05:30,26
posx-frido-backend,9647cb492e,2025-09-03T12:15:54+05:30,src/lib/helpers/build-summary.ts,a352fd5898,2025-08-07T19:13:27+05:30,26
posx-frido-backend,9647cb492e,2025-09-03T12:15:54+05:30,src/lib/helpers/calculate-custom-discount.ts,a48ad5eeeb,2025-08-08T03:03:16+05:30,26
posx-frido-backend,9647cb492e,2025-09-03T12:15:54+05:30,src/lib/helpers/calculate-promotional-discount.ts,098473d115,2025-07-11T11:42:55+05:30,54
posx-frido-backend,9647cb492e,2025-09-03T12:15:54+05:30,src/lib/helpers/calculate-promotional-discount.ts,3618631035,2025-08-11T18:50:23+05:30,22
posx-frido-backend,9647cb492e,2025-09-03T12:15:54+05:30,src/lib/helpers/calculate-promotional-discount.ts,a48ad5eeeb,2025-08-08T03:03:16+05:30,26
posx-frido-backend,9647cb492e,2025-09-03T12:15:54+05:30,src/lib/helpers/calculate-promotional-discount.ts,597052be0c,2025-08-08T19:25:00+05:30,25
posx-frido-backend,9647cb492e,2025-09-03T12:15:54+05:30,src/lib/helpers/get-product-metafields.ts,bca1202263,2025-08-18T14:38:01+05:30,15
posx-frido-backend,9647cb492e,2025-09-03T12:15:54+05:30,src/modules/pdf-client/service.ts,2c6007890e,2025-08-25T13:14:12+05:30,8
posx-frido-backend,9647cb492e,2025-09-03T12:15:54+05:30,src/modules/pdf-client/service.ts,098473d115,2025-07-11T11:42:55+05:30,54
posx-frido-backend,9647cb492e,2025-09-03T12:15:54+05:30,src/modules/pdf-client/service.ts,a126e5183c,2025-08-12T12:37:12+05:30,21
posx-frido-backend,9647cb492e,2025-09-03T12:15:54+05:30,src/subscribers/order-detail-online-order-confirmed.ts,2e9c25cf97,2025-08-27T19:02:01+05:30,6
posx-frido-backend,9647cb492e,2025-09-03T12:15:54+05:30,src/subscribers/order-detail-order-confirmed.ts,720d3604c7,2025-08-27T18:21:11+05:30,6
posx-frido-backend,9647cb492e,2025-09-03T12:15:54+05:30,src/workflows/cart/steps/add-to-cart-step.ts,5e64894664,2025-08-07T14:26:46+05:30,26
posx-frido-backend,9647cb492e,2025-09-03T12:15:54+05:30,src/workflows/cart/steps/aggregate-product-quantities-step.ts,ad97e0cd2d,2025-07-31T18:40:35+05:30,33
posx-frido-backend,9647cb492e,2025-09-03T12:15:54+05:30,src/workflows/cart/steps/apply-campaign-coupon-step.ts,a352fd5898,2025-08-07T19:13:27+05:30,26
posx-frido-backend,9647cb492e,2025-09-03T12:15:54+05:30,src/workflows/cart/steps/apply-campaign-coupon-step.ts,de3a34ad24,2025-08-06T17:36:33+05:30,27
posx-frido-backend,9647cb492e,2025-09-03T12:15:54+05:30,src/workflows/cart/steps/apply-campaign-coupon-step.ts,474a7d005b,2025-08-08T17:12:17+05:30,25
posx-frido-backend,9647cb492e,2025-09-03T12:15:54+05:30,src/workflows/cart/steps/apply-combo-discount-to-cart-step.ts,f5b560179d,2025-08-08T10:55:24+05:30,26
posx-frido-backend,9647cb492e,2025-09-03T12:15:54+05:30,src/workflows/cart/steps/apply-custom-coupon-step.ts,474a7d005b,2025-08-08T17:12:17+05:30,25
posx-frido-backend,9647cb492e,2025-09-03T12:15:54+05:30,src/workflows/cart/steps/determine-product-discounts-step.ts,b9bb2ffa4e,2025-07-18T16:42:02+05:30,46
posx-frido-backend,9647cb492e,2025-09-03T12:15:54+05:30,src/workflows/cart/steps/determine-product-discounts-step.ts,ad97e0cd2d,2025-07-31T18:40:35+05:30,33
posx-frido-backend,9647cb492e,2025-09-03T12:15:54+05:30,src/workflows/cart/steps/remove-item-from-shopify-cart-step.ts,a352fd5898,2025-08-07T19:13:27+05:30,26
posx-frido-backend,9647cb492e,2025-09-03T12:15:54+05:30,src/workflows/helper/steps/apply-discount-step.ts,a352fd5898,2025-08-07T19:13:27+05:30,26
posx-frido-backend,9647cb492e,2025-09-03T12:15:54+05:30,src/workflows/online-cart/steps/add-to-online-cart-step.ts,b9bb2ffa4e,2025-07-18T16:42:02+05:30,46
posx-frido-backend,9647cb492e,2025-09-03T12:15:54+05:30,src/workflows/online-cart/steps/add-to-online-cart-step.ts,b46a5c1aba,2025-07-23T14:56:38+05:30,41
posx-frido-backend,9647cb492e,2025-09-03T12:15:54+05:30,src/workflows/online-cart/steps/adjust-cart-item-price-step.ts,1771300c72,2025-08-07T12:26:37+05:30,26
posx-frido-backend,9647cb492e,2025-09-03T12:15:54+05:30,src/workflows/online-cart/steps/adjust-cart-item-price-step.ts,f299d03062,2025-08-07T13:02:33+05:30,26
posx-frido-backend,9647cb492e,2025-09-03T12:15:54+05:30,src/workflows/online-cart/steps/adjust-cart-item-price-step.ts,a352fd5898,2025-08-07T19:13:27+05:30,26
posx-frido-backend,9647cb492e,2025-09-03T12:15:54+05:30,src/workflows/online-cart/steps/change-business-step.ts,a64790ca50,2025-08-11T10:25:55+05:30,23
posx-frido-backend,9647cb492e,2025-09-03T12:15:54+05:30,src/workflows/online-coupon/steps/reorder-priorities-step.ts,96f5b55abf,2025-08-14T11:14:07+05:30,20
posx-frido-backend,9647cb492e,2025-09-03T12:15:54+05:30,src/workflows/online-order/steps/check-if-product-is-sold.ts,098473d115,2025-07-11T11:42:55+05:30,54
posx-frido-backend,9647cb492e,2025-09-03T12:15:54+05:30,src/workflows/online-order/steps/confirm-online-order-step.ts,098473d115,2025-07-11T11:42:55+05:30,54
posx-frido-backend,9647cb492e,2025-09-03T12:15:54+05:30,src/workflows/online-order/steps/create-online-order-step.ts,6645e34f8d,2025-08-08T10:19:29+05:30,26
posx-frido-backend,9647cb492e,2025-09-03T12:15:54+05:30,src/workflows/online-order/steps/create-online-order-step.ts,3618631035,2025-08-11T18:50:23+05:30,22
posx-frido-backend,9647cb492e,2025-09-03T12:15:54+05:30,src/workflows/online-order/steps/create-online-order-step.ts,5d90f05908,2025-08-12T11:07:26+05:30,22
posx-frido-backend,9647cb492e,2025-09-03T12:15:54+05:30,src/workflows/online-order/steps/create-online-order-step.ts,09b101ca40,2025-08-08T18:14:20+05:30,25
posx-frido-backend,9647cb492e,2025-09-03T12:15:54+05:30,src/workflows/online-order/steps/validate-order-product.ts,9e44292e14,2025-08-08T15:54:56+05:30,25
posx-frido-backend,9647cb492e,2025-09-03T12:15:54+05:30,src/workflows/online-order/workflows/update-online-order.ts,098473d115,2025-07-11T11:42:55+05:30,54
posx-frido-backend,9647cb492e,2025-09-03T12:15:54+05:30,src/workflows/order-detail/steps/create-order-detail-step.ts,a48ad5eeeb,2025-08-08T03:03:16+05:30,26
posx-frido-backend,9647cb492e,2025-09-03T12:15:54+05:30,src/workflows/order-detail/steps/create-order-detail-step.ts,3618631035,2025-08-11T18:50:23+05:30,22
posx-frido-backend,9647cb492e,2025-09-03T12:15:54+05:30,src/workflows/order-detail/steps/generate-and-send-file-step.ts,2c6007890e,2025-08-25T13:14:12+05:30,8
posx-frido-backend,9647cb492e,2025-09-03T12:15:54+05:30,src/workflows/order-detail/steps/generate-and-send-file-step.ts,098473d115,2025-07-11T11:42:55+05:30,54
posx-frido-backend,9647cb492e,2025-09-03T12:15:54+05:30,src/workflows/payment-detail/steps/create-payment-detail.ts,098473d115,2025-07-11T11:42:55+05:30,54
posx-frido-backend,9647cb492e,2025-09-03T12:15:54+05:30,src/workflows/payment-detail/steps/get-all-payment-by-orderid-step.ts,098473d115,2025-07-11T11:42:55+05:30,54
posx-frido-backend,9647cb492e,2025-09-03T12:15:54+05:30,src/workflows/quotation/steps/create-quotation-step.ts,6645e34f8d,2025-08-08T10:19:29+05:30,26
posx-frido-backend,9647cb492e,2025-09-03T12:15:54+05:30,src/workflows/quotation/steps/get-quotation-by-id-step.ts,4ba73cda5b,2025-08-08T13:56:56+05:30,25
posx-frido-backend,9647cb492e,2025-09-03T12:15:54+05:30,src/workflows/quotation/steps/update-quotation-step.ts,6645e34f8d,2025-08-08T10:19:29+05:30,26
posx-frido-backend,9647cb492e,2025-09-03T12:15:54+05:30,src/workflows/shopify-collection/steps/throw-error-if-collection-do-not-exists-step.ts,098473d115,2025-07-11T11:42:55+05:30,54
posx-frido-backend,9647cb492e,2025-09-03T12:15:54+05:30,src/workflows/shopify-collection/steps/update-product-association-with-collection-step.ts,36040f0ea1,2025-08-14T17:49:46+05:30,19
posx-frido-backend,9647cb492e,2025-09-03T12:15:54+05:30,src/workflows/shopify-collection/steps/update-shopify-collection.ts,098473d115,2025-07-11T11:42:55+05:30,54
posx-frido-backend,9647cb492e,2025-09-03T12:15:54+05:30,src/workflows/unicommerce/steps/get-product-from-item-code-step.ts,098473d115,2025-07-11T11:42:55+05:30,54
posx-frido-backend,9647cb492e,2025-09-03T12:15:54+05:30,src/workflows/user/steps/send-activation-link-step.ts,098473d115,2025-07-11T11:42:55+05:30,54
posx-frido-backend,512c103cd1,2025-09-03T12:53:07+05:30,src/lib/helpers/calculate-promotional-discount-helper.ts,3618631035,2025-08-11T18:50:23+05:30,22
posx-frido-backend,512c103cd1,2025-09-03T12:53:07+05:30,src/lib/helpers/calculate-promotional-discount.ts,3618631035,2025-08-11T18:50:23+05:30,22
posx-frido-backend,7e37409b20,2025-09-24T01:04:47+05:30,src/jobs/inventory-snapshot.ts,b9bb2ffa4e,2025-07-18T16:42:02+05:30,67
posx-frido-backend,7e37409b20,2025-09-24T01:04:47+05:30,src/subscribers/order-detail-online-order-confirmed.ts,2e9c25cf97,2025-08-27T19:02:01+05:30,27
posx-frido-backend,7e37409b20,2025-09-24T01:04:47+05:30,src/subscribers/order-detail-online-order-confirmed.ts,ae0cd64f72,2025-08-27T19:25:14+05:30,27
posx-frido-backend,7e37409b20,2025-09-24T01:04:47+05:30,src/subscribers/order-detail-order-confirmed.ts,098473d115,2025-07-11T11:42:55+05:30,74
posx-frido-backend,7e37409b20,2025-09-24T01:04:47+05:30,src/subscribers/order-detail-order-confirmed.ts,7422ca8f20,2025-08-27T16:19:53+05:30,27
posx-frido-backend,7e37409b20,2025-09-24T01:04:47+05:30,src/subscribers/order-detail-order-confirmed.ts,720d3604c7,2025-08-27T18:21:11+05:30,27
posx-frido-backend,7e37409b20,2025-09-24T01:04:47+05:30,src/subscribers/order-detail-order-confirmed.ts,2e9c25cf97,2025-08-27T19:02:01+05:30,27
posx-frido-backend,7e37409b20,2025-09-24T01:04:47+05:30,src/workflows/online-order/steps/create-online-order-step.ts,92a07a16da,2025-08-08T01:04:09+05:30,47
posx-frido-backend,7e37409b20,2025-09-24T01:04:47+05:30,src/workflows/order-detail/steps/create-order-detail-step.ts,32fa26c828,2025-08-08T00:45:53+05:30,47
posx-frido-backend,40ddaad154,2025-09-24T01:16:24+05:30,src/subscribers/order-detail-online-order-confirmed.ts,7e37409b20,2025-09-24T01:04:47+05:30,0
posx-frido-backend,40ddaad154,2025-09-24T01:16:24+05:30,src/subscribers/order-detail-order-confirmed.ts,7e37409b20,2025-09-24T01:04:47+05:30,0
posx-frido-backend,f551f8d163,2025-09-24T16:05:46+05:30,src/workflows/shopify-product/steps/update-product-variant-steps.ts,aa29ff016e,2025-09-01T20:35:40+05:30,22
posx-frido-backend,f551f8d163,2025-09-24T16:05:46+05:30,src/workflows/shopify-product/steps/update-product-variant-steps.ts,098473d115,2025-07-11T11:42:55+05:30,75
posx-frido-backend,3298f40725,2025-09-24T19:49:30+05:30,src/api/admin/online-cart/route.ts,1771300c72,2025-08-07T12:26:37+05:30,48
posx-frido-backend,3298f40725,2025-09-24T19:49:30+05:30,src/api/admin/online-cart/route.ts,098473d115,2025-07-11T11:42:55+05:30,75
posx-frido-backend,3298f40725,2025-09-24T19:49:30+05:30,src/api/fill-pincode/route.ts,098473d115,2025-07-11T11:42:55+05:30,75
posx-frido-backend,3298f40725,2025-09-24T19:49:30+05:30,src/jobs/campaign-coupon-status-updates.ts,098473d115,2025-07-11T11:42:55+05:30,75
posx-frido-backend,3298f40725,2025-09-24T19:49:30+05:30,src/jobs/change-returnable-status-of-order.ts,098473d115,2025-07-11T11:42:55+05:30,75
posx-frido-backend,3298f40725,2025-09-24T19:49:30+05:30,src/jobs/daily-order-errors-report.ts,098473d115,2025-07-11T11:42:55+05:30,75
posx-frido-backend,3298f40725,2025-09-24T19:49:30+05:30,src/jobs/inventory-snapshot.ts,098473d115,2025-07-11T11:42:55+05:30,75
posx-frido-backend,3298f40725,2025-09-24T19:49:30+05:30,src/modules/pdf-client/invoice-v1.ejs,098473d115,2025-07-11T11:42:55+05:30,75
posx-frido-backend,3298f40725,2025-09-24T19:49:30+05:30,src/modules/pdf-client/service.ts,098473d115,2025-07-11T11:42:55+05:30,75
posx-frido-backend,3298f40725,2025-09-24T19:49:30+05:30,src/modules/pdf-client/service.ts,a126e5183c,2025-08-12T12:37:12+05:30,43
posx-frido-backend,3298f40725,2025-09-24T19:49:30+05:30,src/workflows/online-order/steps/confirm-online-order-step.ts,098473d115,2025-07-11T11:42:55+05:30,75
posx-frido-backend,3298f40725,2025-09-24T19:49:30+05:30,src/workflows/online-order/steps/confirm-online-order-step.ts,de9044baa5,2025-09-01T15:56:35+05:30,23
posx-frido-backend,3298f40725,2025-09-24T19:49:30+05:30,src/workflows/order-detail/steps/generate-and-send-file-step.ts,098473d115,2025-07-11T11:42:55+05:30,75
posx-frido-backend,3298f40725,2025-09-24T19:49:30+05:30,src/workflows/order-detail/steps/generate-and-send-file-step.ts,7422ca8f20,2025-08-27T16:19:53+05:30,28
posx-frido-backend,3298f40725,2025-09-24T19:49:30+05:30,src/workflows/order-detail/steps/generate-receipt-step.ts,098473d115,2025-07-11T11:42:55+05:30,75
posx-frido-backend,3298f40725,2025-09-24T19:49:30+05:30,src/workflows/quotation/steps/generate-and-send-quotation-step.ts,a126e5183c,2025-08-12T12:37:12+05:30,43
posx-frido-backend,3298f40725,2025-09-24T19:49:30+05:30,src/workflows/quotation/steps/regenerate-quotation-pdf-step.ts,1a00b1199d,2025-08-20T13:27:52+05:30,35
posx-frido-backend,5f1b3dfb0f,2025-09-27T15:19:14+05:30,src/api/admin/pos-inventory/job/route.ts,098473d115,2025-07-11T11:42:55+05:30,78
posx-frido-backend,5f1b3dfb0f,2025-09-27T15:19:14+05:30,src/jobs/inventory-snapshot.ts,098473d115,2025-07-11T11:42:55+05:30,78
posx-frido-backend,5f1b3dfb0f,2025-09-27T15:19:14+05:30,src/modules/unicommerce/service.ts,098473d115,2025-07-11T11:42:55+05:30,78
posx-frido-backend,5f1b3dfb0f,2025-09-27T15:19:14+05:30,src/workflows/cart/steps/get-medusa-product-variant-step.ts,098473d115,2025-07-11T11:42:55+05:30,78
posx-frido-backend,5f1b3dfb0f,2025-09-27T15:19:14+05:30,src/workflows/order-detail/steps/validate-order-products-step.ts,098473d115,2025-07-11T11:42:55+05:30,78
posx-frido-backend,d60790f689,2025-09-29T16:00:16+05:30,src/workflows/shopify-product/steps/update-product-variant-steps.ts,f551f8d163,2025-09-24T16:05:46+05:30,4
posx-frido-backend,d60790f689,2025-09-29T16:00:16+05:30,src/workflows/shopify-product/steps/update-product-variant-steps.ts,098473d115,2025-07-11T11:42:55+05:30,80
posx-frido-backend,72026638cf,2025-10-01T16:34:07+05:30,src/subscribers/order-detail-online-order-confirmed.ts,4d2a81c8b3,2025-09-29T11:40:21+05:30,2
posx-frido-backend,72026638cf,2025-10-01T16:34:07+05:30,src/subscribers/order-detail-online-order-confirmed.ts,7e37409b20,2025-09-24T01:04:47+05:30,7
posx-frido-backend,72026638cf,2025-10-01T16:34:07+05:30,src/subscribers/order-detail-online-order-confirmed.ts,2e9c25cf97,2025-08-27T19:02:01+05:30,34
posx-frido-backend,72026638cf,2025-10-01T16:34:07+05:30,src/subscribers/order-detail-order-confirmed.ts,7e37409b20,2025-09-24T01:04:47+05:30,7
posx-frido-backend,7b9aa7a297,2025-10-04T11:38:13+05:30,src/lib/helpers/build-summary.ts,8804821a21,2025-08-07T20:11:27+05:30,57
posx-frido-backend,7b9aa7a297,2025-10-04T11:38:13+05:30,src/lib/helpers/build-summary.ts,a352fd5898,2025-08-07T19:13:27+05:30,57
posx-frido-backend,7b9aa7a297,2025-10-04T11:38:13+05:30,src/lib/helpers/build-summary.ts,367509401e,2025-07-23T15:51:13+05:30,72
posx-frido-backend,7b9aa7a297,2025-10-04T11:38:13+05:30,src/lib/helpers/build-summary.ts,ad97e0cd2d,2025-07-31T18:40:35+05:30,64
posx-frido-backend,7b9aa7a297,2025-10-04T11:38:13+05:30,src/lib/helpers/build-summary.ts,c061e1a035,2025-08-07T12:10:46+05:30,57
posx-frido-backend,7b9aa7a297,2025-10-04T11:38:13+05:30,src/workflows/cart/steps/apply-campaign-coupon-step.ts,de3a34ad24,2025-08-06T17:36:33+05:30,58
posx-frido-backend,7b9aa7a297,2025-10-04T11:38:13+05:30,src/workflows/cart/steps/apply-campaign-coupon-step.ts,8804821a21,2025-08-07T20:11:27+05:30,57
posx-frido-backend,7b9aa7a297,2025-10-04T11:38:13+05:30,src/workflows/cart/steps/apply-campaign-coupon-step.ts,1af3e5b314,2025-08-08T12:27:54+05:30,56
posx-frido-backend,7b9aa7a297,2025-10-04T11:38:13+05:30,src/workflows/cart/steps/apply-campaign-coupon-step.ts,474a7d005b,2025-08-08T17:12:17+05:30,56
posx-frido-backend,b84c320cb6,2025-10-04T16:28:01+05:30,src/api/middlewares.ts,2e11375a64,2025-08-05T12:09:19+05:30,60
posx-frido-backend,b84c320cb6,2025-10-04T16:28:01+05:30,src/modules/freebie/migrations/.snapshot-postgres.json,42cc5f5690,2025-10-02T17:40:34+05:30,1
posx-frido-backend,b84c320cb6,2025-10-04T16:28:01+05:30,src/modules/freebie/models/freebie.ts,42cc5f5690,2025-10-02T17:40:34+05:30,1
posx-frido-backend,db751971b8,2025-10-11T11:27:22+05:30,package-lock.json,a126e5183c,2025-08-12T12:37:12+05:30,59
posx-frido-backend,db751971b8,2025-10-11T11:27:22+05:30,src/subscribers/order-detail-online-order-confirmed.ts,46cf03820c,2025-10-08T16:03:12+05:30,2
posx-frido-backend,db751971b8,2025-10-11T11:27:22+05:30,src/subscribers/order-detail-online-order-confirmed.ts,73d6e0a8c9,2025-10-08T18:01:33+05:30,2
posx-frido-backend,db751971b8,2025-10-11T11:27:22+05:30,src/subscribers/order-detail-order-confirmed.ts,73d6e0a8c9,2025-10-08T18:01:33+05:30,2
posx-frido-backend,db751971b8,2025-10-11T11:27:22+05:30,src/workflows/cart/workflows/apply-freebie.ts,398e5ada0a,2025-10-08T16:59:16+05:30,2
posx-frido-backend,db751971b8,2025-10-11T11:27:22+05:30,src/workflows/online-cart/workflows/adjust-cart-item-price.ts,eb20b4f87e,2025-07-24T22:46:00+05:30,78
posx-frido-backend,db751971b8,2025-10-11T11:27:22+05:30,src/workflows/online-order/workflows/create-online-order.ts,098473d115,2025-07-11T11:42:55+05:30,91
posx-frido-backend,db751971b8,2025-10-11T11:27:22+05:30,src/workflows/store-details/steps/check-store-existance-step.ts,098473d115,2025-07-11T11:42:55+05:30,91
posx-frido-backend,29e954065a,2025-11-05T14:33:11+05:30,src/modules/analytics/service.ts,89d221df26,2025-10-16T16:33:01+05:30,19
posx-frido-backend,29e954065a,2025-11-05T14:33:11+05:30,src/modules/analytics/service.ts,978988e8fe,2025-10-29T15:02:39+05:30,6
posx-frido-backend,03336ce208,2025-11-20T18:09:46+05:30,src/types/validators/online-order.ts,92a07a16da,2025-08-08T01:04:09+05:30,104
posx-frido-backend,03336ce208,2025-11-20T18:09:46+05:30,src/types/validators/online-order.ts,098473d115,2025-07-11T11:42:55+05:30,132
posx-frido-backend,03336ce208,2025-11-20T18:09:46+05:30,src/types/validators/online-order.ts,f740e4ee02,2025-11-12T20:11:52+05:30,7
posx-frido-backend,03336ce208,2025-11-20T18:09:46+05:30,src/types/validators/order-detail.ts,f740e4ee02,2025-11-12T20:11:52+05:30,7
posx-frido-backend,03336ce208,2025-11-20T18:09:46+05:30,src/types/validators/order-detail.ts,098473d115,2025-07-11T11:42:55+05:30,132
posx-frido-backend,03336ce208,2025-11-20T18:09:46+05:30,src/types/validators/order-detail.ts,fc42b13677,2025-08-08T14:35:59+05:30,104
posx-frido-backend,03336ce208,2025-11-20T18:09:46+05:30,src/types/validators/order-detail.ts,6645e34f8d,2025-08-08T10:19:29+05:30,104
posx-frido-backend,03336ce208,2025-11-20T18:09:46+05:30,src/types/validators/order-detail.ts,a3697e0665,2025-07-28T15:26:58+05:30,115
posx-frido-backend,d149f7dff9,2025-11-27T11:08:26+05:30,src/workflows/shopify-product/steps/validate-product-for-pos-system-step.ts,098473d115,2025-07-11T11:42:55+05:30,138
posx-frido-backend,d716185163,2025-12-01T11:33:45+05:30,src/workflows/online-order/steps/confirm-online-order-step.ts,18f75bfbbf,2025-11-08T10:30:06+05:30,23
posx-frido-backend,d716185163,2025-12-01T11:33:45+05:30,src/workflows/online-order/steps/confirm-online-order-step.ts,3579a3235e,2025-11-20T00:54:30+05:30,11
posx-frido-backend,d716185163,2025-12-01T11:33:45+05:30,src/workflows/online-order/steps/confirm-online-order-step.ts,098473d115,2025-07-11T11:42:55+05:30,142
posx-frido-backend,d716185163,2025-12-01T11:33:45+05:30,src/workflows/online-order/steps/confirm-online-order-step.ts,ad97e0cd2d,2025-07-31T18:40:35+05:30,122
posx-frido-backend,d716185163,2025-12-01T11:33:45+05:30,src/workflows/online-order/steps/confirm-online-order-step.ts,37c466efa9,2025-08-27T19:44:26+05:30,95
posx-frido-backend,d2b17ef606,2025-12-01T17:16:32+05:30,src/workflows/order-detail/steps/confirm-order-detail-step.ts,098473d115,2025-07-11T11:42:55+05:30,143
posx-frido-backend,d2b17ef606,2025-12-01T17:16:32+05:30,src/workflows/order-detail/steps/confirm-order-detail-step.ts,3298f40725,2025-09-24T19:49:30+05:30,67
posx-frido-backend,d2b17ef606,2025-12-01T17:16:32+05:30,src/workflows/order-detail/steps/confirm-order-detail-step.ts,ebcbb8be68,2025-10-30T17:08:23+05:30,32
posx-frido-backend,1f6c541bde,2025-12-09T18:17:44+05:30,src/api/adsr/order-payment/route.ts,d4d92e3447,2025-12-09T18:07:56+05:30,0
posx-frido-backend,1f6c541bde,2025-12-09T18:17:44+05:30,src/api/adsr/order-payment/route.ts,33e7bb1ceb,2025-10-11T18:56:33+05:30,58
posx-frido-backend,d402b00cf5,2025-12-12T14:39:50+05:30,src/api/adsr/order-payment/route.ts,d4d92e3447,2025-12-09T18:07:56+05:30,2
posx-frido-backend,054e6709b6,2025-12-17T17:58:22+05:30,src/api/adsr/order-payment/route.ts,33e7bb1ceb,2025-10-11T18:56:33+05:30,66
posx-frido-backend,7c14628e03,2025-12-17T18:29:16+05:30,src/api/adsr/order-payment/route.ts,054e6709b6,2025-12-17T17:58:22+05:30,0
posx-frido-backend,06f5ec5e52,2025-12-22T16:05:00+05:30,src/api/adsr/order-payment/route.ts,d4d92e3447,2025-12-09T18:07:56+05:30,12
posx-frido-backend,06f5ec5e52,2025-12-22T16:05:00+05:30,src/api/adsr/order-payment/route.ts,33e7bb1ceb,2025-10-11T18:56:33+05:30,71
posx-frido-backend,cfabb3259d,2025-12-23T17:54:12+05:30,src/api/adsr/order-payment/route.ts,06f5ec5e52,2025-12-22T16:05:00+05:30,1
posx-frido-backend,cfabb3259d,2025-12-23T17:54:12+05:30,src/api/adsr/order-payment/route.ts,0899f3963e,2025-12-23T16:15:43+05:30,0
posx-frido-backend,cfabb3259d,2025-12-23T17:54:12+05:30,src/api/adsr/order-payment/route.ts,fbc9ab450f,2025-12-23T16:40:37+05:30,0
posx-frido-backend,cfabb3259d,2025-12-23T17:54:12+05:30,src/api/adsr/order-payment/route.ts,d4d92e3447,2025-12-09T18:07:56+05:30,13
posx-frido-backend,846a067662,2025-12-26T11:34:53+05:30,src/api/adsr/order-payment/route.ts,cfabb3259d,2025-12-23T17:54:12+05:30,2
posx-frido-backend,88e413159b,2025-12-27T15:45:24+05:30,src/api/shopify/webhooks/product/update/route.ts,7422ca8f20,2025-08-27T16:19:53+05:30,121
posx-frido-backend,6b3d6fb3f5,2025-12-29T11:46:21+05:30,src/modules/fallback-order/migrations/Migration20251226072326.ts,a56c9d83eb,2025-12-27T15:00:31+05:30,1
posx-frido-backend,19730010ea,2025-12-30T15:03:08+05:30,src/api/admin/order-detail/export/route.ts,a56c9d83eb,2025-12-27T15:00:31+05:30,3
posx-frido-backend,17e73edf6a,2026-01-03T10:15:57+05:30,src/modules/unicommerce/service.ts,dc547fb2a8,2025-12-31T17:47:10+05:30,2
posx-frido-backend,48894f136f,2026-01-03T11:28:55+05:30,src/modules/unicommerce/service.ts,026fa06d3f,2025-12-31T17:05:51+05:30,2
posx-frido-backend,622c0826d4,2026-01-05T15:25:25+05:30,src/api/health-check/route.ts,0f60a1b495,2026-01-02T12:08:55+05:30,3
posx-frido-backend,14769e7103,2026-01-06T14:16:25+05:30,src/api/admin/fallback-order/route.ts,ec03bb1823,2025-12-25T17:23:42+05:30,11
posx-frido-backend,14769e7103,2026-01-06T14:16:25+05:30,src/api/admin/fallback-order/route.ts,a56c9d83eb,2025-12-27T15:00:31+05:30,9
posx-frido-backend,e16bf4c910,2026-01-06T16:46:38+05:30,src/modules/order-detail/service.ts,098473d115,2025-07-11T11:42:55+05:30,179
posx-frido-backend,e16bf4c910,2026-01-06T16:46:38+05:30,src/modules/order-detail/service.ts,4326110b92,2026-01-02T16:25:50+05:30,4
posx-frido-backend,e16bf4c910,2026-01-06T16:46:38+05:30,src/modules/order-detail/service.ts,a6cfd25476,2025-10-14T09:12:46+05:30,84
posx-frido-backend,e16bf4c910,2026-01-06T16:46:38+05:30,src/modules/order-detail/service.ts,e39aa50495,2025-11-10T16:14:35+05:30,57
posx-frido-backend,e16bf4c910,2026-01-06T16:46:38+05:30,src/modules/order-detail/service.ts,f740e4ee02,2025-11-12T20:11:52+05:30,54
posx-frido-backend,160f609757,2026-01-07T18:19:42+05:30,src/api/health-check/route.ts,0f60a1b495,2026-01-02T12:08:55+05:30,5
posx-frido-backend,160f609757,2026-01-07T18:19:42+05:30,src/lib/helpers/unicommerce-sale-order-payload.ts,b77899b2ba,2025-12-31T16:47:38+05:30,7
posx-frido-backend,160f609757,2026-01-07T18:19:42+05:30,src/lib/helpers/unicommerce-sale-order-payload.ts,0f60a1b495,2026-01-02T12:08:55+05:30,5
posx-frido-backend,160f609757,2026-01-07T18:19:42+05:30,src/modules/unicommerce/service.ts,b77899b2ba,2025-12-31T16:47:38+05:30,7
posx-frido-backend,160f609757,2026-01-07T18:19:42+05:30,src/subscribers/unicommerce-sale-order-creation.ts,0f60a1b495,2026-01-02T12:08:55+05:30,5
posx-frido-backend,160f609757,2026-01-07T18:19:42+05:30,src/subscribers/unicommerce-sale-order-creation.ts,b77899b2ba,2025-12-31T16:47:38+05:30,7
posx-frido-backend,160f609757,2026-01-07T18:19:42+05:30,src/types/unicommerce.ts,0f60a1b495,2026-01-02T12:08:55+05:30,5
posx-frido-backend,207df05a97,2026-01-08T10:44:58+05:30,src/subscribers/unicommerce-sale-order-creation.ts,b77899b2ba,2025-12-31T16:47:38+05:30,7
posx-frido-backend,207df05a97,2026-01-08T10:44:58+05:30,src/subscribers/unicommerce-sale-order-creation.ts,160f609757,2026-01-07T18:19:42+05:30,0
posx-frido-backend,1d7c4a1548,2026-01-08T14:53:57+05:30,src/workflows/online-order/steps/confirm-online-order-step.ts,098473d115,2025-07-11T11:42:55+05:30,181
posx-frido-backend,1d7c4a1548,2026-01-08T14:53:57+05:30,src/workflows/online-order/steps/confirm-online-order-step.ts,819a21f08d,2025-09-24T14:53:17+05:30,106
posx-frido-backend,1d7c4a1548,2026-01-08T14:53:57+05:30,src/workflows/online-order/steps/confirm-online-order-step.ts,3579a3235e,2025-11-20T00:54:30+05:30,49
posx-frido-backend,1d7c4a1548,2026-01-08T14:53:57+05:30,src/workflows/online-order/steps/confirm-online-order-step.ts,d716185163,2025-12-01T11:33:45+05:30,38
posx-frido-backend,1d7c4a1548,2026-01-08T14:53:57+05:30,src/workflows/online-order/steps/confirm-online-order-step.ts,398e5ada0a,2025-10-08T16:59:16+05:30,91
posx-frido-backend,1d7c4a1548,2026-01-08T14:53:57+05:30,src/workflows/online-order/steps/confirm-online-order-step.ts,ebcbb8be68,2025-10-30T17:08:23+05:30,69
posx-frido-backend,1d7c4a1548,2026-01-08T14:53:57+05:30,src/workflows/order-detail/steps/confirm-order-detail-step.ts,098473d115,2025-07-11T11:42:55+05:30,181
posx-frido-backend,1d7c4a1548,2026-01-08T14:53:57+05:30,src/workflows/order-detail/steps/confirm-order-detail-step.ts,819a21f08d,2025-09-24T14:53:17+05:30,106
posx-frido-backend,1d7c4a1548,2026-01-08T14:53:57+05:30,src/workflows/order-detail/steps/confirm-order-detail-step.ts,3579a3235e,2025-11-20T00:54:30+05:30,49
posx-frido-backend,1d7c4a1548,2026-01-08T14:53:57+05:30,src/workflows/order-detail/steps/confirm-order-detail-step.ts,b77899b2ba,2025-12-31T16:47:38+05:30,7
posx-frido-backend,1d7c4a1548,2026-01-08T14:53:57+05:30,src/workflows/order-detail/steps/confirm-order-detail-step.ts,a48ad5eeeb,2025-08-08T03:03:16+05:30,153
posx-frido-backend,1d7c4a1548,2026-01-08T14:53:57+05:30,src/workflows/order-detail/steps/confirm-order-detail-step.ts,398e5ada0a,2025-10-08T16:59:16+05:30,91
posx-frido-backend,1d7c4a1548,2026-01-08T14:53:57+05:30,src/workflows/order-detail/steps/confirm-order-detail-step.ts,ebcbb8be68,2025-10-30T17:08:23+05:30,69
posx-frido-backend,8735df6f8d,2026-01-10T12:59:11+05:30,src/api/admin/order-detail/export/route.ts,27ecee9218,2026-01-06T14:37:04+05:30,3
posx-frido-backend,8735df6f8d,2026-01-10T12:59:11+05:30,src/api/admin/order-detail/export/route.ts,6fe392fc3c,2025-11-14T12:27:20+05:30,57
posx-frido-backend,8735df6f8d,2026-01-10T12:59:11+05:30,src/modules/order-detail/migrations/.snapshot-postgres.json,c23671d2e6,2026-01-01T15:02:25+05:30,8
posx-frido-backend,8735df6f8d,2026-01-10T12:59:11+05:30,src/modules/order-detail/models/order-detail.ts,b77899b2ba,2025-12-31T16:47:38+05:30,9
posx-frido-backend,8735df6f8d,2026-01-10T12:59:11+05:30,src/modules/unicommerce/service.ts,b77899b2ba,2025-12-31T16:47:38+05:30,9
posx-frido-backend,8735df6f8d,2026-01-10T12:59:11+05:30,src/subscribers/unicommerce-sale-order-creation.ts,b77899b2ba,2025-12-31T16:47:38+05:30,9
posx-frido-backend,95c40998b3,2026-01-13T15:08:49+05:30,src/api/admin/order-detail/export/route.ts,8735df6f8d,2026-01-10T12:59:11+05:30,3
posx-frido-backend,95c40998b3,2026-01-13T15:08:49+05:30,src/jobs/complete-unicommerce-fulfillments.ts,8735df6f8d,2026-01-10T12:59:11+05:30,3
posx-frido-backend,5d0401b5b3,2026-01-16T14:51:41+05:30,src/workflows/cart/steps/aggregate-product-quantities-step.ts,5f7316b957,2025-10-17T16:40:02+05:30,90
posx-frido-backend,5d0401b5b3,2026-01-16T14:51:41+05:30,src/workflows/cart/steps/aggregate-product-quantities-step.ts,ad97e0cd2d,2025-07-31T18:40:35+05:30,168
posx-frido-backend,5d0401b5b3,2026-01-16T14:51:41+05:30,src/workflows/cart/steps/apply-combo-discount-to-cart-step.ts,ad97e0cd2d,2025-07-31T18:40:35+05:30,168
posx-frido-backend,5d0401b5b3,2026-01-16T14:51:41+05:30,src/workflows/cart/steps/apply-combo-discount-to-cart-step.ts,f5b560179d,2025-08-08T10:55:24+05:30,161
posx-frido-backend,5d0401b5b3,2026-01-16T14:51:41+05:30,src/workflows/cart/steps/determine-product-discounts-step.ts,ad97e0cd2d,2025-07-31T18:40:35+05:30,168
posx-frido-backend,5d0401b5b3,2026-01-16T14:51:41+05:30,src/workflows/cart/workflows/apply-combo-discount.ts,b9bb2ffa4e,2025-07-18T16:42:02+05:30,181
posx-frido-backend,5d0401b5b3,2026-01-16T14:51:41+05:30,src/workflows/cart/workflows/apply-combo-discount.ts,32fa26c828,2025-08-08T00:45:53+05:30,161
posx-frido-backend,5d0401b5b3,2026-01-16T14:51:41+05:30,src/workflows/cart/workflows/apply-combo-discount.ts,ad97e0cd2d,2025-07-31T18:40:35+05:30,168
posx-frido-backend,5d0401b5b3,2026-01-16T14:51:41+05:30,src/workflows/cart/workflows/get-discount-percentage.ts,32fa26c828,2025-08-08T00:45:53+05:30,161
posx-frido-backend,5d0401b5b3,2026-01-16T14:51:41+05:30,src/workflows/online-order/steps/create-online-order-step.ts,92a07a16da,2025-08-08T01:04:09+05:30,161
posx-frido-backend,5d0401b5b3,2026-01-16T14:51:41+05:30,src/workflows/online-order/steps/create-online-order-step.ts,7e37409b20,2025-09-24T01:04:47+05:30,114
posx-frido-backend,5d0401b5b3,2026-01-16T14:51:41+05:30,src/workflows/online-order/steps/create-online-order-step.ts,6645e34f8d,2025-08-08T10:19:29+05:30,161
posx-frido-backend,5d0401b5b3,2026-01-16T14:51:41+05:30,src/workflows/order-detail/steps/create-order-detail-step.ts,32fa26c828,2025-08-08T00:45:53+05:30,161
posx-frido-backend,5d0401b5b3,2026-01-16T14:51:41+05:30,src/workflows/order-detail/steps/create-order-detail-step.ts,7e37409b20,2025-09-24T01:04:47+05:30,114
posx-frido-backend,5d0401b5b3,2026-01-16T14:51:41+05:30,src/workflows/order-detail/steps/create-order-detail-step.ts,a48ad5eeeb,2025-08-08T03:03:16+05:30,161
posx-frido-backend,bd5f717596,2026-01-23T15:33:08+05:30,src/api/admin/cms/export/route.ts,098473d115,2025-07-11T11:42:55+05:30,196
posx-frido-backend,bd5f717596,2026-01-23T15:33:08+05:30,src/workflows/cms/steps/generate-cms-csv-step.ts,ca68264017,2026-01-23T14:39:52+05:30,0
posx-frido-backend,b4371a5d41,2026-01-26T15:37:40+05:30,src/workflows/online-cart/steps/check-variant-is-available.ts,9085a7c5b4,2025-09-24T17:18:07+05:30,123
posx-frido-backend,a96f312645,2026-01-27T16:56:51+05:30,src/workflows/helper/workflows/apply-discount.ts,d2029c37a3,2026-01-09T18:16:07+05:30,17
posx-frido-backend,b18c61a73b,2026-01-28T10:21:02+05:30,src/workflows/cms/steps/generate-cms-csv-step.ts,ca68264017,2026-01-23T14:39:52+05:30,4
posx-frido-backend,4833a608ad,2026-01-30T18:26:25+05:30,src/subscribers/update-cms-accumulation.ts,b0ed15691a,2026-01-30T18:20:05+05:30,0
posx-frido-backend,1acd44e292,2026-01-30T18:30:10+05:30,src/subscribers/update-cms-accumulation.ts,b0ed15691a,2026-01-30T18:20:05+05:30,0
posx-frido-backend,71cd4bd241,2026-02-03T12:19:14+05:30,src/subscribers/return-order-confirmed.ts,25580ec39f,2026-01-19T12:09:25+05:30,15
posx-frido-backend,71cd4bd241,2026-02-03T12:19:14+05:30,src/subscribers/return-order-confirmed.ts,749c00de8d,2026-01-30T19:02:03+05:30,3
posx-frido-backend,472392e454,2026-02-04T14:02:28+05:30,src/modules/payment-details/migrations/.snapshot-frido.json,c08cc7d00d,2025-10-08T14:59:35+05:30,118
posx-frido-backend,472392e454,2026-02-04T14:02:28+05:30,src/workflows/order-return-and-exchange/workflows/confirm-exchange-order.ts,69de5ab7f8,2026-01-20T15:59:36+05:30,14
posx-frido-backend,472392e454,2026-02-04T14:02:28+05:30,src/workflows/payment-detail/steps/create-refund-payment-step.ts,caf274e23f,2026-02-02T18:47:25+05:30,1
posx-frido-backend,ea929499e5,2026-02-13T14:49:17+05:30,src/modules/pdf-client/quotation.ejs,509268d2ef,2025-08-11T15:03:01+05:30,185
posx-frido-backend,ea929499e5,2026-02-13T14:49:17+05:30,src/workflows/quotation/steps/generate-and-send-quotation-step.ts,3298f40725,2025-09-24T19:49:30+05:30,141
posx-frido-backend,ea929499e5,2026-02-13T14:49:17+05:30,src/workflows/quotation/steps/generate-and-send-quotation-step.ts,a126e5183c,2025-08-12T12:37:12+05:30,185
posx-frido-backend,ea929499e5,2026-02-13T14:49:17+05:30,src/workflows/quotation/steps/regenerate-quotation-pdf-step.ts,3298f40725,2025-09-24T19:49:30+05:30,141
posx-frido-backend,09c0c82ce5,2026-02-17T18:07:22+05:30,src/workflows/quotation/steps/create-quotation-step.ts,762e7a7ebd,2025-10-10T00:09:29+05:30,130
posx-frido-backend,7503852e2c,2026-02-24T16:13:04+05:30,src/modules/pdf-client/quotation.ejs,509268d2ef,2025-08-11T15:03:01+05:30,197
posx-frido-backend,7503852e2c,2026-02-24T16:13:04+05:30,src/modules/pdf-client/quotation.ejs,c08ba0cbc6,2025-08-12T16:23:38+05:30,195
posx-frido-backend,7503852e2c,2026-02-24T16:13:04+05:30,src/modules/pdf-client/quotation.ejs,dd7f3b7989,2025-08-20T11:37:05+05:30,188
posx-frido-backend,afd4a15de1,2026-02-19T20:00:32+05:30,src/modules/petty-cash/service.ts,4c751e35ef,2026-02-19T19:50:49+05:30,0
posx-frido-backend,7536490a33,2026-02-20T17:53:25+05:30,src/api/admin/petty-cash/route.ts,3ff49d002d,2026-02-20T17:43:08+05:30,0
posx-frido-backend,7536490a33,2026-02-20T17:53:25+05:30,src/api/admin/petty-cash/route.ts,4c751e35ef,2026-02-19T19:50:49+05:30,0
posx-frido-backend,0a3b22e56f,2026-02-21T11:11:21+05:30,src/api/admin/petty-cash/export/route.ts,4c751e35ef,2026-02-19T19:50:49+05:30,1
posx-frido-backend,0a3b22e56f,2026-02-21T11:11:21+05:30,src/api/admin/petty-cash/export/route.ts,3ff49d002d,2026-02-20T17:43:08+05:30,0
posx-frido-backend,0a3b22e56f,2026-02-21T11:11:21+05:30,src/api/admin/petty-cash/route.ts,3ff49d002d,2026-02-20T17:43:08+05:30,0
posx-frido-backend,0a3b22e56f,2026-02-21T11:11:21+05:30,src/api/admin/petty-cash/route.ts,4c751e35ef,2026-02-19T19:50:49+05:30,1
posx-frido-backend,0a3b22e56f,2026-02-21T11:11:21+05:30,src/api/admin/petty-cash/route.ts,7536490a33,2026-02-20T17:53:25+05:30,0
posx-frido-backend,0a3b22e56f,2026-02-21T11:11:21+05:30,src/links/petty-cash-request-employee.ts,4c751e35ef,2026-02-19T19:50:49+05:30,1
posx-frido-backend,0a3b22e56f,2026-02-21T11:11:21+05:30,src/links/petty-cash-transaction-employee.ts,4c751e35ef,2026-02-19T19:50:49+05:30,1
posx-frido-backend,0a3b22e56f,2026-02-21T11:11:21+05:30,src/types/validators/petty-cash.ts,4c751e35ef,2026-02-19T19:50:49+05:30,1
posx-frido-backend,96048524a8,2026-02-25T18:02:02+05:30,src/api/admin/petty-cash/categories/[id]/route.ts,beb3048b3f,2026-02-25T17:42:44+05:30,0
posx-frido-backend,96048524a8,2026-02-25T18:02:02+05:30,src/api/admin/petty-cash/categories/route.ts,beb3048b3f,2026-02-25T17:42:44+05:30,0
posx-frido-backend,96048524a8,2026-02-25T18:02:02+05:30,src/workflows/petty-cash/steps/approve-petty-cash-request-step.ts,4c751e35ef,2026-02-19T19:50:49+05:30,5
posx-frido-backend,96048524a8,2026-02-25T18:02:02+05:30,src/workflows/petty-cash/steps/create-petty-cash-transaction-step.ts,4c751e35ef,2026-02-19T19:50:49+05:30,5
posx-frido-backend,96048524a8,2026-02-25T18:02:02+05:30,src/workflows/petty-cash/steps/create-petty-cash-transaction-step.ts,beb3048b3f,2026-02-25T17:42:44+05:30,0
posx-frido-backend,96048524a8,2026-02-25T18:02:02+05:30,src/workflows/petty-cash/steps/review-petty-cash-request-step.ts,4c751e35ef,2026-02-19T19:50:49+05:30,5
posx-frido-backend,dfdf7399de,2026-02-25T18:08:06+05:30,src/api/admin/petty-cash/categories/route.ts,beb3048b3f,2026-02-25T17:42:44+05:30,0
posx-frido-backend,2d9e9248d7,2026-03-06T18:29:08+05:30,src/modules/order-detail/service.ts,e16bf4c910,2026-01-06T16:46:38+05:30,59
posx-frido-backend,07d8cae59e,2026-03-06T21:48:41+05:30,src/types/validators/quotation.ts,d2ad69f3a8,2025-08-08T10:32:44+05:30,210
posx-frido-backend,518eb66f91,2026-02-06T16:29:50+05:30,src/workflows/cart/steps/fetch-combo-discount-config-step.ts,b9bb2ffa4e,2025-07-18T16:42:02+05:30,202
posx-frido-backend,518eb66f91,2026-02-06T16:29:50+05:30,src/workflows/cart/workflows/apply-combo-discount.ts,32fa26c828,2025-08-08T00:45:53+05:30,182
posx-frido-backend,518eb66f91,2026-02-06T16:29:50+05:30,src/workflows/cart/workflows/apply-combo-discount.ts,5d0401b5b3,2026-01-16T14:51:41+05:30,21
posx-frido-backend,518eb66f91,2026-02-06T16:29:50+05:30,src/workflows/cart/workflows/apply-combo-discount.ts,b9bb2ffa4e,2025-07-18T16:42:02+05:30,202
posx-frido-backend,518eb66f91,2026-02-06T16:29:50+05:30,src/workflows/order-detail/steps/create-order-detail-step.ts,098473d115,2025-07-11T11:42:55+05:30,210
posx-frido-backend,518eb66f91,2026-02-06T16:29:50+05:30,src/workflows/order-detail/steps/create-order-detail-step.ts,5d0401b5b3,2026-01-16T14:51:41+05:30,21
posx-frido-backend,518eb66f91,2026-02-06T16:29:50+05:30,src/workflows/order-detail/steps/create-order-detail-step.ts,32fa26c828,2025-08-08T00:45:53+05:30,182
posx-frido-backend,518eb66f91,2026-02-06T16:29:50+05:30,src/workflows/order-detail/steps/create-order-detail-step.ts,33e7bb1ceb,2025-10-11T18:56:33+05:30,117
posx-frido-backend,518eb66f91,2026-02-06T16:29:50+05:30,src/workflows/order-detail/steps/create-order-detail-step.ts,6645e34f8d,2025-08-08T10:19:29+05:30,182
posx-frido-backend,518eb66f91,2026-02-06T16:29:50+05:30,src/workflows/order-detail/steps/create-order-detail-step.ts,a48ad5eeeb,2025-08-08T03:03:16+05:30,182
posx-frido-backend,518eb66f91,2026-02-06T16:29:50+05:30,src/workflows/order-detail/steps/create-order-detail-step.ts,7e37409b20,2025-09-24T01:04:47+05:30,135
posx-frido-backend,a8f3b072cc,2026-02-09T17:38:19+05:30,src/api/admin/products/[id]/route.ts,518eb66f91,2026-02-06T16:29:50+05:30,3
posx-frido-backend,a8f3b072cc,2026-02-09T17:38:19+05:30,src/lib/helpers/tectonic-volume-discount-helper.ts,518eb66f91,2026-02-06T16:29:50+05:30,3
posx-frido-backend,a8f3b072cc,2026-02-09T17:38:19+05:30,src/types/validators/volume-discount.ts,518eb66f91,2026-02-06T16:29:50+05:30,3
posx-frido-backend,a8f3b072cc,2026-02-09T17:38:19+05:30,src/workflows/cart/steps/apply-tectonic-combo-discount-to-cart-step.ts,518eb66f91,2026-02-06T16:29:50+05:30,3
posx-frido-backend,a8f3b072cc,2026-02-09T17:38:19+05:30,src/workflows/cart/steps/fetch-tectonic-volume-discounts-step.ts,518eb66f91,2026-02-06T16:29:50+05:30,3
posx-frido-backend,a8f3b072cc,2026-02-09T17:38:19+05:30,src/workflows/order-detail/steps/create-order-detail-step.ts,518eb66f91,2026-02-06T16:29:50+05:30,3
posx-frido-backend,0ec2350ec4,2026-03-11T17:04:02+05:30,src/workflows/online-order/steps/create-online-order-step.ts,098473d115,2025-07-11T11:42:55+05:30,243
posx-frido-backend,0ec2350ec4,2026-03-11T17:04:02+05:30,src/workflows/online-order/steps/create-online-order-step.ts,5d0401b5b3,2026-01-16T14:51:41+05:30,54
posx-frido-backend,0ec2350ec4,2026-03-11T17:04:02+05:30,src/workflows/online-order/steps/create-online-order-step.ts,92a07a16da,2025-08-08T01:04:09+05:30,215
posx-frido-backend,0ec2350ec4,2026-03-11T17:04:02+05:30,src/workflows/online-order/steps/create-online-order-step.ts,33e7bb1ceb,2025-10-11T18:56:33+05:30,150
posx-frido-backend,0ec2350ec4,2026-03-11T17:04:02+05:30,src/workflows/online-order/steps/create-online-order-step.ts,6645e34f8d,2025-08-08T10:19:29+05:30,215
posx-frido-backend,0ec2350ec4,2026-03-11T17:04:02+05:30,src/workflows/online-order/steps/create-online-order-step.ts,7e37409b20,2025-09-24T01:04:47+05:30,168
posx-frido-backend,0850ba20d9,2026-03-12T10:19:07+05:30,src/api/adsr/order-payment/route.ts,d4d92e3447,2025-12-09T18:07:56+05:30,92
posx-frido-backend,0850ba20d9,2026-03-12T10:19:07+05:30,src/api/adsr/order-payment/route.ts,33e7bb1ceb,2025-10-11T18:56:33+05:30,151
posx-frido-backend,0850ba20d9,2026-03-12T10:19:07+05:30,src/api/adsr/order-payment/route.ts,1f6c541bde,2025-12-09T18:17:44+05:30,92
posx-frido-backend,69821570a4,2026-03-12T17:34:23+05:30,src/modules/order-detail/service.ts,098473d115,2025-07-11T11:42:55+05:30,244
posx-frido-backend,69821570a4,2026-03-12T17:34:23+05:30,src/modules/order-detail/service.ts,2da7ba3939,2026-01-19T13:25:10+05:30,52
posx-frido-backend,69821570a4,2026-03-12T17:34:23+05:30,src/workflows/order-detail/steps/generate-coupon-usage-csv-step.ts,098473d115,2025-07-11T11:42:55+05:30,244
posx-frido-backend,0c6be27133,2026-03-12T19:55:48+05:30,src/api/admin/manual-sync/route.ts,12c427b500,2026-03-12T19:52:55+05:30,0
posx-frido-backend,0931e9547c,2026-03-12T20:18:22+05:30,src/subscribers/order-detail-shopify-unicommerce.ts,2a72351c2f,2026-02-22T11:54:30+05:30,18
posx-frido-backend,0931e9547c,2026-03-12T20:18:22+05:30,src/subscribers/order-detail-shopify-unicommerce.ts,4fba53cca0,2026-02-22T15:38:11+05:30,18
posx-frido-backend,0c63b50035,2026-03-19T18:28:07+05:30,src/lib/helpers/calculate-custom-discount.ts,32fa26c828,2025-08-08T00:45:53+05:30,223
posx-frido-backend,82508c2071,2026-03-25T18:27:44+05:30,src/types/validators/cart.ts,b77899b2ba,2025-12-31T16:47:38+05:30,84
posx-frido-backend,82508c2071,2026-03-25T18:27:44+05:30,src/types/validators/cart.ts,098473d115,2025-07-11T11:42:55+05:30,257
posx-frido-backend,82508c2071,2026-03-25T18:27:44+05:30,src/types/validators/cart.ts,2f87cf9f19,2025-10-09T11:01:00+05:30,167
posx-frido-backend,289bf36ddb,2026-03-25T18:33:00+05:30,src/lib/helpers/build-summary.ts,098473d115,2025-07-11T11:42:55+05:30,257
posx-frido-backend,66041e8551,2026-04-06T18:36:17+05:30,src/types/validators/order-detail.ts,098473d115,2025-07-11T11:42:55+05:30,269
posx-frido-backend,de830a12a6,2026-04-16T21:28:26+05:30,src/workflows/exports/steps/generate-payment-export-csv-step.ts,098473d115,2025-07-11T11:42:55+05:30,279
posx-frido-backend,04eaa17056,2026-04-17T16:59:17+05:30,src/workflows/exports/steps/generate-order-export-csv-step.ts,098473d115,2025-07-11T11:42:55+05:30,280
posx-frido-backend,44f7aa7762,2026-04-20T17:11:30+05:30,package-lock.json,db751971b8,2025-10-11T11:27:22+05:30,191
posx-frido-backend,44f7aa7762,2026-04-20T17:11:30+05:30,package-lock.json,098473d115,2025-07-11T11:42:55+05:30,283
posx-frido-backend,44f7aa7762,2026-04-20T17:11:30+05:30,src/lib/shopify-sdk.ts,098473d115,2025-07-11T11:42:55+05:30,283
posx-frido-backend,44f7aa7762,2026-04-20T17:11:30+05:30,src/types/validators/cart.ts,c061e1a035,2025-08-07T12:10:46+05:30,256
posx-frido-backend,c006ae60b5,2026-04-20T17:47:07+05:30,src/api/admin/feedback/config/route.ts,d7adfcbc9e,2026-04-20T16:58:29+05:30,0
posx-frido-backend,c006ae60b5,2026-04-20T17:47:07+05:30,src/lib/helpers/build-summary.ts,c061e1a035,2025-08-07T12:10:46+05:30,256
posx-frido-backend,c006ae60b5,2026-04-20T17:47:07+05:30,src/types/validators/feedback.ts,d7adfcbc9e,2026-04-20T16:58:29+05:30,0
posx-frido-backend,c006ae60b5,2026-04-20T17:47:07+05:30,src/workflows/feedback/steps/create-feedback-config-step.ts,d7adfcbc9e,2026-04-20T16:58:29+05:30,0
posx-frido-backend,c006ae60b5,2026-04-20T17:47:07+05:30,src/workflows/feedback/steps/create-feedback-response-step.ts,d7adfcbc9e,2026-04-20T16:58:29+05:30,0
posx-frido-backend,7559739478,2026-04-21T12:50:11+05:30,src/lib/shopify-sdk.ts,44f7aa7762,2026-04-20T17:11:30+05:30,0
posx-frido-backend,6a42e3208d,2026-04-24T15:23:04+05:30,src/api/shopify/webhooks/middlewares.ts,dbaf45089a,2026-04-23T15:35:43+05:30,0
posx-frido-backend,6a42e3208d,2026-04-24T15:23:04+05:30,src/api/shopify/webhooks/order/cancelled/route.ts,dbaf45089a,2026-04-23T15:35:43+05:30,0
posx-frido-backend,6a42e3208d,2026-04-24T15:23:04+05:30,src/api/shopify/webhooks/order/updated/route.ts,dbaf45089a,2026-04-23T15:35:43+05:30,0
posx-frido-backend,6025a64de7,2026-04-24T16:04:59+05:30,src/api/shopify/webhooks/order/cancelled/route.ts,dbaf45089a,2026-04-23T15:35:43+05:30,1
posx-frido-backend,6025a64de7,2026-04-24T16:04:59+05:30,src/api/shopify/webhooks/order/updated/route.ts,dbaf45089a,2026-04-23T15:35:43+05:30,1
posx-frido-backend,6025a64de7,2026-04-24T16:04:59+05:30,src/workflows/shopify-collection/steps/throw-error-if-collection-do-not-exists-step.ts,098473d115,2025-07-11T11:42:55+05:30,287
posx-frido-backend,6025a64de7,2026-04-24T16:04:59+05:30,src/workflows/shopify-collection/workflows/update-shopify-collection.ts,098473d115,2025-07-11T11:42:55+05:30,287
posx-frido-backend,8636078308,2026-04-30T12:39:18+05:30,src/api/shopify/webhooks/order/updated/route.ts,dbaf45089a,2026-04-23T15:35:43+05:30,6
posx-frido-backend,8636078308,2026-04-30T12:39:18+05:30,src/api/shopify/webhooks/order/updated/route.ts,6a42e3208d,2026-04-24T15:23:04+05:30,5
posx-frido-backend,a8667958fd,2026-05-13T18:09:44+05:30,src/jobs/inventory-snapshot.ts,5f1b3dfb0f,2025-09-27T15:19:14+05:30,228
posx-frido-backend,a8667958fd,2026-05-13T18:09:44+05:30,src/jobs/inventory-snapshot.ts,098473d115,2025-07-11T11:42:55+05:30,306
posx-frido-backend,2fbb1259cf,2026-05-25T12:55:12+05:30,src/modules/feedback/service.ts,d7adfcbc9e,2026-04-20T16:58:29+05:30,34
posx-frido-backend,105660d4cf,2026-06-04T18:50:41+05:30,src/workflows/exports/steps/generate-order-export-csv-step.ts,8151e97906,2026-05-28T15:04:40+05:30,7
posx-frido-backend,0a9939199e,2026-06-20T14:37:20+05:30,src/workflows/shopify-product/steps/check-shopify-product-existance-step.ts,098473d115,2025-07-11T11:42:55+05:30,344
posx-frido-backend,0a9939199e,2026-06-20T14:37:20+05:30,src/workflows/shopify-product/steps/create-medusa-product-step.ts,098473d115,2025-07-11T11:42:55+05:30,344
posx-frido-backend,0a9939199e,2026-06-20T14:37:20+05:30,src/workflows/shopify-product/steps/delete-product-variant-steps.ts,098473d115,2025-07-11T11:42:55+05:30,344
posx-frido-backend,0a9939199e,2026-06-20T14:37:20+05:30,src/workflows/shopify-product/steps/throw-error-if-product-do-not-exists-step.ts,098473d115,2025-07-11T11:42:55+05:30,344
posx-frido-backend,0a9939199e,2026-06-20T14:37:20+05:30,src/workflows/shopify-product/steps/throw-error-if-product-do-not-exists-step.ts,b13d32b5a7,2025-12-30T00:55:29+05:30,172
posx-frido-backend,0a9939199e,2026-06-20T14:37:20+05:30,src/workflows/shopify-product/steps/update-medusa-product-step.ts,098473d115,2025-07-11T11:42:55+05:30,344
posx-frido-backend,0a9939199e,2026-06-20T14:37:20+05:30,src/workflows/shopify-product/steps/update-product-variant-steps.ts,098473d115,2025-07-11T11:42:55+05:30,344
posx-frido-backend,0a9939199e,2026-06-20T14:37:20+05:30,src/workflows/shopify-product/steps/update-shopify-product-step.ts,098473d115,2025-07-11T11:42:55+05:30,344
posx-frido-backend,0a9939199e,2026-06-20T14:37:20+05:30,src/workflows/shopify-product/update-shopify-product.ts,098473d115,2025-07-11T11:42:55+05:30,344
posx-frido-backend,a8c6856f94,2026-06-26T12:56:48+05:30,src/api/change-returnable/route.ts,098473d115,2025-07-11T11:42:55+05:30,350
posx-frido-backend,a8c6856f94,2026-06-26T12:56:48+05:30,src/jobs/change-returnable-status-of-order.ts,098473d115,2025-07-11T11:42:55+05:30,350
posx-frido-backend,a8c6856f94,2026-06-26T12:56:48+05:30,src/jobs/change-returnable-status-of-order.ts,fc9f5b8005,2026-06-16T08:17:24+05:30,10
posx-frido-backend,a8c6856f94,2026-06-26T12:56:48+05:30,src/workflows/system-config/steps/generate-code-step.ts,098473d115,2025-07-11T11:42:55+05:30,350
posx-frido-backend,5fb063bb2c,2026-06-19T15:50:28+05:30,src/modules/amazon-pay/__tests__/signature.unit.spec.ts,6ef4f799a2,2026-06-15T12:42:32+05:30,4
posx-frido-backend,5fb063bb2c,2026-06-19T15:50:28+05:30,src/modules/amazon-pay/lib/signature.ts,6ef4f799a2,2026-06-15T12:42:32+05:30,4
posx-frido-backend,5fb063bb2c,2026-06-19T15:50:28+05:30,src/modules/amazon-pay/service.ts,cf94d38173,2026-06-15T17:36:13+05:30,3
posx-frido-backend,5fb063bb2c,2026-06-19T15:50:28+05:30,src/scripts/amazon-pay-smoke.ts,cf94d38173,2026-06-15T17:36:13+05:30,3
posx-frido-backend,39b5e3ad74,2026-06-27T12:56:14+05:30,src/api/admin/payment-details/verify/route.ts,098473d115,2025-07-11T11:42:55+05:30,351
posx-frido-backend,39b5e3ad74,2026-06-27T12:56:14+05:30,src/api/amazon-pay/webhook/route.ts,6ef4f799a2,2026-06-15T12:42:32+05:30,12
posx-frido-backend,39b5e3ad74,2026-06-27T12:56:14+05:30,src/workflows/payment-detail/steps/verify-payment-details-step.ts,f54d6d8d9a,2025-08-01T18:15:21+05:30,329
posx-frido-backend,39b5e3ad74,2026-06-27T12:56:14+05:30,src/workflows/payment-detail/steps/verify-payment-details-step.ts,098473d115,2025-07-11T11:42:55+05:30,351
posx-frido-backend,39b5e3ad74,2026-06-27T12:56:14+05:30,src/workflows/payment-detail/steps/verify-payment-details-step.ts,6ef4f799a2,2026-06-15T12:42:32+05:30,12
posx-frido-backend,39b5e3ad74,2026-06-27T12:56:14+05:30,src/workflows/payment-detail/steps/verify-payment-details-step.ts,cf94d38173,2026-06-15T17:36:13+05:30,11
posx-frido-backend,39b5e3ad74,2026-06-27T12:56:14+05:30,src/workflows/payment-detail/workflows/verify-payment-detail.ts,098473d115,2025-07-11T11:42:55+05:30,351
posx-frido-backend,6cf0d32f6b,2026-07-02T16:28:28+05:30,src/api/admin/order-detail/export/route.ts,7a87fa14f1,2026-06-02T15:35:21+05:30,30
posx-frido-backend,6cf0d32f6b,2026-07-02T16:28:28+05:30,src/api/admin/order-detail/export/route.ts,098473d115,2025-07-11T11:42:55+05:30,356
posx-frido-backend,6cf0d32f6b,2026-07-02T16:28:28+05:30,src/api/admin/order-detail/export/route.ts,04eaa17056,2026-04-17T16:59:17+05:30,75
posx-frido-backend,6cf0d32f6b,2026-07-02T16:28:28+05:30,src/modules/order-detail/service.ts,4326110b92,2026-01-02T16:25:50+05:30,181
posx-frido-backend,6cf0d32f6b,2026-07-02T16:28:28+05:30,src/modules/order-detail/service.ts,2da7ba3939,2026-01-19T13:25:10+05:30,164
posx-frido-backend,6cf0d32f6b,2026-07-02T16:28:28+05:30,src/workflows/exports/steps/generate-order-export-csv-step.ts,f740e4ee02,2025-11-12T20:11:52+05:30,231
posx-frido-backend,6cf0d32f6b,2026-07-02T16:28:28+05:30,src/workflows/exports/steps/generate-order-export-csv-step.ts,17f2cf402e,2025-12-03T22:19:02+05:30,210
posx-frido-backend,6cf0d32f6b,2026-07-02T16:28:28+05:30,src/workflows/exports/steps/generate-order-export-csv-step.ts,098473d115,2025-07-11T11:42:55+05:30,356
posx-frido-backend,6cf0d32f6b,2026-07-02T16:28:28+05:30,src/workflows/exports/steps/generate-order-export-csv-step.ts,2557f2bc25,2026-06-05T18:31:43+05:30,26
posx-frido-backend,6cf0d32f6b,2026-07-02T16:28:28+05:30,src/workflows/exports/steps/generate-order-export-csv-step.ts,27ecee9218,2026-01-06T14:37:04+05:30,177
posx-frido-backend,6cf0d32f6b,2026-07-02T16:28:28+05:30,src/workflows/exports/steps/generate-order-export-csv-step.ts,8a7fec644d,2025-12-03T22:28:18+05:30,210
posx-frido-backend,6cf0d32f6b,2026-07-02T16:28:28+05:30,src/workflows/exports/steps/generate-order-export-csv-step.ts,83d4c3390c,2025-11-24T14:57:26+05:30,220
posx-frido-backend,6cf0d32f6b,2026-07-02T16:28:28+05:30,src/workflows/exports/steps/generate-order-export-csv-step.ts,04eaa17056,2026-04-17T16:59:17+05:30,75
posx-frido-backend,6cf0d32f6b,2026-07-02T16:28:28+05:30,src/workflows/exports/workflows/export-order-details-workflow.ts,098473d115,2025-07-11T11:42:55+05:30,356
posx-frido-backend,c4596f1725,2026-07-07T13:29:10+05:30,src/workflows/payment-detail/steps/create-payment-detail.ts,098473d115,2025-07-11T11:42:55+05:30,361
posx-frido-backend,ec09e22339,2026-07-09T14:46:26+05:30,src/workflows/exports/steps/generate-order-export-csv-step.ts,6cf0d32f6b,2026-07-02T16:28:28+05:30,6
posx-frido-backend,c73009eebc,2026-07-15T16:10:54+05:30,src/api/shopify/webhooks/product/update/route.ts,5c41d7970e,2026-04-04T09:58:44+05:30,102
posx-frido-backend,c73009eebc,2026-07-15T16:10:54+05:30,src/workflows/cart/steps/add-freebies-step.ts,75ff31e9ad,2026-01-08T13:15:43+05:30,188
posx-frido-backend,c73009eebc,2026-07-15T16:10:54+05:30,src/workflows/cart/steps/get-medusa-product-variant-step.ts,9dffa5cab8,2026-04-06T17:53:55+05:30,99
posx-frido-backend,c73009eebc,2026-07-15T16:10:54+05:30,src/workflows/cart/steps/get-sku-from-unicommerce-step.ts,062c4f8739,2026-04-06T17:28:11+05:30,99
posx-frido-backend,c73009eebc,2026-07-15T16:10:54+05:30,src/workflows/cart/steps/get-sku-from-unicommerce-step.ts,9dffa5cab8,2026-04-06T17:53:55+05:30,99
posx-frido-backend,acd18932cd,2026-08-05T14:04:10+05:30,src/api/adsr/order-payment/route.ts,8c83954996,2026-05-27T17:18:37+05:30,69
posx-frido-backend,acd18932cd,2026-08-05T14:04:10+05:30,src/api/shopify/webhooks/order/updated/route.ts,dbaf45089a,2026-04-23T15:35:43+05:30,103
posx-frido-backend,acd18932cd,2026-08-05T14:04:10+05:30,src/api/shopify/webhooks/order/updated/route.ts,8636078308,2026-04-30T12:39:18+05:30,97
posx-frido-backend,acd18932cd,2026-08-05T14:04:10+05:30,src/api/shopify/webhooks/order/updated/route.ts,6a42e3208d,2026-04-24T15:23:04+05:30,102
posx-frido-backend,acd18932cd,2026-08-05T14:04:10+05:30,src/api/shopify/webhooks/order/updated/route.ts,8c83954996,2026-05-27T17:18:37+05:30,69
posx-frido-backend,acd18932cd,2026-08-05T14:04:10+05:30,src/lib/helpers/push-order-to-shopify.ts,0931e9547c,2026-03-12T20:18:22+05:30,145
posx-frido-backend,acd18932cd,2026-08-05T14:04:10+05:30,src/lib/helpers/tax-calculations.ts,290197b648,2025-09-24T12:24:40+05:30,315
posx-frido-backend,acd18932cd,2026-08-05T14:04:10+05:30,src/workflows/online-order/steps/create-online-order-step.ts,33e7bb1ceb,2025-10-11T18:56:33+05:30,297
posx-frido-backend,acd18932cd,2026-08-05T14:04:10+05:30,src/workflows/order-detail/steps/create-order-detail-step.ts,33e7bb1ceb,2025-10-11T18:56:33+05:30,297
posx-frido-backend,acd18932cd,2026-08-05T14:04:10+05:30,src/workflows/quotation/steps/create-online-order-from-quotation-step.ts,4ba73cda5b,2025-08-08T13:56:56+05:30,362
posx-frido-backend,c6ea4150bc,2026-08-12T15:34:20+05:30,src/modules/order-detail/service.ts,6cf0d32f6b,2026-07-02T16:28:28+05:30,40
posx-frido-backend,c6ea4150bc,2026-08-12T15:34:20+05:30,src/modules/order-detail/service.ts,4326110b92,2026-01-02T16:25:50+05:30,221
posx-frido-backend,c6ea4150bc,2026-08-12T15:34:20+05:30,src/workflows/exports/steps/generate-order-report-export-csv-step.ts,ff28929dfa,2026-01-13T14:14:04+05:30,211
posx-frido-backend,3f44a4bfcd,2026-08-12T18:23:05+05:30,package-lock.json,58f89b1e8c,2026-08-05T13:43:03+05:30,7
posx-frido-backend,c43d95ae64,2026-08-19T11:32:14+05:30,src/api/shopify/webhooks/product/update/route.ts,5c41d7970e,2026-04-04T09:58:44+05:30,137
posx-frido-backend,c43d95ae64,2026-08-19T11:32:14+05:30,src/api/shopify/webhooks/product/update/route.ts,b13d32b5a7,2025-12-30T00:55:29+05:30,232
posx-frido-backend,c43d95ae64,2026-08-19T11:32:14+05:30,src/jobs/inventory-snapshot.ts,098473d115,2025-07-11T11:42:55+05:30,403
posx-frido-backend,c43d95ae64,2026-08-19T11:32:14+05:30,src/modules/snapmint/service.ts,30208bd493,2025-08-18T17:05:27+05:30,365
posx-frido-backend,c43d95ae64,2026-08-19T11:32:14+05:30,src/modules/snapmint/service.ts,f54d6d8d9a,2025-08-01T18:15:21+05:30,382
posx-frido-backend,c43d95ae64,2026-08-19T11:32:14+05:30,src/modules/unicommerce/service.ts,098473d115,2025-07-11T11:42:55+05:30,403
posx-frido-backend,c43d95ae64,2026-08-19T11:32:14+05:30,src/modules/unicommerce/service.ts,dc547fb2a8,2025-12-31T17:47:10+05:30,230
posx-frido-backend,c43d95ae64,2026-08-19T11:32:14+05:30,src/modules/unicommerce/service.ts,17e73edf6a,2026-01-03T10:15:57+05:30,228
posx-frido-backend,c43d95ae64,2026-08-19T11:32:14+05:30,src/modules/unicommerce/service.ts,c8233e3a9f,2026-01-01T15:04:41+05:30,229
posx-frido-backend,c43d95ae64,2026-08-19T11:32:14+05:30,src/modules/unicommerce/service.ts,25580ec39f,2026-01-19T12:09:25+05:30,211
posx-frido-backend,c43d95ae64,2026-08-19T11:32:14+05:30,src/modules/unicommerce/service.ts,8735df6f8d,2026-01-10T12:59:11+05:30,220
posx-frido-backend,c43d95ae64,2026-08-19T11:32:14+05:30,src/modules/unicommerce/service.ts,160f609757,2026-01-07T18:19:42+05:30,223
posx-frido-backend,c43d95ae64,2026-08-19T11:32:14+05:30,src/modules/unicommerce/service.ts,7bb594eb0f,2026-01-13T14:45:58+05:30,217
posx-frido-backend,c43d95ae64,2026-08-19T11:32:14+05:30,src/subscribers/order-detail-order-confirmed.ts,7e37409b20,2025-09-24T01:04:47+05:30,329
posx-frido-backend,c43d95ae64,2026-08-19T11:32:14+05:30,src/subscribers/order-detail-order-confirmed.ts,72026638cf,2025-10-01T16:34:07+05:30,321
posx-frido-backend,c43d95ae64,2026-08-19T11:32:14+05:30,src/subscribers/order-detail-order-confirmed.ts,720d3604c7,2025-08-27T18:21:11+05:30,356
posx-frido-backend,c43d95ae64,2026-08-19T11:32:14+05:30,src/subscribers/order-detail-order-confirmed.ts,7422ca8f20,2025-08-27T16:19:53+05:30,356
posx-frido-backend,c43d95ae64,2026-08-19T11:32:14+05:30,src/workflows/online-order/steps/confirm-online-order-step.ts,d716185163,2025-12-01T11:33:45+05:30,260
posx-frido-backend,c43d95ae64,2026-08-19T11:32:14+05:30,src/workflows/online-order/steps/confirm-online-order-step.ts,098473d115,2025-07-11T11:42:55+05:30,403
posx-frido-backend,25643f27c0,2026-08-20T10:52:43+05:30,src/api/adsr/order-payment/route.ts,8c83954996,2026-05-27T17:18:37+05:30,84
posx-frido-backend,25643f27c0,2026-08-20T10:52:43+05:30,src/api/adsr/order-payment/route.ts,33e7bb1ceb,2025-10-11T18:56:33+05:30,312
posx-frido-backend,e7a24c9f4f,2026-08-22T11:16:30+05:30,src/api/admin/order-detail/[id]/route.ts,098473d115,2025-07-11T11:42:55+05:30,406
posx-frido-backend,e7a24c9f4f,2026-08-22T11:16:30+05:30,src/api/admin/order-return-and-exchange/[id]/exchange/forward/route.ts,098473d115,2025-07-11T11:42:55+05:30,406
posx-frido-backend,e7a24c9f4f,2026-08-22T11:16:30+05:30,src/api/admin/order-return-and-exchange/[id]/exchange/route.ts,69de5ab7f8,2026-01-20T15:59:36+05:30,213
posx-frido-backend,e7a24c9f4f,2026-08-22T11:16:30+05:30,src/api/admin/quotation/route.ts,6c6c5ba28d,2025-08-08T08:54:04+05:30,379
posx-frido-backend,e7a24c9f4f,2026-08-22T11:16:30+05:30,src/api/admin/quotation/route.ts,2e11375a64,2025-08-05T12:09:19+05:30,381
posx-frido-backend,e7a24c9f4f,2026-08-22T11:16:30+05:30,src/api/adsr/order-payment/route.ts,1f6c541bde,2025-12-09T18:17:44+05:30,255
posx-frido-backend,e7a24c9f4f,2026-08-22T11:16:30+05:30,src/api/datachannel/order-payment/route.ts,5a3224ceb0,2025-10-02T09:33:32+05:30,324
posx-frido-backend,e7a24c9f4f,2026-08-22T11:16:30+05:30,src/api/direct-razorpay/callback/route.ts,098473d115,2025-07-11T11:42:55+05:30,406
posx-frido-backend,e7a24c9f4f,2026-08-22T11:16:30+05:30,src/lib/helpers/order-detail-errors.ts,098473d115,2025-07-11T11:42:55+05:30,406
posx-frido-backend,e7a24c9f4f,2026-08-22T11:16:30+05:30,src/lib/helpers/push-order-to-shopify.ts,0931e9547c,2026-03-12T20:18:22+05:30,162
posx-frido-backend,e7a24c9f4f,2026-08-22T11:16:30+05:30,src/subscribers/return-order-confirmed.ts,25580ec39f,2026-01-19T12:09:25+05:30,214
posx-frido-backend,e7a24c9f4f,2026-08-22T11:16:30+05:30,src/subscribers/return-order-confirmed.ts,749c00de8d,2026-01-30T19:02:03+05:30,203
posx-frido-backend,e7a24c9f4f,2026-08-22T11:16:30+05:30,src/workflows/exports/steps/generate-feedback-export-csv-step.ts,ee0c52a437,2026-04-28T18:10:13+05:30,115
posx-frido-backend,e7a24c9f4f,2026-08-22T11:16:30+05:30,src/workflows/exports/steps/generate-payment-export-csv-step.ts,098473d115,2025-07-11T11:42:55+05:30,406
posx-frido-backend,e7a24c9f4f,2026-08-22T11:16:30+05:30,src/workflows/online-order/steps/confirm-online-order-step.ts,d716185163,2025-12-01T11:33:45+05:30,263
posx-frido-backend,e7a24c9f4f,2026-08-22T11:16:30+05:30,src/workflows/shopify-collection/steps/create-shopify-collection.ts,36040f0ea1,2025-08-14T17:49:46+05:30,372
posx-frido-backend,e7a24c9f4f,2026-08-22T11:16:30+05:30,src/workflows/shopify-collection/steps/update-product-association-with-collection-step.ts,36040f0ea1,2025-08-14T17:49:46+05:30,372
posx-frido-backend,e7a24c9f4f,2026-08-22T11:16:30+05:30,src/workflows/shopify-collection/steps/update-shopify-collection.ts,098473d115,2025-07-11T11:42:55+05:30,406
posx-frido-backend,5272e1a59d,2026-09-03T15:48:56+05:30,src/workflows/fallback-order/steps/export-fallback-orders-csv-step.ts,10acc249f6,2026-09-03T15:37:29+05:30,0
posx-frido-mobility-backend,3284c0d873,2025-09-23T16:07:20+05:30,src/workflows/online-order/steps/create-online-order-step.ts,e415bdcde0,2025-09-18T12:42:58+05:30,5
posx-frido-mobility-backend,3284c0d873,2025-09-23T16:07:20+05:30,src/workflows/online-order/steps/create-online-order-step.ts,d593a3cb21,2025-09-23T13:19:13+05:30,0
posx-frido-mobility-backend,3284c0d873,2025-09-23T16:07:20+05:30,src/workflows/order-detail/steps/create-order-detail-step.ts,e415bdcde0,2025-09-18T12:42:58+05:30,5
posx-frido-mobility-backend,12dcf2610f,2025-09-24T11:20:08+05:30,src/lib/helpers/tax-calculations.ts,718dc92dd8,2025-09-24T10:21:26+05:30,0
posx-frido-mobility-backend,12dcf2610f,2025-09-24T11:20:08+05:30,src/modules/pdf-client/service.ts,718dc92dd8,2025-09-24T10:21:26+05:30,0
posx-frido-mobility-backend,12dcf2610f,2025-09-24T11:20:08+05:30,src/modules/pdf-client/service.ts,e415bdcde0,2025-09-18T12:42:58+05:30,5
posx-frido-mobility-backend,12dcf2610f,2025-09-24T11:20:08+05:30,src/subscribers/order-detail-online-order-confirmed.ts,718dc92dd8,2025-09-24T10:21:26+05:30,0
posx-frido-mobility-backend,12dcf2610f,2025-09-24T11:20:08+05:30,src/subscribers/order-detail-order-confirmed.ts,718dc92dd8,2025-09-24T10:21:26+05:30,0
posx-frido-mobility-backend,4f5ff3261c,2025-09-28T12:56:26+05:30,src/api/admin/pos-inventory/job/route.ts,e415bdcde0,2025-09-18T12:42:58+05:30,10
posx-frido-mobility-backend,4f5ff3261c,2025-09-28T12:56:26+05:30,src/jobs/inventory-snapshot.ts,e415bdcde0,2025-09-18T12:42:58+05:30,10
posx-frido-mobility-backend,4f5ff3261c,2025-09-28T12:56:26+05:30,src/modules/unicommerce/service.ts,e415bdcde0,2025-09-18T12:42:58+05:30,10
posx-frido-mobility-backend,4f5ff3261c,2025-09-28T12:56:26+05:30,src/workflows/cart/steps/get-medusa-product-variant-step.ts,e415bdcde0,2025-09-18T12:42:58+05:30,10
posx-frido-mobility-backend,4f5ff3261c,2025-09-28T12:56:26+05:30,src/workflows/order-detail/steps/validate-order-products-step.ts,e415bdcde0,2025-09-18T12:42:58+05:30,10
posx-frido-mobility-backend,75e6d857db,2026-03-09T15:18:56+05:30,src/api/shopify/webhooks/product/create/route.ts,e415bdcde0,2025-09-18T12:42:58+05:30,172
posx-frido-mobility-backend,75e6d857db,2026-03-09T15:18:56+05:30,src/api/shopify/webhooks/product/update/route.ts,e415bdcde0,2025-09-18T12:42:58+05:30,172
posx-frido-mobility-backend,75e6d857db,2026-03-09T15:18:56+05:30,src/workflows/shopify-product/steps/throw-error-if-product-do-not-exists-step.ts,e415bdcde0,2025-09-18T12:42:58+05:30,172
posx-frido-mobility-backend,75e6d857db,2026-03-09T15:18:56+05:30,src/workflows/shopify-product/steps/validate-product-for-pos-system-step.ts,e415bdcde0,2025-09-18T12:42:58+05:30,172
posx-frido-mobility-backend,9625b6d17d,2026-04-30T14:00:23+05:30,src/workflows/online-cart/steps/check-variant-is-available.ts,85de4d9250,2025-09-25T01:14:24+05:30,217
posx-frido-mobility-backend,b80f1ef667,2026-05-07T13:11:27+05:30,src/lib/helpers/build-summary.ts,e415bdcde0,2025-09-18T12:42:58+05:30,231
posx-frido-mobility-backend,6de45b421d,2026-05-07T13:42:26+05:30,src/types/validators/cart.ts,e415bdcde0,2025-09-18T12:42:58+05:30,231
posx-frido-mobility-backend,1f785e0b9f,2026-05-07T16:02:13+05:30,src/modules/order-detail/migrations/.snapshot-postgres.json,e415bdcde0,2025-09-18T12:42:58+05:30,231
posx-frido-mobility-backend,1f785e0b9f,2026-05-07T16:02:13+05:30,src/modules/order-detail/models/order-product-detail.ts,e415bdcde0,2025-09-18T12:42:58+05:30,231
posx-frido-mobility-backend,86e8d0ffbd,2026-05-08T12:13:59+05:30,src/workflows/exports/steps/generate-payment-export-csv-step.ts,e415bdcde0,2025-09-18T12:42:58+05:30,231
posx-frido-mobility-backend,1982766f14,2026-05-26T15:22:11+05:30,src/types/validators/cart.ts,e415bdcde0,2025-09-18T12:42:58+05:30,250
posx-frido-mobility-backend,1982766f14,2026-05-26T15:22:11+05:30,src/types/validators/cart.ts,d3d82dd751,2025-10-17T13:19:35+05:30,221
posx-frido-mobility-backend,1140f33885,2026-05-26T15:47:38+05:30,src/lib/helpers/build-summary.ts,e415bdcde0,2025-09-18T12:42:58+05:30,250
posx-frido-mobility-backend,31b4d26ef2,2026-08-03T16:42:01+05:30,src/workflows/payment-detail/steps/create-payment-detail.ts,e415bdcde0,2025-09-18T12:42:58+05:30,319
posx-frido-mobility-backend,c7fa27a35d,2026-08-13T11:55:36+05:30,src/api/adsr/order-payment/route.ts,d3d82dd751,2025-10-17T13:19:35+05:30,299
posx-frido-mobility-backend,aa6025e586,2026-08-13T12:06:58+05:30,src/api/adsr/order-payment/route.ts,d3d82dd751,2025-10-17T13:19:35+05:30,299
posx-frido-mobility-backend,aa6025e586,2026-08-13T12:06:58+05:30,src/api/adsr/order-payment/route.ts,c7fa27a35d,2026-08-13T11:55:36+05:30,0
posx-frido-mobility-backend,91c3370bec,2026-08-13T12:17:52+05:30,src/api/adsr/order-payment/route.ts,c7fa27a35d,2026-08-13T11:55:36+05:30,0
posx-frido-mobility-store,ee5bca2cc6,2025-09-26T00:54:41+05:30,src/pages/online-orders/details/customer-details.tsx,e67655b4fb,2025-08-14T17:13:25+05:30,42
posx-frido-mobility-store,fc6a0a0a80,2026-03-13T11:46:33+05:30,src/libs/env.ts,e67655b4fb,2025-08-14T17:13:25+05:30,210
posx-frido-mobility-store,fc6a0a0a80,2026-03-13T11:46:33+05:30,src/libs/online-orders.ts,e67655b4fb,2025-08-14T17:13:25+05:30,210
posx-frido-mobility-store,a7baf915fe,2026-04-30T13:50:37+05:30,src/components/app/product/AddToCartModal.tsx,66b5c5c9db,2025-09-25T01:02:32+05:30,217
posx-frido-mobility-store,a7baf915fe,2026-04-30T13:50:37+05:30,src/pages/products/details.tsx,66b5c5c9db,2025-09-25T01:02:32+05:30,217
posx-frido-store,297bcf4d6e,2025-08-05T12:16:14+05:30,src/store/reducers/quotation.reducer.ts,6180275672,2025-08-01T11:02:55+05:30,4
posx-frido-store,297bcf4d6e,2025-08-05T12:16:14+05:30,src/types/quotation.ts,6180275672,2025-08-01T11:02:55+05:30,4
posx-frido-store,60d3191dac,2025-08-11T14:04:23+05:30,src/libs/env.ts,1aa6bca1d4,2025-07-11T10:03:18+05:30,31
posx-frido-store,e35fd015b8,2025-08-11T14:23:26+05:30,src/pages/products/details.tsx,14d63bc745,2025-07-23T11:48:45+05:30,19
posx-frido-store,7dc3c9bd37,2025-08-14T16:58:29+05:30,src/pages/products/index.tsx,26c1020d11,2025-08-14T16:47:59+05:30,0
posx-frido-store,7dc3c9bd37,2025-08-14T16:58:29+05:30,src/pages/products/index.tsx,1aa6bca1d4,2025-07-11T10:03:18+05:30,34
posx-frido-store,7dc3c9bd37,2025-08-14T16:58:29+05:30,src/pages/products/index.tsx,c3dba472b1,2025-08-14T15:31:00+05:30,0
posx-frido-store,7dc3c9bd37,2025-08-14T16:58:29+05:30,src/pages/products/index.tsx,5b2d8f4c21,2025-07-17T14:58:04+05:30,28
posx-frido-store,7dc3c9bd37,2025-08-14T16:58:29+05:30,src/pages/products/index.tsx,3d92a956f7,2025-07-21T16:23:22+05:30,24
posx-frido-store,3f1eea39a4,2025-08-14T17:15:50+05:30,src/pages/products/index.tsx,c3dba472b1,2025-08-14T15:31:00+05:30,0
posx-frido-store,3f1eea39a4,2025-08-14T17:15:50+05:30,src/pages/products/index.tsx,7dc3c9bd37,2025-08-14T16:58:29+05:30,0
posx-frido-store,34d7b7218b,2025-08-20T14:35:55+05:30,src/components/app/product/AddToCartModal.tsx,5b2d8f4c21,2025-07-17T14:58:04+05:30,33
posx-frido-store,34d7b7218b,2025-08-20T14:35:55+05:30,src/components/app/product/AddToCartModal.tsx,3d92a956f7,2025-07-21T16:23:22+05:30,29
posx-frido-store,34d7b7218b,2025-08-20T14:35:55+05:30,src/components/app/product/AddToCartModal.tsx,8d98fddd31,2025-07-23T17:07:31+05:30,27
posx-frido-store,34d7b7218b,2025-08-20T14:35:55+05:30,src/components/app/product/AddToCartModal.tsx,0f6b886707,2025-08-11T13:39:35+05:30,9
posx-frido-store,34d7b7218b,2025-08-20T14:35:55+05:30,src/components/app/product/AddToCartModal.tsx,d42f1b6a05,2025-07-30T13:02:57+05:30,21
posx-frido-store,34d7b7218b,2025-08-20T14:35:55+05:30,src/components/app/product/AddToCartModal.tsx,9915b007fa,2025-08-18T15:47:22+05:30,1
posx-frido-store,34d7b7218b,2025-08-20T14:35:55+05:30,src/pages/products/details.tsx,1aa6bca1d4,2025-07-11T10:03:18+05:30,40
posx-frido-store,34d7b7218b,2025-08-20T14:35:55+05:30,src/pages/products/details.tsx,5b2d8f4c21,2025-07-17T14:58:04+05:30,33
posx-frido-store,34d7b7218b,2025-08-20T14:35:55+05:30,src/pages/products/details.tsx,3d92a956f7,2025-07-21T16:23:22+05:30,29
posx-frido-store,34d7b7218b,2025-08-20T14:35:55+05:30,src/pages/products/details.tsx,14d63bc745,2025-07-23T11:48:45+05:30,28
posx-frido-store,34d7b7218b,2025-08-20T14:35:55+05:30,src/pages/products/details.tsx,0f6b886707,2025-08-11T13:39:35+05:30,9
posx-frido-store,34d7b7218b,2025-08-20T14:35:55+05:30,src/pages/products/details.tsx,d42f1b6a05,2025-07-30T13:02:57+05:30,21
posx-frido-store,34d7b7218b,2025-08-20T14:35:55+05:30,src/pages/products/details.tsx,9915b007fa,2025-08-18T15:47:22+05:30,1
posx-frido-store,681d55001d,2025-09-01T13:35:52+05:30,src/components/app/order/order-details.tsx,884e3c7410,2025-08-13T11:54:25+05:30,19
posx-frido-store,681d55001d,2025-09-01T13:35:52+05:30,src/components/app/order/order-details.tsx,e93f06c585,2025-08-11T10:08:59+05:30,21
posx-frido-store,681d55001d,2025-09-01T13:35:52+05:30,src/components/app/order/order-summary.tsx,884e3c7410,2025-08-13T11:54:25+05:30,19
posx-frido-store,681d55001d,2025-09-01T13:35:52+05:30,src/components/app/order/order-summary.tsx,0f6b886707,2025-08-11T13:39:35+05:30,20
posx-frido-store,681d55001d,2025-09-01T13:35:52+05:30,src/libs/online-orders.ts,b08c2fdfce,2025-08-07T14:07:56+05:30,24
posx-frido-store,eb7231d3c1,2025-09-02T17:27:58+05:30,src/components/app/coupons/coupons-listing.tsx,1aa6bca1d4,2025-07-11T10:03:18+05:30,53
posx-frido-store,eb7231d3c1,2025-09-02T17:27:58+05:30,src/components/app/online-orders/payments/index.tsx,1104d386f2,2025-08-05T11:57:07+05:30,28
posx-frido-store,eb7231d3c1,2025-09-02T17:27:58+05:30,src/components/app/order/steps/payment-details/cash-form/index.tsx,1aa6bca1d4,2025-07-11T10:03:18+05:30,53
posx-frido-store,eb7231d3c1,2025-09-02T17:27:58+05:30,src/components/app/order/steps/payment-details/index.tsx,1aa6bca1d4,2025-07-11T10:03:18+05:30,53
posx-frido-store,eb7231d3c1,2025-09-02T17:27:58+05:30,src/components/app/order/steps/payment-details/index.tsx,1104d386f2,2025-08-05T11:57:07+05:30,28
posx-frido-store,eb7231d3c1,2025-09-02T17:27:58+05:30,src/components/app/order/steps/payment-details/index.tsx,3d92a956f7,2025-07-21T16:23:22+05:30,43
posx-frido-store,eb7231d3c1,2025-09-02T17:27:58+05:30,src/components/app/order/steps/payment-details/razorpay-form/index.tsx,1aa6bca1d4,2025-07-11T10:03:18+05:30,53
posx-frido-store,eb7231d3c1,2025-09-02T17:27:58+05:30,src/components/app/order/steps/payment-details/razorpay-pos-form/index.tsx,1aa6bca1d4,2025-07-11T10:03:18+05:30,53
posx-frido-store,eb7231d3c1,2025-09-02T17:27:58+05:30,src/components/app/order/steps/payment-details/single-payment.tsx,1aa6bca1d4,2025-07-11T10:03:18+05:30,53
posx-frido-store,eb7231d3c1,2025-09-02T17:27:58+05:30,src/components/app/order/steps/payment-details/snapmint-form/index.tsx,166fafcc03,2025-08-01T18:12:58+05:30,31
posx-frido-store,eb7231d3c1,2025-09-02T17:27:58+05:30,src/components/app/order/steps/payment-details/snapmint-form/index.tsx,1104d386f2,2025-08-05T11:57:07+05:30,28
posx-frido-store,eb7231d3c1,2025-09-02T17:27:58+05:30,src/pages/online-orders/details/confirm-order.tsx,06284f7dde,2025-07-24T15:38:27+05:30,40
posx-frido-store,eb7231d3c1,2025-09-02T17:27:58+05:30,src/pages/online-orders/details/confirm-order.tsx,14d63bc745,2025-07-23T11:48:45+05:30,41
posx-frido-store,eb7231d3c1,2025-09-02T17:27:58+05:30,src/pages/online-orders/details/confirm-order.tsx,8d98fddd31,2025-07-23T17:07:31+05:30,41
posx-frido-store,eb7231d3c1,2025-09-02T17:27:58+05:30,src/pages/online-orders/details/customer-details.tsx,3d92a956f7,2025-07-21T16:23:22+05:30,43
posx-frido-store,eb7231d3c1,2025-09-02T17:27:58+05:30,src/pages/online-orders/details/customer-details.tsx,1aa6bca1d4,2025-07-11T10:03:18+05:30,53
posx-frido-store,eb7231d3c1,2025-09-02T17:27:58+05:30,src/pages/online-orders/details/customer-details.tsx,06284f7dde,2025-07-24T15:38:27+05:30,40
posx-frido-store,eb7231d3c1,2025-09-02T17:27:58+05:30,src/pages/online-orders/details/customer-details.tsx,b44ca1a507,2025-08-07T09:15:37+05:30,26
posx-frido-store,eb7231d3c1,2025-09-02T17:27:58+05:30,src/pages/online-orders/details/order-details.tsx,1aa6bca1d4,2025-07-11T10:03:18+05:30,53
posx-frido-store,eb7231d3c1,2025-09-02T17:27:58+05:30,src/pages/online-orders/details/order-details.tsx,4fbf35658c,2025-08-20T18:17:16+05:30,12
posx-frido-store,eb7231d3c1,2025-09-02T17:27:58+05:30,src/pages/online-orders/details/payment-details.tsx,06284f7dde,2025-07-24T15:38:27+05:30,40
posx-frido-store,eb7231d3c1,2025-09-02T17:27:58+05:30,src/pages/online-orders/details/payment-details.tsx,1aa6bca1d4,2025-07-11T10:03:18+05:30,53
posx-frido-store,eb7231d3c1,2025-09-02T17:27:58+05:30,src/pages/online-orders/details/review-order.tsx,06284f7dde,2025-07-24T15:38:27+05:30,40
posx-frido-store,eb7231d3c1,2025-09-02T17:27:58+05:30,src/pages/online-orders/details/review-order.tsx,14d63bc745,2025-07-23T11:48:45+05:30,41
posx-frido-store,eb7231d3c1,2025-09-02T17:27:58+05:30,src/pages/orders/details/customer-details.tsx,3d92a956f7,2025-07-21T16:23:22+05:30,43
posx-frido-store,eb7231d3c1,2025-09-02T17:27:58+05:30,src/pages/orders/details/customer-details.tsx,4fbf35658c,2025-08-20T18:17:16+05:30,12
posx-frido-store,eb7231d3c1,2025-09-02T17:27:58+05:30,src/pages/orders/details/customer-details.tsx,1aa6bca1d4,2025-07-11T10:03:18+05:30,53
posx-frido-store,eb7231d3c1,2025-09-02T17:27:58+05:30,src/pages/orders/details/customer-details.tsx,e01a84455c,2025-07-23T18:21:43+05:30,40
posx-frido-store,eb7231d3c1,2025-09-02T17:27:58+05:30,src/pages/orders/details/order-details.tsx,1aa6bca1d4,2025-07-11T10:03:18+05:30,53
posx-frido-store,eb7231d3c1,2025-09-02T17:27:58+05:30,src/pages/orders/details/order-details.tsx,4fbf35658c,2025-08-20T18:17:16+05:30,12
posx-frido-store,eb7231d3c1,2025-09-02T17:27:58+05:30,src/pages/orders/details/order-details.tsx,4e1d66a9c4,2025-08-25T13:17:06+05:30,8
posx-frido-store,eb7231d3c1,2025-09-02T17:27:58+05:30,src/pages/orders/details/order-details.tsx,e01a84455c,2025-07-23T18:21:43+05:30,40
posx-frido-store,eb7231d3c1,2025-09-02T17:27:58+05:30,src/pages/orders/details/payment-details.tsx,1aa6bca1d4,2025-07-11T10:03:18+05:30,53
posx-frido-store,eb7231d3c1,2025-09-02T17:27:58+05:30,src/pages/orders/details/payment-details.tsx,4fbf35658c,2025-08-20T18:17:16+05:30,12
posx-frido-store,eb7231d3c1,2025-09-02T17:27:58+05:30,src/pages/orders/details/payment-details.tsx,1104d386f2,2025-08-05T11:57:07+05:30,28
posx-frido-store,829e86cabd,2025-09-02T17:32:13+05:30,src/pages/online-orders/details/order-details.tsx,1aa6bca1d4,2025-07-11T10:03:18+05:30,53
posx-frido-store,7051a757f7,2025-09-26T00:49:52+05:30,src/pages/online-orders/details/customer-details.tsx,06284f7dde,2025-07-24T15:38:27+05:30,63
posx-frido-store,7051a757f7,2025-09-26T00:49:52+05:30,src/pages/online-orders/details/customer-details.tsx,1aa6bca1d4,2025-07-11T10:03:18+05:30,76
posx-frido-store,7051a757f7,2025-09-26T00:49:52+05:30,src/pages/online-orders/details/customer-details.tsx,11e18a3098,2025-08-07T18:41:12+05:30,49
posx-frido-store,7051a757f7,2025-09-26T00:49:52+05:30,src/pages/online-orders/details/customer-details.tsx,c502997454,2025-08-08T13:58:17+05:30,48
posx-frido-store,5ed308bdc2,2025-09-28T13:44:11+05:30,src/components/app/online-orders/payments/index.tsx,1104d386f2,2025-08-05T11:57:07+05:30,54
posx-frido-store,5ed308bdc2,2025-09-28T13:44:11+05:30,src/components/app/online-orders/payments/razorpay-pos-form/index.tsx,1aa6bca1d4,2025-07-11T10:03:18+05:30,79
posx-frido-store,5ed308bdc2,2025-09-28T13:44:11+05:30,src/components/app/online-orders/payments/single-payment.tsx,1aa6bca1d4,2025-07-11T10:03:18+05:30,79
posx-frido-store,5ed308bdc2,2025-09-28T13:44:11+05:30,src/components/app/online-orders/payments/single-payment.tsx,166fafcc03,2025-08-01T18:12:58+05:30,57
posx-frido-store,5ed308bdc2,2025-09-28T13:44:11+05:30,src/components/app/online-orders/payments/split-payment.tsx,1aa6bca1d4,2025-07-11T10:03:18+05:30,79
posx-frido-store,5ed308bdc2,2025-09-28T13:44:11+05:30,src/components/app/online-orders/payments/split-payment.tsx,166fafcc03,2025-08-01T18:12:58+05:30,57
posx-frido-store,5ed308bdc2,2025-09-28T13:44:11+05:30,src/components/app/order/steps/payment-details/exchange-payment-details.tsx,1aa6bca1d4,2025-07-11T10:03:18+05:30,79
posx-frido-store,5ed308bdc2,2025-09-28T13:44:11+05:30,src/components/app/order/steps/payment-details/index.tsx,1104d386f2,2025-08-05T11:57:07+05:30,54
posx-frido-store,5ed308bdc2,2025-09-28T13:44:11+05:30,src/components/app/order/steps/payment-details/single-payment.tsx,eb7231d3c1,2025-09-02T17:27:58+05:30,25
posx-frido-store,5ed308bdc2,2025-09-28T13:44:11+05:30,src/components/app/order/steps/payment-details/single-payment.tsx,1aa6bca1d4,2025-07-11T10:03:18+05:30,79
posx-frido-store,5ed308bdc2,2025-09-28T13:44:11+05:30,src/components/app/order/steps/payment-details/single-payment.tsx,166fafcc03,2025-08-01T18:12:58+05:30,57
posx-frido-store,5ed308bdc2,2025-09-28T13:44:11+05:30,src/components/app/order/steps/payment-details/split-payment.tsx,1aa6bca1d4,2025-07-11T10:03:18+05:30,79
posx-frido-store,5ed308bdc2,2025-09-28T13:44:11+05:30,src/components/app/order/steps/payment-details/split-payment.tsx,166fafcc03,2025-08-01T18:12:58+05:30,57
posx-frido-store,5ed308bdc2,2025-09-28T13:44:11+05:30,src/components/app/product/online-card.tsx,4488c355d1,2025-08-07T17:59:24+05:30,51
posx-frido-store,5ed308bdc2,2025-09-28T13:44:11+05:30,src/pages/coupons/index.tsx,1aa6bca1d4,2025-07-11T10:03:18+05:30,79
posx-frido-store,5ed308bdc2,2025-09-28T13:44:11+05:30,src/pages/customer/orders/details.tsx,1aa6bca1d4,2025-07-11T10:03:18+05:30,79
posx-frido-store,5ed308bdc2,2025-09-28T13:44:11+05:30,src/pages/exchanges/details.tsx,1aa6bca1d4,2025-07-11T10:03:18+05:30,79
posx-frido-store,5ed308bdc2,2025-09-28T13:44:11+05:30,src/pages/online-orders/details/confirm-order.tsx,eb7231d3c1,2025-09-02T17:27:58+05:30,25
posx-frido-store,5ed308bdc2,2025-09-28T13:44:11+05:30,src/pages/online-orders/details/customer-details.tsx,7051a757f7,2025-09-26T00:49:52+05:30,2
posx-frido-store,5ed308bdc2,2025-09-28T13:44:11+05:30,src/pages/online-orders/details/customer-details.tsx,eb7231d3c1,2025-09-02T17:27:58+05:30,25
posx-frido-store,5ed308bdc2,2025-09-28T13:44:11+05:30,src/pages/online-orders/details/order-details.tsx,90969976f4,2025-09-24T14:46:48+05:30,3
posx-frido-store,5ed308bdc2,2025-09-28T13:44:11+05:30,src/pages/online-orders/details/payment-details.tsx,eb7231d3c1,2025-09-02T17:27:58+05:30,25
posx-frido-store,5ed308bdc2,2025-09-28T13:44:11+05:30,src/pages/online-orders/details/review-order.tsx,eb7231d3c1,2025-09-02T17:27:58+05:30,25
posx-frido-store,5ed308bdc2,2025-09-28T13:44:11+05:30,src/pages/orders/details/customer-details.tsx,eb7231d3c1,2025-09-02T17:27:58+05:30,25
posx-frido-store,5ed308bdc2,2025-09-28T13:44:11+05:30,src/pages/orders/details/exchange-payment-details.tsx,1aa6bca1d4,2025-07-11T10:03:18+05:30,79
posx-frido-store,5ed308bdc2,2025-09-28T13:44:11+05:30,src/pages/orders/details/payment-details.tsx,eb7231d3c1,2025-09-02T17:27:58+05:30,25
posx-frido-store,5ed308bdc2,2025-09-28T13:44:11+05:30,src/pages/return-and-exchange/index.tsx,1aa6bca1d4,2025-07-11T10:03:18+05:30,79
posx-frido-store,5ed308bdc2,2025-09-28T13:44:11+05:30,src/pages/returns/details.tsx,1aa6bca1d4,2025-07-11T10:03:18+05:30,79
posx-frido-store,9ffe218bb0,2025-10-08T20:53:51+05:30,src/libs/print.ts,1aa6bca1d4,2025-07-11T10:03:18+05:30,89
posx-frido-store,d6ccfa402a,2025-10-08T21:01:04+05:30,src/libs/print.ts,1aa6bca1d4,2025-07-11T10:03:18+05:30,89
posx-frido-store,554ad387f9,2025-11-01T12:56:59+05:30,src/store/middlewares/init.middleware.ts,90274dcfb0,2025-11-01T12:55:58+05:30,0
posx-frido-store,c935e9c60f,2025-11-03T16:03:22+05:30,src/pages/online-orders/details/_layout.tsx,2a2a4a6084,2025-11-03T14:47:15+05:30,0
posx-frido-store,c935e9c60f,2025-11-03T16:03:22+05:30,src/pages/online-orders/details/customer-details.tsx,ca0e3ae06a,2025-11-03T14:28:37+05:30,0
posx-frido-store,c935e9c60f,2025-11-03T16:03:22+05:30,src/pages/online-orders/details/customer-details.tsx,aa83197a8b,2025-08-08T17:14:27+05:30,86
posx-frido-store,c935e9c60f,2025-11-03T16:03:22+05:30,src/pages/orders/details/_layout.tsx,2a2a4a6084,2025-11-03T14:47:15+05:30,0
posx-frido-store,c935e9c60f,2025-11-03T16:03:22+05:30,src/pages/orders/details/customer-details.tsx,1aa6bca1d4,2025-07-11T10:03:18+05:30,115
posx-frido-store,c935e9c60f,2025-11-03T16:03:22+05:30,src/pages/orders/details/customer-details.tsx,d06c888ecb,2025-08-18T17:47:41+05:30,76
posx-frido-store,0cb5ddd69d,2025-11-05T14:29:43+05:30,src/components/primitives/date-range-picker.tsx,1aa6bca1d4,2025-07-11T10:03:18+05:30,117
posx-frido-store,0cb5ddd69d,2025-11-05T14:29:43+05:30,src/pages/analytics/index.tsx,935d4fa6ef,2025-10-16T14:25:33+05:30,20
posx-frido-store,0cb5ddd69d,2025-11-05T14:29:43+05:30,src/pages/analytics/index.tsx,576a077e17,2025-10-28T15:59:55+05:30,7
posx-frido-store,0cb5ddd69d,2025-11-05T14:29:43+05:30,src/store/apis/analytics.request.ts,935d4fa6ef,2025-10-16T14:25:33+05:30,20
posx-frido-store,0cb5ddd69d,2025-11-05T14:29:43+05:30,src/store/apis/analytics.request.ts,576a077e17,2025-10-28T15:59:55+05:30,7
posx-frido-store,be30c8656f,2025-12-05T13:22:44+05:30,src/libs/quotation.ts,e216859baf,2025-11-08T10:31:36+05:30,27
posx-frido-store,be30c8656f,2025-12-05T13:22:44+05:30,src/types/quotation.ts,e216859baf,2025-11-08T10:31:36+05:30,27
posx-frido-store,13d1de06cc,2025-12-05T17:04:47+05:30,src/components/app/online-orders/customer-details/schema.ts,d8cde97b81,2025-11-24T14:55:12+05:30,11
posx-frido-store,13d1de06cc,2025-12-05T17:04:47+05:30,src/components/app/online-orders/customer-details/schema.ts,1aa6bca1d4,2025-07-11T10:03:18+05:30,147
posx-frido-store,7467641110,2025-12-22T18:34:14+05:30,src/components/app/home/custom-discount/index.tsx,b08c2fdfce,2025-08-07T14:07:56+05:30,137
posx-frido-store,7467641110,2025-12-22T18:34:14+05:30,src/components/app/payments/shared/order-transactions-table.tsx,166fafcc03,2025-08-01T18:12:58+05:30,143
posx-frido-store,7467641110,2025-12-22T18:34:14+05:30,src/components/app/payments/shared/order-transactions-table.tsx,98aaab5824,2025-10-17T16:58:01+05:30,66
posx-frido-store,7467641110,2025-12-22T18:34:14+05:30,src/components/app/product/custom-discount/index.tsx,d7fc9ea503,2025-07-30T12:48:48+05:30,145
posx-frido-store,7467641110,2025-12-22T18:34:14+05:30,src/components/app/transactions/transations-table.tsx,21c666dc75,2025-10-17T13:42:26+05:30,66
posx-frido-store,c4a104cfa3,2025-12-30T01:16:15+05:30,src/components/app/fallback-order/fallback-order-form.tsx,2c0321935a,2025-12-27T15:03:45+05:30,2
posx-frido-store,c4a104cfa3,2025-12-30T01:16:15+05:30,src/components/app/home/checkout-button.tsx,1e9872e367,2025-12-23T17:44:04+05:30,6
posx-frido-store,c4a104cfa3,2025-12-30T01:16:15+05:30,src/components/app/home/checkout-button.tsx,1aa6bca1d4,2025-07-11T10:03:18+05:30,171
posx-frido-store,c4a104cfa3,2025-12-30T01:16:15+05:30,src/components/app/online-orders/payments/index.tsx,1aa6bca1d4,2025-07-11T10:03:18+05:30,171
posx-frido-store,c4a104cfa3,2025-12-30T01:16:15+05:30,src/components/app/order/steps/payment-details/index.tsx,1aa6bca1d4,2025-07-11T10:03:18+05:30,171
posx-frido-store,c4a104cfa3,2025-12-30T01:16:15+05:30,src/components/app/product/cart-checkout.tsx,1aa6bca1d4,2025-07-11T10:03:18+05:30,171
posx-frido-store,c4a104cfa3,2025-12-30T01:16:15+05:30,src/components/app/product/cart-checkout.tsx,b44ca1a507,2025-08-07T09:15:37+05:30,144
posx-frido-store,c4a104cfa3,2025-12-30T01:16:15+05:30,src/components/app/product/cart-checkout.tsx,3d92a956f7,2025-07-21T16:23:22+05:30,161
posx-frido-store,c4a104cfa3,2025-12-30T01:16:15+05:30,src/components/file-input.tsx,98aaab5824,2025-10-17T16:58:01+05:30,73
posx-frido-store,c4a104cfa3,2025-12-30T01:16:15+05:30,src/pages/online-orders/details/payment-details.tsx,1aa6bca1d4,2025-07-11T10:03:18+05:30,171
posx-frido-store,c4a104cfa3,2025-12-30T01:16:15+05:30,src/pages/orders/details/payment-details.tsx,1aa6bca1d4,2025-07-11T10:03:18+05:30,171
posx-frido-store,1da3244574,2026-01-03T10:08:36+05:30,src/components/app/fallback-order/fallback-order-form.tsx,2c61e2f835,2026-01-02T18:28:08+05:30,0
posx-frido-store,fbb13eb440,2026-01-05T15:21:52+05:30,src/libs/fallback-order-mapper.ts,c4a104cfa3,2025-12-30T01:16:15+05:30,6
posx-frido-store,d874d84a76,2026-01-06T11:03:51+05:30,src/components/app/fallback-order/product-selector.tsx,2c61e2f835,2026-01-02T18:28:08+05:30,3
posx-frido-store,d874d84a76,2026-01-06T11:03:51+05:30,src/components/app/fallback-order/product-selector.tsx,2c0321935a,2025-12-27T15:03:45+05:30,9
posx-frido-store,d874d84a76,2026-01-06T11:03:51+05:30,src/types/product-selector.ts,2c0321935a,2025-12-27T15:03:45+05:30,9
posx-frido-store,0774f3386f,2026-01-06T12:04:07+05:30,src/pages/fallback-orders/details/_layout.tsx,2c0321935a,2025-12-27T15:03:45+05:30,9
posx-frido-store,0774f3386f,2026-01-06T12:04:07+05:30,src/pages/fallback-orders/index.tsx,2c0321935a,2025-12-27T15:03:45+05:30,9
posx-frido-store,d5f4c1cd18,2026-01-08T15:54:29+05:30,src/pages/customer/quotations/details.tsx,8d2857b969,2025-08-07T11:53:35+05:30,154
posx-frido-store,d5f4c1cd18,2026-01-08T15:54:29+05:30,src/pages/quotations/details.tsx,11e18a3098,2025-08-07T18:41:12+05:30,153
posx-frido-store,1af4edd886,2026-01-09T10:32:15+05:30,src/pages/customer/quotations/details.tsx,d5f4c1cd18,2026-01-08T15:54:29+05:30,0
posx-frido-store,1af4edd886,2026-01-09T10:32:15+05:30,src/pages/quotations/details.tsx,d5f4c1cd18,2026-01-08T15:54:29+05:30,0
posx-frido-store,e9175f4ca9,2026-01-09T12:25:04+05:30,src/components/app/fallback-order/fallback-order-form.tsx,2c0321935a,2025-12-27T15:03:45+05:30,12
posx-frido-store,e9175f4ca9,2026-01-09T12:25:04+05:30,src/components/app/fallback-order/fallback-order-form.tsx,c4a104cfa3,2025-12-30T01:16:15+05:30,10
posx-frido-store,e9175f4ca9,2026-01-09T12:25:04+05:30,src/components/app/fallback-order/fallback-order-form.tsx,2c61e2f835,2026-01-02T18:28:08+05:30,6
posx-frido-store,e9175f4ca9,2026-01-09T12:25:04+05:30,src/components/layouts/app/header.tsx,0f6b886707,2025-08-11T13:39:35+05:30,150
posx-frido-store,e9175f4ca9,2026-01-09T12:25:04+05:30,src/components/primitives/tooltip.tsx,14d63bc745,2025-07-23T11:48:45+05:30,170
posx-frido-store,e9175f4ca9,2026-01-09T12:25:04+05:30,src/pages/fallback-orders/details/index.tsx,2c61e2f835,2026-01-02T18:28:08+05:30,6
posx-frido-store,e9175f4ca9,2026-01-09T12:25:04+05:30,src/types/fallback-order.ts,2c0321935a,2025-12-27T15:03:45+05:30,12
posx-frido-store,794ee2ea00,2026-01-09T12:25:10+05:30,src/pages/fallback-orders/details/index.tsx,e9175f4ca9,2026-01-09T12:25:04+05:30,0
posx-frido-store,794ee2ea00,2026-01-09T12:25:10+05:30,src/pages/fallback-orders/details/index.tsx,2c61e2f835,2026-01-02T18:28:08+05:30,6
posx-frido-store,7f79f5ac66,2026-01-27T17:27:43+05:30,src/components/app/home/index.tsx,bd45b7a00d,2026-01-09T18:12:28+05:30,17
posx-frido-store,b5684a1053,2026-01-27T22:40:56+05:30,src/components/app/home/custom-discount/index.tsx,6e8abfff82,2026-01-27T17:09:45+05:30,0
posx-frido-store,b5684a1053,2026-01-27T22:40:56+05:30,src/components/app/home/index.tsx,7c27d34bea,2026-01-27T16:59:40+05:30,0
posx-frido-store,b5684a1053,2026-01-27T22:40:56+05:30,src/components/app/home/index.tsx,bd45b7a00d,2026-01-09T18:12:28+05:30,18
posx-frido-store,b5684a1053,2026-01-27T22:40:56+05:30,src/components/app/product/cart-panel.tsx,6e8abfff82,2026-01-27T17:09:45+05:30,0
posx-frido-store,b5684a1053,2026-01-27T22:40:56+05:30,src/components/app/product/custom-discount/index.tsx,6e8abfff82,2026-01-27T17:09:45+05:30,0
posx-frido-store,b5684a1053,2026-01-27T22:40:56+05:30,src/components/app/product/online-campaign-coupon/index.tsx,6e8abfff82,2026-01-27T17:09:45+05:30,0
posx-frido-store,b5684a1053,2026-01-27T22:40:56+05:30,src/components/app/product/online-promotional-coupon/index.tsx,6e8abfff82,2026-01-27T17:09:45+05:30,0
posx-frido-store,4bc9c210ff,2026-01-28T16:11:55+05:30,src/components/layouts/app/sidebar.tsx,20091c5842,2026-01-28T15:39:10+05:30,0
posx-frido-store,4bc9c210ff,2026-01-28T16:11:55+05:30,src/components/layouts/app/sidebar.tsx,1aa6bca1d4,2025-07-11T10:03:18+05:30,201
posx-frido-store,4bc9c210ff,2026-01-28T16:11:55+05:30,src/components/layouts/app/sidebar.tsx,f964b1d553,2026-01-26T15:04:36+05:30,2
posx-frido-store,4bc9c210ff,2026-01-28T16:11:55+05:30,src/components/layouts/app/sidebar.tsx,3d92a956f7,2025-07-21T16:23:22+05:30,190
posx-frido-store,ac31c4d0dc,2026-02-02T18:49:29+05:30,src/pages/orders/details/_layout.tsx,eaf15b06ea,2026-02-02T18:48:55+05:30,0
posx-frido-store,ee71ce5783,2026-02-20T18:21:42+05:30,src/components/app/petty-cash/petty-cash-transactions-table.tsx,4bf622e0e9,2026-02-19T19:51:12+05:30,0
posx-frido-store,a0d6959603,2026-02-21T11:11:58+05:30,src/components/app/petty-cash/add-expense/index.tsx,4bf622e0e9,2026-02-19T19:51:12+05:30,1
posx-frido-store,a0d6959603,2026-02-21T11:11:58+05:30,src/components/app/petty-cash/add-expense/schema.ts,4bf622e0e9,2026-02-19T19:51:12+05:30,1
posx-frido-store,a0d6959603,2026-02-21T11:11:58+05:30,src/components/app/petty-cash/petty-cash-filter.tsx,4bf622e0e9,2026-02-19T19:51:12+05:30,1
posx-frido-store,a0d6959603,2026-02-21T11:11:58+05:30,src/components/app/petty-cash/petty-cash-filter.tsx,3c73280488,2026-02-20T17:43:44+05:30,0
posx-frido-store,a0d6959603,2026-02-21T11:11:58+05:30,src/components/app/petty-cash/petty-cash-sort.tsx,4bf622e0e9,2026-02-19T19:51:12+05:30,1
posx-frido-store,a0d6959603,2026-02-21T11:11:58+05:30,src/components/app/petty-cash/petty-cash-transactions-table.tsx,4bf622e0e9,2026-02-19T19:51:12+05:30,1
posx-frido-store,a0d6959603,2026-02-21T11:11:58+05:30,src/components/app/petty-cash/petty-cash-transactions-table.tsx,3c73280488,2026-02-20T17:43:44+05:30,0
posx-frido-store,a0d6959603,2026-02-21T11:11:58+05:30,src/components/layouts/app/sidebar.tsx,d7823e1e83,2025-09-03T10:56:17+05:30,171
posx-frido-store,a0d6959603,2026-02-21T11:11:58+05:30,src/components/layouts/app/sidebar.tsx,4bf622e0e9,2026-02-19T19:51:12+05:30,1
posx-frido-store,a0d6959603,2026-02-21T11:11:58+05:30,src/pages/petty-cash/index.tsx,3c73280488,2026-02-20T17:43:44+05:30,0
posx-frido-store,a0d6959603,2026-02-21T11:11:58+05:30,src/pages/petty-cash/index.tsx,4bf622e0e9,2026-02-19T19:51:12+05:30,1
posx-frido-store,6b8474a5d2,2026-04-06T18:43:52+05:30,src/components/app/online-orders/customer-details/schema.ts,1aa6bca1d4,2025-07-11T10:03:18+05:30,269
posx-frido-store,5aee192eac,2026-04-06T19:42:17+05:30,src/libs/online-orders.ts,1aa6bca1d4,2025-07-11T10:03:18+05:30,269
posx-frido-store,8c0e212825,2026-04-13T13:18:25+05:30,src/libs/order.ts,1aa6bca1d4,2025-07-11T10:03:18+05:30,276
posx-frido-store,c8a571ffdc,2026-04-13T13:41:02+05:30,src/components/app/order/steps/customer-details/schema.ts,1aa6bca1d4,2025-07-11T10:03:18+05:30,276
posx-frido-store,1677a0e40a,2026-04-20T18:00:12+05:30,src/store/middlewares/feedback.middleware.ts,26bb3c30d8,2026-04-20T17:01:01+05:30,0
posx-frido-store,24426c5d6d,2026-04-28T18:15:00+05:30,src/store/middlewares/feedback.middleware.ts,26bb3c30d8,2026-04-20T17:01:01+05:30,8
posx-frido-store,5a2e170649,2026-04-20T18:00:12+05:30,src/store/middlewares/feedback.middleware.ts,ad92474f43,2026-04-20T17:01:01+05:30,0
posx-frido-store,a0d7348973,2026-04-28T18:15:00+05:30,src/store/middlewares/feedback.middleware.ts,ad92474f43,2026-04-20T17:01:01+05:30,8
posx-frido-store,367ec37b5f,2026-05-05T11:53:46+05:30,src/store/actions/index.ts,ad92474f43,2026-04-20T17:01:01+05:30,14
posx-frido-store,367ec37b5f,2026-05-05T11:53:46+05:30,src/store/index.ts,ad92474f43,2026-04-20T17:01:01+05:30,14
posx-frido-store,ceb58280d5,2026-06-06T12:39:25+05:30,src/components/app/orders/order-report-cards.tsx,1aa6bca1d4,2025-07-11T10:03:18+05:30,330
posx-frido-store,aa8f1354b3,2026-06-22T16:24:41+05:30,src/pages/orders/details/payment-details.tsx,1aa6bca1d4,2025-07-11T10:03:18+05:30,346
posx-frido-store,6db0520308,2026-06-27T13:02:50+05:30,src/components/app/online-orders/payments/qr-payment-form/index.tsx,8e6d4077a9,2026-05-20T11:14:44+05:30,38
posx-frido-store,6db0520308,2026-06-27T13:02:50+05:30,src/components/app/online-orders/payments/qr-payment-form/schema.ts,8e6d4077a9,2026-05-20T11:14:44+05:30,38
posx-frido-store,6db0520308,2026-06-27T13:02:50+05:30,src/components/app/online-orders/payments/qr-payment-form/schema.ts,7388a9d4ed,2026-05-20T12:03:05+05:30,38
posx-frido-store,6db0520308,2026-06-27T13:02:50+05:30,src/components/app/order/steps/payment-details/qr-payment-form/index.tsx,8e6d4077a9,2026-05-20T11:14:44+05:30,38
posx-frido-store,6db0520308,2026-06-27T13:02:50+05:30,src/components/app/order/steps/payment-details/qr-payment-form/schema.ts,8e6d4077a9,2026-05-20T11:14:44+05:30,38
posx-frido-store,6db0520308,2026-06-27T13:02:50+05:30,src/components/app/order/steps/payment-details/qr-payment-form/schema.ts,7388a9d4ed,2026-05-20T12:03:05+05:30,38
posx-frido-store,6904cc4564,2026-08-07T15:46:05+05:30,src/components/app/order/frido-connect-modal.tsx,4fbf35658c,2025-08-20T18:17:16+05:30,351
posx-frido-store,6904cc4564,2026-08-07T15:46:05+05:30,src/pages/frido-connect/index.tsx,4fbf35658c,2025-08-20T18:17:16+05:30,351
posx-mokobara-admin,a8493c0f7f,2025-11-21T01:07:01+05:30,src/components/inputs/combobox/combobox.tsx,47bad70478,2025-11-10T13:23:22+05:30,10
posx-mokobara-admin,a8493c0f7f,2025-11-21T01:07:01+05:30,src/hooks/table/columns/use-combo-table-columns.tsx,69e9196fa6,2025-11-18T12:59:14+05:30,2
posx-mokobara-admin,a8493c0f7f,2025-11-21T01:07:01+05:30,src/routes/combos/combo-create/combo-create.tsx,129e12a8fc,2025-11-18T16:52:32+05:30,2
posx-mokobara-admin,a8493c0f7f,2025-11-21T01:07:01+05:30,src/routes/combos/combo-create/components/create-combo-form/create-combo-form.tsx,129e12a8fc,2025-11-18T16:52:32+05:30,2
posx-mokobara-admin,a8493c0f7f,2025-11-21T01:07:01+05:30,src/routes/combos/combo-create/components/create-combo-form/create-combo-form.tsx,7153895afb,2025-11-20T10:43:00+05:30,0
posx-mokobara-admin,a8493c0f7f,2025-11-21T01:07:01+05:30,src/routes/combos/combo-edit/combo-edit.tsx,f259333030,2025-11-18T17:13:43+05:30,2
posx-mokobara-admin,a8493c0f7f,2025-11-21T01:07:01+05:30,src/routes/combos/combo-edit/components/edit-combo-form/edit-combo-form.tsx,f259333030,2025-11-18T17:13:43+05:30,2
posx-mokobara-admin,a8493c0f7f,2025-11-21T01:07:01+05:30,src/routes/combos/combo-edit/components/edit-combo-form/edit-combo-form.tsx,7153895afb,2025-11-20T10:43:00+05:30,0
posx-mokobara-admin,a8493c0f7f,2025-11-21T01:07:01+05:30,src/routes/combos/combo-list/components/combo-list-table/combo-list-table.tsx,129e12a8fc,2025-11-18T16:52:32+05:30,2
posx-mokobara-admin,6881aa6378,2025-12-09T12:29:40+05:30,src/hooks/api/reports.tsx,28fc3f6053,2025-12-09T12:09:11+05:30,0
posx-mokobara-admin,4a3069fbe6,2025-12-09T13:46:37+05:30,src/routes/inventory/inventory-logs/components/use-inventory-logs-table-query.tsx,89ab8c481f,2025-12-09T10:31:21+05:30,0
posx-mokobara-admin,e3550a54d7,2025-12-09T14:00:07+05:30,src/components/layout/nav-item/nav-item.tsx,47bad70478,2025-11-10T13:23:22+05:30,29
posx-mokobara-admin,5312b9f185,2025-12-09T15:25:51+05:30,src/routes/reports/category-sales/components/category-sales-metrics.tsx,28fc3f6053,2025-12-09T12:09:11+05:30,0
posx-mokobara-admin,5312b9f185,2025-12-09T15:25:51+05:30,src/routes/reports/employee-performance/components/employee-performance-metrics.tsx,28fc3f6053,2025-12-09T12:09:11+05:30,0
posx-mokobara-admin,5312b9f185,2025-12-09T15:25:51+05:30,src/routes/reports/sales-report/components/sales-report-metrics.tsx,28fc3f6053,2025-12-09T12:09:11+05:30,0
posx-mokobara-admin,5312b9f185,2025-12-09T15:25:51+05:30,src/routes/reports/sales-report/components/sales-report-metrics.tsx,0784e13263,2025-12-09T15:09:03+05:30,0
posx-mokobara-admin,fa88353006,2025-12-09T18:49:38+05:30,src/hooks/api/pos-inventory.tsx,47bad70478,2025-11-10T13:23:22+05:30,29
posx-mokobara-admin,fa88353006,2025-12-09T18:49:38+05:30,src/routes/pos-inventory/inventory-list/components/inventory-list-table/inventory-list-table.tsx,47bad70478,2025-11-10T13:23:22+05:30,29
posx-mokobara-admin,fa88353006,2025-12-09T18:49:38+05:30,src/routes/pos-inventory/inventory-list/components/use-pos-inventory-table-query.tsx,47bad70478,2025-11-10T13:23:22+05:30,29
posx-mokobara-admin,fa88353006,2025-12-09T18:49:38+05:30,src/routes/pos-inventory/types.ts,47bad70478,2025-11-10T13:23:22+05:30,29
posx-mokobara-admin,dc56c6871d,2025-12-18T13:40:55+05:30,vite.config.mts,d6c57663a6,2025-12-18T10:47:57+05:30,0
posx-mokobara-admin,e18936ac0a,2026-01-12T17:57:33+05:30,src/hooks/table/columns/use-tracked-coupon-table-columns.tsx,9fb8a63ba0,2026-01-06T15:52:11+05:30,6
posx-mokobara-admin,e18936ac0a,2026-01-12T17:57:33+05:30,src/hooks/table/columns/use-tracked-coupon-table-columns.tsx,c565e52776,2026-01-06T16:14:01+05:30,6
posx-mokobara-admin,3de6121138,2026-01-13T09:58:18+05:30,src/routes/reports/category-sales/components/category-sales-metrics.tsx,28fc3f6053,2025-12-09T12:09:11+05:30,34
posx-mokobara-admin,3de6121138,2026-01-13T09:58:18+05:30,src/routes/reports/category-sales/components/category-sales-metrics.tsx,5312b9f185,2025-12-09T15:25:51+05:30,34
posx-mokobara-admin,3de6121138,2026-01-13T09:58:18+05:30,src/routes/reports/category-sales/components/category-sales-metrics.tsx,723537a452,2025-12-09T16:36:48+05:30,34
posx-mokobara-admin,3de6121138,2026-01-13T09:58:18+05:30,src/routes/reports/category-sales/components/category-sales-metrics.tsx,df64c29d40,2025-12-09T14:45:37+05:30,34
posx-mokobara-admin,3de6121138,2026-01-13T09:58:18+05:30,src/routes/reports/employee-performance/components/employee-performance-metrics.tsx,28fc3f6053,2025-12-09T12:09:11+05:30,34
posx-mokobara-admin,3de6121138,2026-01-13T09:58:18+05:30,src/routes/reports/employee-performance/components/employee-performance-metrics.tsx,5312b9f185,2025-12-09T15:25:51+05:30,34
posx-mokobara-admin,3de6121138,2026-01-13T09:58:18+05:30,src/routes/reports/employee-performance/components/employee-performance-metrics.tsx,206a7080cc,2025-12-09T16:23:25+05:30,34
posx-mokobara-admin,3de6121138,2026-01-13T09:58:18+05:30,src/routes/reports/employee-performance/components/employee-performance-metrics.tsx,df64c29d40,2025-12-09T14:45:37+05:30,34
posx-mokobara-admin,3de6121138,2026-01-13T09:58:18+05:30,src/routes/reports/sales-report/components/sales-report-metrics.tsx,28fc3f6053,2025-12-09T12:09:11+05:30,34
posx-mokobara-admin,3de6121138,2026-01-13T09:58:18+05:30,src/routes/reports/sales-report/components/sales-report-metrics.tsx,0784e13263,2025-12-09T15:09:03+05:30,34
posx-mokobara-admin,3de6121138,2026-01-13T09:58:18+05:30,src/routes/reports/sales-report/components/sales-report-metrics.tsx,5312b9f185,2025-12-09T15:25:51+05:30,34
posx-mokobara-admin,d9999394fc,2026-01-15T11:23:05+05:30,src/hooks/table/columns/use-tracked-coupon-table-columns.tsx,ef30f67952,2026-01-12T21:40:29+05:30,2
posx-mokobara-admin,d9999394fc,2026-01-15T11:23:05+05:30,src/routes/synced-shopify-coupons/synced-coupon-list/components/synced-coupon-list-table/synced-coupon-list-table.tsx,ef30f67952,2026-01-12T21:40:29+05:30,2
posx-mokobara-admin,d9999394fc,2026-01-15T11:23:05+05:30,src/routes/tracked-coupons/tracked-coupon-list/components/tracked-coupon-list-table/tracked-coupon-list-table.tsx,ef30f67952,2026-01-12T21:40:29+05:30,2
posx-mokobara-admin,41208abc42,2026-01-15T11:33:08+05:30,src/routes/reports/employee-targets/components/employee-target-form-modal.tsx,df64c29d40,2025-12-09T14:45:37+05:30,36
posx-mokobara-admin,41208abc42,2026-01-15T11:33:08+05:30,src/routes/reports/employee-targets/components/employee-target-form-modal.tsx,017029a794,2025-12-09T17:00:02+05:30,36
posx-mokobara-admin,41208abc42,2026-01-15T11:33:08+05:30,src/routes/reports/employee-targets/components/employee-target-form-modal.tsx,28fc3f6053,2025-12-09T12:09:11+05:30,36
posx-mokobara-admin,41208abc42,2026-01-15T11:33:08+05:30,src/routes/reports/sales-targets/components/sales-target-form-modal.tsx,28fc3f6053,2025-12-09T12:09:11+05:30,36
posx-mokobara-admin,057e6814f2,2026-01-22T15:06:53+05:30,.gitignore,e1f6646fa2,2026-01-20T17:20:35+05:30,1
posx-mokobara-admin,057e6814f2,2026-01-22T15:06:53+05:30,src/routes/product-variants/product-variant-detail/components/variant-general-section/variant-general-section.tsx,e1f6646fa2,2026-01-20T17:20:35+05:30,1
posx-mokobara-admin,057e6814f2,2026-01-22T15:06:53+05:30,src/routes/product-variants/product-variant-detail/components/variant-general-section/variant-general-section.tsx,47bad70478,2025-11-10T13:23:22+05:30,73
posx-mokobara-admin,057e6814f2,2026-01-22T15:06:53+05:30,src/routes/product-variants/product-variant-detail/components/variant-prices-section/variant-prices-section.tsx,47bad70478,2025-11-10T13:23:22+05:30,73
posx-mokobara-admin,057e6814f2,2026-01-22T15:06:53+05:30,src/routes/product-variants/product-variant-detail/components/variant-shopify-section/variant-shopify-section.tsx,e1f6646fa2,2026-01-20T17:20:35+05:30,1
posx-mokobara-admin,057e6814f2,2026-01-22T15:06:53+05:30,src/routes/product-variants/product-variant-detail/product-variant-detail.tsx,e1f6646fa2,2026-01-20T17:20:35+05:30,1
posx-mokobara-admin,057e6814f2,2026-01-22T15:06:53+05:30,src/routes/product-variants/product-variant-detail/product-variant-detail.tsx,47bad70478,2025-11-10T13:23:22+05:30,73
posx-mokobara-admin,057e6814f2,2026-01-22T15:06:53+05:30,src/routes/product-variants/product-variant-edit/components/product-edit-variant-form/product-edit-variant-form.tsx,47bad70478,2025-11-10T13:23:22+05:30,73
posx-mokobara-admin,057e6814f2,2026-01-22T15:06:53+05:30,src/routes/products/product-detail/components/product-general-section/product-general-section.tsx,e1f6646fa2,2026-01-20T17:20:35+05:30,1
posx-mokobara-admin,057e6814f2,2026-01-22T15:06:53+05:30,src/routes/products/product-detail/components/product-shopify-section/product-shopify-section.tsx,47bad70478,2025-11-10T13:23:22+05:30,73
posx-mokobara-admin,057e6814f2,2026-01-22T15:06:53+05:30,src/routes/products/product-detail/components/product-shopify-section/product-shopify-section.tsx,e1f6646fa2,2026-01-20T17:20:35+05:30,1
posx-mokobara-admin,057e6814f2,2026-01-22T15:06:53+05:30,src/routes/products/product-detail/components/product-variant-section/product-variant-section.tsx,47bad70478,2025-11-10T13:23:22+05:30,73
posx-mokobara-admin,057e6814f2,2026-01-22T15:06:53+05:30,src/routes/products/product-detail/components/product-variant-section/product-variant-section.tsx,e1f6646fa2,2026-01-20T17:20:35+05:30,1
posx-mokobara-admin,057e6814f2,2026-01-22T15:06:53+05:30,src/routes/products/product-detail/product-detail.tsx,e1f6646fa2,2026-01-20T17:20:35+05:30,1
posx-mokobara-admin,057e6814f2,2026-01-22T15:06:53+05:30,src/routes/products/product-detail/product-detail.tsx,47bad70478,2025-11-10T13:23:22+05:30,73
posx-mokobara-admin,057e6814f2,2026-01-22T15:06:53+05:30,src/routes/store-coupons/coupon-create/components/basic-info-create-form/basic-info-create-form.tsx,47bad70478,2025-11-10T13:23:22+05:30,73
posx-mokobara-admin,057e6814f2,2026-01-22T15:06:53+05:30,src/routes/store-coupons/coupon-create/components/discount-configuration-form/discount-configuration-form.tsx,47bad70478,2025-11-10T13:23:22+05:30,73
posx-mokobara-admin,057e6814f2,2026-01-22T15:06:53+05:30,src/routes/store-coupons/coupon-create/components/product-selection/product-selection.tsx,47bad70478,2025-11-10T13:23:22+05:30,73
posx-mokobara-admin,057e6814f2,2026-01-22T15:06:53+05:30,src/routes/store-coupons/coupon-edit/components/edit-coupon-form.tsx,47bad70478,2025-11-10T13:23:22+05:30,73
posx-mokobara-admin,f6117a1c41,2026-01-23T11:37:18+05:30,src/routes/cms/cms-list/components/cash-accumulation/cash-accumulation.tsx,47bad70478,2025-11-10T13:23:22+05:30,73
posx-mokobara-admin,1ac6b168d8,2026-01-23T12:07:16+05:30,src/routes/store-coupons/coupon-edit/components/edit-coupon-form.tsx,47bad70478,2025-11-10T13:23:22+05:30,73
posx-mokobara-admin,1ac6b168d8,2026-01-23T12:07:16+05:30,src/routes/store-coupons/coupon-edit/components/edit-coupon-form.tsx,15b4cdd954,2026-01-22T17:59:30+05:30,0
posx-mokobara-admin,96cbc0ce06,2026-02-09T11:18:58+05:30,src/routes/combos/combo-create/components/create-combo-form/create-combo-form.tsx,129e12a8fc,2025-11-18T16:52:32+05:30,82
posx-mokobara-admin,b9447bfbb9,2026-02-09T13:57:24+05:30,src/routes/products/product-detail/components/product-general-section/product-general-section.tsx,47bad70478,2025-11-10T13:23:22+05:30,91
posx-mokobara-admin,c1c7c74a06,2026-02-09T16:01:52+05:30,src/routes/products/product-detail/components/product-variant-section/product-variant-section.tsx,47bad70478,2025-11-10T13:23:22+05:30,91
posx-mokobara-admin,d03d9a1fcc,2026-02-09T16:05:54+05:30,src/routes/combos/combo-edit/components/edit-combo-form/edit-combo-form.tsx,f259333030,2025-11-18T17:13:43+05:30,82
posx-mokobara-admin,fa6aead800,2026-03-11T00:39:18+05:30,src/hooks/api/order-details.tsx,f6d6c76540,2026-03-11T00:19:46+05:30,0
posx-mokobara-admin,fa6aead800,2026-03-11T00:39:18+05:30,src/routes/order-details/order-detail/components/payment-section.tsx,f6d6c76540,2026-03-11T00:19:46+05:30,0
posx-mokobara-admin,21ad69b7db,2026-03-16T23:16:22+05:30,src/routes/employees/employee-list/components/employee-list-table/employee-list-table.tsx,47bad70478,2025-11-10T13:23:22+05:30,126
posx-mokobara-admin,ca163e7418,2026-03-23T17:35:25+05:30,src/routes/store-coupons/coupon-create/components/basic-info-create-form/basic-info-create-form.tsx,47bad70478,2025-11-10T13:23:22+05:30,133
posx-mokobara-admin,ca163e7418,2026-03-23T17:35:25+05:30,src/routes/store-coupons/coupon-create/components/basic-info-create-form/basic-info-create-form.tsx,057e6814f2,2026-01-22T15:06:53+05:30,60
posx-mokobara-admin,ca163e7418,2026-03-23T17:35:25+05:30,src/routes/store-coupons/coupon-create/components/basic-info-create-form/basic-info-create-form.tsx,3a75360a21,2025-11-27T14:20:06+05:30,116
posx-mokobara-admin,ca163e7418,2026-03-23T17:35:25+05:30,src/routes/store-coupons/coupon-create/components/coupon-create-form/coupon-create-form.tsx,47bad70478,2025-11-10T13:23:22+05:30,133
posx-mokobara-admin,366a389936,2026-03-24T13:34:46+05:30,src/routes/pos-inventory/inventory-list/components/export-pos-inventory-button.tsx,47bad70478,2025-11-10T13:23:22+05:30,134
posx-mokobara-admin,a4901dcb9d,2026-04-03T14:33:00+05:30,src/hooks/api/auth.tsx,47bad70478,2025-11-10T13:23:22+05:30,144
posx-mokobara-admin,95a88119b4,2026-04-05T18:44:10+05:30,src/hooks/api/employee.tsx,47bad70478,2025-11-10T13:23:22+05:30,146
posx-mokobara-admin,95a88119b4,2026-04-05T18:44:10+05:30,src/hooks/api/invites.tsx,47bad70478,2025-11-10T13:23:22+05:30,146
posx-mokobara-admin,95a88119b4,2026-04-05T18:44:10+05:30,src/routes/employees/employee-list/components/employee-list-table/employee-list-table.tsx,47bad70478,2025-11-10T13:23:22+05:30,146
posx-mokobara-admin,95a88119b4,2026-04-05T18:44:10+05:30,src/routes/invite/invite.tsx,47bad70478,2025-11-10T13:23:22+05:30,146
posx-mokobara-admin,2d2dc451cc,2026-04-07T23:36:32+05:30,src/routes/store-coupons/coupon-create/components/discount-configuration-form/discount-configuration-form.tsx,47bad70478,2025-11-10T13:23:22+05:30,148
posx-mokobara-admin,2d2dc451cc,2026-04-07T23:36:32+05:30,src/routes/store-coupons/coupon-create/components/discount-configuration-form/discount-configuration-form.tsx,057e6814f2,2026-01-22T15:06:53+05:30,75
posx-mokobara-admin,2d2dc451cc,2026-04-07T23:36:32+05:30,src/routes/store-coupons/coupon-create/components/store-allocation-form/store-allocation-form.tsx,47bad70478,2025-11-10T13:23:22+05:30,148
posx-mokobara-admin,2d2dc451cc,2026-04-07T23:36:32+05:30,src/routes/store-coupons/coupon-edit/components/edit-coupon-form.tsx,1ac6b168d8,2026-01-23T12:07:16+05:30,74
posx-mokobara-admin,2d2dc451cc,2026-04-07T23:36:32+05:30,src/routes/store-coupons/coupon-edit/components/edit-coupon-form.tsx,47bad70478,2025-11-10T13:23:22+05:30,148
posx-mokobara-admin,2d2dc451cc,2026-04-07T23:36:32+05:30,src/routes/store-coupons/store-list/components/store-coupon-list-table/store-coupon-list-table.tsx,47bad70478,2025-11-10T13:23:22+05:30,148
posx-mokobara-admin,6775666a61,2026-04-08T11:51:08+05:30,src/components/table/data-table/data-table-order-by/data-table-order-by.tsx,47bad70478,2025-11-10T13:23:22+05:30,148
posx-mokobara-admin,6775666a61,2026-04-08T11:51:08+05:30,src/routes/store-coupons/coupon-create/components/coupon-create-form/coupon-create-form.tsx,47bad70478,2025-11-10T13:23:22+05:30,148
posx-mokobara-admin,6775666a61,2026-04-08T11:51:08+05:30,src/routes/store-coupons/coupon-create/components/discount-configuration-form/discount-configuration-form.tsx,47bad70478,2025-11-10T13:23:22+05:30,148
posx-mokobara-admin,6775666a61,2026-04-08T11:51:08+05:30,src/routes/store-coupons/coupon-create/components/discount-configuration-form/discount-configuration-form.tsx,aa21737ecd,2026-02-13T18:02:29+05:30,53
posx-mokobara-admin,6775666a61,2026-04-08T11:51:08+05:30,src/routes/store-coupons/coupon-create/components/discount-configuration-form/discount-configuration-form.tsx,2d2dc451cc,2026-04-07T23:36:32+05:30,0
posx-mokobara-admin,6775666a61,2026-04-08T11:51:08+05:30,src/routes/store-coupons/coupon-create/components/discount-configuration-form/discount-configuration-form.tsx,057e6814f2,2026-01-22T15:06:53+05:30,75
posx-mokobara-admin,6775666a61,2026-04-08T11:51:08+05:30,src/routes/store-coupons/coupon-edit/components/edit-coupon-form.tsx,47bad70478,2025-11-10T13:23:22+05:30,148
posx-mokobara-admin,44ce10752d,2026-04-08T23:21:34+05:30,src/routes/store-coupons/coupon-create/components/coupon-create-form/coupon-create-form.tsx,47bad70478,2025-11-10T13:23:22+05:30,149
posx-mokobara-admin,44ce10752d,2026-04-08T23:21:34+05:30,src/routes/store-coupons/coupon-create/components/coupon-create-form/coupon-create-form.tsx,6775666a61,2026-04-08T11:51:08+05:30,0
posx-mokobara-admin,44ce10752d,2026-04-08T23:21:34+05:30,src/routes/store-coupons/coupon-create/components/discount-configuration-form/discount-configuration-form.tsx,aa21737ecd,2026-02-13T18:02:29+05:30,54
posx-mokobara-admin,44ce10752d,2026-04-08T23:21:34+05:30,src/routes/store-coupons/coupon-create/components/discount-configuration-form/discount-configuration-form.tsx,47bad70478,2025-11-10T13:23:22+05:30,149
posx-mokobara-admin,44ce10752d,2026-04-08T23:21:34+05:30,src/routes/store-coupons/coupon-create/components/discount-configuration-form/discount-configuration-form.tsx,6775666a61,2026-04-08T11:51:08+05:30,0
posx-mokobara-admin,44ce10752d,2026-04-08T23:21:34+05:30,src/routes/store-coupons/coupon-create/components/discount-configuration-form/discount-configuration-form.tsx,057e6814f2,2026-01-22T15:06:53+05:30,76
posx-mokobara-admin,44ce10752d,2026-04-08T23:21:34+05:30,src/routes/store-coupons/coupon-create/components/discount-configuration-form/discount-configuration-form.tsx,2d2dc451cc,2026-04-07T23:36:32+05:30,0
posx-mokobara-admin,44ce10752d,2026-04-08T23:21:34+05:30,src/routes/store-coupons/coupon-create/constants.ts,47bad70478,2025-11-10T13:23:22+05:30,149
posx-mokobara-admin,44ce10752d,2026-04-08T23:21:34+05:30,src/routes/store-coupons/coupon-edit/components/edit-coupon-form.tsx,47bad70478,2025-11-10T13:23:22+05:30,149
posx-mokobara-admin,44ce10752d,2026-04-08T23:21:34+05:30,src/routes/store-coupons/coupon-edit/components/edit-coupon-form.tsx,2d2dc451cc,2026-04-07T23:36:32+05:30,0
posx-mokobara-admin,44ce10752d,2026-04-08T23:21:34+05:30,src/routes/store-coupons/coupon-edit/components/edit-coupon-form.tsx,6775666a61,2026-04-08T11:51:08+05:30,0
posx-mokobara-admin,4fe7c63fdf,2026-04-09T16:27:26+05:30,src/hooks/api/employee.tsx,47bad70478,2025-11-10T13:23:22+05:30,150
posx-mokobara-admin,4fe7c63fdf,2026-04-09T16:27:26+05:30,src/routes/employees/employee-create/components/employee-create-form/employee-create-form.tsx,47bad70478,2025-11-10T13:23:22+05:30,150
posx-mokobara-admin,45a8e79825,2026-04-09T17:48:47+05:30,src/routes/employees/employee-list/components/use-employee-table-query.tsx,47bad70478,2025-11-10T13:23:22+05:30,150
posx-mokobara-admin,695814b9e2,2026-04-09T19:13:20+05:30,src/hooks/api/store-details.tsx,47bad70478,2025-11-10T13:23:22+05:30,150
posx-mokobara-admin,695814b9e2,2026-04-09T19:13:20+05:30,src/routes/pos-inventory/import-inventory/import-inventory.tsx,9193932c0b,2026-04-01T23:53:48+05:30,7
posx-mokobara-admin,8bfa317124,2026-04-09T19:15:58+05:30,src/routes/cms/cms-list/components/cash-accumulation/cash-accumulation.tsx,f6117a1c41,2026-01-23T11:37:18+05:30,76
posx-mokobara-admin,508b6ed6d8,2026-04-14T18:34:29+05:30,src/components/table/data-table/data-table-filter/date-filter.tsx,47bad70478,2025-11-10T13:23:22+05:30,155
posx-mokobara-admin,508b6ed6d8,2026-04-14T18:34:29+05:30,src/hooks/table/query/use-product-table-query.tsx,47bad70478,2025-11-10T13:23:22+05:30,155
posx-mokobara-admin,508b6ed6d8,2026-04-14T18:34:29+05:30,src/routes/store-coupons/coupon-create/components/coupon-create-form/coupon-create-form.tsx,44ce10752d,2026-04-08T23:21:34+05:30,5
posx-mokobara-admin,508b6ed6d8,2026-04-14T18:34:29+05:30,src/routes/store-coupons/coupon-create/components/discount-configuration-form/discount-configuration-form.tsx,44ce10752d,2026-04-08T23:21:34+05:30,5
posx-mokobara-admin,508b6ed6d8,2026-04-14T18:34:29+05:30,src/routes/store-coupons/coupon-create/components/discount-configuration-form/discount-configuration-form.tsx,aa21737ecd,2026-02-13T18:02:29+05:30,60
posx-mokobara-admin,508b6ed6d8,2026-04-14T18:34:29+05:30,src/routes/store-coupons/coupon-edit/components/edit-coupon-form.tsx,44ce10752d,2026-04-08T23:21:34+05:30,5
posx-mokobara-admin,08b5eee62a,2026-04-15T23:44:10+05:30,src/hooks/api/reports.tsx,28fc3f6053,2025-12-09T12:09:11+05:30,127
posx-mokobara-admin,08b5eee62a,2026-04-15T23:44:10+05:30,src/hooks/table/columns/use-tracked-coupon-table-columns.tsx,ef30f67952,2026-01-12T21:40:29+05:30,93
posx-mokobara-admin,08b5eee62a,2026-04-15T23:44:10+05:30,src/routes/reports/employee-targets/components/employee-targets-list.tsx,28fc3f6053,2025-12-09T12:09:11+05:30,127
posx-mokobara-admin,08b5eee62a,2026-04-15T23:44:10+05:30,src/routes/reports/employee-targets/components/employee-targets-list.tsx,df64c29d40,2025-12-09T14:45:37+05:30,127
posx-mokobara-admin,08b5eee62a,2026-04-15T23:44:10+05:30,src/routes/reports/sales-targets/components/sales-targets-list.tsx,28fc3f6053,2025-12-09T12:09:11+05:30,127
posx-mokobara-admin,be9aec189c,2026-04-20T02:26:51+05:30,src/routes/cms/cms-list/components/cash-accumulation/cash-accumulation.tsx,47bad70478,2025-11-10T13:23:22+05:30,160
posx-mokobara-admin,be9aec189c,2026-04-20T02:26:51+05:30,src/routes/cms/cms-list/components/cash-accumulation/cash-accumulation.tsx,a4805a1243,2026-02-18T15:25:46+05:30,60
posx-mokobara-admin,be9aec189c,2026-04-20T02:26:51+05:30,src/routes/cms/cms-list/components/cms-list-table/cms-list-table.tsx,a4805a1243,2026-02-18T15:25:46+05:30,60
posx-mokobara-admin,be9aec189c,2026-04-20T02:26:51+05:30,src/routes/cms/cms-list/components/cms-list-table/cms-list-table.tsx,fb0118c94f,2026-02-17T19:39:03+05:30,61
posx-mokobara-admin,be9aec189c,2026-04-20T02:26:51+05:30,src/routes/inventory/inventory-logs/components/inventory-logs-table.tsx,a4805a1243,2026-02-18T15:25:46+05:30,60
posx-mokobara-admin,be9aec189c,2026-04-20T02:26:51+05:30,src/routes/order-details/order-detail/components/store-section.tsx,47bad70478,2025-11-10T13:23:22+05:30,160
posx-mokobara-admin,7d67f9a8c6,2026-04-20T02:27:35+05:30,src/routes/store-details/store-details-create/components/payment-create-form/payment-create-form.tsx,ef91757015,2026-03-21T07:05:36+05:30,29
posx-mokobara-admin,b8112697dd,2026-04-20T02:30:47+05:30,src/routes/combos/combo-create/components/create-combo-form/create-combo-form.tsx,a4805a1243,2026-02-18T15:25:46+05:30,60
posx-mokobara-admin,b8112697dd,2026-04-20T02:30:47+05:30,src/routes/combos/combo-edit/components/edit-combo-form/edit-combo-form.tsx,a4805a1243,2026-02-18T15:25:46+05:30,60
posx-mokobara-admin,b8112697dd,2026-04-20T02:30:47+05:30,src/routes/combos/combo-edit/components/edit-combo-form/edit-combo-form.tsx,a8493c0f7f,2025-11-21T01:07:01+05:30,150
posx-mokobara-admin,b8112697dd,2026-04-20T02:30:47+05:30,src/routes/employees/employee-create/components/basic-info-create-form/basic-info-create-form.tsx,47bad70478,2025-11-10T13:23:22+05:30,160
posx-mokobara-admin,b8112697dd,2026-04-20T02:30:47+05:30,src/routes/employees/employee-create/components/basic-info-create-form/basic-info-create-form.tsx,a4805a1243,2026-02-18T15:25:46+05:30,60
posx-mokobara-admin,b8112697dd,2026-04-20T02:30:47+05:30,src/routes/footfall/footfall-list/components/footfall-list-table.tsx,a4805a1243,2026-02-18T15:25:46+05:30,60
posx-mokobara-admin,b8112697dd,2026-04-20T02:30:47+05:30,src/routes/footfall/footfall-list/components/footfall-list-table.tsx,fb0118c94f,2026-02-17T19:39:03+05:30,61
posx-mokobara-admin,b8112697dd,2026-04-20T02:30:47+05:30,src/routes/inventory/internal-stock-transfer/internal-stock-transfer.tsx,9d0efbcf3c,2026-03-20T03:11:50+05:30,30
posx-mokobara-admin,b8112697dd,2026-04-20T02:30:47+05:30,src/routes/inventory/inventory-snapshot/inventory-snapshot.tsx,681d63d292,2026-03-16T17:28:29+05:30,34
posx-mokobara-admin,b8112697dd,2026-04-20T02:30:47+05:30,src/routes/inventory/stock-adjustment/stock-adjustment.tsx,126d0e9288,2026-03-20T04:52:01+05:30,30
posx-mokobara-admin,b8112697dd,2026-04-20T02:30:47+05:30,src/routes/order-details/order-list/components/order-list-table/order-list-table.tsx,fb0118c94f,2026-02-17T19:39:03+05:30,61
posx-mokobara-admin,b8112697dd,2026-04-20T02:30:47+05:30,src/routes/order-details/order-list/components/order-report-grid.tsx,a4805a1243,2026-02-18T15:25:46+05:30,60
posx-mokobara-admin,b8112697dd,2026-04-20T02:30:47+05:30,src/routes/reports/category-sales/components/category-sales-metrics.tsx,a4805a1243,2026-02-18T15:25:46+05:30,60
posx-mokobara-admin,b8112697dd,2026-04-20T02:30:47+05:30,src/routes/reports/employee-performance/components/employee-performance-metrics.tsx,92bcbad7c9,2026-04-15T12:03:01+05:30,4
posx-mokobara-admin,b8112697dd,2026-04-20T02:30:47+05:30,src/routes/reports/employee-targets/components/employee-target-form-modal.tsx,a4805a1243,2026-02-18T15:25:46+05:30,60
posx-mokobara-admin,b8112697dd,2026-04-20T02:30:47+05:30,src/routes/reports/sales-report/components/sales-report-metrics.tsx,a4805a1243,2026-02-18T15:25:46+05:30,60
posx-mokobara-admin,b8112697dd,2026-04-20T02:30:47+05:30,src/routes/reports/sales-targets/components/sales-target-form-modal.tsx,a4805a1243,2026-02-18T15:25:46+05:30,60
posx-mokobara-admin,b8112697dd,2026-04-20T02:30:47+05:30,src/routes/store-coupons/coupon-create/components/store-allocation-form/store-allocation-form.tsx,fb0118c94f,2026-02-17T19:39:03+05:30,61
posx-mokobara-admin,b8112697dd,2026-04-20T02:30:47+05:30,src/routes/store-coupons/coupon-detail/components/usage-info-section.tsx,a4805a1243,2026-02-18T15:25:46+05:30,60
posx-mokobara-admin,b8112697dd,2026-04-20T02:30:47+05:30,src/routes/store-coupons/store-list/components/store-coupon-list-table/store-coupon-list-table.tsx,a4805a1243,2026-02-18T15:25:46+05:30,60
posx-mokobara-admin,b8112697dd,2026-04-20T02:30:47+05:30,src/routes/store-details/store-detail/breadcrumb.tsx,a4805a1243,2026-02-18T15:25:46+05:30,60
posx-mokobara-admin,b8112697dd,2026-04-20T02:30:47+05:30,src/routes/store-details/store-list/components/store-list-table/store-list-table.tsx,47bad70478,2025-11-10T13:23:22+05:30,160
posx-mokobara-admin,c1d1a8f58e,2026-04-23T15:18:52+05:30,src/routes/store-details/store-details-create/components/payment-create-form/payment-create-form.tsx,e800be9e7d,2026-04-01T13:19:07+05:30,22
posx-mokobara-admin,c1d1a8f58e,2026-04-23T15:18:52+05:30,src/routes/store-details/store-details-create/components/payment-create-form/payment-create-form.tsx,7d67f9a8c6,2026-04-20T02:27:35+05:30,3
posx-mokobara-admin,c1d1a8f58e,2026-04-23T15:18:52+05:30,src/routes/store-details/store-details-create/components/payment-create-form/payment-create-form.tsx,47bad70478,2025-11-10T13:23:22+05:30,164
posx-mokobara-admin,c1d1a8f58e,2026-04-23T15:18:52+05:30,src/routes/store-details/store-details-create/components/payment-create-form/payment-create-form.tsx,5fe91f576c,2025-11-11T17:38:14+05:30,162
posx-mokobara-admin,8e882ee549,2026-05-19T18:17:43+05:30,src/routes/reports/employee-targets/components/employee-target-csv-import-modal.tsx,6d6d51d075,2026-04-09T15:10:23+05:30,40
posx-mokobara-admin,5b370c5e61,2026-06-03T02:17:13+05:30,src/routes/reports/employee-targets/components/employee-target-form-modal.tsx,4e70139c88,2025-12-09T17:14:25+05:30,175
posx-mokobara-admin,1da82ddc7b,2026-06-04T17:07:00+05:30,src/components/layout/main-layout/main-layout.tsx,9221563abd,2026-06-03T02:16:39+05:30,1
posx-mokobara-admin,1da82ddc7b,2026-06-04T17:07:00+05:30,src/routes/login/login.tsx,47bad70478,2025-11-10T13:23:22+05:30,206
posx-mokobara-admin,7b4a0c0683,2026-06-04T17:07:27+05:30,src/routes/employees/employee-create/components/basic-info-create-form/basic-info-create-form.tsx,9221563abd,2026-06-03T02:16:39+05:30,1
posx-mokobara-admin,7b4a0c0683,2026-06-04T17:07:27+05:30,src/routes/employees/employee-create/components/employee-create-form/employee-create-form.tsx,9221563abd,2026-06-03T02:16:39+05:30,1
posx-mokobara-admin,7b4a0c0683,2026-06-04T17:07:27+05:30,src/routes/employees/employee-create/constants.ts,56af2a530b,2026-04-28T15:57:25+05:30,37
posx-mokobara-admin,7b4a0c0683,2026-06-04T17:07:27+05:30,src/routes/employees/employee-create/constants.ts,9221563abd,2026-06-03T02:16:39+05:30,1
posx-mokobara-admin,7b4a0c0683,2026-06-04T17:07:27+05:30,src/routes/employees/employee-edit/components/edit-employee-form/edit-employee-form.tsx,9221563abd,2026-06-03T02:16:39+05:30,1
posx-mokobara-admin,7b4a0c0683,2026-06-04T17:07:27+05:30,src/routes/employees/employee-edit/components/edit-employee-form/edit-employee-form.tsx,56af2a530b,2026-04-28T15:57:25+05:30,37
posx-mokobara-admin,7b4a0c0683,2026-06-04T17:07:27+05:30,src/routes/employees/employee-list/components/employee-list-table/employee-list-table.tsx,9221563abd,2026-06-03T02:16:39+05:30,1
posx-mokobara-admin,7b4a0c0683,2026-06-04T17:07:27+05:30,src/routes/employees/employee-list/components/employee-list-table/employee-list-table.tsx,21ad69b7db,2026-03-16T23:16:22+05:30,79
posx-mokobara-admin,2d0a6de49f,2026-06-04T17:07:50+05:30,src/routes/cms/cms-list/components/cash-accumulation/cash-accumulation.tsx,47bad70478,2025-11-10T13:23:22+05:30,206
posx-mokobara-admin,2d0a6de49f,2026-06-04T17:07:50+05:30,src/routes/cms/cms-list/components/cash-accumulation/cash-accumulation.tsx,f6117a1c41,2026-01-23T11:37:18+05:30,132
posx-mokobara-admin,2d0a6de49f,2026-06-04T17:07:50+05:30,src/routes/cms/cms-list/components/cash-accumulation/cash-accumulation.tsx,be9aec189c,2026-04-20T02:26:51+05:30,45
posx-mokobara-admin,2d0a6de49f,2026-06-04T17:07:50+05:30,src/routes/cms/cms-list/components/cms-list-table/cms-list-table.tsx,47bad70478,2025-11-10T13:23:22+05:30,206
posx-mokobara-admin,2d0a6de49f,2026-06-04T17:07:50+05:30,src/routes/inventory/internal-stock-transfer/internal-stock-transfer.tsx,9d0efbcf3c,2026-03-20T03:11:50+05:30,76
posx-mokobara-admin,2d0a6de49f,2026-06-04T17:07:50+05:30,src/routes/inventory/internal-stock-transfer/internal-stock-transfer.tsx,b8112697dd,2026-04-20T02:30:47+05:30,45
posx-mokobara-admin,2d0a6de49f,2026-06-04T17:07:50+05:30,src/routes/order-details/order-list/components/order-report-grid.tsx,47bad70478,2025-11-10T13:23:22+05:30,206
posx-mokobara-admin,33780c3792,2026-06-04T17:08:14+05:30,src/components/inputs/combobox/combobox.tsx,a8493c0f7f,2025-11-21T01:07:01+05:30,195
posx-mokobara-admin,33780c3792,2026-06-04T17:08:14+05:30,src/components/utilities/error-boundary/error-boundary.tsx,9221563abd,2026-06-03T02:16:39+05:30,1
posx-mokobara-admin,33780c3792,2026-06-04T17:08:14+05:30,src/routes/reports/ccn-report/ccn-report.tsx,4275a4a3a6,2026-04-20T04:46:13+05:30,45
posx-mokobara-admin,33780c3792,2026-06-04T17:08:14+05:30,src/routes/reports/payment-report/payment-report.tsx,455777046d,2026-05-28T03:43:25+05:30,7
posx-mokobara-admin,33780c3792,2026-06-04T17:08:14+05:30,src/routes/reports/sales-report/components/sales-report-metrics.tsx,28fc3f6053,2025-12-09T12:09:11+05:30,177
posx-mokobara-admin,33780c3792,2026-06-04T17:08:14+05:30,src/routes/reports/sales-report/components/sales-report-metrics.tsx,5312b9f185,2025-12-09T15:25:51+05:30,177
posx-mokobara-admin,33780c3792,2026-06-04T17:08:14+05:30,src/routes/reports/sales-report/components/sales-report-metrics.tsx,ac43d22633,2026-01-14T00:26:24+05:30,141
posx-mokobara-admin,33780c3792,2026-06-04T17:08:14+05:30,src/routes/roles/role-assign-permission/components/assign-permission-form/assign-permission-form.tsx,9221563abd,2026-06-03T02:16:39+05:30,1
posx-mokobara-admin,3fa0840fb7,2026-06-04T17:08:45+05:30,src/hooks/api/combos.tsx,129e12a8fc,2025-11-18T16:52:32+05:30,198
posx-mokobara-admin,3fa0840fb7,2026-06-04T17:08:45+05:30,src/hooks/api/combos.tsx,f259333030,2025-11-18T17:13:43+05:30,197
posx-mokobara-admin,3fa0840fb7,2026-06-04T17:08:45+05:30,src/hooks/api/roles.tsx,9221563abd,2026-06-03T02:16:39+05:30,1
posx-mokobara-admin,3fa0840fb7,2026-06-04T17:08:45+05:30,src/hooks/api/synced-shopify-coupons.tsx,ac43d22633,2026-01-14T00:26:24+05:30,141
posx-mokobara-admin,3fa0840fb7,2026-06-04T17:08:45+05:30,src/hooks/api/tracked-coupons.tsx,ac43d22633,2026-01-14T00:26:24+05:30,141
posx-mokobara-admin,3fa0840fb7,2026-06-04T17:08:45+05:30,src/routes/store-details/store-list/components/store-list-table/store-list-table.tsx,47bad70478,2025-11-10T13:23:22+05:30,206
posx-mokobara-admin,beb21fb379,2026-06-04T17:09:35+05:30,src/routes/roles/role-create/components/role-create-form/role-create-form.tsx,9221563abd,2026-06-03T02:16:39+05:30,1
posx-mokobara-admin,c054914ecd,2026-06-06T14:56:23+05:30,src/hooks/api/roles.tsx,9221563abd,2026-06-03T02:16:39+05:30,3
posx-mokobara-admin,c054914ecd,2026-06-06T14:56:23+05:30,src/routes/employees/employee-create/components/basic-info-create-form/basic-info-create-form.tsx,9221563abd,2026-06-03T02:16:39+05:30,3
posx-mokobara-admin,c054914ecd,2026-06-06T14:56:23+05:30,src/routes/employees/employee-edit/components/edit-employee-form/edit-employee-form.tsx,9221563abd,2026-06-03T02:16:39+05:30,3
posx-mokobara-admin,c054914ecd,2026-06-06T14:56:23+05:30,src/routes/inventory/stock-adjustment/stock-adjustment.tsx,5c3e5b51b2,2026-06-03T02:16:54+05:30,3
posx-mokobara-admin,c054914ecd,2026-06-06T14:56:23+05:30,src/routes/inventory/stock-adjustment/stock-adjustment.tsx,b924605f8c,2026-04-22T05:34:12+05:30,45
posx-mokobara-admin,c054914ecd,2026-06-06T14:56:23+05:30,src/routes/pos-inventory/inventory-list/components/inventory-list-table/inventory-list-table.tsx,5c3e5b51b2,2026-06-03T02:16:54+05:30,3
posx-mokobara-admin,c054914ecd,2026-06-06T14:56:23+05:30,src/routes/reports/ccn-report/ccn-report.tsx,9433c24588,2026-04-28T01:28:53+05:30,39
posx-mokobara-admin,c054914ecd,2026-06-06T14:56:23+05:30,src/routes/roles/role-assign-permission/role-assign-permission.tsx,9221563abd,2026-06-03T02:16:39+05:30,3
posx-mokobara-admin,c054914ecd,2026-06-06T14:56:23+05:30,src/routes/roles/role-detail/components/role-general-section/role-general-section.tsx,9221563abd,2026-06-03T02:16:39+05:30,3
posx-mokobara-admin,c054914ecd,2026-06-06T14:56:23+05:30,src/routes/roles/role-detail/components/role-permissions-section/components/role-permissions-list/role-permissions-list.tsx,9221563abd,2026-06-03T02:16:39+05:30,3
posx-mokobara-admin,d77f16e116,2026-06-12T19:00:27+05:30,src/routes/employees/employee-create/components/basic-info-create-form/basic-info-create-form.tsx,9221563abd,2026-06-03T02:16:39+05:30,9
posx-mokobara-admin,d77f16e116,2026-06-12T19:00:27+05:30,src/routes/employees/employee-edit/components/edit-employee-form/edit-employee-form.tsx,9221563abd,2026-06-03T02:16:39+05:30,9
posx-mokobara-admin,d77f16e116,2026-06-12T19:00:27+05:30,src/routes/employees/employee-edit/components/edit-employee-form/edit-employee-form.tsx,56af2a530b,2026-04-28T15:57:25+05:30,45
posx-mokobara-admin,d77f16e116,2026-06-12T19:00:27+05:30,src/routes/permissions/permission-list/components/permission-list-table/permission-list-table.tsx,9221563abd,2026-06-03T02:16:39+05:30,9
posx-mokobara-admin,d77f16e116,2026-06-12T19:00:27+05:30,src/routes/roles/role-list/components/role-list-table/role-list-table.tsx,9221563abd,2026-06-03T02:16:39+05:30,9
posx-mokobara-admin,23f8710007,2026-06-22T18:05:53+05:30,src/routes/cms/cms-list/components/cms-list-table/cms-list-table.tsx,47bad70478,2025-11-10T13:23:22+05:30,224
posx-mokobara-admin,23f8710007,2026-06-22T18:05:53+05:30,src/routes/cms/cms-list/components/cms-list-table/cms-list-table.tsx,2d0a6de49f,2026-06-04T17:07:50+05:30,18
posx-mokobara-admin,23f8710007,2026-06-22T18:05:53+05:30,src/routes/cms/cms-list/components/cms-list-table/cms-list-table.tsx,fb0118c94f,2026-02-17T19:39:03+05:30,124
posx-mokobara-admin,23f8710007,2026-06-22T18:05:53+05:30,src/routes/cms/cms-list/components/cms-list-table/cms-list-table.tsx,be9aec189c,2026-04-20T02:26:51+05:30,63
posx-mokobara-admin,23f8710007,2026-06-22T18:05:53+05:30,src/routes/order-details/order-list/components/order-list-table/order-list-table.tsx,47bad70478,2025-11-10T13:23:22+05:30,224
posx-mokobara-admin,23f8710007,2026-06-22T18:05:53+05:30,src/routes/order-details/order-list/components/order-list-table/order-list-table.tsx,b8112697dd,2026-04-20T02:30:47+05:30,63
posx-mokobara-admin,b37abe4a4d,2026-06-30T14:25:16+05:30,src/routes/employees/employee-edit/components/edit-employee-form/edit-employee-form.tsx,47bad70478,2025-11-10T13:23:22+05:30,232
posx-mokobara-admin,b37abe4a4d,2026-06-30T14:25:16+05:30,src/routes/employees/employee-edit/components/edit-employee-form/edit-employee-form.tsx,56af2a530b,2026-04-28T15:57:25+05:30,62
posx-mokobara-admin,b37abe4a4d,2026-06-30T14:25:16+05:30,src/routes/employees/employee-edit/components/edit-employee-form/edit-employee-form.tsx,be6967e7e2,2025-12-16T18:16:57+05:30,195
posx-mokobara-admin,b37abe4a4d,2026-06-30T14:25:16+05:30,src/routes/employees/employee-edit/components/edit-employee-form/edit-employee-form.tsx,9221563abd,2026-06-03T02:16:39+05:30,27
posx-mokobara-admin,b37abe4a4d,2026-06-30T14:25:16+05:30,src/routes/employees/employee-edit/components/edit-employee-form/edit-employee-form.tsx,d77f16e116,2026-06-12T19:00:27+05:30,17
posx-mokobara-admin,b37abe4a4d,2026-06-30T14:25:16+05:30,src/routes/employees/employee-edit/components/edit-employee-form/edit-employee-form.tsx,a0f166fcca,2026-06-26T00:50:44+05:30,4
posx-mokobara-admin,bf66f43c50,2026-06-30T14:25:16+05:30,src/routes/employees/employee-edit/components/edit-employee-form/edit-employee-form.tsx,47bad70478,2025-11-10T13:23:22+05:30,232
posx-mokobara-admin,bf66f43c50,2026-06-30T14:25:16+05:30,src/routes/employees/employee-edit/components/edit-employee-form/edit-employee-form.tsx,56af2a530b,2026-04-28T15:57:25+05:30,62
posx-mokobara-admin,bf66f43c50,2026-06-30T14:25:16+05:30,src/routes/employees/employee-edit/components/edit-employee-form/edit-employee-form.tsx,be6967e7e2,2025-12-16T18:16:57+05:30,195
posx-mokobara-admin,bf66f43c50,2026-06-30T14:25:16+05:30,src/routes/employees/employee-edit/components/edit-employee-form/edit-employee-form.tsx,9221563abd,2026-06-03T02:16:39+05:30,27
posx-mokobara-admin,bf66f43c50,2026-06-30T14:25:16+05:30,src/routes/employees/employee-edit/components/edit-employee-form/edit-employee-form.tsx,d77f16e116,2026-06-12T19:00:27+05:30,17
posx-mokobara-admin,77bcf2fa73,2026-07-07T18:53:27+05:30,src/hooks/api/credit-notes.tsx,37f669f08d,2026-07-07T15:58:10+05:30,0
posx-mokobara-admin,77bcf2fa73,2026-07-07T18:53:27+05:30,src/routes/reports/ccn-report/ccn-report.tsx,37f669f08d,2026-07-07T15:58:10+05:30,0
posx-mokobara-admin,77bcf2fa73,2026-07-07T18:53:27+05:30,src/routes/reports/ccn-report/components/ccn-filter-bar.tsx,37f669f08d,2026-07-07T15:58:10+05:30,0
posx-mokobara-admin,77bcf2fa73,2026-07-07T18:53:27+05:30,src/routes/reports/ccn-report/components/ccn-row-actions.tsx,37f669f08d,2026-07-07T15:58:10+05:30,0
posx-mokobara-admin,77bcf2fa73,2026-07-07T18:53:27+05:30,src/routes/reports/ccn-report/components/extend-expiry-dialog.tsx,37f669f08d,2026-07-07T15:58:10+05:30,0
posx-mokobara-admin,77bcf2fa73,2026-07-07T18:53:27+05:30,src/types/credit-note.ts,37f669f08d,2026-07-07T15:58:10+05:30,0
posx-mokobara-admin,2a22a634ec,2026-07-11T11:59:44+05:30,src/routes/roles/role-assign-permission/components/assign-permission-form/assign-permission-form.tsx,9221563abd,2026-06-03T02:16:39+05:30,38
posx-mokobara-admin,d1955482a2,2026-07-11T11:59:44+05:30,src/routes/roles/role-assign-permission/components/assign-permission-form/assign-permission-form.tsx,9221563abd,2026-06-03T02:16:39+05:30,38
posx-mokobara-admin,45d1e5ec49,2026-07-14T12:00:42+05:30,src/routes/order-details/order-detail/components/cancel-order-section.tsx,6c0516abf2,2026-07-02T11:34:16+05:30,12
posx-mokobara-admin,2ea40fe04b,2026-07-15T11:00:53+05:30,src/hooks/api/shopify-order-status.tsx,b3e46211b1,2026-07-14T22:18:02+05:30,0
posx-mokobara-admin,2ea40fe04b,2026-07-15T11:00:53+05:30,src/routes/order-details/order-detail/components/shopify-fulfillment-button.tsx,b3e46211b1,2026-07-14T22:18:02+05:30,0
posx-mokobara-admin,31fc83e8b0,2026-07-15T11:14:19+05:30,src/routes/order-details/order-detail/components/shopify-fulfillment-button.tsx,b3e46211b1,2026-07-14T22:18:02+05:30,0
posx-mokobara-admin,13d4d8597e,2026-07-15T11:16:41+05:30,src/routes/order-details/order-detail/components/shopify-fulfillment-button.tsx,2ea40fe04b,2026-07-15T11:00:53+05:30,0
posx-mokobara-admin,2a18b88fea,2026-07-14T12:00:42+05:30,src/routes/order-details/order-detail/components/cancel-order-section.tsx,0e49c3350f,2026-07-02T11:34:16+05:30,12
posx-mokobara-admin,4175a5afbc,2026-07-17T17:21:08+05:30,src/routes/inventory/rfid-list/components/rfid-list-table.tsx,c670ef8a30,2026-07-17T13:40:13+05:30,0
posx-mokobara-admin,4175a5afbc,2026-07-17T17:21:08+05:30,src/routes/inventory/rfid-list/components/use-rfid-list-api.tsx,c670ef8a30,2026-07-17T13:40:13+05:30,0
posx-mokobara-admin,4175a5afbc,2026-07-17T17:21:08+05:30,src/routes/inventory/rfid-list/components/use-rfid-list-table-query.tsx,c670ef8a30,2026-07-17T13:40:13+05:30,0
posx-mokobara-admin,4175a5afbc,2026-07-17T17:21:08+05:30,src/routes/inventory/rfid-list/rfid-list.tsx,c670ef8a30,2026-07-17T13:40:13+05:30,0
posx-mokobara-admin,69dd0a003c,2026-07-30T12:38:54+05:30,src/routes/inventory/rfid-list/components/rfid-list-table.tsx,c670ef8a30,2026-07-17T13:40:13+05:30,12
posx-mokobara-admin,69dd0a003c,2026-07-30T12:38:54+05:30,src/routes/inventory/rfid-list/components/use-rfid-list-api.tsx,c670ef8a30,2026-07-17T13:40:13+05:30,12
posx-mokobara-admin,69dd0a003c,2026-07-30T12:38:54+05:30,src/routes/inventory/rfid-list/components/use-rfid-list-table-query.tsx,c670ef8a30,2026-07-17T13:40:13+05:30,12
posx-mokobara-admin,777e353355,2026-08-07T14:46:23+05:30,src/hooks/api/gift-vouchers.tsx,a8ca3ecec7,2026-08-06T18:04:16+05:30,0
posx-mokobara-admin,777e353355,2026-08-07T14:46:23+05:30,src/routes/gift-vouchers/components/batch-detail-drawer.tsx,6812e591ac,2026-08-06T18:21:20+05:30,0
posx-mokobara-admin,777e353355,2026-08-07T14:46:23+05:30,src/routes/gift-vouchers/components/batches-tab.tsx,6812e591ac,2026-08-06T18:21:20+05:30,0
posx-mokobara-admin,777e353355,2026-08-07T14:46:23+05:30,src/routes/gift-vouchers/components/cancel-voucher-dialog.tsx,e3c1515a46,2026-08-06T18:27:14+05:30,0
posx-mokobara-admin,777e353355,2026-08-07T14:46:23+05:30,src/routes/gift-vouchers/components/config-tab.tsx,4b8314e8b3,2026-08-06T18:11:38+05:30,0
posx-mokobara-admin,777e353355,2026-08-07T14:46:23+05:30,src/routes/gift-vouchers/components/issue-batch-dialog.tsx,6812e591ac,2026-08-06T18:21:20+05:30,0
posx-mokobara-admin,777e353355,2026-08-07T14:46:23+05:30,src/routes/gift-vouchers/components/use-voucher-card.ts,e3c1515a46,2026-08-06T18:27:14+05:30,0
posx-mokobara-admin,777e353355,2026-08-07T14:46:23+05:30,src/routes/gift-vouchers/components/voucher-detail-drawer.tsx,e3c1515a46,2026-08-06T18:27:14+05:30,0
posx-mokobara-admin,777e353355,2026-08-07T14:46:23+05:30,src/routes/gift-vouchers/components/vouchers-tab.tsx,e3c1515a46,2026-08-06T18:27:14+05:30,0
posx-mokobara-admin,777e353355,2026-08-07T14:46:23+05:30,src/types/gift-voucher.ts,a8ca3ecec7,2026-08-06T18:04:16+05:30,0
posx-mokobara-admin,b8874c6a6e,2026-08-11T12:39:47+05:30,src/routes/gift-vouchers/components/batch-detail-drawer.tsx,bb508e210c,2026-08-11T11:53:16+05:30,0
posx-mokobara-admin,b8874c6a6e,2026-08-11T12:39:47+05:30,src/routes/gift-vouchers/components/use-batch-cards.ts,bb508e210c,2026-08-11T11:53:16+05:30,0
posx-mokobara-admin,b8874c6a6e,2026-08-11T12:39:47+05:30,src/routes/gift-vouchers/components/use-voucher-card.ts,777e353355,2026-08-07T14:46:23+05:30,3
posx-mokobara-admin,62db0bf9b3,2026-08-11T13:56:03+05:30,src/routes/gift-vouchers/components/issue-batch-dialog.tsx,6812e591ac,2026-08-06T18:21:20+05:30,4
posx-mokobara-admin,62db0bf9b3,2026-08-11T13:56:03+05:30,src/routes/gift-vouchers/components/use-batch-cards.ts,bb508e210c,2026-08-11T11:53:16+05:30,0
posx-mokobara-admin,372e4ccfcc,2026-08-11T15:41:42+05:30,src/routes/gift-vouchers/components/use-voucher-card.ts,e3c1515a46,2026-08-06T18:27:14+05:30,4
posx-mokobara-admin,69480a7652,2026-08-11T15:41:42+05:30,src/routes/gift-vouchers/components/use-voucher-card.ts,db88ff846f,2026-08-10T18:11:50+05:30,0
posx-mokobara-admin,08246b32a4,2026-08-11T12:39:47+05:30,src/routes/gift-vouchers/components/batch-detail-drawer.tsx,d04260c2f6,2026-08-11T11:53:16+05:30,0
posx-mokobara-admin,08246b32a4,2026-08-11T12:39:47+05:30,src/routes/gift-vouchers/components/use-batch-cards.ts,d04260c2f6,2026-08-11T11:53:16+05:30,0
posx-mokobara-admin,08246b32a4,2026-08-11T12:39:47+05:30,src/routes/gift-vouchers/components/use-voucher-card.ts,db88ff846f,2026-08-10T18:11:50+05:30,0
posx-mokobara-admin,47cf431f32,2026-08-11T13:56:03+05:30,src/routes/gift-vouchers/components/issue-batch-dialog.tsx,db88ff846f,2026-08-10T18:11:50+05:30,0
posx-mokobara-admin,47cf431f32,2026-08-11T13:56:03+05:30,src/routes/gift-vouchers/components/use-batch-cards.ts,d04260c2f6,2026-08-11T11:53:16+05:30,0
posx-mokobara-admin,0598758186,2026-09-02T16:23:11+05:30,src/routes/gift-vouchers/components/batch-detail-drawer.tsx,42340758fe,2026-09-02T13:06:11+05:30,0
posx-mokobara-admin,0598758186,2026-09-02T16:23:11+05:30,src/routes/gift-vouchers/components/voucher-detail-drawer.tsx,f878bbbdce,2026-09-02T16:05:12+05:30,0
posx-mokobara-admin,d785c6b4ea,2026-09-02T16:48:14+05:30,src/routes/gift-vouchers/components/issue-batch-dialog.tsx,f878bbbdce,2026-09-02T16:05:12+05:30,0
posx-mokobara-admin,d785c6b4ea,2026-09-02T16:48:14+05:30,src/routes/gift-vouchers/components/voucher-detail-drawer.tsx,f878bbbdce,2026-09-02T16:05:12+05:30,0
posx-mokobara-backend,04ffd95ba8,2025-11-19T14:34:53+05:30,src/api/admin/store-coupon/route.ts,18af5b455b,2025-11-18T13:52:35+05:30,1
posx-mokobara-backend,04ffd95ba8,2025-11-19T14:34:53+05:30,src/links/README.md,59ba8b2501,2025-11-05T11:32:04+05:30,14
posx-mokobara-backend,1ec63ddd5e,2025-11-20T13:16:58+05:30,src/api/admin/cart/route.ts,af8452257a,2025-11-05T13:04:48+05:30,15
posx-mokobara-backend,1ec63ddd5e,2025-11-20T13:16:58+05:30,src/api/admin/cart/route.ts,a8fed91143,2025-11-18T16:14:55+05:30,1
posx-mokobara-backend,1ec63ddd5e,2025-11-20T13:16:58+05:30,src/api/admin/cart/route.ts,a635a4bbf0,2025-11-18T18:26:14+05:30,1
posx-mokobara-backend,1ec63ddd5e,2025-11-20T13:16:58+05:30,src/api/admin/cart/route.ts,741463ce88,2025-11-19T17:53:27+05:30,0
posx-mokobara-backend,1ec63ddd5e,2025-11-20T13:16:58+05:30,src/lib/helpers/build-summary.ts,af8452257a,2025-11-05T13:04:48+05:30,15
posx-mokobara-backend,1ec63ddd5e,2025-11-20T13:16:58+05:30,src/lib/helpers/build-summary.ts,741463ce88,2025-11-19T17:53:27+05:30,0
posx-mokobara-backend,1ec63ddd5e,2025-11-20T13:16:58+05:30,src/types/validators/cart.ts,af8452257a,2025-11-05T13:04:48+05:30,15
posx-mokobara-backend,1ec63ddd5e,2025-11-20T13:16:58+05:30,src/workflows/cart/steps/add-personalization-product-step.ts,a8fed91143,2025-11-18T16:14:55+05:30,1
posx-mokobara-backend,1ec63ddd5e,2025-11-20T13:16:58+05:30,src/workflows/cart/steps/add-to-cart-step.ts,af8452257a,2025-11-05T13:04:48+05:30,15
posx-mokobara-backend,1ec63ddd5e,2025-11-20T13:16:58+05:30,src/workflows/cart/steps/apply-store-coupon-step.ts,18af5b455b,2025-11-18T13:52:35+05:30,1
posx-mokobara-backend,1ec63ddd5e,2025-11-20T13:16:58+05:30,src/workflows/cart/steps/remove-item-from-shopify-cart-step.ts,af8452257a,2025-11-05T13:04:48+05:30,15
posx-mokobara-backend,1ec63ddd5e,2025-11-20T13:16:58+05:30,src/workflows/cart/workflows/add-to-online-cart.ts,af8452257a,2025-11-05T13:04:48+05:30,15
posx-mokobara-backend,1ec63ddd5e,2025-11-20T13:16:58+05:30,src/workflows/cart/workflows/add-to-online-cart.ts,a8fed91143,2025-11-18T16:14:55+05:30,1
posx-mokobara-backend,1ec63ddd5e,2025-11-20T13:16:58+05:30,src/workflows/cart/workflows/add-to-online-cart.ts,741463ce88,2025-11-19T17:53:27+05:30,0
posx-mokobara-backend,1ec63ddd5e,2025-11-20T13:16:58+05:30,src/workflows/cart/workflows/add-to-retail-cart.ts,af8452257a,2025-11-05T13:04:48+05:30,15
posx-mokobara-backend,1ec63ddd5e,2025-11-20T13:16:58+05:30,src/workflows/cart/workflows/add-to-retail-cart.ts,18af5b455b,2025-11-18T13:52:35+05:30,1
posx-mokobara-backend,1ec63ddd5e,2025-11-20T13:16:58+05:30,src/workflows/cart/workflows/add-to-retail-cart.ts,741463ce88,2025-11-19T17:53:27+05:30,0
posx-mokobara-backend,1ec63ddd5e,2025-11-20T13:16:58+05:30,src/workflows/helper/steps/build-summary-step.ts,af8452257a,2025-11-05T13:04:48+05:30,15
posx-mokobara-backend,1ec63ddd5e,2025-11-20T13:16:58+05:30,src/workflows/online-cart/steps/add-to-online-cart-step.ts,af8452257a,2025-11-05T13:04:48+05:30,15
posx-mokobara-backend,77753c235d,2025-11-20T13:35:57+05:30,src/api/admin/cart/route.ts,741463ce88,2025-11-19T17:53:27+05:30,0
posx-mokobara-backend,77753c235d,2025-11-20T13:35:57+05:30,src/api/admin/cart/route.ts,a8fed91143,2025-11-18T16:14:55+05:30,1
posx-mokobara-backend,77753c235d,2025-11-20T13:35:57+05:30,src/api/admin/cart/route.ts,1ec63ddd5e,2025-11-20T13:16:58+05:30,0
posx-mokobara-backend,77753c235d,2025-11-20T13:35:57+05:30,src/lib/helpers/build-summary.ts,1ec63ddd5e,2025-11-20T13:16:58+05:30,0
posx-mokobara-backend,77753c235d,2025-11-20T13:35:57+05:30,src/lib/helpers/build-summary.ts,af8452257a,2025-11-05T13:04:48+05:30,15
posx-mokobara-backend,77753c235d,2025-11-20T13:35:57+05:30,src/types/validators/cart.ts,1ec63ddd5e,2025-11-20T13:16:58+05:30,0
posx-mokobara-backend,77753c235d,2025-11-20T13:35:57+05:30,src/workflows/cart/steps/add-personalization-product-step.ts,a8fed91143,2025-11-18T16:14:55+05:30,1
posx-mokobara-backend,77753c235d,2025-11-20T13:35:57+05:30,src/workflows/cart/steps/add-to-cart-step.ts,af8452257a,2025-11-05T13:04:48+05:30,15
posx-mokobara-backend,77753c235d,2025-11-20T13:35:57+05:30,src/workflows/cart/steps/add-to-cart-step.ts,1ec63ddd5e,2025-11-20T13:16:58+05:30,0
posx-mokobara-backend,77753c235d,2025-11-20T13:35:57+05:30,src/workflows/cart/steps/apply-custom-discount-step.ts,1ec63ddd5e,2025-11-20T13:16:58+05:30,0
posx-mokobara-backend,77753c235d,2025-11-20T13:35:57+05:30,src/workflows/cart/steps/apply-online-coupon-step.ts,1ec63ddd5e,2025-11-20T13:16:58+05:30,0
posx-mokobara-backend,77753c235d,2025-11-20T13:35:57+05:30,src/workflows/cart/steps/apply-store-coupon-step.ts,18af5b455b,2025-11-18T13:52:35+05:30,1
posx-mokobara-backend,77753c235d,2025-11-20T13:35:57+05:30,src/workflows/cart/steps/remove-custom-discount-step.ts,1ec63ddd5e,2025-11-20T13:16:58+05:30,0
posx-mokobara-backend,77753c235d,2025-11-20T13:35:57+05:30,src/workflows/cart/steps/remove-item-from-shopify-cart-step.ts,1ec63ddd5e,2025-11-20T13:16:58+05:30,0
posx-mokobara-backend,77753c235d,2025-11-20T13:35:57+05:30,src/workflows/cart/steps/remove-online-coupon-step.ts,1ec63ddd5e,2025-11-20T13:16:58+05:30,0
posx-mokobara-backend,77753c235d,2025-11-20T13:35:57+05:30,src/workflows/cart/steps/remove-store-coupon-step.ts,18af5b455b,2025-11-18T13:52:35+05:30,1
posx-mokobara-backend,77753c235d,2025-11-20T13:35:57+05:30,src/workflows/cart/workflows/add-to-cart.ts,af8452257a,2025-11-05T13:04:48+05:30,15
posx-mokobara-backend,77753c235d,2025-11-20T13:35:57+05:30,src/workflows/cart/workflows/apply-custom-discount.ts,1ec63ddd5e,2025-11-20T13:16:58+05:30,0
posx-mokobara-backend,77753c235d,2025-11-20T13:35:57+05:30,src/workflows/cart/workflows/apply-store-coupon.ts,18af5b455b,2025-11-18T13:52:35+05:30,1
posx-mokobara-backend,77753c235d,2025-11-20T13:35:57+05:30,src/workflows/online-cart/steps/add-to-online-cart-step.ts,af8452257a,2025-11-05T13:04:48+05:30,15
posx-mokobara-backend,77753c235d,2025-11-20T13:35:57+05:30,src/workflows/online-cart/steps/add-to-online-cart-step.ts,1ec63ddd5e,2025-11-20T13:16:58+05:30,0
posx-mokobara-backend,2b48765769,2025-11-21T15:44:12+05:30,src/api/admin/cart/route.ts,a635a4bbf0,2025-11-18T18:26:14+05:30,2
posx-mokobara-backend,2b48765769,2025-11-21T15:44:12+05:30,src/api/admin/cart/route.ts,af8452257a,2025-11-05T13:04:48+05:30,16
posx-mokobara-backend,2b48765769,2025-11-21T15:44:12+05:30,src/api/admin/cart/route.ts,a8fed91143,2025-11-18T16:14:55+05:30,2
posx-mokobara-backend,2b48765769,2025-11-21T15:44:12+05:30,src/api/admin/cart/route.ts,77753c235d,2025-11-20T13:35:57+05:30,1
posx-mokobara-backend,2b48765769,2025-11-21T15:44:12+05:30,src/api/admin/cart/route.ts,d3f9f2046e,2025-11-20T15:17:05+05:30,1
posx-mokobara-backend,2b48765769,2025-11-21T15:44:12+05:30,src/api/admin/cart/route.ts,e65ce4b393,2025-11-20T14:03:04+05:30,1
posx-mokobara-backend,2b48765769,2025-11-21T15:44:12+05:30,src/api/admin/cart/route.ts,439ef80109,2025-11-20T16:41:41+05:30,0
posx-mokobara-backend,2b48765769,2025-11-21T15:44:12+05:30,src/api/admin/cart/route.ts,1ec63ddd5e,2025-11-20T13:16:58+05:30,1
posx-mokobara-backend,2b48765769,2025-11-21T15:44:12+05:30,src/api/admin/cart/route.ts,ea56419107,2025-11-20T17:31:12+05:30,0
posx-mokobara-backend,2b48765769,2025-11-21T15:44:12+05:30,src/types/validators/cart.ts,af8452257a,2025-11-05T13:04:48+05:30,16
posx-mokobara-backend,2b48765769,2025-11-21T15:44:12+05:30,src/types/validators/cart.ts,1ec63ddd5e,2025-11-20T13:16:58+05:30,1
posx-mokobara-backend,a3b8f32957,2025-11-29T11:44:49+05:30,src/workflows/cart/steps/remove-item-from-shopify-cart-step.ts,f7cb7d8db4,2025-11-20T13:39:31+05:30,8
posx-mokobara-backend,d5a2f24485,2025-12-03T18:22:06+05:30,src/api/storepro/middlewares.ts,41f4ea2c2d,2025-12-03T13:42:53+05:30,0
posx-mokobara-backend,d5a2f24485,2025-12-03T18:22:06+05:30,src/api/storepro/webhooks/route.ts,41f4ea2c2d,2025-12-03T13:42:53+05:30,0
posx-mokobara-backend,d5a2f24485,2025-12-03T18:22:06+05:30,src/scripts/products.ts,5e144a8590,2025-11-11T17:46:08+05:30,22
posx-mokobara-backend,1e04fe12b8,2025-12-03T18:48:12+05:30,src/api/storepro/webhooks/route.ts,d5a2f24485,2025-12-03T18:22:06+05:30,0
posx-mokobara-backend,1e04fe12b8,2025-12-03T18:48:12+05:30,src/types/validators/storepro.ts,d5a2f24485,2025-12-03T18:22:06+05:30,0
posx-mokobara-backend,1e04fe12b8,2025-12-03T18:48:12+05:30,src/workflows/storepro/steps/normalize-webhook-item-step.ts,41f4ea2c2d,2025-12-03T13:42:53+05:30,0
posx-mokobara-backend,1e04fe12b8,2025-12-03T18:48:12+05:30,src/workflows/storepro/workflows/process-rfid-webhook-payload.ts,41f4ea2c2d,2025-12-03T13:42:53+05:30,0
posx-mokobara-backend,3303f587ef,2025-12-05T11:30:17+05:30,src/modules/storepro/migrations/.snapshot-storepro.json,41f4ea2c2d,2025-12-03T13:42:53+05:30,1
posx-mokobara-backend,3303f587ef,2025-12-05T11:30:17+05:30,src/modules/storepro/models/storepro-sku-rfid-mapping.ts,41f4ea2c2d,2025-12-03T13:42:53+05:30,1
posx-mokobara-backend,f2ccae7154,2025-12-05T12:15:10+05:30,src/modules/storepro/service.ts,41f4ea2c2d,2025-12-03T13:42:53+05:30,1
posx-mokobara-backend,f2ccae7154,2025-12-05T12:15:10+05:30,src/types/validators/storepro.ts,d5a2f24485,2025-12-03T18:22:06+05:30,1
posx-mokobara-backend,f2ccae7154,2025-12-05T12:15:10+05:30,src/workflows/storepro/steps/extract-sku-rfid-mappings-step.ts,41f4ea2c2d,2025-12-03T13:42:53+05:30,1
posx-mokobara-backend,f2ccae7154,2025-12-05T12:15:10+05:30,src/workflows/storepro/steps/normalize-webhook-item-step.ts,41f4ea2c2d,2025-12-03T13:42:53+05:30,1
posx-mokobara-backend,f2ccae7154,2025-12-05T12:15:10+05:30,src/workflows/storepro/steps/store-sku-rfid-mappings-step.ts,41f4ea2c2d,2025-12-03T13:42:53+05:30,1
posx-mokobara-backend,6bca360cc9,2025-12-08T12:18:01+05:30,src/api/admin/inventory/rfid/scan/route.ts,c2dac50258,2025-12-05T16:57:30+05:30,2
posx-mokobara-backend,6bca360cc9,2025-12-08T12:18:01+05:30,src/api/admin/inventory/unicommerce-sale-order/[saleOrderCode]/route.ts,8f74e3a3bd,2025-12-03T13:45:52+05:30,4
posx-mokobara-backend,6bca360cc9,2025-12-08T12:18:01+05:30,src/workflows/inventory/steps/scan-and-update-rfid-mappings-step.ts,c16b9dc3c5,2025-12-05T16:28:28+05:30,2
posx-mokobara-backend,6bca360cc9,2025-12-08T12:18:01+05:30,src/workflows/inventory/steps/scan-and-update-rfid-mappings-step.ts,c2dac50258,2025-12-05T16:57:30+05:30,2
posx-mokobara-backend,6bca360cc9,2025-12-08T12:18:01+05:30,src/workflows/inventory/workflows/scan-and-update-rfid-mappings.ts,c2dac50258,2025-12-05T16:57:30+05:30,2
posx-mokobara-backend,c372d027b5,2025-12-08T13:34:46+05:30,src/api/admin/inventory/request/[requestId]/events/route.ts,1768b33aaf,2025-12-04T14:30:15+05:30,3
posx-mokobara-backend,c372d027b5,2025-12-08T13:34:46+05:30,src/api/admin/inventory/request/[requestId]/mismatches/route.ts,e2dc5d8bf5,2025-12-03T15:26:33+05:30,4
posx-mokobara-backend,c372d027b5,2025-12-08T13:34:46+05:30,src/api/admin/inventory/request/[requestId]/reconcile/route.ts,e2dc5d8bf5,2025-12-03T15:26:33+05:30,4
posx-mokobara-backend,c372d027b5,2025-12-08T13:34:46+05:30,src/workflows/inventory/steps/update-request-status-step.ts,1768b33aaf,2025-12-04T14:30:15+05:30,3
posx-mokobara-backend,674606c3ea,2025-12-08T18:17:59+05:30,src/api/admin/inventory/event-log/route.ts,1768b33aaf,2025-12-04T14:30:15+05:30,4
posx-mokobara-backend,674606c3ea,2025-12-08T18:17:59+05:30,src/api/admin/inventory/middlewares.ts,1768b33aaf,2025-12-04T14:30:15+05:30,4
posx-mokobara-backend,674606c3ea,2025-12-08T18:17:59+05:30,src/api/admin/inventory/middlewares.ts,0f9948720e,2025-12-08T17:42:08+05:30,0
posx-mokobara-backend,674606c3ea,2025-12-08T18:17:59+05:30,src/api/admin/inventory/store-sku/route.ts,0f9948720e,2025-12-08T17:42:08+05:30,0
posx-mokobara-backend,674606c3ea,2025-12-08T18:17:59+05:30,src/types/validators/store-sku-inventory.ts,0f9948720e,2025-12-08T17:42:08+05:30,0
posx-mokobara-backend,674606c3ea,2025-12-08T18:17:59+05:30,src/workflows/online-cart/steps/add-to-online-cart-step.ts,d431e7047b,2025-11-28T15:20:03+05:30,10
posx-mokobara-backend,758c809cd1,2025-12-11T17:20:44+05:30,src/api/admin/products/route.ts,9296216c75,2025-11-28T09:38:35+05:30,13
posx-mokobara-backend,6ef1cf9a26,2025-12-14T23:05:03+05:30,src/api/admin/order-detail/cash-drawer/close/route.ts,ddbafcd49f,2025-12-12T09:20:32+05:30,2
posx-mokobara-backend,6ef1cf9a26,2025-12-14T23:05:03+05:30,src/api/admin/order-detail/cash-drawer/history/route.ts,ddbafcd49f,2025-12-12T09:20:32+05:30,2
posx-mokobara-backend,6ef1cf9a26,2025-12-14T23:05:03+05:30,src/api/admin/order-detail/cash-drawer/open/route.ts,ddbafcd49f,2025-12-12T09:20:32+05:30,2
posx-mokobara-backend,6ef1cf9a26,2025-12-14T23:05:03+05:30,src/api/admin/order-detail/cash-reconciliation/route.ts,ddbafcd49f,2025-12-12T09:20:32+05:30,2
posx-mokobara-backend,6ef1cf9a26,2025-12-14T23:05:03+05:30,src/lib/constant.ts,9296216c75,2025-11-28T09:38:35+05:30,16
posx-mokobara-backend,6ef1cf9a26,2025-12-14T23:05:03+05:30,src/workflows/order-detail/steps/confirm-order-detail-step.ts,af8452257a,2025-11-05T13:04:48+05:30,39
posx-mokobara-backend,6ef1cf9a26,2025-12-14T23:05:03+05:30,src/workflows/order-detail/steps/confirm-order-detail-step.ts,7d898bcc84,2025-12-09T15:36:11+05:30,5
posx-mokobara-backend,6ef1cf9a26,2025-12-14T23:05:03+05:30,src/workflows/order-detail/steps/confirm-order-detail-step.ts,7c4ea4d231,2025-12-09T15:56:49+05:30,5
posx-mokobara-backend,6ef1cf9a26,2025-12-14T23:05:03+05:30,src/workflows/order-detail/steps/update-cash-drawer-summary-step.ts,ddbafcd49f,2025-12-12T09:20:32+05:30,2
posx-mokobara-backend,6ef1cf9a26,2025-12-14T23:05:03+05:30,src/workflows/payment-detail/steps/create-payment-detail.ts,9296216c75,2025-11-28T09:38:35+05:30,16
posx-mokobara-backend,6ef1cf9a26,2025-12-14T23:05:03+05:30,src/workflows/payment-detail/steps/create-payment-detail.ts,af8452257a,2025-11-05T13:04:48+05:30,39
posx-mokobara-backend,c77452bce7,2025-12-15T15:10:40+05:30,src/workflows/online-order/steps/confirm-online-order-step.ts,af8452257a,2025-11-05T13:04:48+05:30,40
posx-mokobara-backend,2c7801eae1,2025-12-17T16:44:30+05:30,src/api/shopify/webhooks/collection/create/route.ts,af8452257a,2025-11-05T13:04:48+05:30,42
posx-mokobara-backend,2c7801eae1,2025-12-17T16:44:30+05:30,src/api/shopify/webhooks/collection/delete/route.ts,af8452257a,2025-11-05T13:04:48+05:30,42
posx-mokobara-backend,2c7801eae1,2025-12-17T16:44:30+05:30,src/api/shopify/webhooks/collection/update/route.ts,af8452257a,2025-11-05T13:04:48+05:30,42
posx-mokobara-backend,2c7801eae1,2025-12-17T16:44:30+05:30,src/api/shopify/webhooks/product/create/route.ts,af8452257a,2025-11-05T13:04:48+05:30,42
posx-mokobara-backend,2c7801eae1,2025-12-17T16:44:30+05:30,src/api/shopify/webhooks/product/delete/route.ts,af8452257a,2025-11-05T13:04:48+05:30,42
posx-mokobara-backend,2c7801eae1,2025-12-17T16:44:30+05:30,src/api/shopify/webhooks/product/update/route.ts,af8452257a,2025-11-05T13:04:48+05:30,42
posx-mokobara-backend,2c7801eae1,2025-12-17T16:44:30+05:30,src/api/storepro/webhooks/route.ts,d5a2f24485,2025-12-03T18:22:06+05:30,13
posx-mokobara-backend,2c7801eae1,2025-12-17T16:44:30+05:30,src/workflows/online-order/steps/confirm-online-order-step.ts,af8452257a,2025-11-05T13:04:48+05:30,42
posx-mokobara-backend,2c7801eae1,2025-12-17T16:44:30+05:30,src/workflows/online-order/steps/confirm-online-order-step.ts,9296216c75,2025-11-28T09:38:35+05:30,19
posx-mokobara-backend,2c7801eae1,2025-12-17T16:44:30+05:30,src/workflows/order-detail/steps/confirm-order-detail-step.ts,af8452257a,2025-11-05T13:04:48+05:30,42
posx-mokobara-backend,dad1e388d4,2026-01-14T00:31:50+05:30,src/api/admin/synced-shopify-coupons/reconcile/route.ts,cb3d17f464,2026-01-14T00:20:53+05:30,0
posx-mokobara-backend,dad1e388d4,2026-01-14T00:31:50+05:30,src/api/admin/tracked-coupons/route.ts,cb3d17f464,2026-01-14T00:20:53+05:30,0
posx-mokobara-backend,fd063e8af6,2026-01-15T08:21:17+05:30,src/subscribers/update-cms-on-order-confirm.ts,ddbafcd49f,2025-12-12T09:20:32+05:30,33
posx-mokobara-backend,fd063e8af6,2026-01-15T08:21:17+05:30,src/workflows/order-detail/workflows/confirm-order-details.ts,87da13e65f,2025-12-17T11:29:50+05:30,28
posx-mokobara-backend,db82f5a6c1,2026-01-20T14:15:21+05:30,src/api/admin/shopify-customer/route.ts,f8fee6298d,2025-12-18T12:11:33+05:30,33
posx-mokobara-backend,db82f5a6c1,2026-01-20T14:15:21+05:30,src/api/admin/shopify-customer/route.ts,3dc3a6dd44,2025-12-17T15:01:03+05:30,33
posx-mokobara-backend,db82f5a6c1,2026-01-20T14:15:21+05:30,src/workflows/online-order/steps/create-online-order-address-step.ts,f8fee6298d,2025-12-18T12:11:33+05:30,33
posx-mokobara-backend,db82f5a6c1,2026-01-20T14:15:21+05:30,src/workflows/shopify-customer/steps/update-customer-step.ts,af8452257a,2025-11-05T13:04:48+05:30,76
posx-mokobara-backend,b153648529,2026-01-22T15:01:03+05:30,src/api/admin/shopify-customer/route.ts,3dc3a6dd44,2025-12-17T15:01:03+05:30,36
posx-mokobara-backend,b153648529,2026-01-22T15:01:03+05:30,src/api/admin/shopify-customer/route.ts,ddb53029c8,2026-01-20T15:40:55+05:30,1
posx-mokobara-backend,b153648529,2026-01-22T15:01:03+05:30,src/lib/helpers/cart/transform.ts,9296216c75,2025-11-28T09:38:35+05:30,55
posx-mokobara-backend,b153648529,2026-01-22T15:01:03+05:30,src/lib/helpers/cart/transform.ts,be7b940b3a,2025-11-29T12:53:07+05:30,54
posx-mokobara-backend,b153648529,2026-01-22T15:01:03+05:30,src/lib/helpers/cart/transform.ts,b72eef2edc,2026-01-05T17:25:46+05:30,16
posx-mokobara-backend,b153648529,2026-01-22T15:01:03+05:30,src/lib/helpers/cart/transform.ts,755c7aa7e1,2025-11-28T20:10:03+05:30,54
posx-mokobara-backend,b153648529,2026-01-22T15:01:03+05:30,src/lib/helpers/cart/transform.ts,b41610d029,2026-01-18T19:05:59+05:30,3
posx-mokobara-backend,b153648529,2026-01-22T15:01:03+05:30,src/lib/helpers/cart/transform.ts,7816b3ec1e,2025-11-28T15:34:27+05:30,54
posx-mokobara-backend,b153648529,2026-01-22T15:01:03+05:30,src/lib/helpers/cart/transform.ts,87da13e65f,2025-12-17T11:29:50+05:30,36
posx-mokobara-backend,b153648529,2026-01-22T15:01:03+05:30,src/lib/helpers/cart/transform.ts,b05f1e519d,2026-01-18T11:17:31+05:30,4
posx-mokobara-backend,b153648529,2026-01-22T15:01:03+05:30,src/lib/helpers/cart/transform.ts,c97bf89315,2026-01-05T17:18:53+05:30,16
posx-mokobara-backend,b153648529,2026-01-22T15:01:03+05:30,src/modules/employee-performance/service.ts,9ecf58f0a5,2025-12-09T11:17:42+05:30,44
posx-mokobara-backend,b153648529,2026-01-22T15:01:03+05:30,src/modules/employee-performance/service.ts,ddb53029c8,2026-01-20T15:40:55+05:30,1
posx-mokobara-backend,b153648529,2026-01-22T15:01:03+05:30,src/modules/offer-engine/helpers/calculator.ts,c07f1f7540,2026-01-12T21:38:46+05:30,9
posx-mokobara-backend,b153648529,2026-01-22T15:01:03+05:30,src/modules/offer-engine/helpers/eligibility.ts,c07f1f7540,2026-01-12T21:38:46+05:30,9
posx-mokobara-backend,b153648529,2026-01-22T15:01:03+05:30,src/modules/store-inventory/service.ts,0f9948720e,2025-12-08T17:42:08+05:30,44
posx-mokobara-backend,b153648529,2026-01-22T15:01:03+05:30,src/modules/storepro/service.ts,f2ccae7154,2025-12-05T12:15:10+05:30,48
posx-mokobara-backend,b153648529,2026-01-22T15:01:03+05:30,src/modules/unicommerce/unicommecegetsalorder.json,18c67ea2f2,2025-12-05T13:18:55+05:30,48
posx-mokobara-backend,b153648529,2026-01-22T15:01:03+05:30,src/modules/unicommerce/unicommecegetsalorder.json,d086fb47ff,2025-12-09T12:47:10+05:30,44
posx-mokobara-backend,b153648529,2026-01-22T15:01:03+05:30,src/modules/unicommerce/unicommecegetsalorder.json,b41610d029,2026-01-18T19:05:59+05:30,3
posx-mokobara-backend,b153648529,2026-01-22T15:01:03+05:30,src/modules/unicommerce/unicommecegetsalorder.json,b05f1e519d,2026-01-18T11:17:31+05:30,4
posx-mokobara-backend,b153648529,2026-01-22T15:01:03+05:30,src/modules/unicommerce/unicommecegetsalorder.json,c2e8dbe47f,2025-12-12T14:57:15+05:30,41
posx-mokobara-backend,b153648529,2026-01-22T15:01:03+05:30,src/workflows/campaign-coupon/steps/calculate-coupon-discount-step.ts,af8452257a,2025-11-05T13:04:48+05:30,78
posx-mokobara-backend,b153648529,2026-01-22T15:01:03+05:30,src/workflows/cart/workflows/add-to-cart.ts,77753c235d,2025-11-20T13:35:57+05:30,63
posx-mokobara-backend,b153648529,2026-01-22T15:01:03+05:30,src/workflows/inventory/steps/update-rfid-mappings-step.ts,49df86e011,2025-12-08T17:18:52+05:30,44
posx-mokobara-backend,b153648529,2026-01-22T15:01:03+05:30,src/workflows/inventory/steps/update-rfid-mappings-step.ts,0f9948720e,2025-12-08T17:42:08+05:30,44
posx-mokobara-backend,b153648529,2026-01-22T15:01:03+05:30,src/workflows/online-order/steps/confirm-online-order-step.ts,af8452257a,2025-11-05T13:04:48+05:30,78
posx-mokobara-backend,b153648529,2026-01-22T15:01:03+05:30,src/workflows/online-order/steps/create-online-order-address-step.ts,f8fee6298d,2025-12-18T12:11:33+05:30,35
posx-mokobara-backend,b153648529,2026-01-22T15:01:03+05:30,src/workflows/online-order/steps/create-online-order-address-step.ts,425ae96f23,2025-11-29T12:34:52+05:30,54
posx-mokobara-backend,b153648529,2026-01-22T15:01:03+05:30,src/workflows/online-order/steps/link-order-address-step.ts,f8fee6298d,2025-12-18T12:11:33+05:30,35
posx-mokobara-backend,b153648529,2026-01-22T15:01:03+05:30,src/workflows/order-detail/steps/confirm-order-detail-step.ts,c97bf89315,2026-01-05T17:18:53+05:30,16
posx-mokobara-backend,b153648529,2026-01-22T15:01:03+05:30,src/workflows/order-return-and-exchange/steps/validate-return-rfid-step.ts,ebf145434c,2026-01-12T14:16:59+05:30,10
posx-mokobara-backend,b153648529,2026-01-22T15:01:03+05:30,src/workflows/product/steps/get-product-with-metadata-step.ts,5e144a8590,2025-11-11T17:46:08+05:30,71
posx-mokobara-backend,b153648529,2026-01-22T15:01:03+05:30,src/workflows/shopify-customer/steps/update-customer-step.ts,ddb53029c8,2026-01-20T15:40:55+05:30,1
posx-mokobara-backend,b153648529,2026-01-22T15:01:03+05:30,src/workflows/shopify-customer/workflows/update-customer.ts,af8452257a,2025-11-05T13:04:48+05:30,78
posx-mokobara-backend,b153648529,2026-01-22T15:01:03+05:30,src/workflows/shopify-product/steps/update-product-variant-steps.ts,af8452257a,2025-11-05T13:04:48+05:30,78
posx-mokobara-backend,b153648529,2026-01-22T15:01:03+05:30,src/workflows/store-coupon/steps/calculate-store-coupon-discount-step.ts,18af5b455b,2025-11-18T13:52:35+05:30,65
posx-mokobara-backend,b153648529,2026-01-22T15:01:03+05:30,src/workflows/storepro/workflows/process-rfid-webhook-payload.ts,41f4ea2c2d,2025-12-03T13:42:53+05:30,50
posx-mokobara-backend,b153648529,2026-01-22T15:01:03+05:30,src/workflows/storepro/workflows/process-rfid-webhook-payload.ts,c16b9dc3c5,2025-12-05T16:28:28+05:30,47
posx-mokobara-backend,082702a3f0,2026-01-22T15:01:31+05:30,src/api/admin/order-detail/[id]/link-address/route.ts,b153648529,2026-01-22T15:01:03+05:30,0
posx-mokobara-backend,082702a3f0,2026-01-22T15:01:31+05:30,src/api/admin/shopify-customer/route.ts,b153648529,2026-01-22T15:01:03+05:30,0
posx-mokobara-backend,082702a3f0,2026-01-22T15:01:31+05:30,src/lib/helpers/cart/transform.ts,b153648529,2026-01-22T15:01:03+05:30,0
posx-mokobara-backend,082702a3f0,2026-01-22T15:01:31+05:30,src/modules/employee-performance/service.ts,b153648529,2026-01-22T15:01:03+05:30,0
posx-mokobara-backend,082702a3f0,2026-01-22T15:01:31+05:30,src/modules/offer-engine/helpers/calculator.ts,b153648529,2026-01-22T15:01:03+05:30,0
posx-mokobara-backend,082702a3f0,2026-01-22T15:01:31+05:30,src/modules/offer-engine/helpers/eligibility.ts,b153648529,2026-01-22T15:01:03+05:30,0
posx-mokobara-backend,082702a3f0,2026-01-22T15:01:31+05:30,src/modules/sales-report/service.ts,b153648529,2026-01-22T15:01:03+05:30,0
posx-mokobara-backend,082702a3f0,2026-01-22T15:01:31+05:30,src/modules/store-inventory/migrations/.snapshot-store-sku-inventory.json,b153648529,2026-01-22T15:01:03+05:30,0
posx-mokobara-backend,082702a3f0,2026-01-22T15:01:31+05:30,src/modules/store-inventory/migrations/Migration20260121081952.ts,b153648529,2026-01-22T15:01:03+05:30,0
posx-mokobara-backend,082702a3f0,2026-01-22T15:01:31+05:30,src/modules/store-inventory/models/store-sku-inventory.ts,b153648529,2026-01-22T15:01:03+05:30,0
posx-mokobara-backend,082702a3f0,2026-01-22T15:01:31+05:30,src/modules/store-inventory/service.ts,b153648529,2026-01-22T15:01:03+05:30,0
posx-mokobara-backend,082702a3f0,2026-01-22T15:01:31+05:30,src/modules/storepro/migrations/.snapshot-storepro.json,b153648529,2026-01-22T15:01:03+05:30,0
posx-mokobara-backend,082702a3f0,2026-01-22T15:01:31+05:30,src/modules/storepro/migrations/Migration20260121063751.ts,b153648529,2026-01-22T15:01:03+05:30,0
posx-mokobara-backend,082702a3f0,2026-01-22T15:01:31+05:30,src/modules/storepro/models/storepro-sku-rfid-mapping.ts,b153648529,2026-01-22T15:01:03+05:30,0
posx-mokobara-backend,082702a3f0,2026-01-22T15:01:31+05:30,src/modules/storepro/service.ts,b153648529,2026-01-22T15:01:03+05:30,0
posx-mokobara-backend,082702a3f0,2026-01-22T15:01:31+05:30,src/modules/unicommerce/unicommecegetsalorder.json,b153648529,2026-01-22T15:01:03+05:30,0
posx-mokobara-backend,082702a3f0,2026-01-22T15:01:31+05:30,src/subscribers/update-coupon-usage-on-order-confirm.ts,b153648529,2026-01-22T15:01:03+05:30,0
posx-mokobara-backend,082702a3f0,2026-01-22T15:01:31+05:30,src/types/validators/online-order.ts,b153648529,2026-01-22T15:01:03+05:30,0
posx-mokobara-backend,082702a3f0,2026-01-22T15:01:31+05:30,src/types/validators/shopify-customer.ts,b153648529,2026-01-22T15:01:03+05:30,0
posx-mokobara-backend,082702a3f0,2026-01-22T15:01:31+05:30,src/workflows/campaign-coupon/steps/calculate-coupon-discount-step.ts,b153648529,2026-01-22T15:01:03+05:30,0
posx-mokobara-backend,082702a3f0,2026-01-22T15:01:31+05:30,src/workflows/cart/workflows/add-to-cart.ts,b153648529,2026-01-22T15:01:03+05:30,0
posx-mokobara-backend,082702a3f0,2026-01-22T15:01:31+05:30,src/workflows/inventory/steps/update-rfid-mappings-step.ts,b153648529,2026-01-22T15:01:03+05:30,0
posx-mokobara-backend,082702a3f0,2026-01-22T15:01:31+05:30,src/workflows/online-order/steps/confirm-online-order-step.ts,b153648529,2026-01-22T15:01:03+05:30,0
posx-mokobara-backend,082702a3f0,2026-01-22T15:01:31+05:30,src/workflows/online-order/steps/create-online-order-address-step.ts,b153648529,2026-01-22T15:01:03+05:30,0
posx-mokobara-backend,082702a3f0,2026-01-22T15:01:31+05:30,src/workflows/online-order/steps/link-order-address-step.ts,b153648529,2026-01-22T15:01:03+05:30,0
posx-mokobara-backend,082702a3f0,2026-01-22T15:01:31+05:30,src/workflows/online-order/workflows/link-order-address.ts,b153648529,2026-01-22T15:01:03+05:30,0
posx-mokobara-backend,082702a3f0,2026-01-22T15:01:31+05:30,src/workflows/order-detail/steps/confirm-order-detail-step.ts,b153648529,2026-01-22T15:01:03+05:30,0
posx-mokobara-backend,082702a3f0,2026-01-22T15:01:31+05:30,src/workflows/order-return-and-exchange/steps/validate-return-rfid-step.ts,b153648529,2026-01-22T15:01:03+05:30,0
posx-mokobara-backend,082702a3f0,2026-01-22T15:01:31+05:30,src/workflows/product/steps/get-product-with-metadata-step.ts,b153648529,2026-01-22T15:01:03+05:30,0
posx-mokobara-backend,082702a3f0,2026-01-22T15:01:31+05:30,src/workflows/shopify-customer/steps/update-customer-step.ts,b153648529,2026-01-22T15:01:03+05:30,0
posx-mokobara-backend,082702a3f0,2026-01-22T15:01:31+05:30,src/workflows/shopify-customer/workflows/update-customer.ts,b153648529,2026-01-22T15:01:03+05:30,0
posx-mokobara-backend,082702a3f0,2026-01-22T15:01:31+05:30,src/workflows/shopify-product/steps/create-medusa-product-variant-step.ts,b153648529,2026-01-22T15:01:03+05:30,0
posx-mokobara-backend,082702a3f0,2026-01-22T15:01:31+05:30,src/workflows/shopify-product/steps/update-product-variant-steps.ts,b153648529,2026-01-22T15:01:03+05:30,0
posx-mokobara-backend,082702a3f0,2026-01-22T15:01:31+05:30,src/workflows/store-coupon/steps/calculate-store-coupon-discount-step.ts,b153648529,2026-01-22T15:01:03+05:30,0
posx-mokobara-backend,082702a3f0,2026-01-22T15:01:31+05:30,src/workflows/storepro/steps/enrich-mappings-with-variant-data-step.ts,b153648529,2026-01-22T15:01:03+05:30,0
posx-mokobara-backend,082702a3f0,2026-01-22T15:01:31+05:30,src/workflows/storepro/steps/store-sku-rfid-mappings-step.ts,b153648529,2026-01-22T15:01:03+05:30,0
posx-mokobara-backend,082702a3f0,2026-01-22T15:01:31+05:30,src/workflows/storepro/workflows/process-rfid-webhook-payload.ts,b153648529,2026-01-22T15:01:03+05:30,0
posx-mokobara-backend,3eb4e90046,2026-01-22T15:04:58+05:30,src/api/admin/shopify-customer/route.ts,3dc3a6dd44,2025-12-17T15:01:03+05:30,36
posx-mokobara-backend,3eb4e90046,2026-01-22T15:04:58+05:30,src/api/admin/shopify-customer/route.ts,e6ab5d4334,2026-01-20T16:26:36+05:30,1
posx-mokobara-backend,3eb4e90046,2026-01-22T15:04:58+05:30,src/lib/helpers/cart/transform.ts,9296216c75,2025-11-28T09:38:35+05:30,55
posx-mokobara-backend,3eb4e90046,2026-01-22T15:04:58+05:30,src/lib/helpers/cart/transform.ts,be7b940b3a,2025-11-29T12:53:07+05:30,54
posx-mokobara-backend,3eb4e90046,2026-01-22T15:04:58+05:30,src/lib/helpers/cart/transform.ts,cb3d17f464,2026-01-14T00:20:53+05:30,8
posx-mokobara-backend,3eb4e90046,2026-01-22T15:04:58+05:30,src/lib/helpers/cart/transform.ts,755c7aa7e1,2025-11-28T20:10:03+05:30,54
posx-mokobara-backend,3eb4e90046,2026-01-22T15:04:58+05:30,src/lib/helpers/cart/transform.ts,36bdcdfaf8,2026-01-19T06:37:41+05:30,3
posx-mokobara-backend,3eb4e90046,2026-01-22T15:04:58+05:30,src/lib/helpers/cart/transform.ts,7816b3ec1e,2025-11-28T15:34:27+05:30,54
posx-mokobara-backend,3eb4e90046,2026-01-22T15:04:58+05:30,src/lib/helpers/cart/transform.ts,87da13e65f,2025-12-17T11:29:50+05:30,36
posx-mokobara-backend,3eb4e90046,2026-01-22T15:04:58+05:30,src/modules/employee-performance/service.ts,9ecf58f0a5,2025-12-09T11:17:42+05:30,44
posx-mokobara-backend,3eb4e90046,2026-01-22T15:04:58+05:30,src/modules/employee-performance/service.ts,e6ab5d4334,2026-01-20T16:26:36+05:30,1
posx-mokobara-backend,3eb4e90046,2026-01-22T15:04:58+05:30,src/modules/offer-engine/helpers/calculator.ts,cb3d17f464,2026-01-14T00:20:53+05:30,8
posx-mokobara-backend,3eb4e90046,2026-01-22T15:04:58+05:30,src/modules/offer-engine/helpers/eligibility.ts,cb3d17f464,2026-01-14T00:20:53+05:30,8
posx-mokobara-backend,3eb4e90046,2026-01-22T15:04:58+05:30,src/modules/store-inventory/service.ts,0f9948720e,2025-12-08T17:42:08+05:30,44
posx-mokobara-backend,3eb4e90046,2026-01-22T15:04:58+05:30,src/modules/storepro/service.ts,f2ccae7154,2025-12-05T12:15:10+05:30,48
posx-mokobara-backend,3eb4e90046,2026-01-22T15:04:58+05:30,src/modules/unicommerce/unicommecegetsalorder.json,18c67ea2f2,2025-12-05T13:18:55+05:30,48
posx-mokobara-backend,3eb4e90046,2026-01-22T15:04:58+05:30,src/modules/unicommerce/unicommecegetsalorder.json,d086fb47ff,2025-12-09T12:47:10+05:30,44
posx-mokobara-backend,3eb4e90046,2026-01-22T15:04:58+05:30,src/modules/unicommerce/unicommecegetsalorder.json,9cea8aa702,2026-01-21T12:17:50+05:30,1
posx-mokobara-backend,3eb4e90046,2026-01-22T15:04:58+05:30,src/modules/unicommerce/unicommecegetsalorder.json,90739c5171,2026-01-15T08:50:10+05:30,7
posx-mokobara-backend,3eb4e90046,2026-01-22T15:04:58+05:30,src/modules/unicommerce/unicommecegetsalorder.json,c2e8dbe47f,2025-12-12T14:57:15+05:30,41
posx-mokobara-backend,3eb4e90046,2026-01-22T15:04:58+05:30,src/workflows/campaign-coupon/steps/calculate-coupon-discount-step.ts,af8452257a,2025-11-05T13:04:48+05:30,78
posx-mokobara-backend,3eb4e90046,2026-01-22T15:04:58+05:30,src/workflows/cart/workflows/add-to-cart.ts,77753c235d,2025-11-20T13:35:57+05:30,63
posx-mokobara-backend,3eb4e90046,2026-01-22T15:04:58+05:30,src/workflows/inventory/steps/update-rfid-mappings-step.ts,49df86e011,2025-12-08T17:18:52+05:30,44
posx-mokobara-backend,3eb4e90046,2026-01-22T15:04:58+05:30,src/workflows/inventory/steps/update-rfid-mappings-step.ts,0f9948720e,2025-12-08T17:42:08+05:30,44
posx-mokobara-backend,3eb4e90046,2026-01-22T15:04:58+05:30,src/workflows/online-order/steps/confirm-online-order-step.ts,af8452257a,2025-11-05T13:04:48+05:30,78
posx-mokobara-backend,3eb4e90046,2026-01-22T15:04:58+05:30,src/workflows/online-order/steps/create-online-order-address-step.ts,f8fee6298d,2025-12-18T12:11:33+05:30,35
posx-mokobara-backend,3eb4e90046,2026-01-22T15:04:58+05:30,src/workflows/online-order/steps/create-online-order-address-step.ts,425ae96f23,2025-11-29T12:34:52+05:30,54
posx-mokobara-backend,3eb4e90046,2026-01-22T15:04:58+05:30,src/workflows/online-order/steps/link-order-address-step.ts,f8fee6298d,2025-12-18T12:11:33+05:30,35
posx-mokobara-backend,3eb4e90046,2026-01-22T15:04:58+05:30,src/workflows/order-detail/steps/confirm-order-detail-step.ts,cb3d17f464,2026-01-14T00:20:53+05:30,8
posx-mokobara-backend,3eb4e90046,2026-01-22T15:04:58+05:30,src/workflows/order-return-and-exchange/steps/validate-return-rfid-step.ts,cb3d17f464,2026-01-14T00:20:53+05:30,8
posx-mokobara-backend,3eb4e90046,2026-01-22T15:04:58+05:30,src/workflows/product/steps/get-product-with-metadata-step.ts,5e144a8590,2025-11-11T17:46:08+05:30,71
posx-mokobara-backend,3eb4e90046,2026-01-22T15:04:58+05:30,src/workflows/shopify-customer/steps/update-customer-step.ts,e6ab5d4334,2026-01-20T16:26:36+05:30,1
posx-mokobara-backend,3eb4e90046,2026-01-22T15:04:58+05:30,src/workflows/shopify-customer/workflows/update-customer.ts,af8452257a,2025-11-05T13:04:48+05:30,78
posx-mokobara-backend,3eb4e90046,2026-01-22T15:04:58+05:30,src/workflows/shopify-product/steps/update-product-variant-steps.ts,af8452257a,2025-11-05T13:04:48+05:30,78
posx-mokobara-backend,3eb4e90046,2026-01-22T15:04:58+05:30,src/workflows/store-coupon/steps/calculate-store-coupon-discount-step.ts,18af5b455b,2025-11-18T13:52:35+05:30,65
posx-mokobara-backend,3eb4e90046,2026-01-22T15:04:58+05:30,src/workflows/storepro/workflows/process-rfid-webhook-payload.ts,41f4ea2c2d,2025-12-03T13:42:53+05:30,50
posx-mokobara-backend,3eb4e90046,2026-01-22T15:04:58+05:30,src/workflows/storepro/workflows/process-rfid-webhook-payload.ts,c16b9dc3c5,2025-12-05T16:28:28+05:30,47
posx-mokobara-backend,1fd2b781be,2026-01-29T00:26:58+05:30,src/lib/helpers/build-summary.ts,1ec63ddd5e,2025-11-20T13:16:58+05:30,69
posx-mokobara-backend,1fd2b781be,2026-01-29T00:26:58+05:30,src/workflows/cart/steps/apply-store-coupon-step.ts,18af5b455b,2025-11-18T13:52:35+05:30,71
posx-mokobara-backend,1fd2b781be,2026-01-29T00:26:58+05:30,src/workflows/store-coupon/steps/calculate-store-coupon-discount-step.ts,3eb4e90046,2026-01-22T15:04:58+05:30,6
posx-mokobara-backend,1fd2b781be,2026-01-29T00:26:58+05:30,src/workflows/store-coupon/steps/validate-store-coupon-step.ts,18af5b455b,2025-11-18T13:52:35+05:30,71
posx-mokobara-backend,dc8720ef35,2026-01-29T23:20:06+05:30,src/lib/helpers/build-summary.ts,1ec63ddd5e,2025-11-20T13:16:58+05:30,70
posx-mokobara-backend,dc8720ef35,2026-01-29T23:20:06+05:30,src/lib/helpers/calculate-online-coupon-discount.ts,1ec63ddd5e,2025-11-20T13:16:58+05:30,70
posx-mokobara-backend,dc8720ef35,2026-01-29T23:20:06+05:30,src/lib/helpers/recalculate-store-coupon-discount.ts,18af5b455b,2025-11-18T13:52:35+05:30,72
posx-mokobara-backend,e96e19526f,2026-01-30T01:43:01+05:30,src/lib/helpers/build-summary.ts,dc8720ef35,2026-01-29T23:20:06+05:30,0
posx-mokobara-backend,1cdfe66e5c,2026-01-30T02:19:20+05:30,src/modules/order-detail/service.ts,af8452257a,2025-11-05T13:04:48+05:30,85
posx-mokobara-backend,472dcb336c,2026-01-30T23:48:34+05:30,src/lib/helpers/recalculate-store-coupon-discount.ts,dc8720ef35,2026-01-29T23:20:06+05:30,1
posx-mokobara-backend,a62f18051d,2026-01-30T23:53:24+05:30,src/lib/helpers/recalculate-store-coupon-discount.ts,472dcb336c,2026-01-30T23:48:34+05:30,0
posx-mokobara-backend,5d283d1e55,2026-02-05T16:12:46+05:30,src/workflows/order-detail/steps/update-cash-drawer-summary-step.ts,ddbafcd49f,2025-12-12T09:20:32+05:30,55
posx-mokobara-backend,5d283d1e55,2026-02-05T16:12:46+05:30,src/workflows/order-detail/steps/update-cash-drawer-summary-step.ts,6ef1cf9a26,2025-12-14T23:05:03+05:30,52
posx-mokobara-backend,3bf5e9586a,2026-02-06T00:52:30+05:30,src/api/admin/employee/route.ts,7243837eb7,2025-12-18T13:32:02+05:30,49
posx-mokobara-backend,ca2c02bd80,2026-02-19T16:20:48+05:30,src/workflows/order-return-and-exchange/workflows/confirm-exchange-order-v2.ts,cb3d17f464,2026-01-14T00:20:53+05:30,36
posx-mokobara-backend,ca2c02bd80,2026-02-19T16:20:48+05:30,src/workflows/order-return-and-exchange/workflows/exchange-order-payment.ts,cb3d17f464,2026-01-14T00:20:53+05:30,36
posx-mokobara-backend,83899ad24a,2026-02-20T12:03:37+05:30,src/workflows/inventory/steps/test-receive-rfid-step.ts,7bf54872c9,2026-01-26T12:41:14+05:30,24
posx-mokobara-backend,f058fef187,2026-02-24T00:41:34+05:30,src/workflows/cart/steps/add-to-cart-step.ts,cb3d17f464,2026-01-14T00:20:53+05:30,41
posx-mokobara-backend,f058fef187,2026-02-24T00:41:34+05:30,src/workflows/cart/steps/add-to-cart-step.ts,77753c235d,2025-11-20T13:35:57+05:30,95
posx-mokobara-backend,f058fef187,2026-02-24T00:41:34+05:30,src/workflows/cart/steps/add-to-cart-step.ts,1ec63ddd5e,2025-11-20T13:16:58+05:30,95
posx-mokobara-backend,7cde379b73,2026-02-26T12:10:01+05:30,src/api/admin/order-detail/cash-drawer/history/route.ts,ddbafcd49f,2025-12-12T09:20:32+05:30,76
posx-mokobara-backend,34765206b5,2026-02-26T12:14:51+05:30,src/workflows/cart/steps/get-sku-step.ts,64cb621c0a,2025-12-08T13:30:15+05:30,79
posx-mokobara-backend,34765206b5,2026-02-26T12:14:51+05:30,src/workflows/cart/steps/get-sku-step.ts,87da13e65f,2025-12-17T11:29:50+05:30,71
posx-mokobara-backend,1dead4cedf,2026-02-26T12:20:22+05:30,src/subscribers/order-detail-order-confirmed.ts,0d945b3083,2026-02-03T15:59:32+05:30,22
posx-mokobara-backend,807e1ab5c8,2026-02-26T13:04:46+05:30,src/api/admin/cms/export/route.ts,af8452257a,2025-11-05T13:04:48+05:30,112
posx-mokobara-backend,5a5ba6a3f3,2026-03-12T01:52:01+05:30,src/workflows/payment-detail/steps/create-refund-payment-step.ts,af8452257a,2025-11-05T13:04:48+05:30,126
posx-mokobara-backend,5a5ba6a3f3,2026-03-12T01:52:01+05:30,src/workflows/payment-detail/steps/create-refund-payment-step.ts,63a7b4a29a,2026-03-11T00:15:58+05:30,1
posx-mokobara-backend,0e06bcd729,2026-03-15T23:34:07+05:30,src/workflows/order-detail/steps/confirm-order-detail-step.ts,6ef1cf9a26,2025-12-14T23:05:03+05:30,91
posx-mokobara-backend,0e06bcd729,2026-03-15T23:34:07+05:30,src/workflows/order-detail/steps/confirm-order-detail-step.ts,7d898bcc84,2025-12-09T15:36:11+05:30,96
posx-mokobara-backend,8375a9ddcf,2026-03-15T23:39:19+05:30,src/types/validators/inventory-event-log.ts,674606c3ea,2025-12-08T18:17:59+05:30,97
posx-mokobara-backend,8375a9ddcf,2026-03-15T23:39:19+05:30,src/types/validators/inventory-event-log.ts,de473e4b21,2025-12-09T11:06:53+05:30,96
posx-mokobara-backend,69a1e1c330,2026-03-16T02:02:10+05:30,src/workflows/unicommerce/steps/get-sku-rfid-mappings-step.ts,8a23d9a9d1,2025-12-05T13:56:46+05:30,100
posx-mokobara-backend,69a1e1c330,2026-03-16T02:02:10+05:30,src/workflows/unicommerce/steps/get-sku-rfid-mappings-step.ts,0cc9bc52ad,2025-12-05T14:35:53+05:30,100
posx-mokobara-backend,69a1e1c330,2026-03-16T02:02:10+05:30,src/workflows/unicommerce/steps/get-sku-rfid-mappings-step.ts,c2dac50258,2025-12-05T16:57:30+05:30,100
posx-mokobara-backend,69a1e1c330,2026-03-16T02:02:10+05:30,src/workflows/unicommerce/steps/get-sku-rfid-mappings-step.ts,1b0fefb2c8,2025-12-08T12:56:45+05:30,97
posx-mokobara-backend,406081249a,2026-03-16T02:03:13+05:30,src/workflows/inventory/steps/scan-and-update-rfid-mappings-step.ts,c16b9dc3c5,2025-12-05T16:28:28+05:30,100
posx-mokobara-backend,406081249a,2026-03-16T02:03:13+05:30,src/workflows/inventory/steps/scan-and-update-rfid-mappings-step.ts,6bca360cc9,2025-12-08T12:18:01+05:30,97
posx-mokobara-backend,406081249a,2026-03-16T02:03:13+05:30,src/workflows/inventory/steps/scan-and-update-rfid-mappings-step.ts,21934fabdc,2026-03-15T23:38:59+05:30,0
posx-mokobara-backend,406081249a,2026-03-16T02:03:13+05:30,src/workflows/inventory/steps/scan-and-update-rfid-mappings-step.ts,1b0fefb2c8,2025-12-08T12:56:45+05:30,97
posx-mokobara-backend,c8eeab0005,2026-03-16T23:15:27+05:30,src/workflows/employee/steps/update-employee-step.ts,6cbc646c87,2025-12-26T11:44:38+05:30,80
posx-mokobara-backend,9cc731b160,2026-03-20T03:09:45+05:30,src/modules/store-inventory/service.ts,7982ce3c70,2026-02-18T20:16:45+05:30,29
posx-mokobara-backend,d6a262d6e7,2026-03-23T18:39:03+05:30,src/types/validators/store-coupon.ts,18af5b455b,2025-11-18T13:52:35+05:30,125
posx-mokobara-backend,8eef9150fc,2026-03-23T18:41:04+05:30,src/workflows/order-return-and-exchange/steps/check-order-product-returnable-step-v2.ts,cb3d17f464,2026-01-14T00:20:53+05:30,68
posx-mokobara-backend,5d69c150e7,2026-03-23T18:41:17+05:30,src/links/employee-store.ts,af8452257a,2025-11-05T13:04:48+05:30,138
posx-mokobara-backend,66ff4aec50,2026-03-23T23:24:45+05:30,src/api/admin/order-detail/cash-reconciliation/route.ts,cb3d17f464,2026-01-14T00:20:53+05:30,68
posx-mokobara-backend,3c00a013f4,2026-03-25T16:53:02+05:30,medusa-config.ts,fd063e8af6,2026-01-15T08:21:17+05:30,69
posx-mokobara-backend,492f3322a7,2026-03-29T18:18:20+05:30,src/api/shopify/webhooks/product/update/route.ts,d0a119eae3,2026-03-24T22:47:58+05:30,4
posx-mokobara-backend,492f3322a7,2026-03-29T18:18:20+05:30,src/api/shopify/webhooks/product/update/route.ts,6cbc646c87,2025-12-26T11:44:38+05:30,93
posx-mokobara-backend,492f3322a7,2026-03-29T18:18:20+05:30,src/api/shopify/webhooks/product/update/route.ts,2c7801eae1,2025-12-17T16:44:30+05:30,102
posx-mokobara-backend,6d1c24cfd1,2026-04-03T16:37:26+05:30,src/api/admin/cms/accumulation/[storeId]/route.ts,e6ab5d4334,2026-01-20T16:26:36+05:30,73
posx-mokobara-backend,6d1c24cfd1,2026-04-03T16:37:26+05:30,src/api/admin/order-detail/cash-drawer/close/route.ts,6ef1cf9a26,2025-12-14T23:05:03+05:30,109
posx-mokobara-backend,6d1c24cfd1,2026-04-03T16:37:26+05:30,src/api/admin/order-detail/cash-drawer/history/route.ts,ddbafcd49f,2025-12-12T09:20:32+05:30,112
posx-mokobara-backend,6d1c24cfd1,2026-04-03T16:37:26+05:30,src/api/admin/order-detail/cash-drawer/open/route.ts,ddbafcd49f,2025-12-12T09:20:32+05:30,112
posx-mokobara-backend,6d1c24cfd1,2026-04-03T16:37:26+05:30,src/api/admin/order-detail/cash-reconciliation/route.ts,ddbafcd49f,2025-12-12T09:20:32+05:30,112
posx-mokobara-backend,6d1c24cfd1,2026-04-03T16:37:26+05:30,src/modules/order-detail/service.ts,ddbafcd49f,2025-12-12T09:20:32+05:30,112
posx-mokobara-backend,6d1c24cfd1,2026-04-03T16:37:26+05:30,src/workflows/order-detail/steps/update-cash-drawer-summary-step.ts,ddbafcd49f,2025-12-12T09:20:32+05:30,112
posx-mokobara-backend,729d77dcfa,2026-04-06T02:23:42+05:30,src/api/admin/order-detail/confirm/route.ts,af8452257a,2025-11-05T13:04:48+05:30,151
posx-mokobara-backend,729d77dcfa,2026-04-06T02:23:42+05:30,src/api/admin/order-detail/confirm/route.ts,9296216c75,2025-11-28T09:38:35+05:30,128
posx-mokobara-backend,729d77dcfa,2026-04-06T02:23:42+05:30,src/workflows/order-detail/steps/create-order-detail-step.ts,9296216c75,2025-11-28T09:38:35+05:30,128
posx-mokobara-backend,729d77dcfa,2026-04-06T02:23:42+05:30,src/workflows/order-detail/steps/create-order-detail-step.ts,003ec44270,2025-12-01T12:38:18+05:30,125
posx-mokobara-backend,729d77dcfa,2026-04-06T02:23:42+05:30,src/workflows/order-detail/steps/create-order-detail-step.ts,af8452257a,2025-11-05T13:04:48+05:30,151
posx-mokobara-backend,729d77dcfa,2026-04-06T02:23:42+05:30,src/workflows/order-detail/steps/create-order-detail-step.ts,755c7aa7e1,2025-11-28T20:10:03+05:30,128
posx-mokobara-backend,729d77dcfa,2026-04-06T02:23:42+05:30,src/workflows/order-detail/workflows/create-order-from-cart.ts,db4b7481c1,2025-11-28T18:07:41+05:30,128
posx-mokobara-backend,7726c62c0b,2026-04-06T02:24:59+05:30,src/types/validators/campaign-coupon.ts,af8452257a,2025-11-05T13:04:48+05:30,151
posx-mokobara-backend,7726c62c0b,2026-04-06T02:24:59+05:30,src/types/validators/store-coupon.ts,18af5b455b,2025-11-18T13:52:35+05:30,138
posx-mokobara-backend,7726c62c0b,2026-04-06T02:24:59+05:30,src/types/validators/store-coupon.ts,d6a262d6e7,2026-03-23T18:39:03+05:30,13
posx-mokobara-backend,2dba0ea9ac,2026-04-06T02:26:09+05:30,src/workflows/cart/steps/validate-quantity-available-step.ts,e6ab5d4334,2026-01-20T16:26:36+05:30,75
posx-mokobara-backend,e3322266cd,2026-04-06T02:40:46+05:30,src/lib/helpers/validate-applied-coupons.ts,729d77dcfa,2026-04-06T02:23:42+05:30,0
posx-mokobara-backend,da054b8422,2026-04-08T04:39:01+05:30,src/workflows/order-detail/steps/update-cash-drawer-summary-step.ts,ddbafcd49f,2025-12-12T09:20:32+05:30,116
posx-mokobara-backend,da054b8422,2026-04-08T04:39:01+05:30,src/workflows/order-detail/steps/update-cash-drawer-summary-step.ts,5d283d1e55,2026-02-05T16:12:46+05:30,61
posx-mokobara-backend,da054b8422,2026-04-08T04:39:01+05:30,src/workflows/order-detail/steps/update-cash-drawer-summary-step.ts,6d1c24cfd1,2026-04-03T16:37:26+05:30,4
posx-mokobara-backend,8c9fd379fa,2026-04-08T04:52:37+05:30,src/workflows/order-detail/steps/confirm-order-detail-step.ts,cb3d17f464,2026-01-14T00:20:53+05:30,84
posx-mokobara-backend,8c9fd379fa,2026-04-08T04:52:37+05:30,src/workflows/order-detail/steps/confirm-order-detail-step.ts,af8452257a,2025-11-05T13:04:48+05:30,153
posx-mokobara-backend,8c9fd379fa,2026-04-08T04:52:37+05:30,src/workflows/order-detail/steps/confirm-order-detail-step.ts,2c7801eae1,2025-12-17T16:44:30+05:30,111
posx-mokobara-backend,8c9fd379fa,2026-04-08T04:52:37+05:30,src/workflows/order-detail/steps/confirm-order-detail-step.ts,6ef1cf9a26,2025-12-14T23:05:03+05:30,114
posx-mokobara-backend,2181e54959,2026-04-08T04:53:09+05:30,src/subscribers/return-order-confirmed.ts,3bbe516f90,2026-03-12T01:32:30+05:30,27
posx-mokobara-backend,bc3bf91403,2026-04-09T22:43:02+05:30,src/api/admin/order-return-and-exchange/[id]/exchange/forward/route.ts,cb3d17f464,2026-01-14T00:20:53+05:30,85
posx-mokobara-backend,bc3bf91403,2026-04-09T22:43:02+05:30,src/api/admin/order-return-and-exchange/[id]/exchange/forward/route.ts,af8452257a,2025-11-05T13:04:48+05:30,155
posx-mokobara-backend,bc3bf91403,2026-04-09T22:43:02+05:30,src/api/admin/order-return-and-exchange/[id]/exchange/type/route.ts,af8452257a,2025-11-05T13:04:48+05:30,155
posx-mokobara-backend,bc3bf91403,2026-04-09T22:43:02+05:30,src/lib/helpers/validate-applied-coupons.ts,729d77dcfa,2026-04-06T02:23:42+05:30,3
posx-mokobara-backend,bc3bf91403,2026-04-09T22:43:02+05:30,src/types/validators/order-return-exchange.ts,cb3d17f464,2026-01-14T00:20:53+05:30,85
posx-mokobara-backend,bc3bf91403,2026-04-09T22:43:02+05:30,src/workflows/order-return-and-exchange/steps/decrement-old-lines-step-v2.ts,cb3d17f464,2026-01-14T00:20:53+05:30,85
posx-mokobara-backend,bc3bf91403,2026-04-09T22:43:02+05:30,src/workflows/order-return-and-exchange/workflows/exchange-order-payment.ts,cb3d17f464,2026-01-14T00:20:53+05:30,85
posx-mokobara-backend,bc3bf91403,2026-04-09T22:43:02+05:30,src/workflows/order-return-and-exchange/workflows/exchange-order-payment.ts,ca2c02bd80,2026-02-19T16:20:48+05:30,49
posx-mokobara-backend,bc3bf91403,2026-04-09T22:43:02+05:30,src/workflows/order-return-and-exchange/workflows/exchange-order-payment.ts,af8452257a,2025-11-05T13:04:48+05:30,155
posx-mokobara-backend,bc3bf91403,2026-04-09T22:43:02+05:30,src/workflows/payment-detail/steps/exchange-payment-adjustment-step.ts,cb3d17f464,2026-01-14T00:20:53+05:30,85
posx-mokobara-backend,bc3bf91403,2026-04-09T22:43:02+05:30,src/workflows/payment-detail/steps/exchange-payment-adjustment-step.ts,af8452257a,2025-11-05T13:04:48+05:30,155
posx-mokobara-backend,bc3bf91403,2026-04-09T22:43:02+05:30,src/workflows/payment-detail/steps/exchange-payment-adjustment-step.ts,9296216c75,2025-11-28T09:38:35+05:30,132
posx-mokobara-backend,c911796cae,2026-04-11T23:44:59+05:30,src/api/admin/campaign-coupon/route.ts,af8452257a,2025-11-05T13:04:48+05:30,157
posx-mokobara-backend,c911796cae,2026-04-11T23:44:59+05:30,src/api/admin/product/[handle]/route.ts,5e144a8590,2025-11-11T17:46:08+05:30,151
posx-mokobara-backend,c911796cae,2026-04-11T23:44:59+05:30,src/api/admin/products/route.ts,9296216c75,2025-11-28T09:38:35+05:30,134
posx-mokobara-backend,c911796cae,2026-04-11T23:44:59+05:30,src/api/admin/products/route.ts,5453bb3dd9,2026-04-08T04:43:10+05:30,3
posx-mokobara-backend,c911796cae,2026-04-11T23:44:59+05:30,src/api/admin/products/route.ts,758c809cd1,2025-12-11T17:20:44+05:30,121
posx-mokobara-backend,c911796cae,2026-04-11T23:44:59+05:30,src/api/admin/products/route.ts,8c82de7031,2026-02-20T18:34:24+05:30,50
posx-mokobara-backend,c911796cae,2026-04-11T23:44:59+05:30,src/modules/order-detail/service.ts,af8452257a,2025-11-05T13:04:48+05:30,157
posx-mokobara-backend,c911796cae,2026-04-11T23:44:59+05:30,src/modules/order-detail/service.ts,9296216c75,2025-11-28T09:38:35+05:30,134
posx-mokobara-backend,c911796cae,2026-04-11T23:44:59+05:30,src/modules/order-detail/service.ts,ddbafcd49f,2025-12-12T09:20:32+05:30,120
posx-mokobara-backend,c911796cae,2026-04-11T23:44:59+05:30,src/modules/order-detail/service.ts,6d1c24cfd1,2026-04-03T16:37:26+05:30,8
posx-mokobara-backend,c911796cae,2026-04-11T23:44:59+05:30,src/modules/order-detail/service.ts,280cf67dd4,2025-12-16T10:31:35+05:30,116
posx-mokobara-backend,c911796cae,2026-04-11T23:44:59+05:30,src/workflows/online-cart/steps/check-variant-is-available.ts,36bdcdfaf8,2026-01-19T06:37:41+05:30,82
posx-mokobara-backend,c911796cae,2026-04-11T23:44:59+05:30,src/workflows/order-detail/steps/confirm-order-detail-step.ts,36bdcdfaf8,2026-01-19T06:37:41+05:30,82
posx-mokobara-backend,c911796cae,2026-04-11T23:44:59+05:30,src/workflows/order-detail/steps/confirm-order-detail-step.ts,e6ab5d4334,2026-01-20T16:26:36+05:30,81
posx-mokobara-backend,c911796cae,2026-04-11T23:44:59+05:30,src/workflows/order-detail/steps/confirm-order-detail-step.ts,cb3d17f464,2026-01-14T00:20:53+05:30,87
posx-mokobara-backend,c911796cae,2026-04-11T23:44:59+05:30,src/workflows/order-detail/steps/confirm-order-detail-step.ts,8c9fd379fa,2026-04-08T04:52:37+05:30,3
posx-mokobara-backend,c911796cae,2026-04-11T23:44:59+05:30,src/workflows/order-detail/steps/confirm-order-detail-step.ts,6ef1cf9a26,2025-12-14T23:05:03+05:30,118
posx-mokobara-backend,c911796cae,2026-04-11T23:44:59+05:30,src/workflows/order-detail/steps/confirm-order-detail-step.ts,9447a3145a,2026-03-11T00:15:44+05:30,31
posx-mokobara-backend,c911796cae,2026-04-11T23:44:59+05:30,src/workflows/order-detail/steps/confirm-order-detail-step.ts,8056ddb7ab,2026-04-02T18:06:34+05:30,9
posx-mokobara-backend,c911796cae,2026-04-11T23:44:59+05:30,src/workflows/order-detail/steps/confirm-order-detail-step.ts,1d3c9b6490,2026-04-09T15:10:12+05:30,2
posx-mokobara-backend,c911796cae,2026-04-11T23:44:59+05:30,src/workflows/order-detail/steps/confirm-order-detail-step.ts,3eb4e90046,2026-01-22T15:04:58+05:30,79
posx-mokobara-backend,c911796cae,2026-04-11T23:44:59+05:30,src/workflows/payment-detail/steps/create-refund-payment-step.ts,af8452257a,2025-11-05T13:04:48+05:30,157
posx-mokobara-backend,c911796cae,2026-04-11T23:44:59+05:30,src/workflows/payment-detail/steps/create-refund-payment-step.ts,63a7b4a29a,2026-03-11T00:15:58+05:30,31
posx-mokobara-backend,3c4ba47c2b,2026-04-13T13:40:44+05:30,src/api/admin/products/route.ts,9296216c75,2025-11-28T09:38:35+05:30,136
posx-mokobara-backend,3c4ba47c2b,2026-04-13T13:40:44+05:30,src/workflows/online-order/steps/confirm-online-order-step.ts,af8452257a,2025-11-05T13:04:48+05:30,159
posx-mokobara-backend,8e1c2bc6c6,2026-04-13T17:03:13+05:30,src/api/admin/campaign-coupon/export/route.ts,af8452257a,2025-11-05T13:04:48+05:30,159
posx-mokobara-backend,8e1c2bc6c6,2026-04-13T17:03:13+05:30,src/modules/order-detail/service.ts,c911796cae,2026-04-11T23:44:59+05:30,1
posx-mokobara-backend,8e1c2bc6c6,2026-04-13T17:03:13+05:30,src/workflows/order-detail/steps/generate-coupon-usage-csv-step.ts,af8452257a,2025-11-05T13:04:48+05:30,159
posx-mokobara-backend,05f2410e0a,2026-04-13T17:17:14+05:30,Dockerfile,1fefd1603a,2026-04-13T14:26:18+05:30,0
posx-mokobara-backend,05f2410e0a,2026-04-13T17:17:14+05:30,Dockerfile,a5d0e7528f,2025-12-03T17:31:21+05:30,130
posx-mokobara-backend,ae7e8f51b6,2026-04-13T17:51:54+05:30,src/workflows/employee-performance/steps/update-employee-target-step.ts,1d151164a9,2025-12-09T12:58:09+05:30,125
posx-mokobara-backend,ae7e8f51b6,2026-04-13T17:51:54+05:30,src/workflows/employee-performance/steps/upsert-employee-targets-step.ts,1d3c9b6490,2026-04-09T15:10:12+05:30,4
posx-mokobara-backend,9e19fd0207,2026-04-13T19:38:04+05:30,src/workflows/order-detail/steps/validate-order-status-step.ts,e6ab5d4334,2026-01-20T16:26:36+05:30,83
posx-mokobara-backend,9e19fd0207,2026-04-13T19:38:04+05:30,src/workflows/payment-detail/steps/create-payment-detail.ts,6ef1cf9a26,2025-12-14T23:05:03+05:30,119
posx-mokobara-backend,9e19fd0207,2026-04-13T19:38:04+05:30,src/workflows/payment-detail/steps/create-payment-detail.ts,af8452257a,2025-11-05T13:04:48+05:30,159
posx-mokobara-backend,9e19fd0207,2026-04-13T19:38:04+05:30,src/workflows/payment-detail/steps/create-payment-detail.ts,9296216c75,2025-11-28T09:38:35+05:30,136
posx-mokobara-backend,9e19fd0207,2026-04-13T19:38:04+05:30,src/workflows/payment-detail/steps/get-all-payment-by-orderid-step.ts,af8452257a,2025-11-05T13:04:48+05:30,159
posx-mokobara-backend,aeb3ec98f7,2026-04-14T07:22:18+05:30,src/workflows/order-detail/steps/confirm-order-detail-step.ts,729d77dcfa,2026-04-06T02:23:42+05:30,8
posx-mokobara-backend,aeb3ec98f7,2026-04-14T07:22:18+05:30,src/workflows/order-detail/steps/create-order-detail-step.ts,729d77dcfa,2026-04-06T02:23:42+05:30,8
posx-mokobara-backend,aeb3ec98f7,2026-04-14T07:22:18+05:30,src/workflows/order-detail/steps/create-order-detail-step.ts,df73ac84f6,2025-12-01T18:54:52+05:30,133
posx-mokobara-backend,aeb3ec98f7,2026-04-14T07:22:18+05:30,src/workflows/order-detail/steps/create-order-detail-step.ts,af8452257a,2025-11-05T13:04:48+05:30,159
posx-mokobara-backend,aeb3ec98f7,2026-04-14T07:22:18+05:30,src/workflows/order-detail/steps/create-order-detail-step.ts,9296216c75,2025-11-28T09:38:35+05:30,136
posx-mokobara-backend,6628189d4f,2026-04-14T07:31:07+05:30,src/workflows/cart/steps/validate-cart-for-combo-step.ts,8e0c2003aa,2025-11-25T14:30:47+05:30,139
posx-mokobara-backend,6628189d4f,2026-04-14T07:31:07+05:30,src/workflows/cart/steps/validate-cart-for-combo-step.ts,e82677fc02,2025-11-28T14:36:29+05:30,136
posx-mokobara-backend,6628189d4f,2026-04-14T07:31:07+05:30,src/workflows/cart/steps/validate-cart-for-combo-step.ts,cb3d17f464,2026-01-14T00:20:53+05:30,90
posx-mokobara-backend,3e0b468c2c,2026-04-14T07:31:59+05:30,src/workflows/cart/workflows/apply-combo-discount.ts,e6ab5d4334,2026-01-20T16:26:36+05:30,83
posx-mokobara-backend,eee0b818b3,2026-04-14T07:35:58+05:30,src/lib/helpers/build-summary.ts,e96e19526f,2026-01-30T01:43:01+05:30,74
posx-mokobara-backend,eee0b818b3,2026-04-14T07:35:58+05:30,src/lib/helpers/build-summary.ts,8f23e4e2c8,2025-11-28T11:25:10+05:30,136
posx-mokobara-backend,eee0b818b3,2026-04-14T07:35:58+05:30,src/lib/helpers/build-summary.ts,e82677fc02,2025-11-28T14:36:29+05:30,136
posx-mokobara-backend,eee0b818b3,2026-04-14T07:35:58+05:30,src/lib/helpers/build-summary.ts,e6ab5d4334,2026-01-20T16:26:36+05:30,83
posx-mokobara-backend,eee0b818b3,2026-04-14T07:35:58+05:30,src/lib/helpers/build-summary.ts,c02abf21f6,2025-12-01T14:21:33+05:30,133
posx-mokobara-backend,eee0b818b3,2026-04-14T07:35:58+05:30,src/lib/helpers/build-summary.ts,1ec63ddd5e,2025-11-20T13:16:58+05:30,144
posx-mokobara-backend,bebad9adc6,2026-04-14T14:37:18+05:30,src/api/admin/products/route.ts,c911796cae,2026-04-11T23:44:59+05:30,2
posx-mokobara-backend,bebad9adc6,2026-04-14T14:37:18+05:30,src/lib/helpers/cart/transform.ts,9296216c75,2025-11-28T09:38:35+05:30,137
posx-mokobara-backend,bebad9adc6,2026-04-14T14:37:18+05:30,src/types/validators/product.ts,c911796cae,2026-04-11T23:44:59+05:30,2
posx-mokobara-backend,bebad9adc6,2026-04-14T14:37:18+05:30,src/types/validators/product.ts,e82677fc02,2025-11-28T14:36:29+05:30,137
posx-mokobara-backend,bebad9adc6,2026-04-14T14:37:18+05:30,src/workflows/cart/steps/add-personalization-step.ts,a8fed91143,2025-11-18T16:14:55+05:30,146
posx-mokobara-backend,bebad9adc6,2026-04-14T14:37:18+05:30,src/workflows/cart/steps/remove-personalization-step.ts,e82677fc02,2025-11-28T14:36:29+05:30,137
posx-mokobara-backend,bebad9adc6,2026-04-14T14:37:18+05:30,src/workflows/cart/steps/revalidate-online-items-step.ts,c74fb45ed2,2026-04-14T07:20:35+05:30,0
posx-mokobara-backend,bebad9adc6,2026-04-14T14:37:18+05:30,src/workflows/cart/workflows/add-personalization.ts,b98c983f59,2026-01-28T22:57:05+05:30,75
posx-mokobara-backend,bebad9adc6,2026-04-14T14:37:18+05:30,src/workflows/store-coupon/steps/create-store-coupon-step.ts,18af5b455b,2025-11-18T13:52:35+05:30,147
posx-mokobara-backend,a1fc864285,2026-04-14T18:26:32+05:30,src/workflows/cart/steps/add-personalization-product-step.ts,8d833a6aaa,2025-12-01T16:41:12+05:30,134
posx-mokobara-backend,a1fc864285,2026-04-14T18:26:32+05:30,src/workflows/cart/steps/add-personalization-product-step.ts,36bdcdfaf8,2026-01-19T06:37:41+05:30,85
posx-mokobara-backend,a1fc864285,2026-04-14T18:26:32+05:30,src/workflows/cart/steps/add-personalization-product-step.ts,9296216c75,2025-11-28T09:38:35+05:30,137
posx-mokobara-backend,a1fc864285,2026-04-14T18:26:32+05:30,src/workflows/cart/steps/add-to-cart-step.ts,36bdcdfaf8,2026-01-19T06:37:41+05:30,85
posx-mokobara-backend,a1fc864285,2026-04-14T18:26:32+05:30,src/workflows/cart/steps/remove-personalization-step.ts,e82677fc02,2025-11-28T14:36:29+05:30,137
posx-mokobara-backend,a1fc864285,2026-04-14T18:26:32+05:30,src/workflows/cart/steps/remove-personalization-step.ts,bebad9adc6,2026-04-14T14:37:18+05:30,0
posx-mokobara-backend,a1fc864285,2026-04-14T18:26:32+05:30,src/workflows/online-cart/steps/add-to-online-cart-step.ts,36bdcdfaf8,2026-01-19T06:37:41+05:30,85
posx-mokobara-backend,a1fc864285,2026-04-14T18:26:32+05:30,src/workflows/online-cart/steps/check-variant-is-available.ts,d431e7047b,2025-11-28T15:20:03+05:30,137
posx-mokobara-backend,a1fc864285,2026-04-14T18:26:32+05:30,src/workflows/online-cart/steps/check-variant-is-available.ts,af8452257a,2025-11-05T13:04:48+05:30,160
posx-mokobara-backend,a1fc864285,2026-04-14T18:26:32+05:30,src/workflows/online-cart/steps/check-variant-is-available.ts,36bdcdfaf8,2026-01-19T06:37:41+05:30,85
posx-mokobara-backend,a1fc864285,2026-04-14T18:26:32+05:30,src/workflows/online-cart/steps/check-variant-is-available.ts,c911796cae,2026-04-11T23:44:59+05:30,2
posx-mokobara-backend,a1fc864285,2026-04-14T18:26:32+05:30,src/workflows/product/steps/get-product-with-metadata-step.ts,5e144a8590,2025-11-11T17:46:08+05:30,154
posx-mokobara-backend,9967aad8c0,2026-04-14T18:59:00+05:30,src/workflows/exports/workflows/export-coupon-workflow.ts,af8452257a,2025-11-05T13:04:48+05:30,160
posx-mokobara-backend,9967aad8c0,2026-04-14T18:59:00+05:30,src/workflows/order-detail/steps/generate-coupon-usage-csv-step.ts,af8452257a,2025-11-05T13:04:48+05:30,160
posx-mokobara-backend,8317d5d7f1,2026-04-14T19:00:20+05:30,Dockerfile,05f2410e0a,2026-04-13T17:17:14+05:30,1
posx-mokobara-backend,81a7bb81f4,2026-04-15T04:13:40+05:30,src/api/admin/products/route.ts,8c82de7031,2026-02-20T18:34:24+05:30,53
posx-mokobara-backend,81a7bb81f4,2026-04-15T04:13:40+05:30,src/api/admin/products/route.ts,c911796cae,2026-04-11T23:44:59+05:30,3
posx-mokobara-backend,f8f2dc8b0f,2026-04-15T04:14:52+05:30,src/workflows/order-return-and-exchange/workflows/confirm-exchange-order-v2.ts,9447a3145a,2026-03-11T00:15:44+05:30,35
posx-mokobara-backend,f8f2dc8b0f,2026-04-15T04:14:52+05:30,src/workflows/order-return-and-exchange/workflows/confirm-exchange-order-v2.ts,cb3d17f464,2026-01-14T00:20:53+05:30,91
posx-mokobara-backend,3a448c4e65,2026-04-15T09:08:09+05:30,.gitignore,35165695d3,2026-04-09T10:49:52+05:30,5
posx-mokobara-backend,3a448c4e65,2026-04-15T09:08:09+05:30,src/workflows/order-return-and-exchange/workflows/confirm-exchange-order-v2.ts,cb3d17f464,2026-01-14T00:20:53+05:30,91
posx-mokobara-backend,b2442806c9,2026-04-15T13:24:25+05:30,src/api/admin/order-detail/cash-drawer/history/route.ts,fee227c0ae,2026-04-13T11:05:56+05:30,2
posx-mokobara-backend,dd10d9cb44,2026-04-15T23:34:24+05:30,src/workflows/order-return-and-exchange/workflows/confirm-exchange-order-v2.ts,8056ddb7ab,2026-04-02T18:06:34+05:30,13
posx-mokobara-backend,92d5f905c5,2026-04-16T14:46:33+05:30,package-lock.json,007a1ab2ca,2026-04-13T19:44:21+05:30,2
posx-mokobara-backend,92d5f905c5,2026-04-16T14:46:33+05:30,src/api/admin/cart/route.ts,cb3d17f464,2026-01-14T00:20:53+05:30,92
posx-mokobara-backend,92d5f905c5,2026-04-16T14:46:33+05:30,src/api/admin/cart/route.ts,36bdcdfaf8,2026-01-19T06:37:41+05:30,87
posx-mokobara-backend,92d5f905c5,2026-04-16T14:46:33+05:30,src/modules/custom-cart/models/cart.ts,d3f9f2046e,2025-11-20T15:17:05+05:30,146
posx-mokobara-backend,92d5f905c5,2026-04-16T14:46:33+05:30,src/workflows/online-cart/steps/add-to-online-cart-step.ts,36bdcdfaf8,2026-01-19T06:37:41+05:30,87
posx-mokobara-backend,92d5f905c5,2026-04-16T14:46:33+05:30,src/workflows/order-detail/steps/confirm-order-detail-step.ts,cb3d17f464,2026-01-14T00:20:53+05:30,92
posx-mokobara-backend,92d5f905c5,2026-04-16T14:46:33+05:30,src/workflows/order-detail/steps/confirm-order-detail-step.ts,af8452257a,2025-11-05T13:04:48+05:30,162
posx-mokobara-backend,92d5f905c5,2026-04-16T14:46:33+05:30,src/workflows/order-detail/steps/confirm-order-detail-step.ts,9296216c75,2025-11-28T09:38:35+05:30,139
posx-mokobara-backend,92d5f905c5,2026-04-16T14:46:33+05:30,src/workflows/order-detail/steps/confirm-order-detail-step.ts,c911796cae,2026-04-11T23:44:59+05:30,4
posx-mokobara-backend,3cc4dabb65,2026-04-16T16:19:11+05:30,src/subscribers/exchange-order-post-effects.ts,3bbe516f90,2026-03-12T01:32:30+05:30,35
posx-mokobara-backend,5574ded491,2026-04-17T12:02:13+05:30,src/workflows/employee-performance/steps/parse-employee-target-csv-step.ts,1f13303616,2026-04-13T12:08:22+05:30,3
posx-mokobara-backend,5574ded491,2026-04-17T12:02:13+05:30,src/workflows/pos-inventory/steps/parse-inventory-csv-step.ts,f24b8baae3,2026-04-01T23:53:13+05:30,15
posx-mokobara-backend,5574ded491,2026-04-17T12:02:13+05:30,src/workflows/sales-report/steps/parse-sales-target-csv-step.ts,1f13303616,2026-04-13T12:08:22+05:30,3
posx-mokobara-backend,7b08b4bdf6,2026-04-17T13:01:19+05:30,src/api/admin/products/route.ts,81a7bb81f4,2026-04-15T04:13:40+05:30,2
posx-mokobara-backend,d5606ee7b7,2026-04-17T15:57:48+05:30,src/modules/custom-cart/models/cart-product.ts,d3f9f2046e,2025-11-20T15:17:05+05:30,148
posx-mokobara-backend,d5606ee7b7,2026-04-17T15:57:48+05:30,src/modules/custom-cart/service.ts,d3f9f2046e,2025-11-20T15:17:05+05:30,148
posx-mokobara-backend,d5606ee7b7,2026-04-17T15:57:48+05:30,src/workflows/cart/steps/calculate-combo-discount-step.ts,e82677fc02,2025-11-28T14:36:29+05:30,140
posx-mokobara-backend,d5606ee7b7,2026-04-17T15:57:48+05:30,src/workflows/cart/steps/validate-cart-for-combo-step.ts,cb3d17f464,2026-01-14T00:20:53+05:30,93
posx-mokobara-backend,d5606ee7b7,2026-04-17T15:57:48+05:30,src/workflows/order-detail/steps/create-exchange-order-detail-step-v2.ts,9296216c75,2025-11-28T09:38:35+05:30,140
posx-mokobara-backend,de8282198c,2026-04-17T18:02:04+05:30,src/workflows/order-detail/steps/create-order-detail-step.ts,b8d657fee2,2026-03-24T15:32:37+05:30,24
posx-mokobara-backend,de8282198c,2026-04-17T18:02:04+05:30,src/workflows/order-detail/steps/create-order-detail-step.ts,538c173735,2026-03-12T01:45:15+05:30,36
posx-mokobara-backend,de8282198c,2026-04-17T18:02:04+05:30,src/workflows/order-detail/steps/create-order-detail-step.ts,1d3c9b6490,2026-04-09T15:10:12+05:30,8
posx-mokobara-backend,3d404d8be9,2026-04-17T21:34:17+05:30,src/workflows/order-detail/steps/create-exchange-order-detail-step-v2.ts,9296216c75,2025-11-28T09:38:35+05:30,140
posx-mokobara-backend,3d404d8be9,2026-04-17T21:34:17+05:30,src/workflows/order-return-and-exchange/steps/associate-exchanged-and-parent-order.ts,af8452257a,2025-11-05T13:04:48+05:30,163
posx-mokobara-backend,029bdf44ca,2026-04-18T14:50:05+05:30,src/lib/constant.ts,128e69898a,2025-12-11T18:05:45+05:30,127
posx-mokobara-backend,029bdf44ca,2026-04-18T14:50:05+05:30,src/lib/shopify-sdk.ts,af8452257a,2025-11-05T13:04:48+05:30,164
posx-mokobara-backend,029bdf44ca,2026-04-18T14:50:05+05:30,src/subscribers/exchange-order-post-effects.ts,3bbe516f90,2026-03-12T01:32:30+05:30,37
posx-mokobara-backend,029bdf44ca,2026-04-18T14:50:05+05:30,src/subscribers/return-order-confirmed.ts,3bbe516f90,2026-03-12T01:32:30+05:30,37
posx-mokobara-backend,029bdf44ca,2026-04-18T14:50:05+05:30,src/subscribers/return-order-confirmed.ts,2181e54959,2026-04-08T04:53:09+05:30,10
posx-mokobara-backend,b093ae253e,2026-04-16T14:46:33+05:30,package-lock.json,007a1ab2ca,2026-04-13T19:44:21+05:30,2
posx-mokobara-backend,b093ae253e,2026-04-16T14:46:33+05:30,src/api/admin/cart/route.ts,cb3d17f464,2026-01-14T00:20:53+05:30,92
posx-mokobara-backend,b093ae253e,2026-04-16T14:46:33+05:30,src/api/admin/cart/route.ts,36bdcdfaf8,2026-01-19T06:37:41+05:30,87
posx-mokobara-backend,b093ae253e,2026-04-16T14:46:33+05:30,src/modules/custom-cart/models/cart.ts,d3f9f2046e,2025-11-20T15:17:05+05:30,146
posx-mokobara-backend,b093ae253e,2026-04-16T14:46:33+05:30,src/workflows/online-cart/steps/add-to-online-cart-step.ts,36bdcdfaf8,2026-01-19T06:37:41+05:30,87
posx-mokobara-backend,b093ae253e,2026-04-16T14:46:33+05:30,src/workflows/order-detail/steps/confirm-order-detail-step.ts,cb3d17f464,2026-01-14T00:20:53+05:30,92
posx-mokobara-backend,b093ae253e,2026-04-16T14:46:33+05:30,src/workflows/order-detail/steps/confirm-order-detail-step.ts,af8452257a,2025-11-05T13:04:48+05:30,162
posx-mokobara-backend,b093ae253e,2026-04-16T14:46:33+05:30,src/workflows/order-detail/steps/confirm-order-detail-step.ts,9296216c75,2025-11-28T09:38:35+05:30,139
posx-mokobara-backend,b093ae253e,2026-04-16T14:46:33+05:30,src/workflows/order-detail/steps/confirm-order-detail-step.ts,c911796cae,2026-04-11T23:44:59+05:30,4
posx-mokobara-backend,112daa4a3b,2026-04-16T16:19:11+05:30,src/subscribers/exchange-order-post-effects.ts,3bbe516f90,2026-03-12T01:32:30+05:30,35
posx-mokobara-backend,47fe928df8,2026-04-17T12:02:13+05:30,src/workflows/employee-performance/steps/parse-employee-target-csv-step.ts,1f13303616,2026-04-13T12:08:22+05:30,3
posx-mokobara-backend,47fe928df8,2026-04-17T12:02:13+05:30,src/workflows/pos-inventory/steps/parse-inventory-csv-step.ts,f24b8baae3,2026-04-01T23:53:13+05:30,15
posx-mokobara-backend,47fe928df8,2026-04-17T12:02:13+05:30,src/workflows/sales-report/steps/parse-sales-target-csv-step.ts,1f13303616,2026-04-13T12:08:22+05:30,3
posx-mokobara-backend,27d000cbba,2026-04-17T13:01:19+05:30,src/api/admin/products/route.ts,81a7bb81f4,2026-04-15T04:13:40+05:30,2
posx-mokobara-backend,9a1777d998,2026-04-17T15:57:48+05:30,src/modules/custom-cart/models/cart-product.ts,d3f9f2046e,2025-11-20T15:17:05+05:30,148
posx-mokobara-backend,9a1777d998,2026-04-17T15:57:48+05:30,src/modules/custom-cart/service.ts,d3f9f2046e,2025-11-20T15:17:05+05:30,148
posx-mokobara-backend,9a1777d998,2026-04-17T15:57:48+05:30,src/workflows/cart/steps/calculate-combo-discount-step.ts,e82677fc02,2025-11-28T14:36:29+05:30,140
posx-mokobara-backend,9a1777d998,2026-04-17T15:57:48+05:30,src/workflows/cart/steps/validate-cart-for-combo-step.ts,cb3d17f464,2026-01-14T00:20:53+05:30,93
posx-mokobara-backend,9a1777d998,2026-04-17T15:57:48+05:30,src/workflows/order-detail/steps/create-exchange-order-detail-step-v2.ts,9296216c75,2025-11-28T09:38:35+05:30,140
posx-mokobara-backend,fccbfe9738,2026-04-17T18:02:04+05:30,src/workflows/order-detail/steps/create-order-detail-step.ts,b8d657fee2,2026-03-24T15:32:37+05:30,24
posx-mokobara-backend,fccbfe9738,2026-04-17T18:02:04+05:30,src/workflows/order-detail/steps/create-order-detail-step.ts,538c173735,2026-03-12T01:45:15+05:30,36
posx-mokobara-backend,fccbfe9738,2026-04-17T18:02:04+05:30,src/workflows/order-detail/steps/create-order-detail-step.ts,1d3c9b6490,2026-04-09T15:10:12+05:30,8
posx-mokobara-backend,8f5abdd46f,2026-04-17T21:34:17+05:30,src/workflows/order-detail/steps/create-exchange-order-detail-step-v2.ts,9296216c75,2025-11-28T09:38:35+05:30,140
posx-mokobara-backend,8f5abdd46f,2026-04-17T21:34:17+05:30,src/workflows/order-return-and-exchange/steps/associate-exchanged-and-parent-order.ts,af8452257a,2025-11-05T13:04:48+05:30,163
posx-mokobara-backend,cd6aa5e7fc,2026-04-18T14:50:05+05:30,src/lib/constant.ts,128e69898a,2025-12-11T18:05:45+05:30,127
posx-mokobara-backend,cd6aa5e7fc,2026-04-18T14:50:05+05:30,src/lib/shopify-sdk.ts,af8452257a,2025-11-05T13:04:48+05:30,164
posx-mokobara-backend,cd6aa5e7fc,2026-04-18T14:50:05+05:30,src/subscribers/exchange-order-post-effects.ts,3bbe516f90,2026-03-12T01:32:30+05:30,37
posx-mokobara-backend,cd6aa5e7fc,2026-04-18T14:50:05+05:30,src/subscribers/return-order-confirmed.ts,3bbe516f90,2026-03-12T01:32:30+05:30,37
posx-mokobara-backend,cd6aa5e7fc,2026-04-18T14:50:05+05:30,src/subscribers/return-order-confirmed.ts,2181e54959,2026-04-08T04:53:09+05:30,10
posx-mokobara-backend,23141703c6,2026-04-20T02:03:12+05:30,src/workflows/order-detail/steps/create-exchange-order-detail-step-v2.ts,9296216c75,2025-11-28T09:38:35+05:30,142
posx-mokobara-backend,725514f50e,2026-04-20T06:55:03+05:30,src/api/admin/order-return-and-exchange/[id]/exchange/forward/route.ts,cb3d17f464,2026-01-14T00:20:53+05:30,96
posx-mokobara-backend,725514f50e,2026-04-20T06:55:03+05:30,src/workflows/order-detail/steps/calculate-cash-change-step.ts,280cf67dd4,2025-12-16T10:31:35+05:30,124
posx-mokobara-backend,d1004c0245,2026-04-20T06:55:46+05:30,src/modules/credit-note/migrations/Migration20260420000000.ts,da138ce1b2,2026-04-20T04:41:00+05:30,0
posx-mokobara-backend,bd5c5953fb,2026-04-20T07:08:24+05:30,src/jobs/complete-unicommerce-fulfillments.ts,f744896519,2026-02-26T19:25:16+05:30,52
posx-mokobara-backend,bd5c5953fb,2026-04-20T07:08:24+05:30,src/subscribers/unicommerce-sale-order-creation.ts,f744896519,2026-02-26T19:25:16+05:30,52
posx-mokobara-backend,140b2bdcbe,2026-04-20T22:58:40+05:30,src/api/admin/order-detail/[id]/cash-change/route.ts,3aacda8e16,2025-12-12T15:50:50+05:30,129
posx-mokobara-backend,140b2bdcbe,2026-04-20T22:58:40+05:30,src/api/admin/order-return-and-exchange/[id]/exchange/forward/route.ts,bc3bf91403,2026-04-09T22:43:02+05:30,11
posx-mokobara-backend,140b2bdcbe,2026-04-20T22:58:40+05:30,src/api/admin/order-return-and-exchange/[id]/exchange/forward/route.ts,cb3d17f464,2026-01-14T00:20:53+05:30,96
posx-mokobara-backend,140b2bdcbe,2026-04-20T22:58:40+05:30,src/api/admin/order-return-and-exchange/[id]/exchange/forward/route.ts,af8452257a,2025-11-05T13:04:48+05:30,166
posx-mokobara-backend,140b2bdcbe,2026-04-20T22:58:40+05:30,src/workflows/order-detail/steps/calculate-cash-change-step.ts,725514f50e,2026-04-20T06:55:03+05:30,0
posx-mokobara-backend,140b2bdcbe,2026-04-20T22:58:40+05:30,src/workflows/order-detail/steps/calculate-cash-change-step.ts,280cf67dd4,2025-12-16T10:31:35+05:30,125
posx-mokobara-backend,140b2bdcbe,2026-04-20T22:58:40+05:30,src/workflows/order-detail/steps/confirm-order-detail-step.ts,6ef1cf9a26,2025-12-14T23:05:03+05:30,126
posx-mokobara-backend,140b2bdcbe,2026-04-20T22:58:40+05:30,src/workflows/order-detail/steps/confirm-order-detail-step.ts,cb3d17f464,2026-01-14T00:20:53+05:30,96
posx-mokobara-backend,140b2bdcbe,2026-04-20T22:58:40+05:30,src/workflows/order-detail/steps/confirm-order-detail-step.ts,c911796cae,2026-04-11T23:44:59+05:30,8
posx-mokobara-backend,140b2bdcbe,2026-04-20T22:58:40+05:30,src/workflows/order-detail/steps/validate-order-status-step.ts,af8452257a,2025-11-05T13:04:48+05:30,166
posx-mokobara-backend,140b2bdcbe,2026-04-20T22:58:40+05:30,src/workflows/order-detail/steps/validate-order-status-step.ts,e6ab5d4334,2026-01-20T16:26:36+05:30,90
posx-mokobara-backend,140b2bdcbe,2026-04-20T22:58:40+05:30,src/workflows/order-detail/steps/validate-order-status-step.ts,9e19fd0207,2026-04-13T19:38:04+05:30,7
posx-mokobara-backend,140b2bdcbe,2026-04-20T22:58:40+05:30,src/workflows/payment-detail/steps/create-payment-detail.ts,cb3d17f464,2026-01-14T00:20:53+05:30,96
posx-mokobara-backend,140b2bdcbe,2026-04-20T22:58:40+05:30,src/workflows/payment-detail/steps/create-payment-detail.ts,af8452257a,2025-11-05T13:04:48+05:30,166
posx-mokobara-backend,140b2bdcbe,2026-04-20T22:58:40+05:30,src/workflows/payment-detail/steps/get-all-payment-by-orderid-step.ts,9e19fd0207,2026-04-13T19:38:04+05:30,7
posx-mokobara-backend,140b2bdcbe,2026-04-20T22:58:40+05:30,src/workflows/payment-detail/steps/get-all-payment-by-orderid-step.ts,af8452257a,2025-11-05T13:04:48+05:30,166
posx-mokobara-backend,140b2bdcbe,2026-04-20T22:58:40+05:30,src/workflows/payment-detail/steps/get-all-payment-by-orderid-step.ts,09f682deb3,2025-11-14T15:54:59+05:30,157
posx-mokobara-backend,d0062287f2,2026-04-21T07:34:43+05:30,src/workflows/cart/steps/revalidate-barcode-items-step.ts,c74fb45ed2,2026-04-14T07:20:35+05:30,7
posx-mokobara-backend,cbb4b4307f,2026-04-21T07:36:02+05:30,src/workflows/cart/steps/validate-cart-for-combo-step.ts,6628189d4f,2026-04-14T07:31:07+05:30,7
posx-mokobara-backend,cbb4b4307f,2026-04-21T07:36:02+05:30,src/workflows/cart/steps/validate-cart-for-combo-step.ts,cb3d17f464,2026-01-14T00:20:53+05:30,97
posx-mokobara-backend,ccf55ae37a,2026-04-21T20:05:14+05:30,src/workflows/cart/steps/validate-cart-for-combo-step.ts,cb3d17f464,2026-01-14T00:20:53+05:30,97
posx-mokobara-backend,ccf55ae37a,2026-04-21T20:05:14+05:30,src/workflows/cart/steps/validate-cart-for-combo-step.ts,9de6400fe2,2026-03-12T01:44:37+05:30,40
posx-mokobara-backend,ccf55ae37a,2026-04-21T20:05:14+05:30,src/workflows/cart/steps/validate-cart-for-combo-step.ts,6628189d4f,2026-04-14T07:31:07+05:30,7
posx-mokobara-backend,cbb800db7e,2026-04-21T21:10:22+05:30,src/workflows/order-detail/steps/create-exchange-order-detail-step-v2.ts,cb3d17f464,2026-01-14T00:20:53+05:30,97
posx-mokobara-backend,a1001ffeba,2026-04-22T17:54:23+05:30,src/workflows/online-order/steps/confirm-online-order-step.ts,af8452257a,2025-11-05T13:04:48+05:30,168
posx-mokobara-backend,a1001ffeba,2026-04-22T17:54:23+05:30,src/workflows/online-order/steps/confirm-online-order-step.ts,e7c653f7eb,2025-12-04T14:41:27+05:30,139
posx-mokobara-backend,a1001ffeba,2026-04-22T17:54:23+05:30,src/workflows/online-order/steps/confirm-online-order-step.ts,2c7801eae1,2025-12-17T16:44:30+05:30,126
posx-mokobara-backend,a1001ffeba,2026-04-22T17:54:23+05:30,src/workflows/order-detail/steps/confirm-order-detail-step.ts,af8452257a,2025-11-05T13:04:48+05:30,168
posx-mokobara-backend,a1001ffeba,2026-04-22T17:54:23+05:30,src/workflows/order-detail/steps/confirm-order-detail-step.ts,e7c653f7eb,2025-12-04T14:41:27+05:30,139
posx-mokobara-backend,a1001ffeba,2026-04-22T17:54:23+05:30,src/workflows/order-detail/steps/confirm-order-detail-step.ts,2c7801eae1,2025-12-17T16:44:30+05:30,126
posx-mokobara-backend,a1001ffeba,2026-04-22T17:54:23+05:30,src/workflows/order-detail/steps/confirm-order-detail-step.ts,c911796cae,2026-04-11T23:44:59+05:30,10
posx-mokobara-backend,5b32820162,2026-04-23T01:50:10+05:30,src/api/admin/order-detail/[id]/route.ts,af8452257a,2025-11-05T13:04:48+05:30,168
posx-mokobara-backend,5b32820162,2026-04-23T01:50:10+05:30,src/api/admin/order-detail/[id]/route.ts,9296216c75,2025-11-28T09:38:35+05:30,145
posx-mokobara-backend,ad66833faa,2026-04-22T17:54:23+05:30,src/workflows/online-order/steps/confirm-online-order-step.ts,af8452257a,2025-11-05T13:04:48+05:30,168
posx-mokobara-backend,ad66833faa,2026-04-22T17:54:23+05:30,src/workflows/online-order/steps/confirm-online-order-step.ts,e7c653f7eb,2025-12-04T14:41:27+05:30,139
posx-mokobara-backend,ad66833faa,2026-04-22T17:54:23+05:30,src/workflows/online-order/steps/confirm-online-order-step.ts,2c7801eae1,2025-12-17T16:44:30+05:30,126
posx-mokobara-backend,ad66833faa,2026-04-22T17:54:23+05:30,src/workflows/order-detail/steps/confirm-order-detail-step.ts,af8452257a,2025-11-05T13:04:48+05:30,168
posx-mokobara-backend,ad66833faa,2026-04-22T17:54:23+05:30,src/workflows/order-detail/steps/confirm-order-detail-step.ts,e7c653f7eb,2025-12-04T14:41:27+05:30,139
posx-mokobara-backend,ad66833faa,2026-04-22T17:54:23+05:30,src/workflows/order-detail/steps/confirm-order-detail-step.ts,2c7801eae1,2025-12-17T16:44:30+05:30,126
posx-mokobara-backend,ad66833faa,2026-04-22T17:54:23+05:30,src/workflows/order-detail/steps/confirm-order-detail-step.ts,c911796cae,2026-04-11T23:44:59+05:30,10
posx-mokobara-backend,8d82b5d7ad,2026-04-23T01:50:10+05:30,src/api/admin/order-detail/[id]/route.ts,af8452257a,2025-11-05T13:04:48+05:30,168
posx-mokobara-backend,8d82b5d7ad,2026-04-23T01:50:10+05:30,src/api/admin/order-detail/[id]/route.ts,9296216c75,2025-11-28T09:38:35+05:30,145
posx-mokobara-backend,fb8227d497,2026-04-24T13:18:51+05:30,src/workflows/shopify-collection/steps/update-product-association-with-collection-step.ts,ce9552d926,2026-04-06T03:32:45+05:30,18
posx-mokobara-backend,f04dbd75b0,2026-04-24T15:08:52+05:30,src/modules/order-detail/migrations/Migration20260307000000.ts,9447a3145a,2026-03-11T00:15:44+05:30,44
posx-mokobara-backend,f04dbd75b0,2026-04-24T15:08:52+05:30,src/modules/pdf-client/invoice.ejs,af8452257a,2025-11-05T13:04:48+05:30,170
posx-mokobara-backend,f04dbd75b0,2026-04-24T15:08:52+05:30,src/modules/pdf-client/service.ts,af8452257a,2025-11-05T13:04:48+05:30,170
posx-mokobara-backend,f04dbd75b0,2026-04-24T15:08:52+05:30,src/modules/pdf-client/service.ts,8317d5d7f1,2026-04-14T19:00:20+05:30,9
posx-mokobara-backend,f04dbd75b0,2026-04-24T15:08:52+05:30,src/modules/sales-report/service.ts,070056e7ef,2026-04-15T11:13:25+05:30,9
posx-mokobara-backend,f04dbd75b0,2026-04-24T15:08:52+05:30,src/workflows/exports/workflows/export-order-details-workflow.ts,af8452257a,2025-11-05T13:04:48+05:30,170
posx-mokobara-backend,f04dbd75b0,2026-04-24T15:08:52+05:30,src/workflows/storepro/steps/normalize-webhook-item-step.ts,41f4ea2c2d,2025-12-03T13:42:53+05:30,142
posx-mokobara-backend,7138d45536,2026-04-25T11:41:47+05:30,src/workflows/order-detail/steps/confirm-order-detail-step.ts,0857537287,2025-12-11T12:46:21+05:30,134
posx-mokobara-backend,7138d45536,2026-04-25T11:41:47+05:30,src/workflows/order-detail/steps/confirm-order-detail-step.ts,cb3d17f464,2026-01-14T00:20:53+05:30,101
posx-mokobara-backend,7138d45536,2026-04-25T11:41:47+05:30,src/workflows/order-detail/steps/confirm-order-detail-step.ts,c911796cae,2026-04-11T23:44:59+05:30,13
posx-mokobara-backend,68bf68d310,2026-04-26T12:53:47+05:30,src/workflows/cart/workflows/add-to-cart.ts,729d77dcfa,2026-04-06T02:23:42+05:30,20
posx-mokobara-backend,68bf68d310,2026-04-26T12:53:47+05:30,src/workflows/online-cart/steps/add-to-online-cart-step.ts,77753c235d,2025-11-20T13:35:57+05:30,156
posx-mokobara-backend,d3d4ef928a,2026-04-27T17:13:22+05:30,src/modules/employee-performance/service.ts,070056e7ef,2026-04-15T11:13:25+05:30,12
posx-mokobara-backend,d3d4ef928a,2026-04-27T17:13:22+05:30,src/modules/employee-performance/service.ts,9ecf58f0a5,2025-12-09T11:17:42+05:30,139
posx-mokobara-backend,d3d4ef928a,2026-04-27T17:13:22+05:30,src/modules/pdf-client/service.ts,af8452257a,2025-11-05T13:04:48+05:30,173
posx-mokobara-backend,d3d4ef928a,2026-04-27T17:13:22+05:30,src/modules/sales-report/service.ts,f04dbd75b0,2026-04-24T15:08:52+05:30,3
posx-mokobara-backend,d3d4ef928a,2026-04-27T17:13:22+05:30,src/modules/sales-report/service.ts,070056e7ef,2026-04-15T11:13:25+05:30,12
posx-mokobara-backend,d3d4ef928a,2026-04-27T17:13:22+05:30,src/modules/sales-report/service.ts,67d322e296,2025-12-08T15:04:25+05:30,140
posx-mokobara-backend,d3d4ef928a,2026-04-27T17:13:22+05:30,src/modules/sales-report/service.ts,b2e0cf737e,2026-01-17T14:55:02+05:30,100
posx-mokobara-backend,d3d4ef928a,2026-04-27T17:13:22+05:30,src/modules/sales-report/service.ts,3eb4e90046,2026-01-22T15:04:58+05:30,95
posx-mokobara-backend,d3d4ef928a,2026-04-27T17:13:22+05:30,src/modules/sales-report/service.ts,6cf4c4b499,2025-12-08T18:12:09+05:30,139
posx-mokobara-backend,d3d4ef928a,2026-04-27T17:13:22+05:30,src/workflows/exports/steps/generate-order-export-csv-step.ts,83f0ed2c92,2026-03-25T18:35:36+05:30,32
posx-mokobara-backend,329fbecce5,2026-04-28T15:42:06+05:30,src/lib/helpers/handle-employee-updation.ts,af8452257a,2025-11-05T13:04:48+05:30,174
posx-mokobara-backend,329fbecce5,2026-04-28T15:42:06+05:30,src/workflows/cart/steps/apply-custom-discount-step.ts,1ec63ddd5e,2025-11-20T13:16:58+05:30,159
posx-mokobara-backend,329fbecce5,2026-04-28T15:42:06+05:30,src/workflows/cart/steps/apply-custom-discount-step.ts,77753c235d,2025-11-20T13:35:57+05:30,159
posx-mokobara-backend,329fbecce5,2026-04-28T15:42:06+05:30,src/workflows/cart/workflows/apply-custom-discount.ts,1ec63ddd5e,2025-11-20T13:16:58+05:30,159
posx-mokobara-backend,329fbecce5,2026-04-28T15:42:06+05:30,src/workflows/cart/workflows/apply-custom-discount.ts,77753c235d,2025-11-20T13:35:57+05:30,159
posx-mokobara-backend,329fbecce5,2026-04-28T15:42:06+05:30,src/workflows/employee/steps/update-employee-step.ts,af8452257a,2025-11-05T13:04:48+05:30,174
posx-mokobara-backend,22c93377dd,2026-04-29T03:14:18+05:30,src/api/shopify/webhooks/product/create/route.ts,6cbc646c87,2025-12-26T11:44:38+05:30,123
posx-mokobara-backend,22c93377dd,2026-04-29T03:14:18+05:30,src/api/shopify/webhooks/product/create/route.ts,ce9552d926,2026-04-06T03:32:45+05:30,22
posx-mokobara-backend,22c93377dd,2026-04-29T03:14:18+05:30,src/lib/helpers/tax-calculations.ts,af8452257a,2025-11-05T13:04:48+05:30,174
posx-mokobara-backend,22c93377dd,2026-04-29T03:14:18+05:30,src/modules/pdf-client/invoice.ejs,af8452257a,2025-11-05T13:04:48+05:30,174
posx-mokobara-backend,22c93377dd,2026-04-29T03:14:18+05:30,src/modules/pdf-client/service.ts,af8452257a,2025-11-05T13:04:48+05:30,174
posx-mokobara-backend,22c93377dd,2026-04-29T03:14:18+05:30,src/workflows/exports/steps/generate-order-export-csv-step.ts,83f0ed2c92,2026-03-25T18:35:36+05:30,34
posx-mokobara-backend,22c93377dd,2026-04-29T03:14:18+05:30,src/workflows/exports/steps/generate-order-export-csv-step.ts,af8452257a,2025-11-05T13:04:48+05:30,174
posx-mokobara-backend,22c93377dd,2026-04-29T03:14:18+05:30,src/workflows/exports/steps/generate-order-export-csv-step.ts,d3d4ef928a,2026-04-27T17:13:22+05:30,1
posx-mokobara-backend,2ba93e648e,2026-05-01T23:41:46+05:30,src/modules/pdf-client/invoice.ejs,af8452257a,2025-11-05T13:04:48+05:30,177
posx-mokobara-backend,2ba93e648e,2026-05-01T23:41:46+05:30,src/modules/pdf-client/invoice.ejs,f04dbd75b0,2026-04-24T15:08:52+05:30,7
posx-mokobara-backend,2ba93e648e,2026-05-01T23:41:46+05:30,src/workflows/order-detail/steps/confirm-order-detail-step.ts,36bdcdfaf8,2026-01-19T06:37:41+05:30,102
posx-mokobara-backend,46c4af8b0a,2026-05-02T16:14:46+05:30,src/workflows/exports/steps/generate-order-export-csv-step.ts,83f0ed2c92,2026-03-25T18:35:36+05:30,37
posx-mokobara-backend,d1a641c43c,2026-04-28T15:42:06+05:30,src/lib/helpers/handle-employee-updation.ts,af8452257a,2025-11-05T13:04:48+05:30,174
posx-mokobara-backend,d1a641c43c,2026-04-28T15:42:06+05:30,src/workflows/cart/steps/apply-custom-discount-step.ts,1ec63ddd5e,2025-11-20T13:16:58+05:30,159
posx-mokobara-backend,d1a641c43c,2026-04-28T15:42:06+05:30,src/workflows/cart/steps/apply-custom-discount-step.ts,77753c235d,2025-11-20T13:35:57+05:30,159
posx-mokobara-backend,d1a641c43c,2026-04-28T15:42:06+05:30,src/workflows/cart/workflows/apply-custom-discount.ts,1ec63ddd5e,2025-11-20T13:16:58+05:30,159
posx-mokobara-backend,d1a641c43c,2026-04-28T15:42:06+05:30,src/workflows/cart/workflows/apply-custom-discount.ts,77753c235d,2025-11-20T13:35:57+05:30,159
posx-mokobara-backend,d1a641c43c,2026-04-28T15:42:06+05:30,src/workflows/employee/steps/update-employee-step.ts,af8452257a,2025-11-05T13:04:48+05:30,174
posx-mokobara-backend,31fb841d61,2026-04-29T03:14:18+05:30,src/api/shopify/webhooks/product/create/route.ts,6cbc646c87,2025-12-26T11:44:38+05:30,123
posx-mokobara-backend,31fb841d61,2026-04-29T03:14:18+05:30,src/api/shopify/webhooks/product/create/route.ts,ce9552d926,2026-04-06T03:32:45+05:30,22
posx-mokobara-backend,31fb841d61,2026-04-29T03:14:18+05:30,src/lib/helpers/tax-calculations.ts,af8452257a,2025-11-05T13:04:48+05:30,174
posx-mokobara-backend,31fb841d61,2026-04-29T03:14:18+05:30,src/modules/pdf-client/invoice.ejs,af8452257a,2025-11-05T13:04:48+05:30,174
posx-mokobara-backend,31fb841d61,2026-04-29T03:14:18+05:30,src/modules/pdf-client/service.ts,af8452257a,2025-11-05T13:04:48+05:30,174
posx-mokobara-backend,31fb841d61,2026-04-29T03:14:18+05:30,src/workflows/exports/steps/generate-order-export-csv-step.ts,83f0ed2c92,2026-03-25T18:35:36+05:30,34
posx-mokobara-backend,31fb841d61,2026-04-29T03:14:18+05:30,src/workflows/exports/steps/generate-order-export-csv-step.ts,af8452257a,2025-11-05T13:04:48+05:30,174
posx-mokobara-backend,31fb841d61,2026-04-29T03:14:18+05:30,src/workflows/exports/steps/generate-order-export-csv-step.ts,d3d4ef928a,2026-04-27T17:13:22+05:30,1
posx-mokobara-backend,56c7fff160,2026-05-01T23:41:46+05:30,src/modules/pdf-client/invoice.ejs,af8452257a,2025-11-05T13:04:48+05:30,177
posx-mokobara-backend,56c7fff160,2026-05-01T23:41:46+05:30,src/modules/pdf-client/invoice.ejs,f04dbd75b0,2026-04-24T15:08:52+05:30,7
posx-mokobara-backend,56c7fff160,2026-05-01T23:41:46+05:30,src/workflows/order-detail/steps/confirm-order-detail-step.ts,36bdcdfaf8,2026-01-19T06:37:41+05:30,102
posx-mokobara-backend,988b3e9b06,2026-05-02T16:14:46+05:30,src/workflows/exports/steps/generate-order-export-csv-step.ts,83f0ed2c92,2026-03-25T18:35:36+05:30,37
posx-mokobara-backend,92d0f3110c,2026-05-06T01:13:15+05:30,src/workflows/cart/steps/update-line-item-employee-step.ts,36bdcdfaf8,2026-01-19T06:37:41+05:30,106
posx-mokobara-backend,a64cd12b3f,2026-05-06T01:13:26+05:30,src/workflows/inventory/helpers/inventory-lifecycle-helper.ts,1b60d9f114,2026-04-18T06:34:25+05:30,17
posx-mokobara-backend,426c55d93f,2026-05-06T01:14:43+05:30,src/workflows/order-detail/steps/confirm-order-detail-step.ts,8c9fd379fa,2026-04-08T04:52:37+05:30,27
posx-mokobara-backend,426c55d93f,2026-05-06T01:14:43+05:30,src/workflows/order-detail/steps/confirm-order-detail-step.ts,c911796cae,2026-04-11T23:44:59+05:30,24
posx-mokobara-backend,4726803a84,2026-05-06T01:14:55+05:30,src/workflows/pos-inventory/workflows/import-store-inventory-workflow.ts,f24b8baae3,2026-04-01T23:53:13+05:30,34
posx-mokobara-backend,40c31323ef,2026-05-06T01:15:14+05:30,src/api/admin/pos-inventory/import/route.ts,f24b8baae3,2026-04-01T23:53:13+05:30,34
posx-mokobara-backend,5e932c70d9,2026-05-07T20:11:24+05:30,src/lib/constant.ts,36bdcdfaf8,2026-01-19T06:37:41+05:30,108
posx-mokobara-backend,c3a82eace8,2026-05-08T00:54:25+05:30,src/modules/pdf-client/invoice.ejs,af8452257a,2025-11-05T13:04:48+05:30,183
posx-mokobara-backend,c3a82eace8,2026-05-08T00:54:25+05:30,src/modules/pdf-client/invoice.ejs,f04dbd75b0,2026-04-24T15:08:52+05:30,13
posx-mokobara-backend,c3a82eace8,2026-05-08T00:54:25+05:30,src/modules/pdf-client/service.ts,31fb841d61,2026-04-29T03:14:18+05:30,8
posx-mokobara-backend,c3a82eace8,2026-05-08T00:54:25+05:30,src/modules/pdf-client/service.ts,af8452257a,2025-11-05T13:04:48+05:30,183
posx-mokobara-backend,c3a82eace8,2026-05-08T00:54:25+05:30,src/modules/pdf-client/service.ts,1d3c9b6490,2026-04-09T15:10:12+05:30,28
posx-mokobara-backend,c3a82eace8,2026-05-08T00:54:25+05:30,src/modules/pdf-client/service.ts,f04dbd75b0,2026-04-24T15:08:52+05:30,13
posx-mokobara-backend,731336c263,2026-05-11T17:15:57+05:30,src/modules/employee-performance/service.ts,9ecf58f0a5,2025-12-09T11:17:42+05:30,153
posx-mokobara-backend,731336c263,2026-05-11T17:15:57+05:30,src/modules/employee-performance/service.ts,c5c62f21ac,2026-04-30T01:04:44+05:30,11
posx-mokobara-backend,731336c263,2026-05-11T17:15:57+05:30,src/modules/sales-report/service.ts,1d3c9b6490,2026-04-09T15:10:12+05:30,32
posx-mokobara-backend,731336c263,2026-05-11T17:15:57+05:30,src/modules/sales-report/service.ts,c5c62f21ac,2026-04-30T01:04:44+05:30,11
posx-mokobara-backend,731336c263,2026-05-11T17:15:57+05:30,src/modules/sales-report/service.ts,070056e7ef,2026-04-15T11:13:25+05:30,26
posx-mokobara-backend,731336c263,2026-05-11T17:15:57+05:30,src/workflows/cart/steps/add-to-cart-step.ts,8f0ffdf4ee,2025-11-20T19:55:31+05:30,171
posx-mokobara-backend,731336c263,2026-05-11T17:15:57+05:30,src/workflows/cart/steps/get-product-from-barcode-step.ts,8056ddb7ab,2026-04-02T18:06:34+05:30,38
posx-mokobara-backend,731336c263,2026-05-11T17:15:57+05:30,src/workflows/cart/steps/revalidate-online-items-step.ts,bebad9adc6,2026-04-14T14:37:18+05:30,27
posx-mokobara-backend,731336c263,2026-05-11T17:15:57+05:30,src/workflows/cart/steps/validate-quantity-available-step.ts,e6ab5d4334,2026-01-20T16:26:36+05:30,111
posx-mokobara-backend,731336c263,2026-05-11T17:15:57+05:30,src/workflows/employee-performance/steps/parse-employee-target-csv-step.ts,1d3c9b6490,2026-04-09T15:10:12+05:30,32
posx-mokobara-backend,731336c263,2026-05-11T17:15:57+05:30,src/workflows/employee-performance/steps/parse-employee-target-csv-step.ts,5574ded491,2026-04-17T12:02:13+05:30,24
posx-mokobara-backend,731336c263,2026-05-11T17:15:57+05:30,src/workflows/employee-performance/steps/parse-employee-target-csv-step.ts,1f13303616,2026-04-13T12:08:22+05:30,28
posx-mokobara-backend,731336c263,2026-05-11T17:15:57+05:30,src/workflows/employee-performance/workflows/import-employee-targets.ts,1f13303616,2026-04-13T12:08:22+05:30,28
posx-mokobara-backend,731336c263,2026-05-11T17:15:57+05:30,src/workflows/online-cart/steps/add-to-online-cart-step.ts,8f0ffdf4ee,2025-11-20T19:55:31+05:30,171
posx-mokobara-backend,731336c263,2026-05-11T17:15:57+05:30,src/workflows/online-cart/steps/check-variant-is-available.ts,e6ab5d4334,2026-01-20T16:26:36+05:30,111
posx-mokobara-backend,1173773868,2026-05-11T18:11:18+05:30,src/workflows/order-detail/steps/confirm-order-detail-step.ts,c911796cae,2026-04-11T23:44:59+05:30,29
posx-mokobara-backend,f3e8e321a4,2026-05-12T13:42:36+05:30,src/workflows/inventory/helpers/inventory-lifecycle-helper.ts,8056ddb7ab,2026-04-02T18:06:34+05:30,39
posx-mokobara-backend,2b67095ccb,2026-05-12T17:21:36+05:30,src/modules/pdf-client/service.ts,af8452257a,2025-11-05T13:04:48+05:30,188
posx-mokobara-backend,f0cbae71b4,2026-05-12T17:26:34+05:30,src/modules/pdf-client/service.ts,c3a82eace8,2026-05-08T00:54:25+05:30,4
posx-mokobara-backend,971cb0968e,2026-05-12T17:29:55+05:30,src/modules/pdf-client/service.ts,f0cbae71b4,2026-05-12T17:26:34+05:30,0
posx-mokobara-backend,e4c5eb68c7,2026-05-12T17:30:10+05:30,src/modules/pdf-client/service.ts,2b67095ccb,2026-05-12T17:21:36+05:30,0
posx-mokobara-backend,7decd176a7,2026-05-13T01:47:56+05:30,src/api/admin/inventory/lookup/route.ts,72e4a5227c,2026-03-20T04:52:33+05:30,53
posx-mokobara-backend,40ece504d1,2026-05-13T02:34:17+05:30,src/workflows/order-detail/steps/confirm-order-detail-step.ts,cb3d17f464,2026-01-14T00:20:53+05:30,119
posx-mokobara-backend,40ece504d1,2026-05-13T02:34:17+05:30,src/workflows/order-detail/steps/confirm-order-detail-step.ts,7138d45536,2026-04-25T11:41:47+05:30,17
posx-mokobara-backend,2e4044cf3f,2026-05-13T02:38:47+05:30,src/workflows/order-return-and-exchange/steps/return-inventory-and-log-step.ts,8056ddb7ab,2026-04-02T18:06:34+05:30,40
posx-mokobara-backend,2e4044cf3f,2026-05-13T02:38:47+05:30,src/workflows/order-return-and-exchange/steps/validate-return-rfid-step.ts,8056ddb7ab,2026-04-02T18:06:34+05:30,40
posx-mokobara-backend,2e4044cf3f,2026-05-13T02:38:47+05:30,src/workflows/order-return-and-exchange/workflows/confirm-return-order-v2.ts,8056ddb7ab,2026-04-02T18:06:34+05:30,40
posx-mokobara-backend,8ee1b36b6c,2026-05-13T02:41:20+05:30,src/api/admin/order-return-and-exchange/[id]/return/route.ts,af8452257a,2025-11-05T13:04:48+05:30,188
posx-mokobara-backend,8ee1b36b6c,2026-05-13T02:41:20+05:30,src/api/direct-razorpay/callback/route.ts,af8452257a,2025-11-05T13:04:48+05:30,188
posx-mokobara-backend,8ee1b36b6c,2026-05-13T02:41:20+05:30,src/api/shopify/webhooks/product/create/route.ts,22c93377dd,2026-04-29T03:14:18+05:30,13
posx-mokobara-backend,8ee1b36b6c,2026-05-13T02:41:20+05:30,src/workflows/online-order/steps/check-if-product-is-sold.ts,9296216c75,2025-11-28T09:38:35+05:30,165
posx-mokobara-backend,8ee1b36b6c,2026-05-13T02:41:20+05:30,src/workflows/order-detail/steps/validate-order-products-step.ts,af8452257a,2025-11-05T13:04:48+05:30,188
posx-mokobara-backend,8ee1b36b6c,2026-05-13T02:41:20+05:30,src/workflows/order-return-and-exchange/steps/calculate-refund-amount-step-v2.ts,cb3d17f464,2026-01-14T00:20:53+05:30,119
posx-mokobara-backend,8ee1b36b6c,2026-05-13T02:41:20+05:30,src/workflows/order-return-and-exchange/steps/check-order-product-returnable-step-v2.ts,cb3d17f464,2026-01-14T00:20:53+05:30,119
posx-mokobara-backend,8ee1b36b6c,2026-05-13T02:41:20+05:30,src/workflows/order-return-and-exchange/steps/check-order-returnable-step.ts,36bdcdfaf8,2026-01-19T06:37:41+05:30,113
posx-mokobara-backend,3e0fc71fc4,2026-05-16T11:18:30+05:30,package-lock.json,fee227c0ae,2026-04-13T11:05:56+05:30,33
posx-mokobara-backend,3e0fc71fc4,2026-05-16T11:18:30+05:30,src/workflows/cart/steps/remove-item-from-shopify-cart-step.ts,1f13303616,2026-04-13T12:08:22+05:30,32
posx-mokobara-backend,8d4de785e8,2026-05-16T11:18:50+05:30,src/workflows/order-return-and-exchange/workflows/confirm-return-order-v2.ts,427643eead,2026-05-14T19:16:01+05:30,1
posx-mokobara-backend,8d4de785e8,2026-05-16T11:18:50+05:30,src/workflows/order-return-and-exchange/workflows/confirm-return-order-v2.ts,cb3d17f464,2026-01-14T00:20:53+05:30,122
posx-mokobara-backend,24cc13bb8f,2026-05-18T10:35:13+05:30,src/workflows/online-cart/steps/check-variant-is-available.ts,5feb8ff09e,2026-05-12T13:37:09+05:30,5
posx-mokobara-backend,15127db2d0,2026-05-18T13:20:44+05:30,src/api/admin/shopify-customer/route.ts,af8452257a,2025-11-05T13:04:48+05:30,194
posx-mokobara-backend,6f74411d23,2026-05-18T13:22:13+05:30,src/workflows/online-order/steps/confirm-online-order-step.ts,af8452257a,2025-11-05T13:04:48+05:30,194
posx-mokobara-backend,6f74411d23,2026-05-18T13:22:13+05:30,src/workflows/order-detail/steps/confirm-order-detail-step.ts,c911796cae,2026-04-11T23:44:59+05:30,36
posx-mokobara-backend,feb23b5ff7,2026-05-21T11:22:17+05:30,src/workflows/exports/steps/generate-order-export-csv-step.ts,2ebf193aea,2026-05-12T02:20:21+05:30,9
posx-mokobara-backend,baa5426bd4,2026-06-03T02:09:08+05:30,src/api/admin/cms/export/route.ts,af8452257a,2025-11-05T13:04:48+05:30,209
posx-mokobara-backend,baa5426bd4,2026-06-03T02:09:08+05:30,src/api/admin/footfall/export/route.ts,af8452257a,2025-11-05T13:04:48+05:30,209
posx-mokobara-backend,baa5426bd4,2026-06-03T02:09:08+05:30,src/api/admin/inventory/event-log/export/route.ts,2f41c99596,2026-03-24T02:16:27+05:30,70
posx-mokobara-backend,baa5426bd4,2026-06-03T02:09:08+05:30,src/api/admin/inventory/event-log/export/route.ts,af96f232c7,2026-03-15T23:41:24+05:30,79
posx-mokobara-backend,baa5426bd4,2026-06-03T02:09:08+05:30,src/api/admin/inventory/export/route.ts,05ccc0a21b,2026-03-16T02:08:19+05:30,79
posx-mokobara-backend,baa5426bd4,2026-06-03T02:09:08+05:30,src/api/admin/inventory/internal-stock-transfer/export/route.ts,708aba7e65,2026-03-20T03:07:14+05:30,74
posx-mokobara-backend,baa5426bd4,2026-06-03T02:09:08+05:30,src/api/admin/inventory/snapshot/export/route.ts,d5809d1e04,2026-03-16T17:26:02+05:30,78
posx-mokobara-backend,baa5426bd4,2026-06-03T02:09:08+05:30,src/api/admin/inventory/stock-adjustment/export/route.ts,72e4a5227c,2026-03-20T04:52:33+05:30,74
posx-mokobara-backend,baa5426bd4,2026-06-03T02:09:08+05:30,src/api/admin/order-detail/export/route.ts,a20159f54b,2026-03-24T00:51:12+05:30,71
posx-mokobara-backend,baa5426bd4,2026-06-03T02:09:08+05:30,src/api/admin/pos-inventory/export/route.ts,af8452257a,2025-11-05T13:04:48+05:30,209
posx-mokobara-backend,2ed9eff65d,2026-05-15T02:08:18+05:30,src/workflows/order-detail/steps/confirm-order-detail-step.ts,cb3d17f464,2026-01-14T00:20:53+05:30,121
posx-mokobara-backend,2ed9eff65d,2026-05-15T02:08:18+05:30,src/workflows/order-detail/steps/confirm-order-detail-step.ts,c911796cae,2026-04-11T23:44:59+05:30,33
posx-mokobara-backend,2ed9eff65d,2026-05-15T02:08:18+05:30,src/workflows/order-detail/steps/confirm-order-detail-step.ts,7138d45536,2026-04-25T11:41:47+05:30,19
posx-mokobara-backend,2ed9eff65d,2026-05-15T02:08:18+05:30,src/workflows/order-detail/steps/confirm-order-detail-step.ts,40ece504d1,2026-05-13T02:34:17+05:30,1
posx-mokobara-backend,2ed9eff65d,2026-05-15T02:08:18+05:30,src/workflows/order-detail/steps/confirm-order-detail-step.ts,25716ae7a4,2026-05-13T03:00:15+05:30,1
posx-mokobara-backend,08596baa81,2026-05-15T02:08:18+05:30,src/workflows/order-detail/steps/confirm-order-detail-step.ts,cb3d17f464,2026-01-14T00:20:53+05:30,121
posx-mokobara-backend,08596baa81,2026-05-15T02:08:18+05:30,src/workflows/order-detail/steps/confirm-order-detail-step.ts,c911796cae,2026-04-11T23:44:59+05:30,33
posx-mokobara-backend,08596baa81,2026-05-15T02:08:18+05:30,src/workflows/order-detail/steps/confirm-order-detail-step.ts,7138d45536,2026-04-25T11:41:47+05:30,19
posx-mokobara-backend,08596baa81,2026-05-15T02:08:18+05:30,src/workflows/order-detail/steps/confirm-order-detail-step.ts,40ece504d1,2026-05-13T02:34:17+05:30,1
posx-mokobara-backend,08596baa81,2026-05-15T02:08:18+05:30,src/workflows/order-detail/steps/confirm-order-detail-step.ts,25716ae7a4,2026-05-13T03:00:15+05:30,1
posx-mokobara-backend,19df4a0117,2026-06-03T18:46:33+05:30,src/api/admin/order-detail/payment-report/export/route.ts,a929c6fbdf,2026-05-28T03:44:54+05:30,6
posx-mokobara-backend,19df4a0117,2026-06-03T18:46:33+05:30,src/api/admin/order-detail/payment-report/route.ts,a929c6fbdf,2026-05-28T03:44:54+05:30,6
posx-mokobara-backend,9aca8ae537,2026-06-04T17:03:27+05:30,src/api/admin/cms/route.ts,af8452257a,2025-11-05T13:04:48+05:30,211
posx-mokobara-backend,9aca8ae537,2026-06-04T17:03:27+05:30,src/api/admin/inventory/internal-stock-transfer/route.ts,88f22c971f,2026-03-20T03:03:09+05:30,76
posx-mokobara-backend,9aca8ae537,2026-06-04T17:03:27+05:30,src/api/admin/order-detail/[id]/route.ts,af8452257a,2025-11-05T13:04:48+05:30,211
posx-mokobara-backend,9aca8ae537,2026-06-04T17:03:27+05:30,src/api/admin/order-detail/report/route.ts,af8452257a,2025-11-05T13:04:48+05:30,211
posx-mokobara-backend,9aca8ae537,2026-06-04T17:03:27+05:30,src/api/admin/order-detail/route.ts,af8452257a,2025-11-05T13:04:48+05:30,211
posx-mokobara-backend,9aca8ae537,2026-06-04T17:03:27+05:30,src/modules/order-detail/service.ts,af8452257a,2025-11-05T13:04:48+05:30,211
posx-mokobara-backend,9aca8ae537,2026-06-04T17:03:27+05:30,src/modules/order-detail/service.ts,e05e048408,2026-04-16T15:09:23+05:30,49
posx-mokobara-backend,9aca8ae537,2026-06-04T17:03:27+05:30,src/workflows/order-detail/steps/generate-order-report-step.ts,af8452257a,2025-11-05T13:04:48+05:30,211
posx-mokobara-backend,9aca8ae537,2026-06-04T17:03:27+05:30,src/workflows/order-detail/workflows/generate-order-report.ts,af8452257a,2025-11-05T13:04:48+05:30,211
posx-mokobara-backend,f7d8cb3286,2026-06-04T17:03:59+05:30,src/api/admin/employee/[id]/route.ts,af8452257a,2025-11-05T13:04:48+05:30,211
posx-mokobara-backend,f7d8cb3286,2026-06-04T17:03:59+05:30,src/api/admin/rbac/roles/[id]/route.ts,01984de872,2026-06-03T02:08:54+05:30,1
posx-mokobara-backend,f7d8cb3286,2026-06-04T17:03:59+05:30,src/api/admin/rbac/roles/route.ts,01984de872,2026-06-03T02:08:54+05:30,1
posx-mokobara-backend,f7d8cb3286,2026-06-04T17:03:59+05:30,src/api/middlewares.ts,01984de872,2026-06-03T02:08:54+05:30,1
posx-mokobara-backend,f7d8cb3286,2026-06-04T17:03:59+05:30,src/api/role-access-middleware.ts,01984de872,2026-06-03T02:08:54+05:30,1
posx-mokobara-backend,f7d8cb3286,2026-06-04T17:03:59+05:30,src/api/seed/rbac-seed.ts,01984de872,2026-06-03T02:08:54+05:30,1
posx-mokobara-backend,d799c7f00a,2026-06-06T14:54:44+05:30,src/api/admin/credit-note/export/route.ts,2f41c99596,2026-03-24T02:16:27+05:30,74
posx-mokobara-backend,d799c7f00a,2026-06-06T14:54:44+05:30,src/api/admin/credit-note/report/route.ts,e7843c2003,2026-03-21T07:01:56+05:30,77
posx-mokobara-backend,d799c7f00a,2026-06-06T14:54:44+05:30,src/api/admin/inventory/route.ts,01984de872,2026-06-03T02:08:54+05:30,3
posx-mokobara-backend,d799c7f00a,2026-06-06T14:54:44+05:30,src/api/admin/inventory/stock-adjustment/route.ts,01984de872,2026-06-03T02:08:54+05:30,3
posx-mokobara-backend,d799c7f00a,2026-06-06T14:54:44+05:30,src/api/admin/rbac/roles/[id]/route.ts,01984de872,2026-06-03T02:08:54+05:30,3
posx-mokobara-backend,d799c7f00a,2026-06-06T14:54:44+05:30,src/api/admin/rbac/roles/route.ts,01984de872,2026-06-03T02:08:54+05:30,3
posx-mokobara-backend,d799c7f00a,2026-06-06T14:54:44+05:30,src/api/middlewares.ts,01984de872,2026-06-03T02:08:54+05:30,3
posx-mokobara-backend,d799c7f00a,2026-06-06T14:54:44+05:30,src/modules/credit-note/service.ts,637d043d0f,2026-04-28T01:25:47+05:30,39
posx-mokobara-backend,d799c7f00a,2026-06-06T14:54:44+05:30,src/types/validators/employee.ts,01984de872,2026-06-03T02:08:54+05:30,3
posx-mokobara-backend,d799c7f00a,2026-06-06T14:54:44+05:30,src/types/validators/stock-adjustment.ts,72e4a5227c,2026-03-20T04:52:33+05:30,78
posx-mokobara-backend,e02f7763ab,2026-06-10T11:53:38+05:30,src/api/admin/inventory/export/route.ts,af96f232c7,2026-03-15T23:41:24+05:30,86
posx-mokobara-backend,bc99ea2511,2026-06-10T12:09:48+05:30,src/modules/order-detail/service.ts,1f13303616,2026-04-13T12:08:22+05:30,58
posx-mokobara-backend,5cc1bef0d6,2026-06-11T17:42:23+05:30,src/api/shopify/webhooks/collection/create/route.ts,ce9552d926,2026-04-06T03:32:45+05:30,66
posx-mokobara-backend,5cc1bef0d6,2026-06-11T17:42:23+05:30,src/workflows/shopify-collection/steps/create-shopify-collection.ts,af8452257a,2025-11-05T13:04:48+05:30,218
posx-mokobara-backend,5cc1bef0d6,2026-06-11T17:42:23+05:30,src/workflows/shopify-collection/steps/delete-collection-steps.ts,af8452257a,2025-11-05T13:04:48+05:30,218
posx-mokobara-backend,5cc1bef0d6,2026-06-11T17:42:23+05:30,src/workflows/shopify-collection/steps/update-product-association-with-collection-step.ts,af8452257a,2025-11-05T13:04:48+05:30,218
posx-mokobara-backend,5cc1bef0d6,2026-06-11T17:42:23+05:30,src/workflows/shopify-collection/steps/update-product-association-with-collection-step.ts,ce9552d926,2026-04-06T03:32:45+05:30,66
posx-mokobara-backend,5cc1bef0d6,2026-06-11T17:42:23+05:30,src/workflows/shopify-collection/steps/update-product-association-with-collection-step.ts,36bdcdfaf8,2026-01-19T06:37:41+05:30,143
posx-mokobara-backend,2d93425b5e,2026-06-11T17:47:47+05:30,src/subscribers/return-order-confirmed.ts,3bbe516f90,2026-03-12T01:32:30+05:30,91
posx-mokobara-backend,2d93425b5e,2026-06-11T17:47:47+05:30,src/subscribers/return-order-confirmed.ts,2181e54959,2026-04-08T04:53:09+05:30,64
posx-mokobara-backend,2d93425b5e,2026-06-11T17:47:47+05:30,src/workflows/order-detail/steps/confirm-order-detail-step.ts,9296216c75,2025-11-28T09:38:35+05:30,195
posx-mokobara-backend,2d93425b5e,2026-06-11T17:47:47+05:30,src/workflows/order-detail/steps/confirm-order-detail-step.ts,af8452257a,2025-11-05T13:04:48+05:30,218
posx-mokobara-backend,2d93425b5e,2026-06-11T17:47:47+05:30,src/workflows/order-detail/steps/confirm-order-detail-step.ts,c911796cae,2026-04-11T23:44:59+05:30,60
posx-mokobara-backend,9c54d9ae6a,2026-06-12T15:31:35+05:30,src/api/adsr/order-payment/route.ts,0c3d0d9492,2026-05-12T02:23:20+05:30,31
posx-mokobara-backend,2c5b39bdcc,2026-06-12T15:31:35+05:30,src/api/adsr/order-payment/route.ts,0c3d0d9492,2026-05-12T02:23:20+05:30,31
posx-mokobara-backend,9b50b2173e,2026-06-12T19:00:15+05:30,src/api/admin/employee/[id]/route.ts,f7d8cb3286,2026-06-04T17:03:59+05:30,8
posx-mokobara-backend,9b50b2173e,2026-06-12T19:00:15+05:30,src/api/admin/employee/[id]/route.ts,01984de872,2026-06-03T02:08:54+05:30,9
posx-mokobara-backend,9b50b2173e,2026-06-12T19:00:15+05:30,src/lib/helpers/handle-employee-updation.ts,01984de872,2026-06-03T02:08:54+05:30,9
posx-mokobara-backend,9b50b2173e,2026-06-12T19:00:15+05:30,src/workflows/employee/steps/create-employee-step.ts,01984de872,2026-06-03T02:08:54+05:30,9
posx-mokobara-backend,9b50b2173e,2026-06-12T19:00:15+05:30,src/workflows/employee/steps/create-employee-step.ts,627944bf3b,2026-04-05T18:43:43+05:30,68
posx-mokobara-backend,9b50b2173e,2026-06-12T19:00:15+05:30,src/workflows/employee/steps/create-employee-step.ts,7887a4bd8c,2026-04-23T16:22:12+05:30,50
posx-mokobara-backend,9b50b2173e,2026-06-12T19:00:15+05:30,src/workflows/employee/steps/create-employee-step.ts,6cbc646c87,2025-12-26T11:44:38+05:30,168
posx-mokobara-backend,9b50b2173e,2026-06-12T19:00:15+05:30,src/workflows/employee/steps/create-employee-step.ts,af8452257a,2025-11-05T13:04:48+05:30,219
posx-mokobara-backend,af28b8aab7,2026-06-12T20:34:28+05:30,src/modules/employee-performance/service.ts,9ecf58f0a5,2025-12-09T11:17:42+05:30,185
posx-mokobara-backend,af28b8aab7,2026-06-12T20:34:28+05:30,src/modules/employee-performance/service.ts,c5c62f21ac,2026-04-30T01:04:44+05:30,43
posx-mokobara-backend,af28b8aab7,2026-06-12T20:34:28+05:30,src/modules/sales-report/service.ts,c5c62f21ac,2026-04-30T01:04:44+05:30,43
posx-mokobara-backend,af28b8aab7,2026-06-12T20:34:28+05:30,src/modules/sales-report/service.ts,6cf4c4b499,2025-12-08T18:12:09+05:30,186
posx-mokobara-backend,f54c00836e,2026-06-15T13:18:25+05:30,src/workflows/gift-card/steps/reverse-gift-card-step.ts,5a36ba873e,2026-06-11T19:34:38+05:30,3
posx-mokobara-backend,2c3f33f59e,2026-06-16T17:10:29+05:30,src/api/admin/rbac/roles/[id]/route.ts,d799c7f00a,2026-06-06T14:54:44+05:30,10
posx-mokobara-backend,2c3f33f59e,2026-06-16T17:10:29+05:30,src/subscribers/inventory-decrement-on-order-confirmed.ts,c7db8d17c6,2026-05-08T03:32:46+05:30,39
posx-mokobara-backend,2c3f33f59e,2026-06-16T17:10:29+05:30,src/subscribers/inventory-decrement-on-order-confirmed.ts,d34ff76b3c,2026-05-12T17:59:58+05:30,34
posx-mokobara-backend,2c3f33f59e,2026-06-16T17:10:29+05:30,src/workflows/order-detail/workflows/confirm-order-details.ts,c7db8d17c6,2026-05-08T03:32:46+05:30,39
posx-mokobara-backend,f50a87f2cb,2026-06-18T10:37:39+05:30,src/jobs/qwikcilver-reconciliation.ts,5a36ba873e,2026-06-11T19:34:38+05:30,6
posx-mokobara-backend,f50a87f2cb,2026-06-18T10:37:39+05:30,src/modules/qwikcilver/service.ts,5a36ba873e,2026-06-11T19:34:38+05:30,6
posx-mokobara-backend,f50a87f2cb,2026-06-18T10:37:39+05:30,src/scripts/smoke-qwikcilver.ts,5a36ba873e,2026-06-11T19:34:38+05:30,6
posx-mokobara-backend,f50a87f2cb,2026-06-18T10:37:39+05:30,src/workflows/order-detail/steps/delete-order-detail-step.ts,af8452257a,2025-11-05T13:04:48+05:30,224
posx-mokobara-backend,be72f862fe,2026-06-18T13:54:58+05:30,src/jobs/qwikcilver-reconciliation.ts,5a36ba873e,2026-06-11T19:34:38+05:30,6
posx-mokobara-backend,be72f862fe,2026-06-18T13:54:58+05:30,src/jobs/qwikcilver-reconciliation.ts,f50a87f2cb,2026-06-18T10:37:39+05:30,0
posx-mokobara-backend,be72f862fe,2026-06-18T13:54:58+05:30,src/modules/qwikcilver/service.ts,5a36ba873e,2026-06-11T19:34:38+05:30,6
posx-mokobara-backend,b420f4fc9a,2026-06-18T16:04:22+05:30,src/workflows/product/steps/get-product-with-metadata-step.ts,5e144a8590,2025-11-11T17:46:08+05:30,218
posx-mokobara-backend,b4b9af6305,2026-06-18T17:12:52+05:30,src/workflows/inventory/steps/update-store-sku-inventory-step.ts,72e4a5227c,2026-03-20T04:52:33+05:30,90
posx-mokobara-backend,b4b9af6305,2026-06-18T17:12:52+05:30,src/workflows/inventory/steps/update-store-sku-inventory-step.ts,66bc91d099,2026-05-12T15:07:44+05:30,37
posx-mokobara-backend,c77377db96,2026-06-18T18:46:32+05:30,src/modules/qwikcilver/client.ts,5a36ba873e,2026-06-11T19:34:38+05:30,6
posx-mokobara-backend,77c9f9f38f,2026-06-21T23:25:34+05:30,src/api/admin/inventory/export/route.ts,af96f232c7,2026-03-15T23:41:24+05:30,97
posx-mokobara-backend,77c9f9f38f,2026-06-21T23:25:34+05:30,src/api/admin/inventory/export/route.ts,7f4c143fbb,2026-03-16T00:42:11+05:30,97
posx-mokobara-backend,77c9f9f38f,2026-06-21T23:25:34+05:30,src/api/admin/inventory/export/route.ts,e02f7763ab,2026-06-10T11:53:38+05:30,11
posx-mokobara-backend,77c9f9f38f,2026-06-21T23:25:34+05:30,src/api/admin/inventory/export/route.ts,e3520f05c7,2026-03-24T13:27:37+05:30,89
posx-mokobara-backend,4636ed42af,2026-06-23T15:39:44+05:30,src/api/admin/order-detail/export/route.ts,51c906848f,2026-06-22T17:58:33+05:30,0
posx-mokobara-backend,4636ed42af,2026-06-23T15:39:44+05:30,src/modules/order-detail/service.ts,51c906848f,2026-06-22T17:58:33+05:30,0
posx-mokobara-backend,4636ed42af,2026-06-23T15:39:44+05:30,src/workflows/exports/steps/generate-order-export-csv-step.ts,51c906848f,2026-06-22T17:58:33+05:30,0
posx-mokobara-backend,4636ed42af,2026-06-23T15:39:44+05:30,src/workflows/exports/steps/send-export-email-step.ts,af8452257a,2025-11-05T13:04:48+05:30,230
posx-mokobara-backend,4636ed42af,2026-06-23T15:39:44+05:30,src/workflows/exports/workflows/export-order-details-workflow.ts,51c906848f,2026-06-22T17:58:33+05:30,0
posx-mokobara-backend,bdd303f8e5,2026-06-23T16:02:00+05:30,src/workflows/exports/steps/send-export-email-step.ts,4636ed42af,2026-06-23T15:39:44+05:30,0
posx-mokobara-backend,4d769566de,2026-06-16T17:10:29+05:30,src/api/admin/rbac/roles/[id]/route.ts,d799c7f00a,2026-06-06T14:54:44+05:30,10
posx-mokobara-backend,4d769566de,2026-06-16T17:10:29+05:30,src/subscribers/inventory-decrement-on-order-confirmed.ts,c7db8d17c6,2026-05-08T03:32:46+05:30,39
posx-mokobara-backend,4d769566de,2026-06-16T17:10:29+05:30,src/subscribers/inventory-decrement-on-order-confirmed.ts,d34ff76b3c,2026-05-12T17:59:58+05:30,34
posx-mokobara-backend,4d769566de,2026-06-16T17:10:29+05:30,src/workflows/order-detail/workflows/confirm-order-details.ts,c7db8d17c6,2026-05-08T03:32:46+05:30,39
posx-mokobara-backend,45a9961bfc,2026-06-23T23:37:09+05:30,src/workflows/order-detail/steps/decrement-inventory-step.ts,c7db8d17c6,2026-05-08T03:32:46+05:30,46
posx-mokobara-backend,45a9961bfc,2026-06-23T23:37:09+05:30,src/workflows/order-detail/steps/decrement-inventory-step.ts,4d769566de,2026-06-16T17:10:29+05:30,7
posx-mokobara-backend,3a62c04077,2026-06-25T17:12:47+05:30,src/api/adsr/order-payment/route.ts,51c906848f,2026-06-22T17:58:33+05:30,2
posx-mokobara-backend,3a62c04077,2026-06-25T17:12:47+05:30,src/modules/order-detail/service.ts,51c906848f,2026-06-22T17:58:33+05:30,2
posx-mokobara-backend,3a62c04077,2026-06-25T17:12:47+05:30,src/workflows/exports/steps/generate-order-export-csv-step.ts,af8452257a,2025-11-05T13:04:48+05:30,232
posx-mokobara-backend,3a62c04077,2026-06-25T17:12:47+05:30,src/workflows/exports/steps/generate-order-export-csv-step.ts,4636ed42af,2026-06-23T15:39:44+05:30,2
posx-mokobara-backend,3a62c04077,2026-06-25T17:12:47+05:30,src/workflows/exports/steps/generate-order-export-csv-step.ts,51c906848f,2026-06-22T17:58:33+05:30,2
posx-mokobara-backend,c481bf9461,2026-06-30T02:04:43+05:30,src/modules/pdf-client/service.ts,af8452257a,2025-11-05T13:04:48+05:30,236
posx-mokobara-backend,c481bf9461,2026-06-30T02:04:43+05:30,src/modules/pdf-client/service.ts,f04dbd75b0,2026-04-24T15:08:52+05:30,66
posx-mokobara-backend,c481bf9461,2026-06-30T02:04:43+05:30,src/modules/pdf-client/service.ts,9447a3145a,2026-03-11T00:15:44+05:30,111
posx-mokobara-backend,cffa18a53a,2026-07-02T01:51:29+05:30,src/subscribers/generate-credit-note-payment-pdf-on-confirm.ts,9447a3145a,2026-03-11T00:15:44+05:30,113
posx-mokobara-backend,cffa18a53a,2026-07-02T01:51:29+05:30,src/workflows/order-detail/steps/confirm-order-detail-step.ts,cb3d17f464,2026-01-14T00:20:53+05:30,169
posx-mokobara-backend,cffa18a53a,2026-07-02T01:51:29+05:30,src/workflows/order-detail/steps/confirm-order-detail-step.ts,af8452257a,2025-11-05T13:04:48+05:30,238
posx-mokobara-backend,cffa18a53a,2026-07-02T01:51:29+05:30,src/workflows/order-detail/steps/confirm-order-detail-step.ts,9447a3145a,2026-03-11T00:15:44+05:30,113
posx-mokobara-backend,cffa18a53a,2026-07-02T01:51:29+05:30,src/workflows/order-detail/steps/confirm-order-detail-step.ts,c911796cae,2026-04-11T23:44:59+05:30,81
posx-mokobara-backend,cffa18a53a,2026-07-02T01:51:29+05:30,src/workflows/order-detail/steps/confirm-order-detail-step.ts,2c7801eae1,2025-12-17T16:44:30+05:30,196
posx-mokobara-backend,cffa18a53a,2026-07-02T01:51:29+05:30,src/workflows/order-detail/steps/confirm-order-detail-step.ts,8c9fd379fa,2026-04-08T04:52:37+05:30,84
posx-mokobara-backend,cffa18a53a,2026-07-02T01:51:29+05:30,src/workflows/order-detail/steps/confirm-order-detail-step.ts,08596baa81,2026-05-15T02:08:18+05:30,47
posx-mokobara-backend,cffa18a53a,2026-07-02T01:51:29+05:30,src/workflows/order-detail/steps/confirm-order-detail-step.ts,40ece504d1,2026-05-13T02:34:17+05:30,49
posx-mokobara-backend,cffa18a53a,2026-07-02T01:51:29+05:30,src/workflows/order-detail/steps/confirm-order-detail-step.ts,a1001ffeba,2026-04-22T17:54:23+05:30,70
posx-mokobara-backend,cffa18a53a,2026-07-02T01:51:29+05:30,src/workflows/payment-detail/steps/cancel-payment-details-step.ts,af8452257a,2025-11-05T13:04:48+05:30,238
posx-mokobara-backend,cffa18a53a,2026-07-02T01:51:29+05:30,src/workflows/payment-detail/steps/cancel-payment-details-step.ts,cf74ec3ad9,2025-12-16T15:16:26+05:30,197
posx-mokobara-backend,cffa18a53a,2026-07-02T01:51:29+05:30,src/workflows/payment-detail/steps/verify-payment-details-step.ts,1f13303616,2026-04-13T12:08:22+05:30,79
posx-mokobara-backend,cffa18a53a,2026-07-02T01:51:29+05:30,src/workflows/payment-detail/steps/verify-payment-details-step.ts,802d9ed4af,2026-03-24T15:31:51+05:30,99
posx-mokobara-backend,cffa18a53a,2026-07-02T01:51:29+05:30,src/workflows/payment-detail/steps/verify-payment-details-step.ts,af8452257a,2025-11-05T13:04:48+05:30,238
posx-mokobara-backend,0dc6bf261b,2026-07-02T15:12:14+05:30,src/workflows/inventory/workflows/create-stock-adjustment.ts,66bc91d099,2026-05-12T15:07:44+05:30,51
posx-mokobara-backend,95b6c21e2a,2026-07-02T15:50:18+05:30,src/workflows/order-detail/steps/confirm-order-detail-step.ts,1173773868,2026-05-11T18:11:18+05:30,51
posx-mokobara-backend,95b6c21e2a,2026-07-02T15:50:18+05:30,src/workflows/order-detail/steps/confirm-order-detail-step.ts,c911796cae,2026-04-11T23:44:59+05:30,81
posx-mokobara-backend,b6d1ec42db,2026-07-02T15:50:18+05:30,src/workflows/order-detail/steps/confirm-order-detail-step.ts,1173773868,2026-05-11T18:11:18+05:30,51
posx-mokobara-backend,b6d1ec42db,2026-07-02T15:50:18+05:30,src/workflows/order-detail/steps/confirm-order-detail-step.ts,c911796cae,2026-04-11T23:44:59+05:30,81
posx-mokobara-backend,e9f8404529,2026-07-02T23:12:01+05:30,src/workflows/order-detail/steps/confirm-order-detail-step.ts,b6d1ec42db,2026-07-02T15:50:18+05:30,0
posx-mokobara-backend,12ce179aed,2026-07-03T21:10:18+05:30,src/scripts/migrate-historical-orders.ts,7887a4bd8c,2026-04-23T16:22:12+05:30,71
posx-mokobara-backend,12ce179aed,2026-07-03T21:10:18+05:30,src/scripts/migrate_orders.py,7887a4bd8c,2026-04-23T16:22:12+05:30,71
posx-mokobara-backend,cf2d689deb,2026-07-06T15:45:13+05:30,src/api/admin/employee/route.ts,01984de872,2026-06-03T02:08:54+05:30,33
posx-mokobara-backend,45cd9263dc,2026-07-09T11:38:56+05:30,src/modules/qwikcilver/service.ts,5a36ba873e,2026-06-11T19:34:38+05:30,27
posx-mokobara-backend,45cd9263dc,2026-07-09T11:38:56+05:30,src/modules/qwikcilver/service.ts,1dbb17ef5f,2026-06-22T14:10:30+05:30,16
posx-mokobara-backend,fbebbbe16d,2026-07-09T11:38:56+05:30,src/modules/qwikcilver/service.ts,163b71f0d5,2026-07-06T15:25:03+05:30,2
posx-mokobara-backend,b0ba707c75,2026-07-10T01:57:58+05:30,src/api/admin/inventory/lookup/route.ts,7decd176a7,2026-05-13T01:47:56+05:30,58
posx-mokobara-backend,b0ba707c75,2026-07-10T01:57:58+05:30,src/api/admin/inventory/unicommerce-sale-order/[saleOrderCode]/route.ts,6bca360cc9,2025-12-08T12:18:01+05:30,213
posx-mokobara-backend,b0ba707c75,2026-07-10T01:57:58+05:30,src/workflows/exports/steps/generate-inventory-export-csv-step.ts,a841585b7e,2025-12-10T14:04:12+05:30,211
posx-mokobara-backend,6f002be0ad,2026-07-10T01:59:46+05:30,src/workflows/shopify-product/steps/create-shopify-product-variant-step.ts,36bdcdfaf8,2026-01-19T06:37:41+05:30,171
posx-mokobara-backend,6f002be0ad,2026-07-10T01:59:46+05:30,src/workflows/shopify-product/steps/throw-error-if-product-do-not-exists-step.ts,36bdcdfaf8,2026-01-19T06:37:41+05:30,171
posx-mokobara-backend,f99a493e01,2026-07-09T11:38:56+05:30,src/modules/qwikcilver/service.ts,ea6f5e8c39,2026-07-06T15:25:03+05:30,2
posx-mokobara-backend,881a4fe120,2026-07-10T01:57:58+05:30,src/api/admin/inventory/lookup/route.ts,7decd176a7,2026-05-13T01:47:56+05:30,58
posx-mokobara-backend,881a4fe120,2026-07-10T01:57:58+05:30,src/api/admin/inventory/unicommerce-sale-order/[saleOrderCode]/route.ts,6bca360cc9,2025-12-08T12:18:01+05:30,213
posx-mokobara-backend,881a4fe120,2026-07-10T01:57:58+05:30,src/workflows/exports/steps/generate-inventory-export-csv-step.ts,a841585b7e,2025-12-10T14:04:12+05:30,211
posx-mokobara-backend,211e368cce,2026-07-10T01:59:46+05:30,src/workflows/shopify-product/steps/create-shopify-product-variant-step.ts,36bdcdfaf8,2026-01-19T06:37:41+05:30,171
posx-mokobara-backend,211e368cce,2026-07-10T01:59:46+05:30,src/workflows/shopify-product/steps/throw-error-if-product-do-not-exists-step.ts,36bdcdfaf8,2026-01-19T06:37:41+05:30,171
posx-mokobara-backend,c93466f5f9,2026-07-13T18:23:34+05:30,src/modules/unicommerce/service.ts,f744896519,2026-02-26T19:25:16+05:30,136
posx-mokobara-backend,c93466f5f9,2026-07-13T18:23:34+05:30,src/modules/unicommerce/service.ts,18c67ea2f2,2025-12-05T13:18:55+05:30,220
posx-mokobara-backend,de92eb98dd,2026-07-14T11:14:22+05:30,src/api/admin/order-detail/[id]/cancel/route.ts,d79f50ac0e,2026-07-02T11:33:50+05:30,11
posx-mokobara-backend,de92eb98dd,2026-07-14T11:14:22+05:30,src/workflows/order-detail/steps/unicommerce-cancel-order-step.ts,d79f50ac0e,2026-07-02T11:33:50+05:30,11
posx-mokobara-backend,657d381aff,2026-07-14T18:13:17+05:30,src/api/admin/order-return-and-exchange/[id]/return/route.ts,8ee1b36b6c,2026-05-13T02:41:20+05:30,62
posx-mokobara-backend,657d381aff,2026-07-14T18:13:17+05:30,src/api/admin/order-return-and-exchange/[id]/return/route.ts,af8452257a,2025-11-05T13:04:48+05:30,251
posx-mokobara-backend,657d381aff,2026-07-14T18:13:17+05:30,src/workflows/payment-detail/steps/create-refund-payment-step.ts,9296216c75,2025-11-28T09:38:35+05:30,228
posx-mokobara-backend,657d381aff,2026-07-14T18:13:17+05:30,src/workflows/payment-detail/steps/create-refund-payment-step.ts,748bfd457d,2026-04-15T04:15:40+05:30,90
posx-mokobara-backend,71ad5c0f4a,2026-07-15T10:52:15+05:30,src/api/admin/shopify-order-status/route.ts,7d620d33a8,2026-07-14T22:17:39+05:30,0
posx-mokobara-backend,2cd3567cf3,2026-07-15T11:46:06+05:30,src/workflows/order-detail/steps/confirm-order-detail-step.ts,2c7801eae1,2025-12-17T16:44:30+05:30,209
posx-mokobara-backend,2cd3567cf3,2026-07-15T11:46:06+05:30,src/workflows/order-detail/steps/confirm-order-detail-step.ts,cb3d17f464,2026-01-14T00:20:53+05:30,182
posx-mokobara-backend,2cd3567cf3,2026-07-15T11:46:06+05:30,src/workflows/order-detail/steps/confirm-order-detail-step.ts,a1001ffeba,2026-04-22T17:54:23+05:30,83
posx-mokobara-backend,2cd3567cf3,2026-07-15T11:46:06+05:30,src/workflows/order-detail/steps/confirm-order-detail-step.ts,cffa18a53a,2026-07-02T01:51:29+05:30,13
posx-mokobara-backend,2cd3567cf3,2026-07-15T11:46:06+05:30,src/workflows/order-detail/steps/confirm-order-detail-step.ts,9296216c75,2025-11-28T09:38:35+05:30,229
posx-mokobara-backend,2cd3567cf3,2026-07-15T11:46:06+05:30,src/workflows/order-detail/steps/confirm-order-detail-step.ts,af8452257a,2025-11-05T13:04:48+05:30,251
posx-mokobara-backend,ce66b881fd,2026-07-15T14:08:52+05:30,src/workflows/order-detail/steps/confirm-order-detail-step.ts,2cd3567cf3,2026-07-15T11:46:06+05:30,0
posx-mokobara-backend,e8cf327f61,2026-07-13T18:23:34+05:30,src/modules/unicommerce/service.ts,f744896519,2026-02-26T19:25:16+05:30,136
posx-mokobara-backend,e8cf327f61,2026-07-13T18:23:34+05:30,src/modules/unicommerce/service.ts,18c67ea2f2,2025-12-05T13:18:55+05:30,220
posx-mokobara-backend,bd3c570783,2026-07-14T11:14:22+05:30,src/api/admin/order-detail/[id]/cancel/route.ts,d0d09b1436,2026-07-02T11:33:50+05:30,11
posx-mokobara-backend,bd3c570783,2026-07-14T11:14:22+05:30,src/workflows/order-detail/steps/unicommerce-cancel-order-step.ts,d0d09b1436,2026-07-02T11:33:50+05:30,11
posx-mokobara-backend,f08230a6af,2026-07-16T14:30:45+05:30,src/workflows/order-detail/steps/cancel-confirmed-pos-order-step.ts,5a20b2e1d5,2026-07-09T12:16:36+05:30,7
posx-mokobara-backend,f08230a6af,2026-07-16T14:30:45+05:30,src/workflows/order-detail/steps/shopify-cancel-order-step.ts,d0d09b1436,2026-07-02T11:33:50+05:30,14
posx-mokobara-backend,b5145a8012,2026-07-17T17:21:04+05:30,src/modules/storepro/service.ts,2d16b0d6df,2026-07-17T13:39:55+05:30,0
posx-mokobara-backend,29aaf08f4b,2026-07-17T20:51:44+05:30,src/api/admin/inventory/rfid-list/route.ts,2d16b0d6df,2026-07-17T13:39:55+05:30,0
posx-mokobara-backend,29aaf08f4b,2026-07-17T20:51:44+05:30,src/api/storepro/middlewares.ts,2d16b0d6df,2026-07-17T13:39:55+05:30,0
posx-mokobara-backend,29aaf08f4b,2026-07-17T20:51:44+05:30,src/api/storepro/middlewares.ts,41f4ea2c2d,2025-12-03T13:42:53+05:30,226
posx-mokobara-backend,29aaf08f4b,2026-07-17T20:51:44+05:30,src/api/storepro/webhooks/inv-update/route.ts,c10eebf899,2025-12-09T17:41:11+05:30,220
posx-mokobara-backend,29aaf08f4b,2026-07-17T20:51:44+05:30,src/api/storepro/webhooks/inv-update/route.ts,c5f755e7a3,2025-12-17T16:00:37+05:30,212
posx-mokobara-backend,29aaf08f4b,2026-07-17T20:51:44+05:30,src/api/storepro/webhooks/inv-update/route.ts,2d16b0d6df,2026-07-17T13:39:55+05:30,0
posx-mokobara-backend,29aaf08f4b,2026-07-17T20:51:44+05:30,src/api/storepro/webhooks/inv-update/route.ts,5d037408ba,2026-03-15T23:42:20+05:30,123
posx-mokobara-backend,29aaf08f4b,2026-07-17T20:51:44+05:30,src/api/storepro/webhooks/route.ts,2d16b0d6df,2026-07-17T13:39:55+05:30,0
posx-mokobara-backend,29aaf08f4b,2026-07-17T20:51:44+05:30,src/modules/storepro/service.ts,fd2de2da09,2026-07-17T16:54:42+05:30,0
posx-mokobara-backend,29aaf08f4b,2026-07-17T20:51:44+05:30,src/workflows/inventory/steps/scan-and-update-rfid-mappings-step.ts,c1ce1c675e,2026-07-17T13:53:21+05:30,0
posx-mokobara-backend,29aaf08f4b,2026-07-17T20:51:44+05:30,src/workflows/storepro/steps/extract-sku-rfid-mappings-step.ts,41f4ea2c2d,2025-12-03T13:42:53+05:30,226
posx-mokobara-backend,29aaf08f4b,2026-07-17T20:51:44+05:30,src/workflows/storepro/steps/store-sku-rfid-mappings-step.ts,bcd87aba61,2025-12-05T12:30:16+05:30,224
posx-mokobara-backend,29aaf08f4b,2026-07-17T20:51:44+05:30,src/workflows/storepro/workflows/process-rfid-webhook-payload.ts,2d16b0d6df,2026-07-17T13:39:55+05:30,0
posx-mokobara-backend,29aaf08f4b,2026-07-17T20:51:44+05:30,src/workflows/storepro/workflows/process-rfid-webhook-payload.ts,3eb4e90046,2026-01-22T15:04:58+05:30,176
posx-mokobara-backend,29aaf08f4b,2026-07-17T20:51:44+05:30,src/workflows/unicommerce/steps/get-sku-rfid-mappings-step.ts,fd2de2da09,2026-07-17T16:54:42+05:30,0
posx-mokobara-backend,29aaf08f4b,2026-07-17T20:51:44+05:30,src/workflows/unicommerce/steps/get-sku-rfid-mappings-step.ts,0cc9bc52ad,2025-12-05T14:35:53+05:30,224
posx-mokobara-backend,29aaf08f4b,2026-07-17T20:51:44+05:30,src/workflows/unicommerce/steps/get-sku-rfid-mappings-step.ts,c2dac50258,2025-12-05T16:57:30+05:30,224
posx-mokobara-backend,29aaf08f4b,2026-07-17T20:51:44+05:30,src/workflows/unicommerce/steps/get-sku-rfid-mappings-step.ts,1b0fefb2c8,2025-12-08T12:56:45+05:30,221
posx-mokobara-backend,29aaf08f4b,2026-07-17T20:51:44+05:30,src/workflows/unicommerce/workflows/get-sale-order.ts,0dabaced1b,2026-07-17T17:53:09+05:30,0
posx-mokobara-backend,29aaf08f4b,2026-07-17T20:51:44+05:30,src/workflows/unicommerce/workflows/get-sale-order.ts,0101b43e4f,2026-04-18T06:39:17+05:30,90
posx-mokobara-backend,317ff8dd4f,2026-07-18T19:07:25+05:30,src/workflows/order-detail/steps/confirm-order-detail-step.ts,cffa18a53a,2026-07-02T01:51:29+05:30,16
posx-mokobara-backend,317ff8dd4f,2026-07-18T19:07:25+05:30,src/workflows/order-detail/steps/confirm-order-detail-step.ts,cb3d17f464,2026-01-14T00:20:53+05:30,185
posx-mokobara-backend,317ff8dd4f,2026-07-18T19:07:25+05:30,src/workflows/order-detail/steps/confirm-order-detail-step.ts,a1001ffeba,2026-04-22T17:54:23+05:30,87
posx-mokobara-backend,317ff8dd4f,2026-07-18T19:07:25+05:30,src/workflows/order-detail/steps/confirm-order-detail-step.ts,9296216c75,2025-11-28T09:38:35+05:30,232
posx-mokobara-backend,317ff8dd4f,2026-07-18T19:07:25+05:30,src/workflows/order-detail/steps/confirm-order-detail-step.ts,2c7801eae1,2025-12-17T16:44:30+05:30,213
posx-mokobara-backend,317ff8dd4f,2026-07-18T19:07:25+05:30,src/workflows/order-detail/steps/confirm-order-detail-step.ts,af8452257a,2025-11-05T13:04:48+05:30,255
posx-mokobara-backend,317ff8dd4f,2026-07-18T19:07:25+05:30,src/workflows/order-detail/steps/decrement-inventory-step.ts,c7db8d17c6,2026-05-08T03:32:46+05:30,71
posx-mokobara-backend,317ff8dd4f,2026-07-18T19:07:25+05:30,src/workflows/order-detail/steps/validate-order-status-step.ts,af8452257a,2025-11-05T13:04:48+05:30,255
posx-mokobara-backend,d833aa656d,2026-07-20T20:50:03+05:30,src/workflows/order-detail/steps/confirm-order-detail-step.ts,95b6c21e2a,2026-07-02T15:50:18+05:30,18
posx-mokobara-backend,b368fd2305,2026-07-23T19:33:32+05:30,src/workflows/cms/steps/create-cms-step.ts,1f13303616,2026-04-13T12:08:22+05:30,101
posx-mokobara-backend,3f9ff74448,2026-07-17T00:07:02+05:30,src/workflows/order-detail/steps/shopify-cancel-order-step.ts,d0d09b1436,2026-07-02T11:33:50+05:30,14
posx-mokobara-backend,3f9ff74448,2026-07-17T00:07:02+05:30,src/workflows/order-detail/steps/unicommerce-cancel-order-step.ts,d0d09b1436,2026-07-02T11:33:50+05:30,14
posx-mokobara-backend,19a685a111,2026-07-17T00:07:02+05:30,src/workflows/order-detail/steps/shopify-cancel-order-step.ts,d0d09b1436,2026-07-02T11:33:50+05:30,14
posx-mokobara-backend,19a685a111,2026-07-17T00:07:02+05:30,src/workflows/order-detail/steps/unicommerce-cancel-order-step.ts,d0d09b1436,2026-07-02T11:33:50+05:30,14
posx-mokobara-backend,d3f34ae29a,2026-07-30T00:16:35+05:30,knowledge-os/plans/061_OnlineOrderStoreLevelLimits.md,de37e23b33,2026-07-29T23:31:11+05:30,0
posx-mokobara-backend,d3f34ae29a,2026-07-30T00:16:35+05:30,src/workflows/order-detail/steps/validate-online-order-limits-step.ts,de37e23b33,2026-07-29T23:31:11+05:30,0
posx-mokobara-backend,d3f34ae29a,2026-07-30T00:16:35+05:30,src/workflows/order-detail/workflows/create-order-from-cart.ts,4545a5012a,2026-04-14T07:28:18+05:30,106
posx-mokobara-backend,40eca46dd5,2026-07-30T12:38:08+05:30,src/api/admin/inventory/rfid-list/route.ts,2d16b0d6df,2026-07-17T13:39:55+05:30,12
posx-mokobara-backend,40eca46dd5,2026-07-30T12:38:08+05:30,src/modules/storepro/service.ts,2d16b0d6df,2026-07-17T13:39:55+05:30,12
posx-mokobara-backend,40eca46dd5,2026-07-30T12:38:08+05:30,src/modules/storepro/service.ts,fd2de2da09,2026-07-17T16:54:42+05:30,12
posx-mokobara-backend,67e25fe282,2026-07-31T15:24:36+05:30,src/workflows/order-return-and-exchange/steps/calculate-refund-amount-step-v2.ts,cb3d17f464,2026-01-14T00:20:53+05:30,198
posx-mokobara-backend,67e25fe282,2026-07-31T15:24:36+05:30,src/workflows/payment-detail/steps/create-refund-payment-step.ts,af8452257a,2025-11-05T13:04:48+05:30,268
posx-mokobara-backend,67e25fe282,2026-07-31T15:24:36+05:30,src/workflows/payment-detail/steps/create-refund-payment-step.ts,9296216c75,2025-11-28T09:38:35+05:30,245
posx-mokobara-backend,67e25fe282,2026-07-31T15:24:36+05:30,src/workflows/payment-detail/steps/create-refund-payment-step.ts,748bfd457d,2026-04-15T04:15:40+05:30,107
posx-mokobara-backend,3e7fbf9d51,2026-07-31T16:17:45+05:30,src/workflows/payment-detail/steps/create-refund-payment-step.ts,67e25fe282,2026-07-31T15:24:36+05:30,0
posx-mokobara-backend,4b68836e7c,2026-07-31T17:02:43+05:30,src/workflows/payment-detail/steps/create-refund-payment-step.ts,67e25fe282,2026-07-31T15:24:36+05:30,0
posx-mokobara-backend,5051a36589,2026-07-31T18:12:03+05:30,knowledge-os/dev-notes/rca/refund-rounding-bug-cross-pos-2026-07-31.md,66b2e27ea5,2026-07-31T17:13:49+05:30,0
posx-mokobara-backend,5051a36589,2026-07-31T18:12:03+05:30,src/workflows/order-return-and-exchange/steps/calculate-refund-amount-step-v2.ts,cb3d17f464,2026-01-14T00:20:53+05:30,198
posx-mokobara-backend,5051a36589,2026-07-31T18:12:03+05:30,src/workflows/order-return-and-exchange/steps/calculate-refund-amount-step-v2.ts,8ee1b36b6c,2026-05-13T02:41:20+05:30,79
posx-mokobara-backend,5051a36589,2026-07-31T18:12:03+05:30,src/workflows/order-return-and-exchange/steps/calculate-refund-amount-step-v2.ts,67e25fe282,2026-07-31T15:24:36+05:30,0
posx-mokobara-backend,f38dd1641e,2026-08-03T13:15:54+05:30,src/modules/store-inventory/service.ts,7afab0209e,2026-08-03T10:59:30+05:30,0
posx-mokobara-backend,45ae25e86c,2026-08-03T16:17:02+05:30,src/workflows/order-return-and-exchange/steps/calculate-refund-amount-step-v2.ts,5051a36589,2026-07-31T18:12:03+05:30,2
posx-mokobara-backend,715ad0ce74,2026-08-05T23:15:30+05:30,src/api/admin/shopify-customer/route.ts,dce9cfd9bd,2026-08-05T22:57:08+05:30,0
posx-mokobara-backend,1598a92547,2026-08-06T13:19:24+05:30,src/api/admin/order-detail/[id]/route.ts,9296216c75,2025-11-28T09:38:35+05:30,251
posx-mokobara-backend,1598a92547,2026-08-06T13:19:24+05:30,src/api/admin/order-detail/[id]/update-gatepass/route.ts,af8452257a,2025-11-05T13:04:48+05:30,274
posx-mokobara-backend,1598a92547,2026-08-06T13:19:24+05:30,src/api/admin/shopify-customer/route.ts,3eb4e90046,2026-01-22T15:04:58+05:30,195
posx-mokobara-backend,1598a92547,2026-08-06T13:19:24+05:30,src/api/admin/shopify-customer/route.ts,dce9cfd9bd,2026-08-05T22:57:08+05:30,0
posx-mokobara-backend,1598a92547,2026-08-06T13:19:24+05:30,src/api/admin/shopify-customer/route.ts,715ad0ce74,2026-08-05T23:15:30+05:30,0
posx-mokobara-backend,1598a92547,2026-08-06T13:19:24+05:30,src/workflows/order-detail/steps/update-order-detail-step.ts,dce9cfd9bd,2026-08-05T22:57:08+05:30,0
posx-mokobara-backend,1598a92547,2026-08-06T13:19:24+05:30,src/workflows/shopify-customer/steps/update-customer-step.ts,3eb4e90046,2026-01-22T15:04:58+05:30,195
posx-mokobara-backend,1598a92547,2026-08-06T13:19:24+05:30,src/workflows/shopify-customer/workflows/update-customer.ts,3eb4e90046,2026-01-22T15:04:58+05:30,195
posx-mokobara-backend,64b3c74fdf,2026-08-06T17:16:24+05:30,src/modules/pdf-client/service.ts,02aa2934a9,2026-08-06T14:53:19+05:30,0
posx-mokobara-backend,d5072d14e1,2026-08-06T17:19:01+05:30,src/modules/pdf-client/service.ts,02aa2934a9,2026-08-06T14:53:19+05:30,0
posx-mokobara-backend,72bd8540fb,2026-08-10T13:27:45+05:30,src/workflows/shopify-product/steps/update-product-variant-steps.ts,af8452257a,2025-11-05T13:04:48+05:30,278
posx-mokobara-backend,9c57d15cc1,2026-08-10T13:27:45+05:30,src/workflows/shopify-product/steps/update-product-variant-steps.ts,af8452257a,2025-11-05T13:04:48+05:30,278
posx-mokobara-backend,37c2cae730,2026-08-10T14:25:54+05:30,src/workflows/cart/steps/add-personalization-product-step.ts,02aa2934a9,2026-08-06T14:53:19+05:30,3
posx-mokobara-backend,bd6d6ee615,2026-08-10T17:02:56+05:30,knowledge-os/plans/063_EngravingPriceUpliftPort.md,02aa2934a9,2026-08-06T14:53:19+05:30,4
posx-mokobara-backend,bd6d6ee615,2026-08-10T17:02:56+05:30,src/workflows/cart/steps/add-personalization-product-step.ts,02aa2934a9,2026-08-06T14:53:19+05:30,4
posx-mokobara-backend,bd6d6ee615,2026-08-10T17:02:56+05:30,src/workflows/cart/steps/apply-campaign-coupon-step.ts,af8452257a,2025-11-05T13:04:48+05:30,278
posx-mokobara-backend,bd6d6ee615,2026-08-10T17:02:56+05:30,src/workflows/cart/steps/apply-campaign-coupon-step.ts,8f23e4e2c8,2025-11-28T11:25:10+05:30,255
posx-mokobara-backend,bd6d6ee615,2026-08-10T17:02:56+05:30,src/workflows/cart/steps/apply-custom-coupon-step.ts,af8452257a,2025-11-05T13:04:48+05:30,278
posx-mokobara-backend,bd6d6ee615,2026-08-10T17:02:56+05:30,src/workflows/cart/steps/apply-custom-coupon-step.ts,8f23e4e2c8,2025-11-28T11:25:10+05:30,255
posx-mokobara-backend,bd6d6ee615,2026-08-10T17:02:56+05:30,src/workflows/cart/steps/apply-online-coupon-step.ts,1ec63ddd5e,2025-11-20T13:16:58+05:30,263
posx-mokobara-backend,bd6d6ee615,2026-08-10T17:02:56+05:30,src/workflows/cart/steps/calculate-combo-discount-step.ts,8e0c2003aa,2025-11-25T14:30:47+05:30,258
posx-mokobara-backend,bd6d6ee615,2026-08-10T17:02:56+05:30,src/workflows/cart/steps/calculate-combo-discount-step.ts,e82677fc02,2025-11-28T14:36:29+05:30,255
posx-mokobara-backend,bd6d6ee615,2026-08-10T17:02:56+05:30,src/workflows/cart/steps/check-variant-availability-step.ts,38310086fc,2025-11-24T19:06:06+05:30,258
posx-mokobara-backend,bd6d6ee615,2026-08-10T17:02:56+05:30,src/workflows/cart/steps/get-product-from-rfid-step.ts,36bdcdfaf8,2026-01-19T06:37:41+05:30,203
posx-mokobara-backend,bd6d6ee615,2026-08-10T17:02:56+05:30,src/workflows/cart/steps/revalidate-barcode-items-step.ts,c74fb45ed2,2026-04-14T07:20:35+05:30,118
posx-mokobara-backend,bd6d6ee615,2026-08-10T17:02:56+05:30,src/workflows/cart/steps/revalidate-online-items-step.ts,c74fb45ed2,2026-04-14T07:20:35+05:30,118
posx-mokobara-backend,bd6d6ee615,2026-08-10T17:02:56+05:30,src/workflows/store-coupon/steps/calculate-store-coupon-discount-step.ts,1c4bad68e4,2026-04-14T07:33:18+05:30,118
posx-mokobara-backend,445c93e5e6,2026-08-11T12:39:31+05:30,src/subscribers/generate-gift-voucher-cards-on-batch-issued.ts,7abe1bde04,2026-08-06T14:12:11+05:30,4
posx-mokobara-backend,96b3a97490,2026-08-11T13:55:50+05:30,src/api/admin/gift-voucher/batches/[id]/cards/route.ts,5cc6288eed,2026-08-11T11:53:03+05:30,0
posx-mokobara-backend,96b3a97490,2026-08-11T13:55:50+05:30,src/subscribers/build-gift-voucher-batch-cards-pdf.ts,5cc6288eed,2026-08-11T11:53:03+05:30,0
posx-mokobara-backend,96b3a97490,2026-08-11T13:55:50+05:30,src/subscribers/generate-gift-voucher-cards-on-batch-issued.ts,7abe1bde04,2026-08-06T14:12:11+05:30,4
posx-mokobara-backend,96b3a97490,2026-08-11T13:55:50+05:30,src/types/validators/gift-voucher.ts,60d0f60efa,2026-08-06T14:01:01+05:30,4
posx-mokobara-backend,c48349f9d1,2026-08-11T14:39:57+05:30,package-lock.json,af8452257a,2025-11-05T13:04:48+05:30,279
posx-mokobara-backend,c48349f9d1,2026-08-11T14:39:57+05:30,package-lock.json,59ba8b2501,2025-11-05T11:32:04+05:30,279
posx-mokobara-backend,c48349f9d1,2026-08-11T14:39:57+05:30,package-lock.json,92d5f905c5,2026-04-16T14:46:33+05:30,116
posx-mokobara-backend,c48349f9d1,2026-08-11T14:39:57+05:30,package-lock.json,1d3c9b6490,2026-04-09T15:10:12+05:30,123
posx-mokobara-backend,c48349f9d1,2026-08-11T14:39:57+05:30,package.json,af8452257a,2025-11-05T13:04:48+05:30,279
posx-mokobara-backend,c48349f9d1,2026-08-11T14:39:57+05:30,package.json,59ba8b2501,2025-11-05T11:32:04+05:30,279
posx-mokobara-backend,c48349f9d1,2026-08-11T14:39:57+05:30,src/lib/helpers/build-summary.ts,02aa2934a9,2026-08-06T14:53:19+05:30,4
posx-mokobara-backend,c48349f9d1,2026-08-11T14:39:57+05:30,src/lib/helpers/calculate-online-coupon-discount.ts,1ec63ddd5e,2025-11-20T13:16:58+05:30,264
posx-mokobara-backend,c48349f9d1,2026-08-11T14:39:57+05:30,src/lib/helpers/get-applicable-items.ts,af8452257a,2025-11-05T13:04:48+05:30,279
posx-mokobara-backend,c48349f9d1,2026-08-11T14:39:57+05:30,src/lib/helpers/get-cart-count.ts,af8452257a,2025-11-05T13:04:48+05:30,279
posx-mokobara-backend,c48349f9d1,2026-08-11T14:39:57+05:30,src/lib/helpers/get-total-amount.ts,af8452257a,2025-11-05T13:04:48+05:30,279
posx-mokobara-backend,c48349f9d1,2026-08-11T14:39:57+05:30,src/lib/helpers/validate-min-product-quantity.ts,af8452257a,2025-11-05T13:04:48+05:30,279
posx-mokobara-backend,c48349f9d1,2026-08-11T14:39:57+05:30,src/types/workflows/campaign-coupon.ts,af8452257a,2025-11-05T13:04:48+05:30,279
posx-mokobara-backend,c48349f9d1,2026-08-11T14:39:57+05:30,src/types/workflows/online-order.ts,18af5b455b,2025-11-18T13:52:35+05:30,266
posx-mokobara-backend,c48349f9d1,2026-08-11T14:39:57+05:30,src/types/workflows/store-coupon.ts,18af5b455b,2025-11-18T13:52:35+05:30,266
posx-mokobara-backend,c48349f9d1,2026-08-11T14:39:57+05:30,src/workflows/cart/steps/apply-campaign-coupon-step.ts,bd6d6ee615,2026-08-10T17:02:56+05:30,0
posx-mokobara-backend,c48349f9d1,2026-08-11T14:39:57+05:30,src/workflows/cart/steps/apply-custom-coupon-step.ts,bd6d6ee615,2026-08-10T17:02:56+05:30,0
posx-mokobara-backend,c48349f9d1,2026-08-11T14:39:57+05:30,src/workflows/cart/steps/calculate-combo-discount-step.ts,bd6d6ee615,2026-08-10T17:02:56+05:30,0
posx-mokobara-backend,c48349f9d1,2026-08-11T14:39:57+05:30,src/workflows/cart/steps/revalidate-barcode-items-step.ts,bd6d6ee615,2026-08-10T17:02:56+05:30,0
posx-mokobara-backend,c48349f9d1,2026-08-11T14:39:57+05:30,src/workflows/cart/steps/revalidate-online-items-step.ts,bd6d6ee615,2026-08-10T17:02:56+05:30,0
posx-mokobara-backend,c48349f9d1,2026-08-11T14:39:57+05:30,src/workflows/cart/steps/validate-cart-for-combo-step.ts,8e0c2003aa,2025-11-25T14:30:47+05:30,259
posx-mokobara-backend,c48349f9d1,2026-08-11T14:39:57+05:30,src/workflows/cart/workflows/apply-combo-discount.ts,af8452257a,2025-11-05T13:04:48+05:30,279
posx-mokobara-backend,c48349f9d1,2026-08-11T14:39:57+05:30,src/workflows/online-order/steps/link-order-address-step.ts,f8fee6298d,2025-12-18T12:11:33+05:30,236
posx-mokobara-backend,c48349f9d1,2026-08-11T14:39:57+05:30,src/workflows/order-detail/steps/transform-cart-to-order-input-step.ts,02aa2934a9,2026-08-06T14:53:19+05:30,4
posx-mokobara-backend,c4907f7482,2026-08-11T15:41:26+05:30,src/modules/gift-voucher/service.ts,7158d9ea40,2026-08-06T13:39:23+05:30,5
posx-mokobara-backend,c4907f7482,2026-08-11T15:41:26+05:30,src/modules/pdf-client/service.ts,7abe1bde04,2026-08-06T14:12:11+05:30,5
posx-mokobara-backend,cf313f90f3,2026-08-11T15:53:55+05:30,knowledge-os/plans/019_GoLiveChecklist.md,0ebd0eee3a,2026-07-21T17:50:26+05:30,20
posx-mokobara-backend,cf313f90f3,2026-08-11T15:53:55+05:30,knowledge-os/plans/068_DependencyCveRemediation.md,c48349f9d1,2026-08-11T14:39:57+05:30,0
posx-mokobara-backend,cf313f90f3,2026-08-11T15:53:55+05:30,knowledge-os/plans/068_DependencyCveRemediation.md,f13d66c5c2,2026-08-11T15:01:14+05:30,0
posx-mokobara-backend,cf313f90f3,2026-08-11T15:53:55+05:30,package-lock.json,c48349f9d1,2026-08-11T14:39:57+05:30,0
posx-mokobara-backend,cf313f90f3,2026-08-11T15:53:55+05:30,package-lock.json,59ba8b2501,2025-11-05T11:32:04+05:30,279
posx-mokobara-backend,cf313f90f3,2026-08-11T15:53:55+05:30,package.json,c48349f9d1,2026-08-11T14:39:57+05:30,0
posx-mokobara-backend,5130460c9a,2026-08-11T15:41:26+05:30,src/modules/gift-voucher/service.ts,4d2e09931b,2026-08-10T18:11:26+05:30,0
posx-mokobara-backend,5130460c9a,2026-08-11T15:41:26+05:30,src/modules/pdf-client/service.ts,4d2e09931b,2026-08-10T18:11:26+05:30,0
posx-mokobara-backend,634704e3be,2026-08-11T13:55:50+05:30,src/api/admin/gift-voucher/batches/[id]/cards/route.ts,fad32b2b5b,2026-08-11T11:53:03+05:30,0
posx-mokobara-backend,634704e3be,2026-08-11T13:55:50+05:30,src/subscribers/build-gift-voucher-batch-cards-pdf.ts,fad32b2b5b,2026-08-11T11:53:03+05:30,0
posx-mokobara-backend,634704e3be,2026-08-11T13:55:50+05:30,src/subscribers/generate-gift-voucher-cards-on-batch-issued.ts,4d2e09931b,2026-08-10T18:11:26+05:30,0
posx-mokobara-backend,634704e3be,2026-08-11T13:55:50+05:30,src/types/validators/gift-voucher.ts,4d2e09931b,2026-08-10T18:11:26+05:30,0
posx-mokobara-backend,7fdcfc09a9,2026-08-11T12:39:31+05:30,src/subscribers/generate-gift-voucher-cards-on-batch-issued.ts,4d2e09931b,2026-08-10T18:11:26+05:30,0
posx-mokobara-backend,5792437f0e,2026-08-11T17:46:56+05:30,src/api/admin/gift-voucher/batches/[id]/cards/route.ts,5cc6288eed,2026-08-11T11:53:03+05:30,0
posx-mokobara-backend,5792437f0e,2026-08-11T17:46:56+05:30,src/api/admin/gift-voucher/batches/[id]/route.ts,60d0f60efa,2026-08-06T14:01:01+05:30,5
posx-mokobara-backend,5792437f0e,2026-08-11T17:46:56+05:30,src/api/admin/gift-voucher/batches/route.ts,60d0f60efa,2026-08-06T14:01:01+05:30,5
posx-mokobara-backend,5792437f0e,2026-08-11T17:46:56+05:30,src/workflows/gift-voucher/steps/mark-batch-cards-pending-step.ts,5cc6288eed,2026-08-11T11:53:03+05:30,0
posx-mokobara-backend,5792437f0e,2026-08-11T17:46:56+05:30,src/workflows/gift-voucher/workflows/request-batch-cards-export-workflow.ts,5cc6288eed,2026-08-11T11:53:03+05:30,0
posx-mokobara-backend,e7f818e05b,2026-08-11T17:46:56+05:30,src/api/admin/gift-voucher/batches/[id]/cards/route.ts,fad32b2b5b,2026-08-11T11:53:03+05:30,0
posx-mokobara-backend,e7f818e05b,2026-08-11T17:46:56+05:30,src/api/admin/gift-voucher/batches/[id]/route.ts,4d2e09931b,2026-08-10T18:11:26+05:30,0
posx-mokobara-backend,e7f818e05b,2026-08-11T17:46:56+05:30,src/api/admin/gift-voucher/batches/route.ts,4d2e09931b,2026-08-10T18:11:26+05:30,0
posx-mokobara-backend,e7f818e05b,2026-08-11T17:46:56+05:30,src/workflows/gift-voucher/steps/mark-batch-cards-pending-step.ts,fad32b2b5b,2026-08-11T11:53:03+05:30,0
posx-mokobara-backend,e7f818e05b,2026-08-11T17:46:56+05:30,src/workflows/gift-voucher/workflows/request-batch-cards-export-workflow.ts,fad32b2b5b,2026-08-11T11:53:03+05:30,0
posx-mokobara-backend,f644a69d9c,2026-08-11T18:48:40+05:30,src/modules/gift-voucher/service.ts,4d2e09931b,2026-08-10T18:11:26+05:30,1
posx-mokobara-backend,89479cec27,2026-08-18T12:02:28+05:30,src/jobs/daily-inwards-mismatch-summary.ts,daceb3ec8b,2026-08-18T11:31:18+05:30,0
posx-mokobara-backend,89479cec27,2026-08-18T12:02:28+05:30,src/modules/store-inventory/service.ts,7afab0209e,2026-08-03T10:59:30+05:30,15
posx-mokobara-backend,30ff740d69,2026-08-18T15:59:16+05:30,src/modules/global-config/migrations/Migration20260818000001.ts,0906041c2e,2026-08-18T14:17:45+05:30,0
posx-mokobara-backend,30ff740d69,2026-08-18T15:59:16+05:30,src/modules/store-inventory/service.ts,89479cec27,2026-08-18T12:02:28+05:30,0
posx-mokobara-backend,30ff740d69,2026-08-18T15:59:16+05:30,src/modules/store-inventory/service.ts,7afab0209e,2026-08-03T10:59:30+05:30,15
posx-mokobara-backend,785ebede7b,2026-08-18T16:09:07+05:30,src/modules/store-inventory/service.ts,30ff740d69,2026-08-18T15:59:16+05:30,0
posx-mokobara-backend,785ebede7b,2026-08-18T16:09:07+05:30,src/modules/store-inventory/service.ts,7afab0209e,2026-08-03T10:59:30+05:30,15
posx-mokobara-backend,aff590a6dd,2026-08-18T16:14:55+05:30,src/modules/store-inventory/service.ts,785ebede7b,2026-08-18T16:09:07+05:30,0
posx-mokobara-backend,a9e9b64db8,2026-08-19T19:35:09+05:30,src/api/admin/inventory/export/route.ts,baa5426bd4,2026-06-03T02:09:08+05:30,77
posx-mokobara-backend,a9e9b64db8,2026-08-19T19:35:09+05:30,src/api/admin/inventory/route.ts,01984de872,2026-06-03T02:08:54+05:30,77
posx-mokobara-backend,a9e9b64db8,2026-08-19T19:35:09+05:30,src/api/admin/order-detail/[id]/route.ts,9aca8ae537,2026-06-04T17:03:27+05:30,76
posx-mokobara-backend,a9e9b64db8,2026-08-19T19:35:09+05:30,src/types/validators/store-sku-inventory.ts,05ccc0a21b,2026-03-16T02:08:19+05:30,156
posx-mokobara-backend,c5f5ec7e07,2026-08-20T12:02:14+05:30,integration-tests/http/gift-voucher-redemption.spec.ts,4d2e09931b,2026-08-10T18:11:26+05:30,9
posx-mokobara-backend,c5f5ec7e07,2026-08-20T12:02:14+05:30,src/modules/gift-voucher/service.ts,4d2e09931b,2026-08-10T18:11:26+05:30,9
posx-mokobara-backend,95da4d29d0,2026-08-20T14:07:42+05:30,src/modules/gift-voucher/migrations/Migration20260820000000.ts,c5f5ec7e07,2026-08-20T12:02:14+05:30,0
posx-mokobara-backend,95da4d29d0,2026-08-20T14:07:42+05:30,src/modules/gift-voucher/service.ts,4d2e09931b,2026-08-10T18:11:26+05:30,9
posx-mokobara-backend,95da4d29d0,2026-08-20T14:07:42+05:30,src/modules/gift-voucher/service.ts,c5f5ec7e07,2026-08-20T12:02:14+05:30,0
posx-mokobara-backend,4d6672ceb1,2026-08-20T14:37:08+05:30,src/modules/pdf-client/gift-voucher.ejs,108d88e7f9,2026-08-20T11:51:31+05:30,0
posx-mokobara-backend,722fd846fe,2026-08-20T18:19:10+05:30,src/modules/pdf-client/gift-voucher.ejs,4d6672ceb1,2026-08-20T14:37:08+05:30,0
posx-mokobara-backend,722fd846fe,2026-08-20T18:19:10+05:30,src/modules/pdf-client/gift-voucher.ejs,4d2e09931b,2026-08-10T18:11:26+05:30,10
posx-mokobara-backend,4685b664b6,2026-08-22T11:26:31+05:30,src/modules/pdf-client/gift-voucher.ejs,4527f24234,2026-08-22T10:55:54+05:30,0
posx-mokobara-backend,4685b664b6,2026-08-22T11:26:31+05:30,src/types/validators/gift-voucher.ts,4d2e09931b,2026-08-10T18:11:26+05:30,11
posx-mokobara-backend,d5fe51953d,2026-08-24T13:26:55+05:30,src/modules/store-inventory/service.ts,daceb3ec8b,2026-08-18T11:31:18+05:30,6
posx-mokobara-backend,d86d540fd0,2026-08-24T13:38:42+05:30,src/workflows/inventory/steps/ean-inward-step.ts,e15973201f,2026-04-18T06:28:55+05:30,128
posx-mokobara-backend,d86d540fd0,2026-08-24T13:38:42+05:30,src/workflows/inventory/steps/scan-and-update-rfid-mappings-step.ts,c1ce1c675e,2026-07-17T13:53:21+05:30,37
posx-mokobara-backend,d86d540fd0,2026-08-24T13:38:42+05:30,src/workflows/inventory/steps/scan-and-update-rfid-mappings-step.ts,bc5ff56bb2,2026-08-24T12:42:11+05:30,0
posx-mokobara-backend,51ab58c4b2,2026-09-01T16:18:24+05:30,src/workflows/unicommerce/steps/get-ean-inward-totals-step.ts,0101b43e4f,2026-04-18T06:39:17+05:30,136
posx-mokobara-backend,03f0d45be4,2026-09-02T14:03:20+05:30,src/api/admin/employee/[id]/route.ts,01984de872,2026-06-03T02:08:54+05:30,91
posx-mokobara-backend,03f0d45be4,2026-09-02T14:03:20+05:30,src/api/admin/employee/[id]/route.ts,e1eb18eba4,2026-08-31T12:25:08+05:30,2
posx-mokobara-backend,03f0d45be4,2026-09-02T14:03:20+05:30,src/api/admin/employee/[id]/route.ts,f7d8cb3286,2026-06-04T17:03:59+05:30,89
posx-mokobara-backend,03f0d45be4,2026-09-02T14:03:20+05:30,src/modules/store-inventory/migrations/Migration20260831000001.ts,54cfa55622,2026-08-31T15:51:26+05:30,1
posx-mokobara-backend,03f0d45be4,2026-09-02T14:03:20+05:30,src/types/validators/employee.ts,e1eb18eba4,2026-08-31T12:25:08+05:30,2
posx-mokobara-backend,03f0d45be4,2026-09-02T14:03:20+05:30,src/workflows/employee/steps/create-employee-step.ts,e1eb18eba4,2026-08-31T12:25:08+05:30,2
posx-mokobara-backend,03f0d45be4,2026-09-02T14:03:20+05:30,src/workflows/inventory/steps/scan-and-update-rfid-mappings-step.ts,ad1b0f3e7b,2026-08-24T12:27:35+05:30,9
posx-mokobara-backend,03f0d45be4,2026-09-02T14:03:20+05:30,src/workflows/inventory/steps/scan-and-update-rfid-mappings-step.ts,c16b9dc3c5,2025-12-05T16:28:28+05:30,270
posx-mokobara-backend,03f0d45be4,2026-09-02T14:03:20+05:30,src/workflows/inventory/steps/usn-inward-step.ts,54cfa55622,2026-08-31T15:51:26+05:30,1
posx-mokobara-backend,03f0d45be4,2026-09-02T14:03:20+05:30,src/workflows/inventory/workflows/usn-inward-workflow.ts,54cfa55622,2026-08-31T15:51:26+05:30,1
posx-mokobara-backend,96a9419418,2026-09-02T14:15:51+05:30,src/modules/employee/utils/inward-verification-pin.ts,e1eb18eba4,2026-08-31T12:25:08+05:30,2
posx-mokobara-backend,96a9419418,2026-09-02T14:15:51+05:30,src/workflows/employee/steps/create-employee-step.ts,03f0d45be4,2026-09-02T14:03:20+05:30,0
posx-mokobara-backend,96a9419418,2026-09-02T14:15:51+05:30,src/workflows/inventory/steps/usn-inward-step.ts,03f0d45be4,2026-09-02T14:03:20+05:30,0
posx-mokobara-backend,96a9419418,2026-09-02T14:15:51+05:30,src/workflows/inventory/workflows/usn-inward-workflow.ts,03f0d45be4,2026-09-02T14:03:20+05:30,0
posx-mokobara-backend,2a9e7807be,2026-09-02T14:40:23+05:30,src/modules/gift-voucher/service.ts,e4708c8eb4,2026-09-02T13:02:46+05:30,0
posx-mokobara-backend,f808213732,2026-09-02T16:23:05+05:30,src/modules/gift-voucher/service.ts,e4708c8eb4,2026-09-02T13:02:46+05:30,0
posx-mokobara-backend,f808213732,2026-09-02T16:23:05+05:30,src/modules/gift-voucher/service.ts,2a9e7807be,2026-09-02T14:40:23+05:30,0
posx-mokobara-backend,00b30f4838,2026-09-02T16:47:56+05:30,src/modules/gift-voucher/service.ts,e4708c8eb4,2026-09-02T13:02:46+05:30,0
posx-mokobara-backend,00b30f4838,2026-09-02T16:47:56+05:30,src/modules/gift-voucher/service.ts,2a9e7807be,2026-09-02T14:40:23+05:30,0
posx-mokobara-backend,00b30f4838,2026-09-02T16:47:56+05:30,src/modules/gift-voucher/service.ts,f808213732,2026-09-02T16:23:05+05:30,0
posx-mokobara-backend,00b30f4838,2026-09-02T16:47:56+05:30,src/types/validators/gift-voucher.ts,785f4fd7c9,2026-08-29T12:56:19+05:30,4
posx-mokobara-clearance-backend,869e582267,2026-04-29T01:19:21+05:30,src/api/admin/order-detail/[id]/route.ts,cbea327cce,2026-04-27T23:19:09+05:30,1
posx-mokobara-clearance-backend,869e582267,2026-04-29T01:19:21+05:30,src/modules/order-detail/service.ts,9a5a7e75c0,2026-04-28T17:22:01+05:30,0
posx-mokobara-clearance-backend,869e582267,2026-04-29T01:19:21+05:30,src/modules/sales-report/service.ts,cbea327cce,2026-04-27T23:19:09+05:30,1
posx-mokobara-clearance-backend,869e582267,2026-04-29T01:19:21+05:30,src/workflows/order-detail/steps/update-cash-drawer-summary-step.ts,cbea327cce,2026-04-27T23:19:09+05:30,1
posx-mokobara-clearance-backend,6a8246629d,2026-04-29T12:59:24+05:30,src/workflows/cart/steps/revalidate-barcode-items-step.ts,cbea327cce,2026-04-27T23:19:09+05:30,1
posx-mokobara-clearance-backend,954ebfadaf,2026-04-29T14:28:49+05:30,src/modules/pdf-client/invoice.ejs,cbea327cce,2026-04-27T23:19:09+05:30,1
posx-mokobara-clearance-backend,954ebfadaf,2026-04-29T14:28:49+05:30,src/modules/pdf-client/service.ts,cbea327cce,2026-04-27T23:19:09+05:30,1
posx-mokobara-clearance-backend,954ebfadaf,2026-04-29T14:28:49+05:30,src/workflows/exports/steps/generate-order-export-csv-step.ts,cbea327cce,2026-04-27T23:19:09+05:30,1
posx-mokobara-clearance-backend,954ebfadaf,2026-04-29T14:28:49+05:30,src/workflows/shopify-product/steps/bulk-update-shopify-variants-step.ts,7a9f1d8930,2026-04-29T12:49:20+05:30,0
posx-mokobara-clearance-backend,68a3b85379,2026-05-02T16:02:51+05:30,src/modules/pdf-client/invoice.ejs,cbea327cce,2026-04-27T23:19:09+05:30,4
posx-mokobara-clearance-backend,68a3b85379,2026-05-02T16:02:51+05:30,src/workflows/order-detail/steps/generate-and-send-file-step.ts,cbea327cce,2026-04-27T23:19:09+05:30,4
posx-mokobara-clearance-backend,14364931b8,2026-05-02T17:36:21+05:30,src/modules/pdf-client/invoice.ejs,cbea327cce,2026-04-27T23:19:09+05:30,4
posx-mokobara-clearance-backend,14364931b8,2026-05-02T17:36:21+05:30,src/modules/pdf-client/service.ts,cbea327cce,2026-04-27T23:19:09+05:30,4
posx-mokobara-clearance-backend,14364931b8,2026-05-02T17:36:21+05:30,src/subscribers/order-detail-order-confirmed.ts,cbea327cce,2026-04-27T23:19:09+05:30,4
posx-mokobara-clearance-backend,14364931b8,2026-05-02T17:36:21+05:30,src/workflows/order-detail/steps/generate-and-send-file-step.ts,cbea327cce,2026-04-27T23:19:09+05:30,4
posx-mokobara-clearance-backend,14364931b8,2026-05-02T17:36:21+05:30,src/workflows/order-detail/steps/generate-and-send-file-step.ts,68a3b85379,2026-05-02T16:02:51+05:30,0
posx-mokobara-clearance-backend,e6affbb0fb,2026-08-18T18:11:48+05:30,src/api/admin/inventory/export/route.ts,5e18b2c2b9,2026-08-18T17:59:23+05:30,0
posx-mokobara-clearance-backend,5ebd7295b7,2026-08-18T18:11:48+05:30,src/api/admin/inventory/export/route.ts,1f7f5c5d7f,2026-08-18T17:59:23+05:30,0
posx-mokobara-clearance-backend,adfd0e088b,2026-08-24T13:28:52+05:30,package-lock.json,9e91bdbd89,2026-04-28T22:47:45+05:30,117
posx-mokobara-clearance-backend,adfd0e088b,2026-08-24T13:28:52+05:30,package.json,9e91bdbd89,2026-04-28T22:47:45+05:30,117
posx-mokobara-clearance-backend,cfeae40ff4,2026-08-24T13:29:13+05:30,src/scripts/collecntions.ts,cbea327cce,2026-04-27T23:19:09+05:30,118
posx-mokobara-clearance-backend,cfeae40ff4,2026-08-24T13:29:13+05:30,src/scripts/products.ts,cbea327cce,2026-04-27T23:19:09+05:30,118
posx-mokobara-clearance-backend,149771ab0e,2026-08-24T13:46:04+05:30,package.json,adfd0e088b,2026-08-24T13:28:52+05:30,0
posx-mokobara-store,ab68ffde21,2025-11-13T17:58:03+05:30,src/components/app/product/AddToCartModal.tsx,7742fdaa71,2025-11-07T13:57:54+05:30,6
posx-mokobara-store,ab68ffde21,2025-11-13T17:58:03+05:30,src/components/app/product/breadcrumb.tsx,602195e9ec,2025-10-28T10:27:30+05:30,16
posx-mokobara-store,ab68ffde21,2025-11-13T17:58:03+05:30,src/components/app/product/product-card.tsx,d6a5ef6a4e,2025-11-04T14:31:16+05:30,9
posx-mokobara-store,ab68ffde21,2025-11-13T17:58:03+05:30,src/components/app/product/product-card.tsx,7742fdaa71,2025-11-07T13:57:54+05:30,6
posx-mokobara-store,ab68ffde21,2025-11-13T17:58:03+05:30,src/components/app/product/product-card.tsx,dfd343e07c,2025-11-10T12:20:48+05:30,3
posx-mokobara-store,ab68ffde21,2025-11-13T17:58:03+05:30,src/components/app/product/product-card.tsx,602195e9ec,2025-10-28T10:27:30+05:30,16
posx-mokobara-store,ab68ffde21,2025-11-13T17:58:03+05:30,src/pages/products/details.tsx,7742fdaa71,2025-11-07T13:57:54+05:30,6
posx-mokobara-store,ab68ffde21,2025-11-13T17:58:03+05:30,src/pages/products/details.tsx,d6a5ef6a4e,2025-11-04T14:31:16+05:30,9
posx-mokobara-store,ab68ffde21,2025-11-13T17:58:03+05:30,src/pages/products/index.tsx,d6a5ef6a4e,2025-11-04T14:31:16+05:30,9
posx-mokobara-store,ab68ffde21,2025-11-13T17:58:03+05:30,src/pages/products/index.tsx,602195e9ec,2025-10-28T10:27:30+05:30,16
posx-mokobara-store,df71f96cd7,2025-11-18T11:25:09+05:30,src/components/app/home/campaign-coupon/index.tsx,602195e9ec,2025-10-28T10:27:30+05:30,21
posx-mokobara-store,df71f96cd7,2025-11-18T11:25:09+05:30,src/components/app/home/cart-card.tsx,602195e9ec,2025-10-28T10:27:30+05:30,21
posx-mokobara-store,df71f96cd7,2025-11-18T11:25:09+05:30,src/components/app/home/checkout-button.tsx,602195e9ec,2025-10-28T10:27:30+05:30,21
posx-mokobara-store,df71f96cd7,2025-11-18T11:25:09+05:30,src/components/app/home/index.tsx,602195e9ec,2025-10-28T10:27:30+05:30,21
posx-mokobara-store,df71f96cd7,2025-11-18T11:25:09+05:30,src/components/app/home/promotional-coupon/index.tsx,602195e9ec,2025-10-28T10:27:30+05:30,21
posx-mokobara-store,df71f96cd7,2025-11-18T11:25:09+05:30,src/components/app/home/shopping-bag-input/index.tsx,602195e9ec,2025-10-28T10:27:30+05:30,21
posx-mokobara-store,db66aad849,2025-11-26T00:51:39+05:30,src/components/app/home/cart-card.tsx,602195e9ec,2025-10-28T10:27:30+05:30,28
posx-mokobara-store,db66aad849,2025-11-26T00:51:39+05:30,src/components/app/home/cart-card.tsx,df71f96cd7,2025-11-18T11:25:09+05:30,7
posx-mokobara-store,db66aad849,2025-11-26T00:51:39+05:30,src/components/app/home/index.tsx,602195e9ec,2025-10-28T10:27:30+05:30,28
posx-mokobara-store,db66aad849,2025-11-26T00:51:39+05:30,src/hooks/useAddToCart.ts,602195e9ec,2025-10-28T10:27:30+05:30,28
posx-mokobara-store,db66aad849,2025-11-26T00:51:39+05:30,src/hooks/useAddToCart.ts,c64b41a643,2025-11-22T12:39:33+05:30,3
posx-mokobara-store,db66aad849,2025-11-26T00:51:39+05:30,src/store/apis/cart.request.ts,602195e9ec,2025-10-28T10:27:30+05:30,28
posx-mokobara-store,db66aad849,2025-11-26T00:51:39+05:30,src/store/middlewares/cart.middleware.ts,602195e9ec,2025-10-28T10:27:30+05:30,28
posx-mokobara-store,db66aad849,2025-11-26T00:51:39+05:30,src/store/middlewares/online-cart.middleware.ts,c64b41a643,2025-11-22T12:39:33+05:30,3
posx-mokobara-store,db66aad849,2025-11-26T00:51:39+05:30,src/store/middlewares/online-cart.middleware.ts,cbc32ea210,2025-11-22T13:57:14+05:30,3
posx-mokobara-store,db66aad849,2025-11-26T00:51:39+05:30,src/store/reducers/cart.reducer.ts,602195e9ec,2025-10-28T10:27:30+05:30,28
posx-mokobara-store,db66aad849,2025-11-26T00:51:39+05:30,src/store/reducers/online-cart.reducer.ts,c64b41a643,2025-11-22T12:39:33+05:30,3
posx-mokobara-store,fec051efdd,2025-11-26T01:14:28+05:30,src/components/app/product/custom-discount/index.tsx,7742fdaa71,2025-11-07T13:57:54+05:30,18
posx-mokobara-store,fec051efdd,2025-11-26T01:14:28+05:30,src/components/app/product/custom-discount/index.tsx,a7826277dd,2025-11-14T11:26:39+05:30,11
posx-mokobara-store,f6cd18392a,2025-11-28T10:18:22+05:30,src/store/apis/cart.request.ts,db66aad849,2025-11-26T00:51:39+05:30,2
posx-mokobara-store,f6cd18392a,2025-11-28T10:18:22+05:30,src/store/apis/online-cart.request.ts,c64b41a643,2025-11-22T12:39:33+05:30,5
posx-mokobara-store,f6cd18392a,2025-11-28T10:18:22+05:30,src/store/apis/online-cart.request.ts,cbc32ea210,2025-11-22T13:57:14+05:30,5
posx-mokobara-store,f6cd18392a,2025-11-28T10:18:22+05:30,src/store/apis/online-cart.request.ts,7d8aeda719,2025-11-26T11:06:25+05:30,1
posx-mokobara-store,4da5d96447,2025-11-28T10:24:01+05:30,src/hooks/useAddToCart.ts,7d8aeda719,2025-11-26T11:06:25+05:30,1
posx-mokobara-store,4da5d96447,2025-11-28T10:24:01+05:30,src/hooks/useAddToCart.ts,f034f74f0f,2025-11-28T10:04:21+05:30,0
posx-mokobara-store,84bd9ee456,2025-11-28T10:30:43+05:30,src/components/app/product/online-cart-card.tsx,602195e9ec,2025-10-28T10:27:30+05:30,31
posx-mokobara-store,84bd9ee456,2025-11-28T10:30:43+05:30,src/components/app/product/online-cart-card.tsx,d6a5ef6a4e,2025-11-04T14:31:16+05:30,23
posx-mokobara-store,e22135639c,2025-11-28T11:19:22+05:30,src/pages/online-orders/details/customer-details.tsx,602195e9ec,2025-10-28T10:27:30+05:30,31
posx-mokobara-store,e22135639c,2025-11-28T11:19:22+05:30,src/pages/online-orders/details/customer-details.tsx,0d7085c448,2025-11-04T17:18:48+05:30,23
posx-mokobara-store,05b1c79f3a,2025-11-28T11:54:14+05:30,src/components/app/online-orders/payments/index.tsx,602195e9ec,2025-10-28T10:27:30+05:30,31
posx-mokobara-store,05b1c79f3a,2025-11-28T11:54:14+05:30,src/components/app/product/AddToCartModal.tsx,7742fdaa71,2025-11-07T13:57:54+05:30,20
posx-mokobara-store,05b1c79f3a,2025-11-28T11:54:14+05:30,src/hooks/usePaidAmount.ts,602195e9ec,2025-10-28T10:27:30+05:30,31
posx-mokobara-store,05b1c79f3a,2025-11-28T11:54:14+05:30,src/store/middlewares/transaction.middleware.ts,602195e9ec,2025-10-28T10:27:30+05:30,31
posx-mokobara-store,05b1c79f3a,2025-11-28T11:54:14+05:30,src/types/order.ts,0d7085c448,2025-11-04T17:18:48+05:30,23
posx-mokobara-store,05b1c79f3a,2025-11-28T11:54:14+05:30,src/types/order.ts,602195e9ec,2025-10-28T10:27:30+05:30,31
posx-mokobara-store,05b1c79f3a,2025-11-28T11:54:14+05:30,src/types/transaction.ts,602195e9ec,2025-10-28T10:27:30+05:30,31
posx-mokobara-store,05b1c79f3a,2025-11-28T11:54:14+05:30,src/types/transaction.ts,0d7085c448,2025-11-04T17:18:48+05:30,23
posx-mokobara-store,16cc8326af,2025-11-28T12:01:33+05:30,src/components/app/product/AddToCartModal.tsx,7742fdaa71,2025-11-07T13:57:54+05:30,20
posx-mokobara-store,16cc8326af,2025-11-28T12:01:33+05:30,src/pages/products/details.tsx,7742fdaa71,2025-11-07T13:57:54+05:30,20
posx-mokobara-store,b0a380cb30,2025-11-29T11:22:42+05:30,src/components/app/product/online-promotional-coupon/index.tsx,602195e9ec,2025-10-28T10:27:30+05:30,32
posx-mokobara-store,5949e95f3a,2025-11-30T22:44:00+05:30,src/components/app/product/online-cart-card.tsx,82ef279c09,2025-11-29T11:03:47+05:30,1
posx-mokobara-store,5949e95f3a,2025-11-30T22:44:00+05:30,src/components/app/product/online-cart-card.tsx,7d8aeda719,2025-11-26T11:06:25+05:30,4
posx-mokobara-store,5949e95f3a,2025-11-30T22:44:00+05:30,src/components/app/product/online-cart-card.tsx,d6a5ef6a4e,2025-11-04T14:31:16+05:30,26
posx-mokobara-store,5949e95f3a,2025-11-30T22:44:00+05:30,src/components/app/product/online-cart-card.tsx,90361f005a,2025-11-29T11:39:55+05:30,1
posx-mokobara-store,11059f1c62,2025-11-30T22:51:10+05:30,src/components/app/product/online-cart-card.tsx,7ae1cb3265,2025-11-28T10:27:56+05:30,2
posx-mokobara-store,11059f1c62,2025-11-30T22:51:10+05:30,src/store/actions/online-cart.action.ts,7742fdaa71,2025-11-07T13:57:54+05:30,23
posx-mokobara-store,11059f1c62,2025-11-30T22:51:10+05:30,src/store/reducers/online-cart.reducer.ts,7742fdaa71,2025-11-07T13:57:54+05:30,23
posx-mokobara-store,69073b73c0,2025-11-30T23:19:23+05:30,src/components/app/home/checkout-button.tsx,602195e9ec,2025-10-28T10:27:30+05:30,33
posx-mokobara-store,69073b73c0,2025-11-30T23:19:23+05:30,src/components/app/product/cart-checkout.tsx,602195e9ec,2025-10-28T10:27:30+05:30,33
posx-mokobara-store,69073b73c0,2025-11-30T23:19:23+05:30,src/libs/online-orders.ts,602195e9ec,2025-10-28T10:27:30+05:30,33
posx-mokobara-store,69073b73c0,2025-11-30T23:19:23+05:30,src/libs/online-orders.ts,f034f74f0f,2025-11-28T10:04:21+05:30,2
posx-mokobara-store,69073b73c0,2025-11-30T23:19:23+05:30,src/libs/order.ts,602195e9ec,2025-10-28T10:27:30+05:30,33
posx-mokobara-store,69073b73c0,2025-11-30T23:19:23+05:30,src/store/middlewares/online-order.middleware.ts,602195e9ec,2025-10-28T10:27:30+05:30,33
posx-mokobara-store,69073b73c0,2025-11-30T23:19:23+05:30,src/store/middlewares/order.middleware.ts,602195e9ec,2025-10-28T10:27:30+05:30,33
posx-mokobara-store,f0a4e947b5,2025-12-01T10:09:52+05:30,src/components/app/product/custom-discount/index.tsx,fec051efdd,2025-11-26T01:14:28+05:30,5
posx-mokobara-store,f0a4e947b5,2025-12-01T10:09:52+05:30,src/components/app/product/online-campaign-coupon/index.tsx,cbc32ea210,2025-11-22T13:57:14+05:30,8
posx-mokobara-store,f0a4e947b5,2025-12-01T10:09:52+05:30,src/components/app/product/online-campaign-coupon/index.tsx,602195e9ec,2025-10-28T10:27:30+05:30,33
posx-mokobara-store,f0a4e947b5,2025-12-01T10:09:52+05:30,src/components/app/product/online-promotional-coupon/index.tsx,09f5b2beea,2025-11-14T10:48:29+05:30,16
posx-mokobara-store,aeb4595bfb,2025-12-02T12:06:46+05:30,src/components/app/home/campaign-coupon/index.tsx,0d7085c448,2025-11-04T17:18:48+05:30,27
posx-mokobara-store,aeb4595bfb,2025-12-02T12:06:46+05:30,src/components/app/home/checkout-button.tsx,602195e9ec,2025-10-28T10:27:30+05:30,35
posx-mokobara-store,aeb4595bfb,2025-12-02T12:06:46+05:30,src/components/app/home/index.tsx,602195e9ec,2025-10-28T10:27:30+05:30,35
posx-mokobara-store,aeb4595bfb,2025-12-02T12:06:46+05:30,src/components/app/home/promotional-coupon/index.tsx,602195e9ec,2025-10-28T10:27:30+05:30,35
posx-mokobara-store,aeb4595bfb,2025-12-02T12:06:46+05:30,src/components/app/product/AddToCartModal.tsx,82ef279c09,2025-11-29T11:03:47+05:30,3
posx-mokobara-store,aeb4595bfb,2025-12-02T12:06:46+05:30,src/components/app/product/AddToCartModal.tsx,d6a5ef6a4e,2025-11-04T14:31:16+05:30,27
posx-mokobara-store,aeb4595bfb,2025-12-02T12:06:46+05:30,src/components/app/product/cart-checkout.tsx,602195e9ec,2025-10-28T10:27:30+05:30,35
posx-mokobara-store,aeb4595bfb,2025-12-02T12:06:46+05:30,src/components/app/product/cart-checkout.tsx,69073b73c0,2025-11-30T23:19:23+05:30,1
posx-mokobara-store,aeb4595bfb,2025-12-02T12:06:46+05:30,src/components/app/product/online-campaign-coupon/index.tsx,7742fdaa71,2025-11-07T13:57:54+05:30,24
posx-mokobara-store,aeb4595bfb,2025-12-02T12:06:46+05:30,src/components/app/product/online-promotional-coupon/index.tsx,7742fdaa71,2025-11-07T13:57:54+05:30,24
posx-mokobara-store,aeb4595bfb,2025-12-02T12:06:46+05:30,src/components/primitives/stepper.tsx,0d7085c448,2025-11-04T17:18:48+05:30,27
posx-mokobara-store,aeb4595bfb,2025-12-02T12:06:46+05:30,src/pages/online-orders/details/customer-details.tsx,0d7085c448,2025-11-04T17:18:48+05:30,27
posx-mokobara-store,aeb4595bfb,2025-12-02T12:06:46+05:30,src/pages/online-orders/details/order-details.tsx,602195e9ec,2025-10-28T10:27:30+05:30,35
posx-mokobara-store,aeb4595bfb,2025-12-02T12:06:46+05:30,src/pages/online-orders/details/payment-details.tsx,602195e9ec,2025-10-28T10:27:30+05:30,35
posx-mokobara-store,aeb4595bfb,2025-12-02T12:06:46+05:30,src/pages/online-orders/details/payment-details.tsx,0d7085c448,2025-11-04T17:18:48+05:30,27
posx-mokobara-store,aeb4595bfb,2025-12-02T12:06:46+05:30,src/pages/orders/details/customer-details.tsx,5022c20537,2025-12-01T11:34:08+05:30,1
posx-mokobara-store,aeb4595bfb,2025-12-02T12:06:46+05:30,src/pages/orders/details/payment-details.tsx,602195e9ec,2025-10-28T10:27:30+05:30,35
posx-mokobara-store,aeb4595bfb,2025-12-02T12:06:46+05:30,src/pages/orders/details/payment-details.tsx,0d7085c448,2025-11-04T17:18:48+05:30,27
posx-mokobara-store,aeb4595bfb,2025-12-02T12:06:46+05:30,src/types/cart.ts,f034f74f0f,2025-11-28T10:04:21+05:30,4
posx-mokobara-store,3f91155431,2025-12-02T13:47:52+05:30,src/components/primitives/stepper.tsx,0d7085c448,2025-11-04T17:18:48+05:30,27
posx-mokobara-store,3f91155431,2025-12-02T13:47:52+05:30,src/pages/online-orders/details/customer-details.tsx,aeb4595bfb,2025-12-02T12:06:46+05:30,0
posx-mokobara-store,3f91155431,2025-12-02T13:47:52+05:30,src/pages/online-orders/details/payment-details.tsx,aeb4595bfb,2025-12-02T12:06:46+05:30,0
posx-mokobara-store,3f91155431,2025-12-02T13:47:52+05:30,src/pages/orders/details/customer-details.tsx,aeb4595bfb,2025-12-02T12:06:46+05:30,0
posx-mokobara-store,3f91155431,2025-12-02T13:47:52+05:30,src/pages/orders/details/payment-details.tsx,aeb4595bfb,2025-12-02T12:06:46+05:30,0
posx-mokobara-store,3f91155431,2025-12-02T13:47:52+05:30,src/pages/products/details.tsx,7742fdaa71,2025-11-07T13:57:54+05:30,24
posx-mokobara-store,03ee4ad92e,2025-12-02T19:10:54+05:30,src/components/app/inventory/product-selector-modal.tsx,3b17ab7634,2025-12-02T18:54:39+05:30,0
posx-mokobara-store,65d07e7a39,2025-12-04T12:37:44+05:30,package.json,6d41faf125,2025-12-04T12:09:17+05:30,0
posx-mokobara-store,3c4881f3d2,2025-12-08T11:02:05+05:30,src/components/app/order/steps/payment-details/index.tsx,602195e9ec,2025-10-28T10:27:30+05:30,41
posx-mokobara-store,3c4881f3d2,2025-12-08T11:02:05+05:30,src/hooks/usePaidAmount.ts,05b1c79f3a,2025-11-28T11:54:14+05:30,9
posx-mokobara-store,3c4881f3d2,2025-12-08T11:02:05+05:30,src/store/middlewares/transaction.middleware.ts,05b1c79f3a,2025-11-28T11:54:14+05:30,9
posx-mokobara-store,e045ebba1e,2025-12-08T11:19:38+05:30,src/components/app/order/steps/payment-details/index.tsx,602195e9ec,2025-10-28T10:27:30+05:30,41
posx-mokobara-store,e045ebba1e,2025-12-08T11:19:38+05:30,src/hooks/usePaidAmount.ts,05b1c79f3a,2025-11-28T11:54:14+05:30,9
posx-mokobara-store,e045ebba1e,2025-12-08T11:19:38+05:30,src/store/middlewares/transaction.middleware.ts,05b1c79f3a,2025-11-28T11:54:14+05:30,9
posx-mokobara-store,4d5c3ea26e,2025-12-09T11:33:03+05:30,src/components/app/inventory/inventory-filters.tsx,602195e9ec,2025-10-28T10:27:30+05:30,42
posx-mokobara-store,4d5c3ea26e,2025-12-09T11:33:03+05:30,src/components/app/inventory/mark-inventory/line-item-card.tsx,fe54844390,2025-12-09T10:03:49+05:30,0
posx-mokobara-store,4d5c3ea26e,2025-12-09T11:33:03+05:30,src/pages/inventory/index.tsx,fe54844390,2025-12-09T10:03:49+05:30,0
posx-mokobara-store,4d5c3ea26e,2025-12-09T11:33:03+05:30,src/pages/inventory/index.tsx,602195e9ec,2025-10-28T10:27:30+05:30,42
posx-mokobara-store,4d5c3ea26e,2025-12-09T11:33:03+05:30,src/pages/inventory/mark-inventory.tsx,fe54844390,2025-12-09T10:03:49+05:30,0
posx-mokobara-store,8238206129,2025-12-09T11:37:03+05:30,src/pages/inventory/mark-inventory.tsx,fe54844390,2025-12-09T10:03:49+05:30,0
posx-mokobara-store,890145165a,2025-12-09T11:47:06+05:30,src/store/apis/inventory.request.ts,fe54844390,2025-12-09T10:03:49+05:30,0
posx-mokobara-store,3788d7a7a9,2025-12-09T13:41:05+05:30,src/components/app/inventory/mark-inventory/line-item-card.tsx,fe54844390,2025-12-09T10:03:49+05:30,0
posx-mokobara-store,3788d7a7a9,2025-12-09T13:41:05+05:30,src/components/app/inventory/mark-inventory/line-item-card.tsx,4d5c3ea26e,2025-12-09T11:33:03+05:30,0
posx-mokobara-store,3788d7a7a9,2025-12-09T13:41:05+05:30,src/pages/inventory/index.tsx,602195e9ec,2025-10-28T10:27:30+05:30,42
posx-mokobara-store,3788d7a7a9,2025-12-09T13:41:05+05:30,src/pages/inventory/mark-inventory.tsx,fe54844390,2025-12-09T10:03:49+05:30,0
posx-mokobara-store,7c95a62a36,2025-12-09T17:41:02+05:30,src/components/app/online-orders/schema.ts,5022c20537,2025-12-01T11:34:08+05:30,8
posx-mokobara-store,7c95a62a36,2025-12-09T17:41:02+05:30,src/components/app/order/steps/customer-details/index.tsx,5022c20537,2025-12-01T11:34:08+05:30,8
posx-mokobara-store,7c95a62a36,2025-12-09T17:41:02+05:30,src/components/app/order/steps/customer-details/schema.ts,602195e9ec,2025-10-28T10:27:30+05:30,42
posx-mokobara-store,392decf74e,2025-12-09T17:51:28+05:30,src/components/app/inventory/mark-inventory/line-item-card.tsx,fe54844390,2025-12-09T10:03:49+05:30,0
posx-mokobara-store,392decf74e,2025-12-09T17:51:28+05:30,src/components/app/inventory/mark-inventory/line-item-card.tsx,3788d7a7a9,2025-12-09T13:41:05+05:30,0
posx-mokobara-store,392decf74e,2025-12-09T17:51:28+05:30,src/components/app/inventory/scanner/index.tsx,fe54844390,2025-12-09T10:03:49+05:30,0
posx-mokobara-store,b85aa3e6c3,2025-12-09T18:10:35+05:30,src/components/app/order/steps/payment-details/index.tsx,602195e9ec,2025-10-28T10:27:30+05:30,42
posx-mokobara-store,b85aa3e6c3,2025-12-09T18:10:35+05:30,src/components/app/order/steps/payment-details/index.tsx,e045ebba1e,2025-12-08T11:19:38+05:30,1
posx-mokobara-store,b85aa3e6c3,2025-12-09T18:10:35+05:30,src/pages/online-orders/details/_layout.tsx,602195e9ec,2025-10-28T10:27:30+05:30,42
posx-mokobara-store,b85aa3e6c3,2025-12-09T18:10:35+05:30,src/pages/online-orders/details/_layout.tsx,d6a5ef6a4e,2025-11-04T14:31:16+05:30,35
posx-mokobara-store,b85aa3e6c3,2025-12-09T18:10:35+05:30,src/pages/orders/details/_layout.tsx,602195e9ec,2025-10-28T10:27:30+05:30,42
posx-mokobara-store,b85aa3e6c3,2025-12-09T18:10:35+05:30,src/pages/orders/details/_layout.tsx,d6a5ef6a4e,2025-11-04T14:31:16+05:30,35
posx-mokobara-store,b85aa3e6c3,2025-12-09T18:10:35+05:30,src/store/middlewares/transaction.middleware.ts,05b1c79f3a,2025-11-28T11:54:14+05:30,11
posx-mokobara-store,b85aa3e6c3,2025-12-09T18:10:35+05:30,src/store/middlewares/transaction.middleware.ts,602195e9ec,2025-10-28T10:27:30+05:30,42
posx-mokobara-store,b85aa3e6c3,2025-12-09T18:10:35+05:30,src/store/middlewares/transaction.middleware.ts,e045ebba1e,2025-12-08T11:19:38+05:30,1
posx-mokobara-store,b3cb42afb7,2025-12-10T11:33:00+05:30,src/components/app/product/online-promotional-coupon/index.tsx,7742fdaa71,2025-11-07T13:57:54+05:30,32
posx-mokobara-store,b3cb42afb7,2025-12-10T11:33:00+05:30,src/components/app/product/online-promotional-coupon/index.tsx,a7826277dd,2025-11-14T11:26:39+05:30,26
posx-mokobara-store,b3cb42afb7,2025-12-10T11:33:00+05:30,src/components/app/product/online-promotional-coupon/index.tsx,8342addcdc,2025-11-29T11:26:54+05:30,11
posx-mokobara-store,7d4a4b134d,2025-12-10T15:48:23+05:30,src/components/app/order/steps/payment-details/index.tsx,e045ebba1e,2025-12-08T11:19:38+05:30,2
posx-mokobara-store,7d4a4b134d,2025-12-10T15:48:23+05:30,src/components/app/order/steps/payment-details/index.tsx,b85aa3e6c3,2025-12-09T18:10:35+05:30,0
posx-mokobara-store,04f209e6dd,2025-12-11T13:25:19+05:30,src/components/app/order/steps/customer-details/index.tsx,5022c20537,2025-12-01T11:34:08+05:30,10
posx-mokobara-store,04f209e6dd,2025-12-11T13:25:19+05:30,src/components/app/order/steps/customer-details/index.tsx,7c95a62a36,2025-12-09T17:41:02+05:30,1
posx-mokobara-store,04f209e6dd,2025-12-11T13:25:19+05:30,src/pages/online-orders/details/customer-details.tsx,602195e9ec,2025-10-28T10:27:30+05:30,44
posx-mokobara-store,e4b783e914,2025-12-11T16:42:11+05:30,src/pages/online-orders/details/order-details.tsx,602195e9ec,2025-10-28T10:27:30+05:30,44
posx-mokobara-store,e4b783e914,2025-12-11T16:42:11+05:30,src/pages/online-orders/details/order-details.tsx,d6a5ef6a4e,2025-11-04T14:31:16+05:30,37
posx-mokobara-store,e4b783e914,2025-12-11T16:42:11+05:30,src/pages/orders/details/order-details.tsx,602195e9ec,2025-10-28T10:27:30+05:30,44
posx-mokobara-store,0f1f6da4d9,2025-12-11T16:52:50+05:30,src/components/app/order/steps/payment-details/exchange-payment-details.tsx,602195e9ec,2025-10-28T10:27:30+05:30,44
posx-mokobara-store,0f1f6da4d9,2025-12-11T16:52:50+05:30,src/components/app/product/AddToCartModal.tsx,d6a5ef6a4e,2025-11-04T14:31:16+05:30,37
posx-mokobara-store,0f1f6da4d9,2025-12-11T16:52:50+05:30,src/components/app/product/AddToCartModal.tsx,7742fdaa71,2025-11-07T13:57:54+05:30,34
posx-mokobara-store,0f1f6da4d9,2025-12-11T16:52:50+05:30,src/pages/products/details.tsx,d6a5ef6a4e,2025-11-04T14:31:16+05:30,37
posx-mokobara-store,0f1f6da4d9,2025-12-11T16:52:50+05:30,src/pages/products/details.tsx,602195e9ec,2025-10-28T10:27:30+05:30,44
posx-mokobara-store,d7dbdbaa70,2025-12-11T16:53:09+05:30,src/pages/inventory/logs.tsx,fe54844390,2025-12-09T10:03:49+05:30,2
posx-mokobara-store,d7dbdbaa70,2025-12-11T16:53:09+05:30,src/pages/inventory/logs.tsx,7732e48e25,2025-12-06T10:59:07+05:30,5
posx-mokobara-store,876749bac8,2025-12-11T17:06:19+05:30,src/components/app/product/product-card.tsx,ab68ffde21,2025-11-13T17:58:03+05:30,27
posx-mokobara-store,221516307b,2025-12-12T13:48:22+05:30,src/components/layouts/app/header.tsx,3238bafbe5,2025-12-12T11:52:57+05:30,0
posx-mokobara-store,eb542b0974,2025-12-12T14:48:44+05:30,src/components/layouts/app/store-selector.tsx,602195e9ec,2025-10-28T10:27:30+05:30,45
posx-mokobara-store,863194c783,2025-12-12T14:59:26+05:30,src/components/app/home/employee-selector.tsx,602195e9ec,2025-10-28T10:27:30+05:30,45
posx-mokobara-store,14236eb438,2025-12-12T15:44:14+05:30,src/components/app/inventory/mark-inventory/line-item-card.tsx,fe54844390,2025-12-09T10:03:49+05:30,3
posx-mokobara-store,14236eb438,2025-12-12T15:44:14+05:30,src/components/app/inventory/mark-inventory/line-item-card.tsx,392decf74e,2025-12-09T17:51:28+05:30,2
posx-mokobara-store,14236eb438,2025-12-12T15:44:14+05:30,src/pages/customer/orders/details.tsx,602195e9ec,2025-10-28T10:27:30+05:30,45
posx-mokobara-store,14236eb438,2025-12-12T15:44:14+05:30,src/pages/exchanges/details.tsx,602195e9ec,2025-10-28T10:27:30+05:30,45
posx-mokobara-store,14236eb438,2025-12-12T15:44:14+05:30,src/pages/orders/details/exchange-payment-details.tsx,602195e9ec,2025-10-28T10:27:30+05:30,45
posx-mokobara-store,14236eb438,2025-12-12T15:44:14+05:30,src/pages/orders/index.tsx,602195e9ec,2025-10-28T10:27:30+05:30,45
posx-mokobara-store,14236eb438,2025-12-12T15:44:14+05:30,src/pages/products/index.tsx,d6a5ef6a4e,2025-11-04T14:31:16+05:30,38
posx-mokobara-store,14236eb438,2025-12-12T15:44:14+05:30,src/pages/return-and-exchange/index.tsx,602195e9ec,2025-10-28T10:27:30+05:30,45
posx-mokobara-store,14236eb438,2025-12-12T15:44:14+05:30,src/pages/returns/details.tsx,602195e9ec,2025-10-28T10:27:30+05:30,45
posx-mokobara-store,efd86bcd0a,2025-12-16T17:20:00+05:30,src/components/app/home/cart-card.tsx,d1f407bb35,2025-12-16T16:27:08+05:30,0
posx-mokobara-store,efd86bcd0a,2025-12-16T17:20:00+05:30,src/components/app/product/cart-panel.tsx,7742fdaa71,2025-11-07T13:57:54+05:30,39
posx-mokobara-store,efd86bcd0a,2025-12-16T17:20:00+05:30,src/components/app/product/online-cart-card.tsx,d1f407bb35,2025-12-16T16:27:08+05:30,0
posx-mokobara-store,ff8d64ff63,2025-12-25T16:23:32+05:30,src/components/app/cash-drawer/close-drawer-dialog.tsx,b7d667c4a3,2025-12-16T10:30:37+05:30,9
posx-mokobara-store,ff8d64ff63,2025-12-25T16:23:32+05:30,src/components/app/online-orders/payments/cash-form/index.tsx,af6fea2e68,2025-12-11T16:09:54+05:30,14
posx-mokobara-store,ff8d64ff63,2025-12-25T16:23:32+05:30,src/components/app/online-orders/payments/cash-form/schema.ts,af6fea2e68,2025-12-11T16:09:54+05:30,14
posx-mokobara-store,ff8d64ff63,2025-12-25T16:23:32+05:30,src/components/app/order/steps/payment-details/cash-form/index.tsx,af6fea2e68,2025-12-11T16:09:54+05:30,14
posx-mokobara-store,ff8d64ff63,2025-12-25T16:23:32+05:30,src/components/app/order/steps/payment-details/cash-form/schema.ts,af6fea2e68,2025-12-11T16:09:54+05:30,14
posx-mokobara-store,ff8d64ff63,2025-12-25T16:23:32+05:30,src/components/app/product/AddToCartModal.tsx,c5ed35dadf,2025-12-11T16:13:21+05:30,14
posx-mokobara-store,ff8d64ff63,2025-12-25T16:23:32+05:30,src/pages/orders/details/_layout.tsx,cdc60c26fb,2025-12-17T16:42:14+05:30,7
posx-mokobara-store,ff8d64ff63,2025-12-25T16:23:32+05:30,src/pages/orders/details/customer-details.tsx,dbf1ecd165,2025-12-16T11:43:48+05:30,9
posx-mokobara-store,f3285fbfa6,2025-12-26T18:18:36+05:30,src/components/app/cash-drawer/close-drawer-dialog.tsx,96b655039c,2025-12-26T17:52:23+05:30,0
posx-mokobara-store,aeb7c423b0,2026-01-13T18:48:36+05:30,src/components/app/order/order-details.tsx,793ba2e277,2025-12-29T14:02:23+05:30,15
posx-mokobara-store,aeb7c423b0,2026-01-13T18:48:36+05:30,src/components/app/order/order-details.tsx,602195e9ec,2025-10-28T10:27:30+05:30,77
posx-mokobara-store,067b3e9bab,2026-01-13T19:00:17+05:30,src/components/app/home/custom-discount/index.tsx,5a184b2363,2025-12-09T17:46:28+05:30,35
posx-mokobara-store,067b3e9bab,2026-01-13T19:00:17+05:30,src/components/app/product/custom-discount/index.tsx,fec051efdd,2025-11-26T01:14:28+05:30,48
posx-mokobara-store,4cfc149b42,2026-01-15T10:19:46+05:30,src/components/app/inventory/mark-inventory/line-item-card.tsx,392decf74e,2025-12-09T17:51:28+05:30,36
posx-mokobara-store,5ce136f09b,2026-01-15T12:11:35+05:30,src/components/app/order/order-details.tsx,995aaed769,2025-12-29T16:51:08+05:30,16
posx-mokobara-store,5ce136f09b,2026-01-15T12:11:35+05:30,src/components/app/order/order-details.tsx,793ba2e277,2025-12-29T14:02:23+05:30,16
posx-mokobara-store,5ce136f09b,2026-01-15T12:11:35+05:30,src/components/exchange/ExchangeOrderDetails.tsx,602195e9ec,2025-10-28T10:27:30+05:30,79
posx-mokobara-store,5ce136f09b,2026-01-15T12:11:35+05:30,src/pages/exchanges/details.tsx,db0c8930a4,2026-01-07T21:03:24+05:30,7
posx-mokobara-store,5ce136f09b,2026-01-15T12:11:35+05:30,src/pages/exchanges/details.tsx,602195e9ec,2025-10-28T10:27:30+05:30,79
posx-mokobara-store,5ce136f09b,2026-01-15T12:11:35+05:30,src/pages/online-orders/details/order-details.tsx,de6ad9f61a,2025-12-29T15:09:32+05:30,16
posx-mokobara-store,5ce136f09b,2026-01-15T12:11:35+05:30,src/pages/online-orders/details/order-details.tsx,995aaed769,2025-12-29T16:51:08+05:30,16
posx-mokobara-store,5ce136f09b,2026-01-15T12:11:35+05:30,src/pages/return-and-exchange/index.tsx,793ba2e277,2025-12-29T14:02:23+05:30,16
posx-mokobara-store,5ce136f09b,2026-01-15T12:11:35+05:30,src/pages/returns/details.tsx,a30073bfd4,2026-01-15T11:46:55+05:30,0
posx-mokobara-store,5ce136f09b,2026-01-15T12:11:35+05:30,src/pages/returns/details.tsx,602195e9ec,2025-10-28T10:27:30+05:30,79
posx-mokobara-store,5ce136f09b,2026-01-15T12:11:35+05:30,src/pages/returns/details.tsx,d6a5ef6a4e,2025-11-04T14:31:16+05:30,71
posx-mokobara-store,53a63c192d,2026-01-15T17:04:26+05:30,src/components/app/home/cart-card.tsx,d137e9b82c,2025-11-29T11:57:45+05:30,47
posx-mokobara-store,53a63c192d,2026-01-15T17:04:26+05:30,src/components/app/home/index.tsx,602195e9ec,2025-10-28T10:27:30+05:30,79
posx-mokobara-store,53a63c192d,2026-01-15T17:04:26+05:30,src/components/app/product/cart-panel.tsx,7742fdaa71,2025-11-07T13:57:54+05:30,69
posx-mokobara-store,ecc13fafac,2026-01-15T17:08:53+05:30,src/store/apis/online-cart.request.ts,602195e9ec,2025-10-28T10:27:30+05:30,79
posx-mokobara-store,ecc13fafac,2026-01-15T17:08:53+05:30,src/store/apis/online-cart.request.ts,7742fdaa71,2025-11-07T13:57:54+05:30,69
posx-mokobara-store,ecc13fafac,2026-01-15T17:08:53+05:30,src/store/apis/online-cart.request.ts,7d8aeda719,2025-11-26T11:06:25+05:30,50
posx-mokobara-store,e22ed1b16c,2026-01-15T18:22:27+05:30,src/components/exchange/OnlineProductDialog.tsx,caaa3575d1,2026-01-09T11:36:58+05:30,6
posx-mokobara-store,e22ed1b16c,2026-01-15T18:22:27+05:30,src/components/exchange/VariantSelectionDialog.tsx,b0c124d607,2026-01-09T19:41:49+05:30,5
posx-mokobara-store,cdb5fcb48f,2026-01-16T12:18:44+05:30,src/components/app/customer/customer-login/index.tsx,d6a5ef6a4e,2025-11-04T14:31:16+05:30,72
posx-mokobara-store,cdb5fcb48f,2026-01-16T12:18:44+05:30,src/components/app/customer/customer-login/index.tsx,e1a19e8c92,2025-12-17T15:20:12+05:30,29
posx-mokobara-store,cdb5fcb48f,2026-01-16T12:18:44+05:30,src/components/layouts/app/header.tsx,3238bafbe5,2025-12-12T11:52:57+05:30,35
posx-mokobara-store,cdb5fcb48f,2026-01-16T12:18:44+05:30,src/components/layouts/app/header.tsx,602195e9ec,2025-10-28T10:27:30+05:30,80
posx-mokobara-store,cdb5fcb48f,2026-01-16T12:18:44+05:30,src/components/layouts/app/header.tsx,a7826277dd,2025-11-14T11:26:39+05:30,63
posx-mokobara-store,cdb5fcb48f,2026-01-16T12:18:44+05:30,src/components/layouts/app/header.tsx,c6f48fb3e5,2025-11-13T17:58:09+05:30,63
posx-mokobara-store,cdb5fcb48f,2026-01-16T12:18:44+05:30,src/components/layouts/app/header.tsx,516780a3f4,2025-12-11T13:15:41+05:30,35
posx-mokobara-store,cdb5fcb48f,2026-01-16T12:18:44+05:30,src/components/layouts/app/header.tsx,d6a5ef6a4e,2025-11-04T14:31:16+05:30,72
posx-mokobara-store,c1979637d8,2026-01-16T12:40:29+05:30,src/components/filters.tsx,c6f48fb3e5,2025-11-13T17:58:09+05:30,63
posx-mokobara-store,c1979637d8,2026-01-16T12:40:29+05:30,src/components/filters.tsx,602195e9ec,2025-10-28T10:27:30+05:30,80
posx-mokobara-store,c1979637d8,2026-01-16T12:40:29+05:30,src/components/filters.tsx,d6a5ef6a4e,2025-11-04T14:31:16+05:30,72
posx-mokobara-store,c1979637d8,2026-01-16T12:40:29+05:30,src/pages/inventory/logs.tsx,7732e48e25,2025-12-06T10:59:07+05:30,41
posx-mokobara-store,c1979637d8,2026-01-16T12:40:29+05:30,src/pages/inventory/logs.tsx,fe54844390,2025-12-09T10:03:49+05:30,38
posx-mokobara-store,ced6470255,2026-01-16T13:19:58+05:30,src/components/app/orders/order-report-cards.tsx,602195e9ec,2025-10-28T10:27:30+05:30,80
posx-mokobara-store,ced6470255,2026-01-16T13:19:58+05:30,src/components/app/orders/order-report-cards.tsx,45ec276b75,2025-12-11T17:20:06+05:30,35
posx-mokobara-store,ced6470255,2026-01-16T13:19:58+05:30,src/components/app/orders/order-report-cards.tsx,d6a5ef6a4e,2025-11-04T14:31:16+05:30,72
posx-mokobara-store,ced6470255,2026-01-16T13:19:58+05:30,src/components/app/orders/orders-report-options.tsx,602195e9ec,2025-10-28T10:27:30+05:30,80
posx-mokobara-store,ced6470255,2026-01-16T13:19:58+05:30,src/components/filters.tsx,c6f48fb3e5,2025-11-13T17:58:09+05:30,63
posx-mokobara-store,ced6470255,2026-01-16T13:19:58+05:30,src/components/primitives/date-range-picker.tsx,602195e9ec,2025-10-28T10:27:30+05:30,80
posx-mokobara-store,ced6470255,2026-01-16T13:19:58+05:30,src/components/primitives/date-range-picker.tsx,c928620aeb,2025-12-26T18:44:19+05:30,20
posx-mokobara-store,ced6470255,2026-01-16T13:19:58+05:30,src/pages/orders/index.tsx,602195e9ec,2025-10-28T10:27:30+05:30,80
posx-mokobara-store,ced6470255,2026-01-16T13:19:58+05:30,src/pages/orders/index.tsx,d6a5ef6a4e,2025-11-04T14:31:16+05:30,72
posx-mokobara-store,ced6470255,2026-01-16T13:19:58+05:30,src/pages/orders/index.tsx,14236eb438,2025-12-12T15:44:14+05:30,34
posx-mokobara-store,cc3ddb628d,2026-01-16T15:06:46+05:30,src/components/primitives/date-time-picker.tsx,c928620aeb,2025-12-26T18:44:19+05:30,20
posx-mokobara-store,cc3ddb628d,2026-01-16T15:06:46+05:30,src/components/primitives/date-time-picker.tsx,602195e9ec,2025-10-28T10:27:30+05:30,80
posx-mokobara-store,d9d2c99d48,2026-01-16T15:15:26+05:30,src/components/primitives/date-range-picker.tsx,ced6470255,2026-01-16T13:19:58+05:30,0
posx-mokobara-store,d9d2c99d48,2026-01-16T15:15:26+05:30,src/components/primitives/date-range-picker.tsx,602195e9ec,2025-10-28T10:27:30+05:30,80
posx-mokobara-store,354c0a0944,2026-01-16T16:06:30+05:30,src/pages/customer/orders/details.tsx,14236eb438,2025-12-12T15:44:14+05:30,35
posx-mokobara-store,354c0a0944,2026-01-16T16:06:30+05:30,src/pages/customer/orders/details.tsx,602195e9ec,2025-10-28T10:27:30+05:30,80
posx-mokobara-store,354c0a0944,2026-01-16T16:06:30+05:30,src/pages/online-orders/details/order-details.tsx,ce3de3ebdd,2026-01-15T18:07:03+05:30,0
posx-mokobara-store,354c0a0944,2026-01-16T16:06:30+05:30,src/pages/online-orders/details/order-details.tsx,de6ad9f61a,2025-12-29T15:09:32+05:30,18
posx-mokobara-store,354c0a0944,2026-01-16T16:06:30+05:30,src/pages/online-orders/details/order-details.tsx,602195e9ec,2025-10-28T10:27:30+05:30,80
posx-mokobara-store,354c0a0944,2026-01-16T16:06:30+05:30,src/pages/orders/details/order-details.tsx,e4b783e914,2025-12-11T16:42:11+05:30,35
posx-mokobara-store,354c0a0944,2026-01-16T16:06:30+05:30,src/pages/orders/details/order-details.tsx,602195e9ec,2025-10-28T10:27:30+05:30,80
posx-mokobara-store,354c0a0944,2026-01-16T16:06:30+05:30,src/pages/orders/index.tsx,ced6470255,2026-01-16T13:19:58+05:30,0
posx-mokobara-store,729d9b2d2a,2026-01-16T16:09:33+05:30,src/pages/online-orders/details/customer-details.tsx,b7d667c4a3,2025-12-16T10:30:37+05:30,31
posx-mokobara-store,108d205731,2026-01-16T16:24:08+05:30,src/components/app/inventory/inventory-filters.tsx,4d5c3ea26e,2025-12-09T11:33:03+05:30,38
posx-mokobara-store,108d205731,2026-01-16T16:24:08+05:30,src/components/filters.tsx,ced6470255,2026-01-16T13:19:58+05:30,0
posx-mokobara-store,6a690cb077,2026-01-16T17:14:54+05:30,src/pages/reports/category-sales-content.tsx,397154dbc5,2026-01-16T16:53:10+05:30,0
posx-mokobara-store,6a690cb077,2026-01-16T17:14:54+05:30,src/pages/reports/category-sales.tsx,a8fd4d2678,2026-01-16T16:38:59+05:30,0
posx-mokobara-store,6a690cb077,2026-01-16T17:14:54+05:30,src/pages/reports/sales-report-content.tsx,397154dbc5,2026-01-16T16:53:10+05:30,0
posx-mokobara-store,6a690cb077,2026-01-16T17:14:54+05:30,src/pages/reports/sales-report.tsx,a8fd4d2678,2026-01-16T16:38:59+05:30,0
posx-mokobara-store,7ebda79e59,2026-01-20T12:41:04+05:30,src/components/app/product/cart-panel.tsx,82ef279c09,2025-11-29T11:03:47+05:30,52
posx-mokobara-store,7ebda79e59,2026-01-20T12:41:04+05:30,src/components/app/product/cart-panel.tsx,e54ce53943,2026-01-17T15:00:06+05:30,2
posx-mokobara-store,7ebda79e59,2026-01-20T12:41:04+05:30,src/components/layouts/app/header.tsx,3238bafbe5,2025-12-12T11:52:57+05:30,39
posx-mokobara-store,43d4b098f9,2026-01-20T13:13:50+05:30,src/components/app/order/steps/customer-details/index.tsx,dbf1ecd165,2025-12-16T11:43:48+05:30,35
posx-mokobara-store,43d4b098f9,2026-01-20T13:13:50+05:30,src/pages/products/index.tsx,d778f7b188,2025-11-27T18:47:31+05:30,53
posx-mokobara-store,43d4b098f9,2026-01-20T13:13:50+05:30,src/pages/products/index.tsx,d6a5ef6a4e,2025-11-04T14:31:16+05:30,76
posx-mokobara-store,43d4b098f9,2026-01-20T13:13:50+05:30,src/store/middlewares/product.middleware.ts,602195e9ec,2025-10-28T10:27:30+05:30,84
posx-mokobara-store,458d5db69d,2026-01-20T15:25:56+05:30,src/pages/online-orders/details/customer-details.tsx,ae202df5ee,2025-12-25T16:00:18+05:30,25
posx-mokobara-store,458d5db69d,2026-01-20T15:25:56+05:30,src/pages/online-orders/details/customer-details.tsx,839366b8e6,2025-12-18T12:07:58+05:30,33
posx-mokobara-store,458d5db69d,2026-01-20T15:25:56+05:30,src/pages/online-orders/details/customer-details.tsx,e22135639c,2025-11-28T11:19:22+05:30,53
posx-mokobara-store,9e23fb01c0,2026-01-20T17:27:18+05:30,src/components/app/product/retail-exists-dialog.tsx,6cd586a21e,2026-01-20T16:44:11+05:30,0
posx-mokobara-store,86aab772e7,2026-01-20T18:10:47+05:30,src/components/app/online-orders/payments/index.tsx,ce3de3ebdd,2026-01-15T18:07:03+05:30,5
posx-mokobara-store,86aab772e7,2026-01-20T18:10:47+05:30,src/components/app/order/steps/payment-details/index.tsx,ce3de3ebdd,2026-01-15T18:07:03+05:30,5
posx-mokobara-store,86aab772e7,2026-01-20T18:10:47+05:30,src/pages/online-orders/details/order-details.tsx,ce3de3ebdd,2026-01-15T18:07:03+05:30,5
posx-mokobara-store,64f270e8a2,2026-01-20T19:49:28+05:30,src/components/app/order/order-details.tsx,ce3de3ebdd,2026-01-15T18:07:03+05:30,5
posx-mokobara-store,a65281288b,2026-01-21T12:57:32+05:30,src/pages/online-orders/details/customer-details.tsx,602195e9ec,2025-10-28T10:27:30+05:30,85
posx-mokobara-store,a65281288b,2026-01-21T12:57:32+05:30,src/pages/online-orders/details/customer-details.tsx,0d7085c448,2025-11-04T17:18:48+05:30,77
posx-mokobara-store,a65281288b,2026-01-21T12:57:32+05:30,src/pages/online-orders/details/customer-details.tsx,ae202df5ee,2025-12-25T16:00:18+05:30,26
posx-mokobara-store,a65281288b,2026-01-21T12:57:32+05:30,src/pages/online-orders/details/customer-details.tsx,458d5db69d,2026-01-20T15:25:56+05:30,0
posx-mokobara-store,a65281288b,2026-01-21T12:57:32+05:30,src/pages/orders/details/customer-details.tsx,dbf1ecd165,2025-12-16T11:43:48+05:30,36
posx-mokobara-store,a65281288b,2026-01-21T12:57:32+05:30,src/pages/orders/details/customer-details.tsx,602195e9ec,2025-10-28T10:27:30+05:30,85
posx-mokobara-store,68e37ebcd9,2026-01-21T15:50:39+05:30,src/components/app/product/cart-panel.tsx,20d2861009,2026-01-17T15:51:50+05:30,3
posx-mokobara-store,5cdd849854,2026-01-21T16:43:45+05:30,src/components/app/order/steps/payment-details/exchange-payment-details.tsx,d6a5ef6a4e,2025-11-04T14:31:16+05:30,78
posx-mokobara-store,5cdd849854,2026-01-21T16:43:45+05:30,src/components/app/order/steps/payment-details/exchange-payment-details.tsx,602195e9ec,2025-10-28T10:27:30+05:30,85
posx-mokobara-store,5cdd849854,2026-01-21T16:43:45+05:30,src/components/app/order/steps/payment-details/index.tsx,d6a5ef6a4e,2025-11-04T14:31:16+05:30,78
posx-mokobara-store,5cdd849854,2026-01-21T16:43:45+05:30,src/components/app/order/steps/payment-details/index.tsx,602195e9ec,2025-10-28T10:27:30+05:30,85
posx-mokobara-store,5cdd849854,2026-01-21T16:43:45+05:30,src/pages/online-orders/details/order-details.tsx,de6ad9f61a,2025-12-29T15:09:32+05:30,23
posx-mokobara-store,1ab5edf393,2026-01-21T17:25:19+05:30,src/components/app/coupons/coupons-table.tsx,602195e9ec,2025-10-28T10:27:30+05:30,85
posx-mokobara-store,a640011eae,2026-01-21T19:58:56+05:30,src/pages/orders/details/order-details.tsx,e4b783e914,2025-12-11T16:42:11+05:30,41
posx-mokobara-store,a640011eae,2026-01-21T19:58:56+05:30,src/pages/orders/details/order-details.tsx,354c0a0944,2026-01-16T16:06:30+05:30,5
posx-mokobara-store,a640011eae,2026-01-21T19:58:56+05:30,src/pages/orders/details/order-details.tsx,602195e9ec,2025-10-28T10:27:30+05:30,85
posx-mokobara-store,a640011eae,2026-01-21T19:58:56+05:30,src/pages/orders/details/order-details.tsx,d6a5ef6a4e,2025-11-04T14:31:16+05:30,78
posx-mokobara-store,a640011eae,2026-01-21T19:58:56+05:30,src/pages/orders/details/order-details.tsx,e63092469f,2026-01-21T12:19:35+05:30,0
posx-mokobara-store,3ec6ae1698,2026-01-22T12:06:11+05:30,src/components/app/cash-drawer/open-drawer-dialog.tsx,b7d667c4a3,2025-12-16T10:30:37+05:30,37
posx-mokobara-store,e67920ebdc,2026-01-22T12:30:06+05:30,src/components/app/customer/customer-login/index.tsx,602195e9ec,2025-10-28T10:27:30+05:30,86
posx-mokobara-store,e67920ebdc,2026-01-22T12:30:06+05:30,src/components/app/customer/customer-login/index.tsx,d6a5ef6a4e,2025-11-04T14:31:16+05:30,78
posx-mokobara-store,e67920ebdc,2026-01-22T12:30:06+05:30,src/components/app/customer/customer-login/index.tsx,985de77e29,2025-12-17T15:00:51+05:30,35
posx-mokobara-store,e67920ebdc,2026-01-22T12:30:06+05:30,src/components/app/customer/customer-login/schema.ts,602195e9ec,2025-10-28T10:27:30+05:30,86
posx-mokobara-store,e67920ebdc,2026-01-22T12:30:06+05:30,src/store/middlewares/customer.middleware.ts,602195e9ec,2025-10-28T10:27:30+05:30,86
posx-mokobara-store,e67920ebdc,2026-01-22T12:30:06+05:30,src/store/middlewares/customer.middleware.ts,985de77e29,2025-12-17T15:00:51+05:30,35
posx-mokobara-store,e67920ebdc,2026-01-22T12:30:06+05:30,src/types/customer.ts,602195e9ec,2025-10-28T10:27:30+05:30,86
posx-mokobara-store,ab0863dcd4,2026-01-22T12:52:40+05:30,src/components/app/customer/customer-login/index.tsx,985de77e29,2025-12-17T15:00:51+05:30,35
posx-mokobara-store,ab0863dcd4,2026-01-22T12:52:40+05:30,src/components/app/customer/customer-login/index.tsx,e67920ebdc,2026-01-22T12:30:06+05:30,0
posx-mokobara-store,ab0863dcd4,2026-01-22T12:52:40+05:30,src/components/app/customer/customer-login/index.tsx,e1a19e8c92,2025-12-17T15:20:12+05:30,35
posx-mokobara-store,ab0863dcd4,2026-01-22T12:52:40+05:30,src/store/middlewares/customer.middleware.ts,602195e9ec,2025-10-28T10:27:30+05:30,86
posx-mokobara-store,ab0863dcd4,2026-01-22T12:52:40+05:30,src/types/customer.ts,602195e9ec,2025-10-28T10:27:30+05:30,86
posx-mokobara-store,00eb12c70f,2026-01-22T12:54:51+05:30,src/components/app/customer/customer-login/index.tsx,e67920ebdc,2026-01-22T12:30:06+05:30,0
posx-mokobara-store,203cc71899,2026-01-22T14:05:48+05:30,src/components/app/product/online-campaign-coupon/index.tsx,602195e9ec,2025-10-28T10:27:30+05:30,86
posx-mokobara-store,203cc71899,2026-01-22T14:05:48+05:30,src/components/app/product/online-campaign-coupon/index.tsx,a7826277dd,2025-11-14T11:26:39+05:30,69
posx-mokobara-store,203cc71899,2026-01-22T14:05:48+05:30,src/components/app/product/online-campaign-coupon/index.tsx,7742fdaa71,2025-11-07T13:57:54+05:30,76
posx-mokobara-store,203cc71899,2026-01-22T14:05:48+05:30,src/components/app/product/online-campaign-coupon/index.tsx,cbc32ea210,2025-11-22T13:57:14+05:30,61
posx-mokobara-store,203cc71899,2026-01-22T14:05:48+05:30,src/components/app/product/online-campaign-coupon/index.tsx,f0a4e947b5,2025-12-01T10:09:52+05:30,52
posx-mokobara-store,46f3bdc910,2026-01-28T16:01:24+05:30,src/pages/exchanges/details.tsx,aa0832a2b2,2026-01-27T14:55:57+05:30,1
posx-mokobara-store,46f3bdc910,2026-01-28T16:01:24+05:30,src/pages/returns/details.tsx,aa0832a2b2,2026-01-27T14:55:57+05:30,1
posx-mokobara-store,1fba9566b6,2026-02-03T09:09:21+05:30,src/components/sort.tsx,c6f48fb3e5,2025-11-13T17:58:09+05:30,81
posx-mokobara-store,1fba9566b6,2026-02-03T09:09:21+05:30,src/pages/cms/index.tsx,ff1711c707,2025-12-15T17:28:48+05:30,49
posx-mokobara-store,1fba9566b6,2026-02-03T09:09:21+05:30,src/pages/cms/index.tsx,602195e9ec,2025-10-28T10:27:30+05:30,97
posx-mokobara-store,b6356e9661,2026-02-05T16:45:59+05:30,src/components/app/product/AddToCartModal.tsx,26f83a9a51,2026-01-20T19:46:55+05:30,15
posx-mokobara-store,5a0ba3e06f,2026-02-05T16:51:20+05:30,src/components/app/product/online-cart-card.tsx,c64b41a643,2025-11-22T12:39:33+05:30,75
posx-mokobara-store,5a0ba3e06f,2026-02-05T16:51:20+05:30,src/components/app/product/online-cart-card.tsx,cbc32ea210,2025-11-22T13:57:14+05:30,75
posx-mokobara-store,5a0ba3e06f,2026-02-05T16:51:20+05:30,src/components/app/product/online-cart-card.tsx,43ad424414,2025-11-25T10:16:49+05:30,72
posx-mokobara-store,c18c43cd7a,2026-02-05T17:03:29+05:30,src/components/primitives/stepper.tsx,0d7085c448,2025-11-04T17:18:48+05:30,92
posx-mokobara-store,c18c43cd7a,2026-02-05T17:03:29+05:30,src/components/primitives/stepper.tsx,20964dd2f0,2025-12-15T15:43:41+05:30,52
posx-mokobara-store,df09d07c58,2026-02-05T17:41:14+05:30,src/components/app/product/cart-checkout.tsx,f102209841,2026-02-03T08:59:58+05:30,2
posx-mokobara-store,df09d07c58,2026-02-05T17:41:14+05:30,src/components/app/product/cart-checkout.tsx,8d86b4a737,2026-02-05T17:20:01+05:30,0
posx-mokobara-store,af57de4d74,2026-02-05T23:59:08+05:30,src/components/app/cms/cms-filter.tsx,602195e9ec,2025-10-28T10:27:30+05:30,100
posx-mokobara-store,af57de4d74,2026-02-05T23:59:08+05:30,src/pages/cms/index.tsx,602195e9ec,2025-10-28T10:27:30+05:30,100
posx-mokobara-store,2710184285,2026-02-06T00:55:35+05:30,src/pages/cms/index.tsx,602195e9ec,2025-10-28T10:27:30+05:30,100
posx-mokobara-store,2710184285,2026-02-06T00:55:35+05:30,src/pages/cms/index.tsx,af57de4d74,2026-02-05T23:59:08+05:30,0
posx-mokobara-store,f2c086fb30,2026-02-17T19:41:33+05:30,src/components/app/orders/orders-table.tsx,602195e9ec,2025-10-28T10:27:30+05:30,112
posx-mokobara-store,de4dd04fd4,2026-02-19T15:58:25+05:30,src/types/inventory.ts,0993024751,2026-02-18T20:16:56+05:30,0
posx-mokobara-store,484f7252e9,2026-02-19T18:14:14+05:30,src/pages/return-and-exchange/index.tsx,602195e9ec,2025-10-28T10:27:30+05:30,114
posx-mokobara-store,484f7252e9,2026-02-19T18:14:14+05:30,src/pages/return-and-exchange/index.tsx,793ba2e277,2025-12-29T14:02:23+05:30,52
posx-mokobara-store,39f91e6a6b,2026-02-23T16:02:54+05:30,src/pages/orders/details/exchange-payment-details.tsx,602195e9ec,2025-10-28T10:27:30+05:30,118
posx-mokobara-store,5d019c727b,2026-02-23T18:38:05+05:30,src/store/reducers/online-cart.reducer.ts,603d2c61b3,2026-01-17T16:03:11+05:30,37
posx-mokobara-store,cafc08f429,2026-03-16T00:44:39+05:30,src/components/app/inventory/scanner/index.tsx,fe54844390,2025-12-09T10:03:49+05:30,96
posx-mokobara-store,cafc08f429,2026-03-16T00:44:39+05:30,src/pages/inventory/mark-inventory.tsx,fe54844390,2025-12-09T10:03:49+05:30,96
posx-mokobara-store,cafc08f429,2026-03-16T00:44:39+05:30,src/store/middlewares/inventory.middleware.ts,fe54844390,2025-12-09T10:03:49+05:30,96
posx-mokobara-store,cafc08f429,2026-03-16T00:44:39+05:30,src/store/reducers/inventory.reducer.ts,fe54844390,2025-12-09T10:03:49+05:30,96
posx-mokobara-store,63e0923896,2026-03-16T00:46:55+05:30,src/pages/inventory/index.tsx,013edb48ea,2026-01-16T12:27:28+05:30,58
posx-mokobara-store,63e0923896,2026-03-16T00:46:55+05:30,src/pages/inventory/index.tsx,602195e9ec,2025-10-28T10:27:30+05:30,138
posx-mokobara-store,602bdcc211,2026-03-16T18:25:16+05:30,src/pages/inventory/snapshot.tsx,d4ebad90b6,2026-03-16T17:28:14+05:30,0
posx-mokobara-store,0ce1e7e4a5,2026-03-24T00:18:28+05:30,src/components/app/order/steps/customer-details/index.tsx,dbf1ecd165,2025-12-16T11:43:48+05:30,97
posx-mokobara-store,0ce1e7e4a5,2026-03-24T00:18:28+05:30,src/components/app/order/steps/customer-details/index.tsx,04f209e6dd,2025-12-11T13:25:19+05:30,102
posx-mokobara-store,0ce1e7e4a5,2026-03-24T00:18:28+05:30,src/components/app/order/steps/customer-details/index.tsx,602195e9ec,2025-10-28T10:27:30+05:30,146
posx-mokobara-store,0ce1e7e4a5,2026-03-24T00:18:28+05:30,src/pages/online-orders/details/customer-details.tsx,ae202df5ee,2025-12-25T16:00:18+05:30,88
posx-mokobara-store,0ce1e7e4a5,2026-03-24T00:18:28+05:30,src/pages/online-orders/details/customer-details.tsx,b7d667c4a3,2025-12-16T10:30:37+05:30,97
posx-mokobara-store,0ce1e7e4a5,2026-03-24T00:18:28+05:30,src/pages/online-orders/details/customer-details.tsx,602195e9ec,2025-10-28T10:27:30+05:30,146
posx-mokobara-store,0ce1e7e4a5,2026-03-24T00:18:28+05:30,src/pages/online-orders/details/customer-details.tsx,04f209e6dd,2025-12-11T13:25:19+05:30,102
posx-mokobara-store,0ce1e7e4a5,2026-03-24T00:18:28+05:30,src/pages/online-orders/details/customer-details.tsx,0d7085c448,2025-11-04T17:18:48+05:30,139
posx-mokobara-store,0ce1e7e4a5,2026-03-24T00:18:28+05:30,src/pages/online-orders/details/customer-details.tsx,26f83a9a51,2026-01-20T19:46:55+05:30,62
posx-mokobara-store,0ce1e7e4a5,2026-03-24T00:18:28+05:30,src/store/apis/pincode.request.ts,602195e9ec,2025-10-28T10:27:30+05:30,146
posx-mokobara-store,0ce1e7e4a5,2026-03-24T00:18:28+05:30,src/store/middlewares/pincode.middleware.ts,602195e9ec,2025-10-28T10:27:30+05:30,146
posx-mokobara-store,d2662ae789,2026-03-24T00:22:25+05:30,src/store/reducers/init.reducer.ts,602195e9ec,2025-10-28T10:27:30+05:30,146
posx-mokobara-store,eeb7826457,2026-03-24T00:44:52+05:30,src/store/reducers/online-order.reducer.ts,602195e9ec,2025-10-28T10:27:30+05:30,146
posx-mokobara-store,36aab2cd27,2026-03-24T00:46:30+05:30,src/pages/online-orders/details/payment-details.tsx,602195e9ec,2025-10-28T10:27:30+05:30,146
posx-mokobara-store,36aab2cd27,2026-03-24T00:46:30+05:30,src/pages/online-orders/details/payment-details.tsx,20964dd2f0,2025-12-15T15:43:41+05:30,98
posx-mokobara-store,1c784a908d,2026-03-24T00:50:23+05:30,src/store/apis/transaction.request.ts,602195e9ec,2025-10-28T10:27:30+05:30,146
posx-mokobara-store,1c784a908d,2026-03-24T00:50:23+05:30,src/store/middlewares/transaction.middleware.ts,05b1c79f3a,2025-11-28T11:54:14+05:30,115
posx-mokobara-store,1c784a908d,2026-03-24T00:50:23+05:30,src/store/middlewares/transaction.middleware.ts,b85aa3e6c3,2025-12-09T18:10:35+05:30,104
posx-mokobara-store,1c784a908d,2026-03-24T00:50:23+05:30,src/store/middlewares/transaction.middleware.ts,602195e9ec,2025-10-28T10:27:30+05:30,146
posx-mokobara-store,c8c06ba1be,2026-03-24T00:53:42+05:30,src/components/app/online-orders/schema.ts,c7b55bc30d,2026-02-16T11:32:42+05:30,35
posx-mokobara-store,bf3184b8bd,2026-04-02T18:13:45+05:30,src/store/middlewares/exchange.middleware.ts,cc3faf2a5c,2026-04-02T17:58:18+05:30,0
posx-mokobara-store,b1cb55cd0f,2026-04-03T16:47:41+05:30,src/components/app/cash-drawer/close-drawer-dialog.tsx,c928620aeb,2025-12-26T18:44:19+05:30,97
posx-mokobara-store,b1cb55cd0f,2026-04-03T16:47:41+05:30,src/components/app/cash-drawer/close-drawer-dialog.tsx,96b655039c,2025-12-26T17:52:23+05:30,97
posx-mokobara-store,b1cb55cd0f,2026-04-03T16:47:41+05:30,src/components/app/cms/add-cms/index.tsx,602195e9ec,2025-10-28T10:27:30+05:30,157
posx-mokobara-store,b1cb55cd0f,2026-04-03T16:47:41+05:30,src/components/app/cms/cash-in-store-card.tsx,65b7536872,2025-12-16T12:05:44+05:30,108
posx-mokobara-store,b1cb55cd0f,2026-04-03T16:47:41+05:30,src/components/app/cms/cash-in-store-card.tsx,b3ca5e85f8,2026-01-20T15:36:17+05:30,73
posx-mokobara-store,b1cb55cd0f,2026-04-03T16:47:41+05:30,src/components/app/product/cart-checkout.tsx,f102209841,2026-02-03T08:59:58+05:30,59
posx-mokobara-store,b1cb55cd0f,2026-04-03T16:47:41+05:30,src/components/app/product/cart-checkout.tsx,8d86b4a737,2026-02-05T17:20:01+05:30,56
posx-mokobara-store,b1cb55cd0f,2026-04-03T16:47:41+05:30,src/components/app/product/cart-checkout.tsx,df09d07c58,2026-02-05T17:41:14+05:30,56
posx-mokobara-store,b1cb55cd0f,2026-04-03T16:47:41+05:30,src/pages/cash-drawer/history.tsx,ff1711c707,2025-12-15T17:28:48+05:30,108
posx-mokobara-store,b1cb55cd0f,2026-04-03T16:47:41+05:30,src/pages/cms/index.tsx,2710184285,2026-02-06T00:55:35+05:30,56
posx-mokobara-store,b1cb55cd0f,2026-04-03T16:47:41+05:30,src/pages/cms/index.tsx,602195e9ec,2025-10-28T10:27:30+05:30,157
posx-mokobara-store,b1cb55cd0f,2026-04-03T16:47:41+05:30,src/store/apis/order.request.ts,ca767f1ff0,2025-12-26T13:00:18+05:30,98
posx-mokobara-store,b1cb55cd0f,2026-04-03T16:47:41+05:30,src/store/apis/order.request.ts,f102209841,2026-02-03T08:59:58+05:30,59
posx-mokobara-store,3e2e4f0eff,2026-04-04T05:04:11+05:30,src/components/app/customer/customer-login/index.tsx,602195e9ec,2025-10-28T10:27:30+05:30,157
posx-mokobara-store,3e2e4f0eff,2026-04-04T05:04:11+05:30,src/components/app/customer/customer-login/index.tsx,d6a5ef6a4e,2025-11-04T14:31:16+05:30,150
posx-mokobara-store,3e2e4f0eff,2026-04-04T05:04:11+05:30,src/components/app/customer/customer-login/index.tsx,e67920ebdc,2026-01-22T12:30:06+05:30,71
posx-mokobara-store,3e2e4f0eff,2026-04-04T05:04:11+05:30,src/components/app/customer/customer-login/index.tsx,985de77e29,2025-12-17T15:00:51+05:30,107
posx-mokobara-store,3e2e4f0eff,2026-04-04T05:04:11+05:30,src/components/layouts/app/header.tsx,390565f8ee,2026-03-11T00:19:39+05:30,24
posx-mokobara-store,be3fc6800b,2026-04-04T05:09:50+05:30,src/pages/online-orders/details/_layout.tsx,602195e9ec,2025-10-28T10:27:30+05:30,157
posx-mokobara-store,be3fc6800b,2026-04-04T05:09:50+05:30,src/pages/orders/details/_layout.tsx,602195e9ec,2025-10-28T10:27:30+05:30,157
posx-mokobara-store,be3fc6800b,2026-04-04T05:09:50+05:30,src/pages/orders/details/_layout.tsx,cdc60c26fb,2025-12-17T16:42:14+05:30,107
posx-mokobara-store,be3fc6800b,2026-04-04T05:09:50+05:30,src/store/index.ts,602195e9ec,2025-10-28T10:27:30+05:30,157
posx-mokobara-store,58db181183,2026-04-06T02:33:46+05:30,src/components/app/home/cart-card.tsx,db66aad849,2025-11-26T00:51:39+05:30,131
posx-mokobara-store,58db181183,2026-04-06T02:33:46+05:30,src/components/app/home/cart-card.tsx,82ef279c09,2025-11-29T11:03:47+05:30,127
posx-mokobara-store,58db181183,2026-04-06T02:33:46+05:30,src/components/app/product/online-cart-card.tsx,cbc32ea210,2025-11-22T13:57:14+05:30,134
posx-mokobara-store,58db181183,2026-04-06T02:33:46+05:30,src/components/app/product/online-cart-card.tsx,c64b41a643,2025-11-22T12:39:33+05:30,134
posx-mokobara-store,58db181183,2026-04-06T02:33:46+05:30,src/components/app/product/online-cart-card.tsx,5a0ba3e06f,2026-02-05T16:51:20+05:30,59
posx-mokobara-store,58db181183,2026-04-06T02:33:46+05:30,src/components/app/product/online-cart-card.tsx,43ad424414,2025-11-25T10:16:49+05:30,131
posx-mokobara-store,e9a7633559,2026-04-06T02:34:43+05:30,src/store/apis/online-order.request.ts,602195e9ec,2025-10-28T10:27:30+05:30,159
posx-mokobara-store,e9a7633559,2026-04-06T02:34:43+05:30,src/store/apis/order.request.ts,602195e9ec,2025-10-28T10:27:30+05:30,159
posx-mokobara-store,e9a7633559,2026-04-06T02:34:43+05:30,src/store/middlewares/online-order.middleware.ts,602195e9ec,2025-10-28T10:27:30+05:30,159
posx-mokobara-store,e9a7633559,2026-04-06T02:34:43+05:30,src/store/middlewares/online-order.middleware.ts,839366b8e6,2025-12-18T12:07:58+05:30,108
posx-mokobara-store,00602f5e20,2026-04-06T18:32:01+05:30,src/components/app/product/online-cart-card.tsx,194acf59e3,2026-01-13T15:20:13+05:30,83
posx-mokobara-store,00602f5e20,2026-04-06T18:32:01+05:30,src/components/app/product/online-cart-card.tsx,7d8aeda719,2025-11-26T11:06:25+05:30,131
posx-mokobara-store,00602f5e20,2026-04-06T18:32:01+05:30,src/components/app/product/online-cart-card.tsx,7ae1cb3265,2025-11-28T10:27:56+05:30,129
posx-mokobara-store,00602f5e20,2026-04-06T18:32:01+05:30,src/components/app/product/online-cart-card.tsx,82ef279c09,2025-11-29T11:03:47+05:30,128
posx-mokobara-store,00602f5e20,2026-04-06T18:32:01+05:30,src/components/app/product/online-cart-card.tsx,58db181183,2026-04-06T02:33:46+05:30,0
posx-mokobara-store,00602f5e20,2026-04-06T18:32:01+05:30,src/components/app/product/online-cart-card.tsx,ff578dd859,2025-11-29T11:14:18+05:30,128
posx-mokobara-store,00602f5e20,2026-04-06T18:32:01+05:30,src/store/reducers/init.reducer.ts,d2662ae789,2026-03-24T00:22:25+05:30,13
posx-mokobara-store,6e72d64433,2026-04-06T19:49:12+05:30,src/components/app/order/order-details.tsx,ce3de3ebdd,2026-01-15T18:07:03+05:30,81
posx-mokobara-store,6e72d64433,2026-04-06T19:49:12+05:30,src/pages/products/details.tsx,7742fdaa71,2025-11-07T13:57:54+05:30,150
posx-mokobara-store,674fd3ec6c,2026-04-07T00:51:00+05:30,src/libs/pathbuilder.ts,602195e9ec,2025-10-28T10:27:30+05:30,160
posx-mokobara-store,d7517aa87a,2026-04-07T18:58:19+05:30,src/components/primitives/badge.tsx,602195e9ec,2025-10-28T10:27:30+05:30,161
posx-mokobara-store,1b7003ca5f,2026-04-07T23:38:05+05:30,src/pages/coupons/index.tsx,602195e9ec,2025-10-28T10:27:30+05:30,161
posx-mokobara-store,222e3cce97,2026-04-08T04:59:11+05:30,src/store/apis/exchange.request.ts,602195e9ec,2025-10-28T10:27:30+05:30,161
posx-mokobara-store,e7c62ac38e,2026-04-08T07:17:51+05:30,src/components/app/online-orders/payments/credit-note-form/index.tsx,390565f8ee,2026-03-11T00:19:39+05:30,28
posx-mokobara-store,e7c62ac38e,2026-04-08T07:17:51+05:30,src/components/app/online-orders/payments/razorpay-pos-form/index.tsx,602195e9ec,2025-10-28T10:27:30+05:30,161
posx-mokobara-store,e7c62ac38e,2026-04-08T07:17:51+05:30,src/components/app/order/steps/payment-details/credit-note-form/index.tsx,390565f8ee,2026-03-11T00:19:39+05:30,28
posx-mokobara-store,e7c62ac38e,2026-04-08T07:17:51+05:30,src/components/app/order/steps/payment-details/razorpay-pos-form/index.tsx,602195e9ec,2025-10-28T10:27:30+05:30,161
posx-mokobara-store,0edbdb5d7c,2026-04-08T23:26:49+05:30,src/components/layouts/app/index.tsx,ca767f1ff0,2025-12-26T13:00:18+05:30,103
posx-mokobara-store,01a69c4c33,2026-04-09T15:15:35+05:30,src/components/app/home/shopping-bag-input/index.tsx,1a235fec28,2026-04-08T13:01:19+05:30,1
posx-mokobara-store,ebb5161a02,2026-04-09T23:09:48+05:30,src/components/app/order/exchange-order-summary.tsx,602195e9ec,2025-10-28T10:27:30+05:30,163
posx-mokobara-store,ebb5161a02,2026-04-09T23:09:48+05:30,src/components/app/order/order-card.tsx,602195e9ec,2025-10-28T10:27:30+05:30,163
posx-mokobara-store,ebb5161a02,2026-04-09T23:09:48+05:30,src/components/app/order/order-card.tsx,3855ed4659,2026-02-20T18:33:36+05:30,48
posx-mokobara-store,59e8fdd63f,2026-04-09T23:24:12+05:30,src/components/layouts/app/sidebar.tsx,397154dbc5,2026-01-16T16:53:10+05:30,83
posx-mokobara-store,59e8fdd63f,2026-04-09T23:24:12+05:30,src/pages/online-orders/details/customer-details.tsx,458d5db69d,2026-01-20T15:25:56+05:30,79
posx-mokobara-store,59e8fdd63f,2026-04-09T23:24:12+05:30,src/pages/reports/sales-report.tsx,a8fd4d2678,2026-01-16T16:38:59+05:30,83
posx-mokobara-store,6240641057,2026-04-13T13:42:23+05:30,src/components/app/product/product-card.tsx,d6a5ef6a4e,2025-11-04T14:31:16+05:30,159
posx-mokobara-store,b4ea2c5e3f,2026-04-13T13:43:01+05:30,src/components/app/online-orders/payments/gift-form/index.tsx,d4b6c62d2b,2026-04-11T11:29:24+05:30,2
posx-mokobara-store,b4ea2c5e3f,2026-04-13T13:43:01+05:30,src/components/app/online-orders/payments/manual-form/index.tsx,d4b6c62d2b,2026-04-11T11:29:24+05:30,2
posx-mokobara-store,36734d1759,2026-04-15T04:10:55+05:30,src/pages/exchanges/details.tsx,e2712d3cf5,2026-04-08T23:19:50+05:30,6
posx-mokobara-store,64f43446ca,2026-04-15T04:11:21+05:30,src/pages/return-and-exchange/index.tsx,793ba2e277,2025-12-29T14:02:23+05:30,106
posx-mokobara-store,64f43446ca,2026-04-15T04:11:21+05:30,src/pages/return-and-exchange/index.tsx,602195e9ec,2025-10-28T10:27:30+05:30,168
posx-mokobara-store,bf7ca59e0e,2026-04-15T23:22:53+05:30,src/store/reducers/exchange.reducer.ts,602195e9ec,2025-10-28T10:27:30+05:30,169
posx-mokobara-store,709c3cdbed,2026-04-15T23:23:30+05:30,src/store/apis/exchange.request.ts,602195e9ec,2025-10-28T10:27:30+05:30,169
posx-mokobara-store,5d8174eac9,2026-04-15T23:31:05+05:30,src/pages/orders/details/exchange-payment-details.tsx,39f91e6a6b,2026-02-23T16:02:54+05:30,51
posx-mokobara-store,5d8174eac9,2026-04-15T23:31:05+05:30,src/pages/orders/details/exchange-payment-details.tsx,602195e9ec,2025-10-28T10:27:30+05:30,169
posx-mokobara-store,5d8174eac9,2026-04-15T23:31:05+05:30,src/store/middlewares/exchange.middleware.ts,602195e9ec,2025-10-28T10:27:30+05:30,169
posx-mokobara-store,25e45d0375,2026-04-15T23:32:20+05:30,src/components/app/order/steps/payment-details/razorpay-form/index.tsx,602195e9ec,2025-10-28T10:27:30+05:30,169
posx-mokobara-store,4720ad7716,2026-04-16T14:38:25+05:30,src/components/app/order/order-details.tsx,3855ed4659,2026-02-20T18:33:36+05:30,54
posx-mokobara-store,4720ad7716,2026-04-16T14:38:25+05:30,src/components/app/product/cart-panel.tsx,5f13a1f1f7,2026-01-06T11:47:04+05:30,100
posx-mokobara-store,4720ad7716,2026-04-16T14:38:25+05:30,src/components/app/product/cart-panel.tsx,602195e9ec,2025-10-28T10:27:30+05:30,170
posx-mokobara-store,4720ad7716,2026-04-16T14:38:25+05:30,src/libs/calculate-product-discount.ts,602195e9ec,2025-10-28T10:27:30+05:30,170
posx-mokobara-store,4720ad7716,2026-04-16T14:38:25+05:30,src/pages/exchanges/details.tsx,26adddc4e6,2026-04-09T23:09:03+05:30,6
posx-mokobara-store,93d3a0e901,2026-04-16T14:55:19+05:30,src/pages/orders/details/customer-details.tsx,c45dcc3ff8,2026-04-09T23:43:21+05:30,6
posx-mokobara-store,93d3a0e901,2026-04-16T14:55:19+05:30,src/store/middlewares/exchange.middleware.ts,602195e9ec,2025-10-28T10:27:30+05:30,170
posx-mokobara-store,ce5b862e9b,2026-04-16T16:15:33+05:30,src/components/exchange/OrderProductCard.tsx,602195e9ec,2025-10-28T10:27:30+05:30,170
posx-mokobara-store,ce5b862e9b,2026-04-16T16:15:33+05:30,src/components/exchange/OrderProductCard.tsx,2ff9ff8070,2026-04-09T12:07:05+05:30,7
posx-mokobara-store,ce5b862e9b,2026-04-16T16:15:33+05:30,src/components/exchange/OrderProductCard.tsx,26adddc4e6,2026-04-09T23:09:03+05:30,6
posx-mokobara-store,7bff5ec922,2026-04-16T16:40:46+05:30,src/pages/exchanges/details.tsx,f4c114af6a,2026-04-15T22:36:38+05:30,0
posx-mokobara-store,c317f9f83c,2026-04-17T20:31:11+05:30,src/libs/calculate-product-discount.ts,4720ad7716,2026-04-16T14:38:25+05:30,1
posx-mokobara-store,4806694b2a,2026-04-20T02:08:57+05:30,src/pages/products/details.tsx,16cc8326af,2025-11-28T12:01:33+05:30,142
posx-mokobara-store,7f39fefa5c,2026-04-20T06:21:56+05:30,src/components/layouts/app/header.tsx,221516307b,2025-12-12T13:48:22+05:30,128
posx-mokobara-store,7f39fefa5c,2026-04-20T06:21:56+05:30,src/components/layouts/app/index.tsx,3238bafbe5,2025-12-12T11:52:57+05:30,128
posx-mokobara-store,d066a1a32c,2026-04-20T06:24:40+05:30,src/components/app/order/steps/payment-details/exchange-payment-details.tsx,602195e9ec,2025-10-28T10:27:30+05:30,173
posx-mokobara-store,d066a1a32c,2026-04-20T06:24:40+05:30,src/components/app/order/steps/payment-details/exchange-payment-details.tsx,0f1f6da4d9,2025-12-11T16:52:50+05:30,129
posx-mokobara-store,30c2a9d3fc,2026-04-20T06:52:27+05:30,src/components/app/online-orders/customer-details/personal-info.tsx,26f83a9a51,2026-01-20T19:46:55+05:30,89
posx-mokobara-store,30c2a9d3fc,2026-04-20T06:52:27+05:30,src/components/app/online-orders/customer-details/schema.ts,26f83a9a51,2026-01-20T19:46:55+05:30,89
posx-mokobara-store,30c2a9d3fc,2026-04-20T06:52:27+05:30,src/components/app/online-orders/customer-details/schema.ts,602195e9ec,2025-10-28T10:27:30+05:30,173
posx-mokobara-store,30c2a9d3fc,2026-04-20T06:52:27+05:30,src/components/app/order/steps/customer-details/index.tsx,c45dcc3ff8,2026-04-09T23:43:21+05:30,10
posx-mokobara-store,30c2a9d3fc,2026-04-20T06:52:27+05:30,src/components/app/order/steps/customer-details/schema.ts,602195e9ec,2025-10-28T10:27:30+05:30,173
posx-mokobara-store,30c2a9d3fc,2026-04-20T06:52:27+05:30,src/components/app/order/steps/payment-details/index.tsx,602195e9ec,2025-10-28T10:27:30+05:30,173
posx-mokobara-store,da5277c4e9,2026-04-20T06:53:17+05:30,src/components/app/product/cart-panel.tsx,efd86bcd0a,2025-12-16T17:20:00+05:30,124
posx-mokobara-store,da5277c4e9,2026-04-20T06:53:17+05:30,src/components/exchange/VariantSelectionDialog.tsx,b0c124d607,2026-01-09T19:41:49+05:30,100
posx-mokobara-store,da5277c4e9,2026-04-20T06:53:17+05:30,src/components/exchange/VariantSelectionDialog.tsx,e22ed1b16c,2026-01-15T18:22:27+05:30,94
posx-mokobara-store,87d04fbd29,2026-04-20T22:42:23+05:30,src/components/app/order/steps/payment-details/exchange-payment-details.tsx,602195e9ec,2025-10-28T10:27:30+05:30,174
posx-mokobara-store,87d04fbd29,2026-04-20T22:42:23+05:30,src/components/app/order/steps/payment-details/exchange-payment-details.tsx,d066a1a32c,2026-04-20T06:24:40+05:30,0
posx-mokobara-store,87d04fbd29,2026-04-20T22:42:23+05:30,src/components/app/order/steps/payment-details/exchange-payment-details.tsx,d6a5ef6a4e,2025-11-04T14:31:16+05:30,167
posx-mokobara-store,87d04fbd29,2026-04-20T22:42:23+05:30,src/components/app/order/steps/payment-details/exchange-payment-details.tsx,5cdd849854,2026-01-21T16:43:45+05:30,89
posx-mokobara-store,87d04fbd29,2026-04-20T22:42:23+05:30,src/components/app/order/steps/payment-details/exchange-payment-details.tsx,390565f8ee,2026-03-11T00:19:39+05:30,40
posx-mokobara-store,87d04fbd29,2026-04-20T22:42:23+05:30,src/components/app/order/steps/payment-details/exchange-payment-details.tsx,2d8b1016cb,2026-04-08T04:28:23+05:30,12
posx-mokobara-store,87d04fbd29,2026-04-20T22:42:23+05:30,src/components/app/order/steps/payment-details/index.tsx,602195e9ec,2025-10-28T10:27:30+05:30,174
posx-mokobara-store,87d04fbd29,2026-04-20T22:42:23+05:30,src/components/app/order/steps/payment-details/index.tsx,e045ebba1e,2025-12-08T11:19:38+05:30,133
posx-mokobara-store,87d04fbd29,2026-04-20T22:42:23+05:30,src/hooks/usePaidAmount.ts,05b1c79f3a,2025-11-28T11:54:14+05:30,143
posx-mokobara-store,87d04fbd29,2026-04-20T22:42:23+05:30,src/hooks/usePaidAmount.ts,602195e9ec,2025-10-28T10:27:30+05:30,174
posx-mokobara-store,87d04fbd29,2026-04-20T22:42:23+05:30,src/hooks/usePaidAmount.ts,55b13e76e6,2025-12-10T15:34:18+05:30,131
posx-mokobara-store,87d04fbd29,2026-04-20T22:42:23+05:30,src/pages/orders/details/exchange-payment-details.tsx,81544dce84,2026-04-09T23:09:30+05:30,10
posx-mokobara-store,87d04fbd29,2026-04-20T22:42:23+05:30,src/pages/orders/details/exchange-payment-details.tsx,39f91e6a6b,2026-02-23T16:02:54+05:30,56
posx-mokobara-store,87d04fbd29,2026-04-20T22:42:23+05:30,src/pages/orders/details/exchange-payment-details.tsx,5d8174eac9,2026-04-15T23:31:05+05:30,4
posx-mokobara-store,87d04fbd29,2026-04-20T22:42:23+05:30,src/pages/orders/details/exchange-payment-details.tsx,602195e9ec,2025-10-28T10:27:30+05:30,174
posx-mokobara-store,87d04fbd29,2026-04-20T22:42:23+05:30,src/pages/orders/details/exchange-payment-details.tsx,d066a1a32c,2026-04-20T06:24:40+05:30,0
posx-mokobara-store,a8790cdde6,2026-04-21T07:25:11+05:30,src/components/app/order/order-details.tsx,3855ed4659,2026-02-20T18:33:36+05:30,59
posx-mokobara-store,a8790cdde6,2026-04-21T07:25:11+05:30,src/components/app/order/order-details.tsx,4720ad7716,2026-04-16T14:38:25+05:30,4
posx-mokobara-store,a8790cdde6,2026-04-21T07:25:11+05:30,src/components/app/order/order-details.tsx,9a3450225c,2026-04-18T06:59:41+05:30,3
posx-mokobara-store,a8790cdde6,2026-04-21T07:25:11+05:30,src/components/app/product/cart-product-card.tsx,20fa4bc8f3,2026-04-14T07:57:52+05:30,6
posx-mokobara-store,6a2e849fbb,2026-04-21T07:30:42+05:30,src/components/exchange/OrderProductCard.tsx,602195e9ec,2025-10-28T10:27:30+05:30,174
posx-mokobara-store,6a2e849fbb,2026-04-21T07:30:42+05:30,src/components/exchange/OrderProductCard.tsx,26adddc4e6,2026-04-09T23:09:03+05:30,11
posx-mokobara-store,6ae203f7aa,2026-04-21T07:59:37+05:30,src/components/app/product/cart-panel.tsx,29db33bbe1,2026-04-21T07:26:49+05:30,0
posx-mokobara-store,6ae203f7aa,2026-04-21T07:59:37+05:30,src/types/cart.ts,4f31d42513,2025-12-01T10:41:31+05:30,140
posx-mokobara-store,b17bee0210,2026-04-21T21:12:46+05:30,src/libs/calculate-product-discount.ts,4720ad7716,2026-04-16T14:38:25+05:30,5
posx-mokobara-store,b17bee0210,2026-04-21T21:12:46+05:30,src/libs/calculate-product-discount.ts,602195e9ec,2025-10-28T10:27:30+05:30,175
posx-mokobara-store,b17bee0210,2026-04-21T21:12:46+05:30,src/libs/calculate-product-discount.ts,30898347b6,2026-04-17T15:52:45+05:30,4
posx-mokobara-store,fa9f22f252,2026-04-23T02:01:17+05:30,src/components/app/order/steps/payment-details/cash-form/index.tsx,602195e9ec,2025-10-28T10:27:30+05:30,176
posx-mokobara-store,6dcd41180b,2026-04-23T14:34:06+05:30,.gitignore,602195e9ec,2025-10-28T10:27:30+05:30,177
posx-mokobara-store,6dcd41180b,2026-04-23T14:34:06+05:30,src/components/app/order/steps/payment-details/bank-transfer-form/index.tsx,e2cac2c763,2026-03-21T07:04:18+05:30,33
posx-mokobara-store,6dcd41180b,2026-04-23T14:34:06+05:30,src/components/app/order/steps/payment-details/cash-form/index.tsx,602195e9ec,2025-10-28T10:27:30+05:30,177
posx-mokobara-store,6dcd41180b,2026-04-23T14:34:06+05:30,src/components/app/order/steps/payment-details/credit-note-form/index.tsx,390565f8ee,2026-03-11T00:19:39+05:30,43
posx-mokobara-store,6dcd41180b,2026-04-23T14:34:06+05:30,src/components/app/order/steps/payment-details/gift-form/index.tsx,d4b6c62d2b,2026-04-11T11:29:24+05:30,12
posx-mokobara-store,6dcd41180b,2026-04-23T14:34:06+05:30,src/components/app/order/steps/payment-details/index.tsx,744585ff0a,2026-04-11T12:53:02+05:30,12
posx-mokobara-store,6dcd41180b,2026-04-23T14:34:06+05:30,src/components/app/order/steps/payment-details/index.tsx,e045ebba1e,2025-12-08T11:19:38+05:30,136
posx-mokobara-store,6dcd41180b,2026-04-23T14:34:06+05:30,src/components/app/order/steps/payment-details/manual-form/index.tsx,d4b6c62d2b,2026-04-11T11:29:24+05:30,12
posx-mokobara-store,6dcd41180b,2026-04-23T14:34:06+05:30,src/components/app/order/steps/payment-details/pinelabs-form/index.tsx,3db2970d8d,2025-12-01T13:02:16+05:30,143
posx-mokobara-store,6dcd41180b,2026-04-23T14:34:06+05:30,src/components/app/order/steps/payment-details/razorpay-form/index.tsx,602195e9ec,2025-10-28T10:27:30+05:30,177
posx-mokobara-store,6dcd41180b,2026-04-23T14:34:06+05:30,src/components/app/order/steps/payment-details/razorpay-pos-form/index.tsx,602195e9ec,2025-10-28T10:27:30+05:30,177
posx-mokobara-store,754b8d9d8a,2026-04-24T15:26:07+05:30,src/components/app/product/cart-checkout.tsx,20fa4bc8f3,2026-04-14T07:57:52+05:30,10
posx-mokobara-store,b6e4d9d055,2026-04-26T12:54:32+05:30,src/components/app/product/AddToCartModal.tsx,75d5241f62,2026-04-10T03:19:10+05:30,16
posx-mokobara-store,b6e4d9d055,2026-04-26T12:54:32+05:30,src/components/app/product/AddToCartModal.tsx,e70a7c7808,2026-04-10T15:55:51+05:30,15
posx-mokobara-store,b6e4d9d055,2026-04-26T12:54:32+05:30,src/pages/products/details.tsx,75d5241f62,2026-04-10T03:19:10+05:30,16
posx-mokobara-store,dda870acbf,2026-04-26T12:54:51+05:30,src/components/app/product/cart-panel.tsx,67ee7d91ee,2026-02-13T18:34:38+05:30,71
posx-mokobara-store,fbd874361a,2026-04-28T17:11:41+05:30,src/pages/customer/orders/details.tsx,602195e9ec,2025-10-28T10:27:30+05:30,182
posx-mokobara-store,fbd874361a,2026-04-28T17:11:41+05:30,src/pages/customer/orders/details.tsx,1c651b221e,2026-04-08T07:12:40+05:30,20
posx-mokobara-store,fbd874361a,2026-04-28T17:11:41+05:30,src/pages/customer/orders/details.tsx,9b0475d798,2026-01-21T12:12:48+05:30,97
posx-mokobara-store,fbd874361a,2026-04-28T17:11:41+05:30,src/pages/orders/details/order-details.tsx,c45dcc3ff8,2026-04-09T23:43:21+05:30,18
posx-mokobara-store,fbd874361a,2026-04-28T17:11:41+05:30,src/pages/orders/details/order-details.tsx,602195e9ec,2025-10-28T10:27:30+05:30,182
posx-mokobara-store,d5de8798b9,2026-05-04T18:31:42+05:30,src/store/apis/customer.request.ts,985de77e29,2025-12-17T15:00:51+05:30,138
posx-mokobara-store,fbb20b2d58,2026-05-06T01:15:32+05:30,src/store/reducers/cart.reducer.ts,d1f407bb35,2025-12-16T16:27:08+05:30,140
posx-mokobara-store,0fdfc75932,2026-05-06T01:15:46+05:30,src/components/app/home/shopping-bag-input/index.tsx,1a235fec28,2026-04-08T13:01:19+05:30,27
posx-mokobara-store,aceb0fd18f,2026-05-06T01:15:53+05:30,src/hooks/useShoppingBagProducts.ts,1a235fec28,2026-04-08T13:01:19+05:30,27
posx-mokobara-store,76014c6570,2026-05-08T03:40:48+05:30,src/pages/orders/details/payment-details.tsx,c45dcc3ff8,2026-04-09T23:43:21+05:30,28
posx-mokobara-store,76014c6570,2026-05-08T03:40:48+05:30,src/pages/orders/details/payment-details.tsx,20964dd2f0,2025-12-15T15:43:41+05:30,143
posx-mokobara-store,4d851d468d,2026-05-11T17:19:29+05:30,src/components/app/product/cart-product-card.tsx,9a3450225c,2026-04-18T06:59:41+05:30,23
posx-mokobara-store,4d851d468d,2026-05-11T17:19:29+05:30,src/components/app/product/cart-product-card.tsx,20fa4bc8f3,2026-04-14T07:57:52+05:30,27
posx-mokobara-store,3332ef37e9,2026-05-12T17:14:41+05:30,src/pages/orders/details/order-details.tsx,c45dcc3ff8,2026-04-09T23:43:21+05:30,32
posx-mokobara-store,71bf7ee704,2026-05-13T01:51:50+05:30,src/pages/inventory/mark-inventory.tsx,604dd57183,2026-05-08T01:39:56+05:30,5
posx-mokobara-store,93012f48e1,2026-05-13T02:06:52+05:30,src/pages/inventory/mark-inventory.tsx,604dd57183,2026-05-08T01:39:56+05:30,5
posx-mokobara-store,0db64c9135,2026-05-13T02:47:53+05:30,src/components/app/order/order-details.tsx,24d643c37b,2026-04-07T17:36:03+05:30,35
posx-mokobara-store,0db64c9135,2026-05-13T02:47:53+05:30,src/components/app/product/cart-panel.tsx,cce1abcfdc,2026-04-14T18:34:38+05:30,28
posx-mokobara-store,0db64c9135,2026-05-13T02:47:53+05:30,src/components/app/product/cart-product-card.tsx,20fa4bc8f3,2026-04-14T07:57:52+05:30,28
posx-mokobara-store,0db64c9135,2026-05-13T02:47:53+05:30,src/components/app/product/cart-product-card.tsx,cce1abcfdc,2026-04-14T18:34:38+05:30,28
posx-mokobara-store,ef897e347e,2026-05-13T12:24:56+05:30,src/pages/orders/index.tsx,602195e9ec,2025-10-28T10:27:30+05:30,197
posx-mokobara-store,2efee202f0,2026-05-12T17:54:57+05:30,src/components/app/product/cart-panel.tsx,24d643c37b,2026-04-07T17:36:03+05:30,35
posx-mokobara-store,2efee202f0,2026-05-12T17:54:57+05:30,src/components/app/product/cart-panel.tsx,cce1abcfdc,2026-04-14T18:34:38+05:30,27
posx-mokobara-store,7ee8324cde,2026-05-16T11:19:07+05:30,src/components/app/product/cart-product-card.tsx,cce1abcfdc,2026-04-14T18:34:38+05:30,31
posx-mokobara-store,2385fcf3dc,2026-05-16T11:19:22+05:30,src/components/app/product/cart-panel.tsx,7742fdaa71,2025-11-07T13:57:54+05:30,189
posx-mokobara-store,c401dd9166,2026-05-16T11:19:38+05:30,src/pages/returns/details.tsx,47458770f0,2026-05-13T02:49:37+05:30,3
posx-mokobara-store,c401dd9166,2026-05-16T11:19:38+05:30,src/pages/returns/details.tsx,cc3faf2a5c,2026-04-02T17:58:18+05:30,43
posx-mokobara-store,4c149d9374,2026-05-18T15:12:24+05:30,src/pages/returns/index.tsx,0ab6910937,2026-05-15T01:37:47+05:30,3
posx-mokobara-store,00ff84ec15,2026-05-20T15:06:00+05:30,src/pages/exchanges/details.tsx,db0c8930a4,2026-01-07T21:03:24+05:30,132
posx-mokobara-store,00ff84ec15,2026-05-20T15:06:00+05:30,src/pages/returns/details.tsx,aa0832a2b2,2026-01-27T14:55:57+05:30,113
posx-mokobara-store,00ff84ec15,2026-05-20T15:06:00+05:30,src/pages/returns/details.tsx,ae48678717,2026-01-07T14:49:33+05:30,133
posx-mokobara-store,2ac7908f88,2026-05-20T15:54:29+05:30,src/pages/exchanges/details.tsx,db0c8930a4,2026-01-07T21:03:24+05:30,132
posx-mokobara-store,2ac7908f88,2026-05-20T15:54:29+05:30,src/pages/exchanges/details.tsx,00ff84ec15,2026-05-20T15:06:00+05:30,0
posx-mokobara-store,2ac7908f88,2026-05-20T15:54:29+05:30,src/pages/exchanges/details.tsx,caaa3575d1,2026-01-09T11:36:58+05:30,131
posx-mokobara-store,2ac7908f88,2026-05-20T15:54:29+05:30,src/pages/exchanges/details.tsx,c3f8640d99,2026-04-15T09:06:21+05:30,35
posx-mokobara-store,2ac7908f88,2026-05-20T15:54:29+05:30,src/pages/exchanges/details.tsx,b0c124d607,2026-01-09T19:41:49+05:30,130
posx-mokobara-store,2ac7908f88,2026-05-20T15:54:29+05:30,src/pages/exchanges/details.tsx,ebff0c632b,2026-01-09T19:52:54+05:30,130
posx-mokobara-store,2ac7908f88,2026-05-20T15:54:29+05:30,src/pages/exchanges/details.tsx,26adddc4e6,2026-04-09T23:09:03+05:30,40
posx-mokobara-store,2ac7908f88,2026-05-20T15:54:29+05:30,src/pages/exchanges/details.tsx,5560b410f6,2026-01-09T19:54:17+05:30,130
posx-mokobara-store,2ac7908f88,2026-05-20T15:54:29+05:30,src/pages/returns/details.tsx,aa0832a2b2,2026-01-27T14:55:57+05:30,113
posx-mokobara-store,233108adb7,2026-05-23T11:25:46+05:30,playwright.config.js,42e4933280,2026-04-28T18:32:11+05:30,24
posx-mokobara-store,d0a8e90edf,2026-05-27T15:55:50+05:30,src/pages/returns/index.tsx,3aa92938d5,2026-01-27T11:42:43+05:30,120
posx-mokobara-store,d0a8e90edf,2026-05-27T15:55:50+05:30,src/pages/returns/index.tsx,0ab6910937,2026-05-15T01:37:47+05:30,12
posx-mokobara-store,d0a8e90edf,2026-05-27T15:55:50+05:30,src/pages/returns/index.tsx,4c149d9374,2026-05-18T15:12:24+05:30,9
posx-mokobara-store,d0a8e90edf,2026-05-27T15:55:50+05:30,src/pages/returns/index.tsx,dc6e1c3983,2026-04-28T18:46:50+05:30,28
posx-mokobara-store,b11a9d6c7d,2026-06-10T19:04:10+05:30,src/pages/customer/orders/details.tsx,602195e9ec,2025-10-28T10:27:30+05:30,225
posx-mokobara-store,b11a9d6c7d,2026-06-10T19:04:10+05:30,src/pages/orders/details/order-details.tsx,3332ef37e9,2026-05-12T17:14:41+05:30,29
posx-mokobara-store,b11a9d6c7d,2026-06-10T19:04:10+05:30,src/pages/orders/details/payment-details.tsx,76014c6570,2026-05-08T03:40:48+05:30,33
posx-mokobara-store,b11a9d6c7d,2026-06-10T19:04:10+05:30,src/pages/orders/details/payment-details.tsx,602195e9ec,2025-10-28T10:27:30+05:30,225
posx-mokobara-store,b11a9d6c7d,2026-06-10T19:04:10+05:30,src/pages/orders/details/payment-details.tsx,c45dcc3ff8,2026-04-09T23:43:21+05:30,61
posx-mokobara-store,b11a9d6c7d,2026-06-10T19:04:10+05:30,src/pages/orders/details/payment-details.tsx,20964dd2f0,2025-12-15T15:43:41+05:30,177
posx-mokobara-store,b11a9d6c7d,2026-06-10T19:04:10+05:30,src/pages/return-and-exchange/index.tsx,484f7252e9,2026-02-19T18:14:14+05:30,111
posx-mokobara-store,b11a9d6c7d,2026-06-10T19:04:10+05:30,src/pages/return-and-exchange/index.tsx,793ba2e277,2025-12-29T14:02:23+05:30,163
posx-mokobara-store,b11a9d6c7d,2026-06-10T19:04:10+05:30,src/pages/return-and-exchange/index.tsx,e63092469f,2026-01-21T12:19:35+05:30,140
posx-mokobara-store,2f463af27f,2026-06-12T19:00:41+05:30,src/components/app/home/custom-discount/pin-approval-modal.tsx,ef80f8d32f,2026-06-03T02:31:52+05:30,9
posx-mokobara-store,b70d86817c,2026-06-12T20:34:36+05:30,src/pages/employee-performance/index.tsx,20177531eb,2026-02-16T18:14:32+05:30,116
posx-mokobara-store,b70d86817c,2026-06-12T20:34:36+05:30,src/pages/employee-performance/index.tsx,44263acc7f,2026-02-17T17:50:17+05:30,115
posx-mokobara-store,a6d95735e4,2026-06-13T10:05:55+05:30,package.json,0b36ac5b02,2026-06-13T10:01:05+05:30,0
posx-mokobara-store,a6d95735e4,2026-06-13T10:05:55+05:30,pnpm-lock.yaml,0b36ac5b02,2026-06-13T10:01:05+05:30,0
posx-mokobara-store,967461b1d5,2026-06-15T10:57:10+05:30,src/components/app/home/custom-discount/pin-approval-modal.tsx,2f463af27f,2026-06-12T19:00:41+05:30,2
posx-mokobara-store,967461b1d5,2026-06-15T10:57:10+05:30,src/components/app/home/custom-discount/pin-approval-modal.tsx,2b2a903b4f,2026-04-28T15:59:35+05:30,47
posx-mokobara-store,967461b1d5,2026-06-15T10:57:10+05:30,src/components/app/home/custom-discount/pin-approval-modal.tsx,ef80f8d32f,2026-06-03T02:31:52+05:30,12
posx-mokobara-store,8534f0d526,2026-06-15T11:15:31+05:30,src/components/app/payments/shared/order-transactions-table.tsx,ce3de3ebdd,2026-01-15T18:07:03+05:30,150
posx-mokobara-store,8534f0d526,2026-06-15T11:15:31+05:30,src/components/app/payments/shared/order-transactions-table.tsx,01dd798f4b,2026-06-11T19:43:38+05:30,3
posx-mokobara-store,8534f0d526,2026-06-15T11:15:31+05:30,src/components/app/payments/shared/order-transactions-table.tsx,4e19eb95a4,2025-12-11T13:51:55+05:30,185
posx-mokobara-store,8534f0d526,2026-06-15T11:15:31+05:30,src/components/app/payments/shared/order-transactions-table.tsx,858d07862d,2026-06-15T11:07:39+05:30,0
posx-mokobara-store,b7904bb163,2026-06-15T13:18:48+05:30,src/components/app/order/steps/payment-details/gift-form/index.tsx,01dd798f4b,2026-06-11T19:43:38+05:30,3
posx-mokobara-store,fa23210c53,2026-06-15T14:42:19+05:30,src/components/app/order/steps/payment-details/gift-form/index.tsx,01dd798f4b,2026-06-11T19:43:38+05:30,3
posx-mokobara-store,a931a4fe36,2026-06-16T12:33:22+05:30,package.json,2bcdedcca4,2026-06-16T10:54:56+05:30,0
posx-mokobara-store,a931a4fe36,2026-06-16T12:33:22+05:30,package.json,42e4933280,2026-04-28T18:32:11+05:30,48
posx-mokobara-store,a931a4fe36,2026-06-16T12:33:22+05:30,playwright.config.js,2bcdedcca4,2026-06-16T10:54:56+05:30,0
posx-mokobara-store,a931a4fe36,2026-06-16T12:33:22+05:30,scripts/run-e2e.mjs,2bcdedcca4,2026-06-16T10:54:56+05:30,0
posx-mokobara-store,a931a4fe36,2026-06-16T12:33:22+05:30,tests/e2e/cart/cart-flow.spec.js,2bcdedcca4,2026-06-16T10:54:56+05:30,0
posx-mokobara-store,a931a4fe36,2026-06-16T12:33:22+05:30,tests/e2e/cart/cart-flow.spec.js,233108adb7,2026-05-23T11:25:46+05:30,24
posx-mokobara-store,a931a4fe36,2026-06-16T12:33:22+05:30,tests/e2e/exchangeflow/exchangeflow.spec.js,bdd8480dc5,2026-06-15T10:10:47+05:30,1
posx-mokobara-store,a931a4fe36,2026-06-16T12:33:22+05:30,tests/e2e/exchangeflow/exchangeflow.spec.js,1af8ace210,2026-06-12T18:26:11+05:30,3
posx-mokobara-store,a931a4fe36,2026-06-16T12:33:22+05:30,tests/e2e/mixflow/mixflow.spec.js,2bcdedcca4,2026-06-16T10:54:56+05:30,0
posx-mokobara-store,a931a4fe36,2026-06-16T12:33:22+05:30,tests/e2e/onlineflow/onlineflow.spec.js,2bcdedcca4,2026-06-16T10:54:56+05:30,0
posx-mokobara-store,a931a4fe36,2026-06-16T12:33:22+05:30,tests/e2e/retailflow/retailflow.spec.js,2bcdedcca4,2026-06-16T10:54:56+05:30,0
posx-mokobara-store,a931a4fe36,2026-06-16T12:33:22+05:30,tests/e2e/returnflow/returnflow.spec.js,2bcdedcca4,2026-06-16T10:54:56+05:30,0
posx-mokobara-store,aaac74f054,2026-06-18T10:39:18+05:30,src/components/app/order/steps/payment-details/gift-form/index.tsx,b7904bb163,2026-06-15T13:18:48+05:30,2
posx-mokobara-store,aaac74f054,2026-06-18T10:39:18+05:30,src/components/app/order/steps/payment-details/gift-form/index.tsx,fa23210c53,2026-06-15T14:42:19+05:30,2
posx-mokobara-store,aaac74f054,2026-06-18T10:39:18+05:30,src/components/app/order/steps/payment-details/gift-form/index.tsx,d4b6c62d2b,2026-04-11T11:29:24+05:30,67
posx-mokobara-store,aaac74f054,2026-06-18T10:39:18+05:30,src/components/app/order/steps/payment-details/gift-form/index.tsx,01dd798f4b,2026-06-11T19:43:38+05:30,6
posx-mokobara-store,4d40459999,2026-06-18T13:55:26+05:30,src/components/app/order/steps/payment-details/gift-form/index.tsx,01dd798f4b,2026-06-11T19:43:38+05:30,6
posx-mokobara-store,4d40459999,2026-06-18T13:55:26+05:30,src/components/app/order/steps/payment-details/gift-form/index.tsx,fa23210c53,2026-06-15T14:42:19+05:30,2
posx-mokobara-store,4d40459999,2026-06-18T13:55:26+05:30,src/components/app/order/steps/payment-details/gift-form/schema.ts,d4b6c62d2b,2026-04-11T11:29:24+05:30,68
posx-mokobara-store,4d40459999,2026-06-18T13:55:26+05:30,src/components/app/order/steps/payment-details/gift-form/schema.ts,01dd798f4b,2026-06-11T19:43:38+05:30,6
posx-mokobara-store,4d40459999,2026-06-18T13:55:26+05:30,src/components/app/payments/shared/order-transactions-table.tsx,ce3de3ebdd,2026-01-15T18:07:03+05:30,153
posx-mokobara-store,8d66d7fe35,2026-06-18T18:48:44+05:30,src/components/app/customer/new-customer/index.tsx,602195e9ec,2025-10-28T10:27:30+05:30,233
posx-mokobara-store,8d66d7fe35,2026-06-18T18:48:44+05:30,src/components/app/customer/new-customer/schema.ts,602195e9ec,2025-10-28T10:27:30+05:30,233
posx-mokobara-store,8d66d7fe35,2026-06-18T18:48:44+05:30,src/components/app/online-orders/customer-details/schema.ts,602195e9ec,2025-10-28T10:27:30+05:30,233
posx-mokobara-store,8d66d7fe35,2026-06-18T18:48:44+05:30,src/components/app/online-orders/customer-details/schema.ts,26f83a9a51,2026-01-20T19:46:55+05:30,148
posx-mokobara-store,8d66d7fe35,2026-06-18T18:48:44+05:30,src/components/app/online-orders/customer-details/schema.ts,30c2a9d3fc,2026-04-20T06:52:27+05:30,59
posx-mokobara-store,8d66d7fe35,2026-06-18T18:48:44+05:30,src/components/app/online-orders/customer-details/schema.ts,5c2367fd9e,2026-04-30T01:07:23+05:30,49
posx-mokobara-store,8d66d7fe35,2026-06-18T18:48:44+05:30,src/components/app/online-orders/customer-details/gst-info.tsx,602195e9ec,2025-10-28T10:27:30+05:30,233
posx-mokobara-store,8d66d7fe35,2026-06-18T18:48:44+05:30,src/components/app/online-orders/customer-details/personal-info.tsx,602195e9ec,2025-10-28T10:27:30+05:30,233
posx-mokobara-store,8d66d7fe35,2026-06-18T18:48:44+05:30,src/components/app/online-orders/customer-details/personal-info.tsx,5c2367fd9e,2026-04-30T01:07:23+05:30,49
posx-mokobara-store,8d66d7fe35,2026-06-18T18:48:44+05:30,src/hooks/usePersonalInfoForm.ts,5c2367fd9e,2026-04-30T01:07:23+05:30,49
posx-mokobara-store,8d66d7fe35,2026-06-18T18:48:44+05:30,src/pages/orders/details/customer-details.tsx,c45dcc3ff8,2026-04-09T23:43:21+05:30,69
posx-mokobara-store,0a2b6498c9,2026-07-02T01:54:05+05:30,src/components/app/order/steps/payment-details/cash-form/index.tsx,ff8d64ff63,2025-12-25T16:23:32+05:30,188
posx-mokobara-store,0a2b6498c9,2026-07-02T01:54:05+05:30,src/components/app/order/steps/payment-details/cash-form/schema.ts,ff8d64ff63,2025-12-25T16:23:32+05:30,188
posx-mokobara-store,0a2b6498c9,2026-07-02T01:54:05+05:30,src/components/app/order/steps/payment-details/cash-form/schema.ts,af6fea2e68,2025-12-11T16:09:54+05:30,202
posx-mokobara-store,0a2b6498c9,2026-07-02T01:54:05+05:30,src/components/app/order/steps/payment-details/credit-note-form/index.tsx,390565f8ee,2026-03-11T00:19:39+05:30,113
posx-mokobara-store,0a2b6498c9,2026-07-02T01:54:05+05:30,src/components/app/order/steps/payment-details/credit-note-form/index.tsx,6dcd41180b,2026-04-23T14:34:06+05:30,69
posx-mokobara-store,0a2b6498c9,2026-07-02T01:54:05+05:30,src/components/app/order/steps/payment-details/credit-note-form/index.tsx,e7c62ac38e,2026-04-08T07:17:51+05:30,84
posx-mokobara-store,0a2b6498c9,2026-07-02T01:54:05+05:30,src/components/app/order/steps/payment-details/index.tsx,87d04fbd29,2026-04-20T22:42:23+05:30,72
posx-mokobara-store,0a2b6498c9,2026-07-02T01:54:05+05:30,src/components/app/order/steps/payment-details/single-payment.tsx,390565f8ee,2026-03-11T00:19:39+05:30,113
posx-mokobara-store,0a2b6498c9,2026-07-02T01:54:05+05:30,src/components/app/payments/shared/cancel-transaction-request.tsx,602195e9ec,2025-10-28T10:27:30+05:30,246
posx-mokobara-store,0a2b6498c9,2026-07-02T01:54:05+05:30,src/components/app/payments/shared/order-transactions-table.tsx,ce3de3ebdd,2026-01-15T18:07:03+05:30,167
posx-mokobara-store,0a2b6498c9,2026-07-02T01:54:05+05:30,src/components/app/payments/shared/order-transactions-table.tsx,602195e9ec,2025-10-28T10:27:30+05:30,246
posx-mokobara-store,0a2b6498c9,2026-07-02T01:54:05+05:30,src/components/app/payments/shared/order-transactions-table.tsx,e2cac2c763,2026-03-21T07:04:18+05:30,102
posx-mokobara-store,0a2b6498c9,2026-07-02T01:54:05+05:30,src/components/app/payments/shared/order-transactions-table.tsx,390565f8ee,2026-03-11T00:19:39+05:30,113
posx-mokobara-store,0a2b6498c9,2026-07-02T01:54:05+05:30,src/components/app/payments/shared/order-transactions-table.tsx,2d8b1016cb,2026-04-08T04:28:23+05:30,84
posx-mokobara-store,0a2b6498c9,2026-07-02T01:54:05+05:30,src/components/app/payments/shared/order-transactions-table.tsx,dc6e1c3983,2026-04-28T18:46:50+05:30,64
posx-mokobara-store,0a2b6498c9,2026-07-02T01:54:05+05:30,src/components/app/payments/shared/order-transactions-table.tsx,4e19eb95a4,2025-12-11T13:51:55+05:30,202
posx-mokobara-store,0a2b6498c9,2026-07-02T01:54:05+05:30,src/pages/orders/details/payment-details.tsx,b11a9d6c7d,2026-06-10T19:04:10+05:30,21
posx-mokobara-store,0a2b6498c9,2026-07-02T01:54:05+05:30,src/pages/orders/details/payment-details.tsx,20964dd2f0,2025-12-15T15:43:41+05:30,198
posx-mokobara-store,0a2b6498c9,2026-07-02T01:54:05+05:30,src/pages/orders/details/payment-details.tsx,c45dcc3ff8,2026-04-09T23:43:21+05:30,83
posx-mokobara-store,0a2b6498c9,2026-07-02T01:54:05+05:30,src/pages/orders/details/payment-details.tsx,602195e9ec,2025-10-28T10:27:30+05:30,246
posx-mokobara-store,2fa5fd3387,2026-07-05T14:31:16+05:30,src/components/app/product/cart-checkout.tsx,2e16d3fa16,2026-07-04T19:57:19+05:30,0
posx-mokobara-store,8d69cc4d36,2026-07-07T13:51:10+05:30,src/components/app/return/return-status.tsx,602195e9ec,2025-10-28T10:27:30+05:30,252
posx-mokobara-store,8d69cc4d36,2026-07-07T13:51:10+05:30,src/components/app/return/return-status.tsx,793ba2e277,2025-12-29T14:02:23+05:30,189
posx-mokobara-store,8d69cc4d36,2026-07-07T13:51:10+05:30,src/components/app/return/returnable-order-card.tsx,602195e9ec,2025-10-28T10:27:30+05:30,252
posx-mokobara-store,8d69cc4d36,2026-07-07T13:51:10+05:30,src/pages/returns/details.tsx,47458770f0,2026-05-13T02:49:37+05:30,55
posx-mokobara-store,8d69cc4d36,2026-07-07T13:51:10+05:30,src/pages/returns/details.tsx,2ff9ff8070,2026-04-09T12:07:05+05:30,89
posx-mokobara-store,ecd630e001,2026-07-07T13:57:54+05:30,src/store/apis/return.request.ts,602195e9ec,2025-10-28T10:27:30+05:30,252
posx-mokobara-store,f1bace2dbf,2026-07-15T11:08:46+05:30,src/components/app/order/shopify-fulfillment-status.tsx,09e33915bc,2026-07-14T22:18:14+05:30,0
posx-mokobara-store,2c716626ac,2026-07-17T17:21:06+05:30,.gstack/browse-audit.jsonl,8e8115bcd2,2026-07-17T13:53:21+05:30,0
posx-mokobara-store,2c716626ac,2026-07-17T17:21:06+05:30,.gstack/claude-available.json,8e8115bcd2,2026-07-17T13:53:21+05:30,0
posx-mokobara-store,2c716626ac,2026-07-17T17:21:06+05:30,src/components/app/inventory/mark-inventory/line-item-card.tsx,2797b41a60,2026-07-17T16:54:55+05:30,0
posx-mokobara-store,78cee5da5f,2026-07-23T14:16:30+05:30,index.html,0e9f314653,2026-07-20T23:13:08+05:30,2
posx-mokobara-store,78cee5da5f,2026-07-23T14:16:30+05:30,src/components/app/customer/customer-login/index.tsx,0e9f314653,2026-07-20T23:13:08+05:30,2
posx-mokobara-store,78cee5da5f,2026-07-23T14:16:30+05:30,src/components/app/inventory/product-selector-modal.tsx,0e9f314653,2026-07-20T23:13:08+05:30,2
posx-mokobara-store,78cee5da5f,2026-07-23T14:16:30+05:30,src/components/app/order/steps/customer-details/index.tsx,0e9f314653,2026-07-20T23:13:08+05:30,2
posx-mokobara-store,78cee5da5f,2026-07-23T14:16:30+05:30,src/components/app/product/AddToCartModal.tsx,0e9f314653,2026-07-20T23:13:08+05:30,2
posx-mokobara-store,78cee5da5f,2026-07-23T14:16:30+05:30,src/components/app/product/product-card.tsx,0e9f314653,2026-07-20T23:13:08+05:30,2
posx-mokobara-store,78cee5da5f,2026-07-23T14:16:30+05:30,src/components/layouts/app/header.tsx,0e9f314653,2026-07-20T23:13:08+05:30,2
posx-mokobara-store,78cee5da5f,2026-07-23T14:16:30+05:30,src/components/layouts/auth/index.tsx,0e9f314653,2026-07-20T23:13:08+05:30,2
posx-mokobara-store,78cee5da5f,2026-07-23T14:16:30+05:30,src/pages/inventory/create-sale-order.tsx,0e9f314653,2026-07-20T23:13:08+05:30,2
posx-mokobara-store,78cee5da5f,2026-07-23T14:16:30+05:30,src/pages/orders/details/customer-details.tsx,0e9f314653,2026-07-20T23:13:08+05:30,2
posx-mokobara-store,78cee5da5f,2026-07-23T14:16:30+05:30,src/pages/products/details.tsx,0e9f314653,2026-07-20T23:13:08+05:30,2
posx-mokobara-store,527be05ab3,2026-07-23T19:37:01+05:30,src/components/app/cms/cash-in-store-card.tsx,b3ca5e85f8,2026-01-20T15:36:17+05:30,184
posx-mokobara-store,527be05ab3,2026-07-23T19:37:01+05:30,src/components/app/cms/cash-in-store-card.tsx,b1cb55cd0f,2026-04-03T16:47:41+05:30,111
posx-mokobara-store,af1cae5ee4,2026-07-27T18:36:38+05:30,src/components/app/order/steps/payment-details/single-payment.tsx,f1f705787d,2026-04-14T08:13:18+05:30,104
posx-mokobara-store,af1cae5ee4,2026-07-27T18:36:38+05:30,src/components/app/order/steps/payment-details/split-payment.tsx,3db2970d8d,2025-12-01T13:02:16+05:30,238
posx-mokobara-store,6730a72c0f,2026-07-29T18:19:57+05:30,src/components/app/order/steps/payment-details/single-payment.tsx,af1cae5ee4,2026-07-27T18:36:38+05:30,1
posx-mokobara-store,6730a72c0f,2026-07-29T18:19:57+05:30,src/components/app/order/steps/payment-details/split-payment.tsx,af1cae5ee4,2026-07-27T18:36:38+05:30,1
posx-mokobara-store,60c4cf3413,2026-07-29T18:19:57+05:30,src/components/app/order/steps/payment-details/single-payment.tsx,36e5e63dbd,2026-07-27T17:38:54+05:30,2
posx-mokobara-store,60c4cf3413,2026-07-29T18:19:57+05:30,src/components/app/order/steps/payment-details/split-payment.tsx,36e5e63dbd,2026-07-27T17:38:54+05:30,2
posx-mokobara-store,5c01ca76a7,2026-07-29T18:19:57+05:30,src/components/app/order/steps/payment-details/gift-form/index.tsx,edb1581004,2026-07-27T16:52:56+05:30,2
posx-mokobara-store,5c01ca76a7,2026-07-29T18:19:57+05:30,src/components/app/order/steps/payment-details/single-payment.tsx,edb1581004,2026-07-27T16:52:56+05:30,2
posx-mokobara-store,5c01ca76a7,2026-07-29T18:19:57+05:30,src/components/app/order/steps/payment-details/split-payment.tsx,edb1581004,2026-07-27T16:52:56+05:30,2
posx-mokobara-store,3f48a57309,2026-07-30T00:18:27+05:30,src/components/app/order/online-daily-limit-banner.tsx,47eb328569,2026-07-29T23:31:22+05:30,0
posx-mokobara-store,3f48a57309,2026-07-30T00:18:27+05:30,src/components/app/product/cart-checkout.tsx,47eb328569,2026-07-29T23:31:22+05:30,0
posx-mokobara-store,3f48a57309,2026-07-30T00:18:27+05:30,src/components/app/product/cart-checkout.tsx,20fa4bc8f3,2026-04-14T07:57:52+05:30,106
posx-mokobara-store,3f48a57309,2026-07-30T00:18:27+05:30,src/hooks/useCcnReport.ts,7896c6a2b9,2026-07-07T19:20:57+05:30,22
posx-mokobara-store,3f48a57309,2026-07-30T00:18:27+05:30,src/hooks/useOnlineOrderLimits.ts,47eb328569,2026-07-29T23:31:22+05:30,0
posx-mokobara-store,3f48a57309,2026-07-30T00:18:27+05:30,src/hooks/useReports.ts,a8fd4d2678,2026-01-16T16:38:59+05:30,194
posx-mokobara-store,3f48a57309,2026-07-30T00:18:27+05:30,src/pages/orders/details/payment-details.tsx,47eb328569,2026-07-29T23:31:22+05:30,0
posx-mokobara-store,3f48a57309,2026-07-30T00:18:27+05:30,src/pages/orders/details/payment-details.tsx,f1f705787d,2026-04-14T08:13:18+05:30,106
posx-mokobara-store,3f48a57309,2026-07-30T00:18:27+05:30,src/store/apis/cart.request.ts,db66aad849,2025-11-26T00:51:39+05:30,245
posx-mokobara-store,3f48a57309,2026-07-30T00:18:27+05:30,src/store/apis/store.request.ts,47eb328569,2026-07-29T23:31:22+05:30,0
posx-mokobara-store,3f48a57309,2026-07-30T00:18:27+05:30,src/types/reports.ts,a8fd4d2678,2026-01-16T16:38:59+05:30,194
posx-mokobara-store,e3d6be3358,2026-08-03T12:34:21+05:30,src/pages/inventory/mark-inventory.tsx,507c5b3259,2026-08-03T12:01:32+05:30,0
posx-mokobara-store,82c8b6d9ba,2026-08-07T14:46:23+05:30,src/components/app/order/steps/payment-details/gift-form/index.tsx,6db0e5d103,2026-08-07T10:30:44+05:30,0
posx-mokobara-store,c33413d99f,2026-08-07T17:33:24+05:30,src/components/app/order/steps/payment-details/gift-form/voucher-form.tsx,6db0e5d103,2026-08-07T10:30:44+05:30,0
posx-mokobara-store,c33413d99f,2026-08-07T17:33:24+05:30,src/components/app/order/steps/payment-details/gift-form/voucher-form.tsx,01dd798f4b,2026-06-11T19:43:38+05:30,56
posx-mokobara-store,16f1fd86f2,2026-08-10T14:26:11+05:30,src/components/app/product/cart-product-card.tsx,20fa4bc8f3,2026-04-14T07:57:52+05:30,118
posx-mokobara-store,930f52fec8,2026-08-11T18:57:35+05:30,src/components/app/order/steps/payment-details/gift-form/voucher-form.tsx,887331791f,2026-08-10T18:11:50+05:30,1
posx-mokobara-store,930f52fec8,2026-08-11T18:57:35+05:30,src/store/middlewares/gift-voucher.middleware.ts,887331791f,2026-08-10T18:11:50+05:30,1
posx-mokobara-store,dfa876c970,2026-08-13T17:58:45+05:30,package.json,602195e9ec,2025-10-28T10:27:30+05:30,289
posx-mokobara-store,dfa876c970,2026-08-13T17:58:45+05:30,src/components/access-controlled-outlet.tsx,ef80f8d32f,2026-06-03T02:31:52+05:30,71
posx-mokobara-store,dfa876c970,2026-08-13T17:58:45+05:30,src/components/layouts/app/sidebar.tsx,397154dbc5,2026-01-16T16:53:10+05:30,209
posx-mokobara-store,dfa876c970,2026-08-13T17:58:45+05:30,src/components/layouts/app/sidebar.tsx,602195e9ec,2025-10-28T10:27:30+05:30,289
posx-mokobara-store,dfa876c970,2026-08-13T17:58:45+05:30,src/components/primitives/button.tsx,602195e9ec,2025-10-28T10:27:30+05:30,289
posx-mokobara-store,dfa876c970,2026-08-13T17:58:45+05:30,src/libs/configs/protected-routes.ts,602195e9ec,2025-10-28T10:27:30+05:30,289
posx-mokobara-store,dfa876c970,2026-08-13T17:58:45+05:30,src/libs/route-permissions.ts,ef80f8d32f,2026-06-03T02:31:52+05:30,71
posx-mokobara-store,dfa876c970,2026-08-13T17:58:45+05:30,src/pages/employee-performance/index.tsx,20177531eb,2026-02-16T18:14:32+05:30,177
posx-mokobara-store,dfa876c970,2026-08-13T17:58:45+05:30,src/pages/employee-performance/index.tsx,44263acc7f,2026-02-17T17:50:17+05:30,177
posx-mokobara-store,dfa876c970,2026-08-13T17:58:45+05:30,src/pages/employee-performance/index.tsx,1d1b1ce408,2026-04-15T11:59:44+05:30,120
posx-mokobara-store,dfa876c970,2026-08-13T17:58:45+05:30,src/pages/inventory/internal-stock-transfer.tsx,fc4854f6e8,2026-03-20T03:10:42+05:30,146
posx-mokobara-store,dfa876c970,2026-08-13T17:58:45+05:30,src/pages/inventory/internal-stock-transfer.tsx,dc6e1c3983,2026-04-28T18:46:50+05:30,106
posx-mokobara-store,dfa876c970,2026-08-13T17:58:45+05:30,src/pages/returns/details.tsx,602195e9ec,2025-10-28T10:27:30+05:30,289
posx-mokobara-store,dfa876c970,2026-08-13T17:58:45+05:30,src/pages/returns/index.tsx,d0a8e90edf,2026-05-27T15:55:50+05:30,78
posx-mokobara-store,dfa876c970,2026-08-13T17:58:45+05:30,src/store/actions/permission.action.ts,ef80f8d32f,2026-06-03T02:31:52+05:30,71
posx-mokobara-store,dfa876c970,2026-08-13T17:58:45+05:30,src/store/middlewares/init.middleware.ts,602195e9ec,2025-10-28T10:27:30+05:30,289
posx-mokobara-store,dfa876c970,2026-08-13T17:58:45+05:30,src/store/middlewares/permission.middleware.ts,ef80f8d32f,2026-06-03T02:31:52+05:30,71
posx-mokobara-store,dfa876c970,2026-08-13T17:58:45+05:30,src/store/reducers/permission.reducer.ts,ef80f8d32f,2026-06-03T02:31:52+05:30,71
posx-mokobara-store,37a2378c8b,2026-08-14T16:02:05+05:30,src/pages/inventory/mark-inventory.tsx,507c5b3259,2026-08-03T12:01:32+05:30,11
posx-mokobara-store,37a2378c8b,2026-08-14T16:02:05+05:30,src/pages/inventory/mark-inventory.tsx,604dd57183,2026-05-08T01:39:56+05:30,98
posx-mokobara-store,37a2378c8b,2026-08-14T16:02:05+05:30,src/pages/inventory/mark-inventory.tsx,36e30eafd3,2026-07-10T02:00:57+05:30,35
posx-mokobara-store,37a2378c8b,2026-08-14T16:02:05+05:30,src/pages/inventory/mark-inventory.tsx,f079f546d6,2026-04-18T06:58:42+05:30,118
posx-mokobara-store,37a2378c8b,2026-08-14T16:02:05+05:30,src/pages/inventory/mark-inventory.tsx,8e8115bcd2,2026-07-17T13:53:21+05:30,28
posx-mokobara-store,37a2378c8b,2026-08-14T16:02:05+05:30,src/pages/inventory/mark-inventory.tsx,dc6e1c3983,2026-04-28T18:46:50+05:30,107
posx-mokobara-store,b380f006c1,2026-08-14T18:17:15+05:30,src/pages/inventory/mark-inventory.tsx,37a2378c8b,2026-08-14T16:02:05+05:30,0
posx-mokobara-store,b380f006c1,2026-08-14T18:17:15+05:30,src/pages/inventory/mark-inventory.tsx,fe54844390,2025-12-09T10:03:49+05:30,248
posx-mokobara-store,b380f006c1,2026-08-14T18:17:15+05:30,src/pages/inventory/mark-inventory.tsx,604dd57183,2026-05-08T01:39:56+05:30,98
posx-mokobara-store,0eb6f86908,2026-08-14T19:03:34+05:30,src/pages/inventory/mark-inventory.tsx,604dd57183,2026-05-08T01:39:56+05:30,98
posx-mokobara-store,0eb6f86908,2026-08-14T19:03:34+05:30,src/pages/inventory/mark-inventory.tsx,36e30eafd3,2026-07-10T02:00:57+05:30,35
posx-mokobara-store,0eb6f86908,2026-08-14T19:03:34+05:30,src/pages/inventory/mark-inventory.tsx,f079f546d6,2026-04-18T06:58:42+05:30,118
posx-mokobara-store,0eb6f86908,2026-08-14T19:03:34+05:30,src/pages/inventory/mark-inventory.tsx,8e8115bcd2,2026-07-17T13:53:21+05:30,28
posx-mokobara-store,0eb6f86908,2026-08-14T19:03:34+05:30,src/pages/inventory/mark-inventory.tsx,dc6e1c3983,2026-04-28T18:46:50+05:30,108
posx-mokobara-store,f65a1e4808,2026-08-14T19:17:21+05:30,src/pages/inventory/mark-inventory.tsx,604dd57183,2026-05-08T01:39:56+05:30,98
posx-mokobara-store,f65a1e4808,2026-08-14T19:17:21+05:30,src/pages/inventory/mark-inventory.tsx,f079f546d6,2026-04-18T06:58:42+05:30,118
posx-mokobara-store,f65a1e4808,2026-08-14T19:17:21+05:30,src/pages/inventory/mark-inventory.tsx,0eb6f86908,2026-08-14T19:03:34+05:30,0
posx-mokobara-store,f65a1e4808,2026-08-14T19:17:21+05:30,src/pages/inventory/mark-inventory.tsx,36e30eafd3,2026-07-10T02:00:57+05:30,35
posx-mokobara-store,c8c73d541b,2026-08-18T12:02:45+05:30,src/components/app/inventory/mark-inventory/grn-order-summary.tsx,35c72732d9,2026-08-18T11:31:33+05:30,0
posx-mokobara-store,c8c73d541b,2026-08-18T12:02:45+05:30,src/components/app/inventory/mark-inventory/grn-order-summary.tsx,507c5b3259,2026-08-03T12:01:32+05:30,15
posx-mokobara-store,c8c73d541b,2026-08-18T12:02:45+05:30,src/pages/inventory/inbound.tsx,35c72732d9,2026-08-18T11:31:33+05:30,0
posx-mokobara-store,c8c73d541b,2026-08-18T12:02:45+05:30,src/pages/inventory/inbound.tsx,507c5b3259,2026-08-03T12:01:32+05:30,15
posx-mokobara-store,c8c73d541b,2026-08-18T12:02:45+05:30,src/pages/inventory/mark-inventory.tsx,604dd57183,2026-05-08T01:39:56+05:30,102
posx-mokobara-store,143aead014,2026-08-18T17:34:48+05:30,src/pages/inventory/inbound.tsx,507c5b3259,2026-08-03T12:01:32+05:30,15
posx-mokobara-store,143aead014,2026-08-18T17:34:48+05:30,src/pages/inventory/inbound.tsx,c8c73d541b,2026-08-18T12:02:45+05:30,0
posx-mokobara-store,143aead014,2026-08-18T17:34:48+05:30,src/store/actions/inventory.action.ts,507c5b3259,2026-08-03T12:01:32+05:30,15
posx-mokobara-store,143aead014,2026-08-18T17:34:48+05:30,src/store/apis/inventory.request.ts,507c5b3259,2026-08-03T12:01:32+05:30,15
posx-mokobara-store,143aead014,2026-08-18T17:34:48+05:30,src/store/reducers/inventory.reducer.ts,507c5b3259,2026-08-03T12:01:32+05:30,15
posx-mokobara-store,e0db6cafd5,2026-08-18T21:23:23+05:30,src/pages/inventory/inbound.tsx,507c5b3259,2026-08-03T12:01:32+05:30,15
posx-mokobara-store,e0db6cafd5,2026-08-18T21:23:23+05:30,src/pages/inventory/inbound.tsx,143aead014,2026-08-18T17:34:48+05:30,0
posx-mokobara-store,e0db6cafd5,2026-08-18T21:23:23+05:30,src/store/apis/inventory.request.ts,143aead014,2026-08-18T17:34:48+05:30,0
posx-mokobara-store,e0db6cafd5,2026-08-18T21:23:23+05:30,src/store/middlewares/inventory.middleware.ts,507c5b3259,2026-08-03T12:01:32+05:30,15
posx-mokobara-store,e0db6cafd5,2026-08-18T21:23:23+05:30,src/store/reducers/inventory.reducer.ts,143aead014,2026-08-18T17:34:48+05:30,0
posx-mokobara-store,e0db6cafd5,2026-08-18T21:23:23+05:30,src/store/reducers/inventory.reducer.ts,507c5b3259,2026-08-03T12:01:32+05:30,15
posx-mokobara-store,d3c1b8ddaf,2026-08-18T22:42:39+05:30,src/components/app/order/steps/payment-details/gift-form/voucher-form.tsx,887331791f,2026-08-10T18:11:50+05:30,8
posx-mokobara-store,4c17dbe08f,2026-08-20T12:10:18+05:30,src/components/app/order/steps/payment-details/gift-form/voucher-form.tsx,887331791f,2026-08-10T18:11:50+05:30,9
posx-mokobara-store,16967dcb91,2026-08-24T13:27:21+05:30,src/pages/inventory/mark-inventory.tsx,acbd72de9b,2026-07-17T20:53:55+05:30,37
posx-mokobara-store,16967dcb91,2026-08-24T13:27:21+05:30,src/pages/inventory/mark-inventory.tsx,604dd57183,2026-05-08T01:39:56+05:30,108
posx-mokobara-store,16967dcb91,2026-08-24T13:27:21+05:30,src/pages/inventory/mark-inventory.tsx,37a2378c8b,2026-08-14T16:02:05+05:30,9
posx-mokobara-store,16967dcb91,2026-08-24T13:27:21+05:30,src/pages/inventory/mark-inventory.tsx,b1a8735f33,2026-08-24T12:27:57+05:30,0
posx-mokobara-store,16967dcb91,2026-08-24T13:27:21+05:30,src/pages/inventory/mark-inventory.tsx,59388b6016,2026-08-18T22:08:55+05:30,5
posx-mokobara-store,16967dcb91,2026-08-24T13:27:21+05:30,src/pages/inventory/mark-inventory.tsx,cafc08f429,2026-03-16T00:44:39+05:30,161
posx-mokobara-store,16967dcb91,2026-08-24T13:27:21+05:30,src/pages/inventory/mark-inventory.tsx,fe54844390,2025-12-09T10:03:49+05:30,258
posx-mokobara-store,19e10809eb,2026-09-01T15:14:01+05:30,src/components/app/inventory/mark-inventory/inward-pin-dialog.tsx,c68635c943,2026-08-31T12:25:28+05:30,1
posx-mokobara-store,6a5373a901,2026-09-01T15:23:05+05:30,src/components/app/inventory/mark-inventory/inward-pin-dialog.tsx,19e10809eb,2026-09-01T15:14:01+05:30,0
posx-mokobara-store,83dd00184e,2026-09-01T16:18:37+05:30,src/components/app/inventory/mark-inventory/line-item-card.tsx,f079f546d6,2026-04-18T06:58:42+05:30,136
posx-mokobara-store,fac31118f6,2026-09-03T11:15:18+05:30,src/libs/route-permissions.ts,dfa876c970,2026-08-13T17:58:45+05:30,20
posx-mokobara-store,892b8ec295,2026-09-03T11:33:43+05:30,src/components/app/inventory/mark-inventory/line-item-card.tsx,f079f546d6,2026-04-18T06:58:42+05:30,138
posx-mokobara-store,892b8ec295,2026-09-03T11:33:43+05:30,src/components/app/inventory/mark-inventory/line-item-card.tsx,0993024751,2026-02-18T20:16:56+05:30,196
posx-mokobara-store,892b8ec295,2026-09-03T11:33:43+05:30,src/components/layouts/app/sidebar.tsx,397154dbc5,2026-01-16T16:53:10+05:30,229
posx-mokobara-store,351eca88da,2026-09-03T12:22:16+05:30,src/pages/inventory/mark-inventory.tsx,e209b94211,2026-09-03T10:51:36+05:30,0
posx-mokobara-store,351eca88da,2026-09-03T12:22:16+05:30,src/pages/inventory/mark-inventory.tsx,fe54844390,2025-12-09T10:03:49+05:30,268
posx-mokobara-store,351eca88da,2026-09-03T12:22:16+05:30,src/pages/inventory/mark-inventory.tsx,dc6e1c3983,2026-04-28T18:46:50+05:30,127
posx-mokobara-store,351eca88da,2026-09-03T12:22:16+05:30,src/pages/inventory/mark-inventory.tsx,8e8115bcd2,2026-07-17T13:53:21+05:30,47
posx-mokobara-store,351eca88da,2026-09-03T12:22:16+05:30,src/pages/inventory/mark-inventory.tsx,0993024751,2026-02-18T20:16:56+05:30,196
posx-mokobara-store,351eca88da,2026-09-03T12:22:16+05:30,src/pages/inventory/mark-inventory.tsx,7fd822f985,2026-03-20T03:11:17+05:30,167
posx-mokobara-store,351eca88da,2026-09-03T12:22:16+05:30,src/pages/inventory/mark-inventory.tsx,1200c7c1d4,2026-08-31T16:05:33+05:30,2
posx-mokobara-store,351eca88da,2026-09-03T12:22:16+05:30,src/pages/inventory/mark-inventory.tsx,f079f546d6,2026-04-18T06:58:42+05:30,138
posx-mokobara-store,351eca88da,2026-09-03T12:22:16+05:30,src/pages/inventory/mark-inventory.tsx,c68635c943,2026-08-31T12:25:28+05:30,2
posx-mokobara-store,351eca88da,2026-09-03T12:22:16+05:30,src/pages/inventory/mark-inventory.tsx,37a2378c8b,2026-08-14T16:02:05+05:30,19
posx-mokobara-store,351eca88da,2026-09-03T12:22:16+05:30,src/pages/inventory/mark-inventory.tsx,f65a1e4808,2026-08-14T19:17:21+05:30,19
posx-mokobara-store,351eca88da,2026-09-03T12:22:16+05:30,src/pages/inventory/mark-inventory.tsx,b380f006c1,2026-08-14T18:17:15+05:30,19
posx-mokobara-store,351eca88da,2026-09-03T12:22:16+05:30,src/pages/inventory/mark-inventory.tsx,cedc86ac19,2026-08-14T18:47:38+05:30,19
posx-mokobara-store,351eca88da,2026-09-03T12:22:16+05:30,src/pages/inventory/mark-inventory.tsx,507c5b3259,2026-08-03T12:01:32+05:30,31
posx-mokobara-store,15d1375905,2026-09-03T12:29:10+05:30,src/pages/inventory/mark-inventory.tsx,e209b94211,2026-09-03T10:51:36+05:30,0
posx-mokobara-store,6dad659784,2026-09-03T12:35:38+05:30,src/pages/inventory/mark-inventory.tsx,15d1375905,2026-09-03T12:29:10+05:30,0
posx-mokobara-store,6dad659784,2026-09-03T12:35:38+05:30,src/pages/inventory/mark-inventory.tsx,351eca88da,2026-09-03T12:22:16+05:30,0
posx-mokobara-store,6dad659784,2026-09-03T12:35:38+05:30,src/pages/inventory/mark-inventory.tsx,604dd57183,2026-05-08T01:39:56+05:30,118
posx-mokobara-store,6dad659784,2026-09-03T12:35:38+05:30,src/pages/inventory/mark-inventory.tsx,c8c73d541b,2026-08-18T12:02:45+05:30,16
posx-mokobara-store,6dad659784,2026-09-03T12:35:38+05:30,src/pages/inventory/mark-inventory.tsx,f079f546d6,2026-04-18T06:58:42+05:30,138
posx-mokobara-store,6dad659784,2026-09-03T12:35:38+05:30,src/pages/inventory/mark-inventory.tsx,c68635c943,2026-08-31T12:25:28+05:30,3
posx-mokobara-store,6dad659784,2026-09-03T12:35:38+05:30,src/pages/inventory/mark-inventory.tsx,e209b94211,2026-09-03T10:51:36+05:30,0
posx-mokobara-store,6dad659784,2026-09-03T12:35:38+05:30,src/pages/inventory/mark-inventory.tsx,1200c7c1d4,2026-08-31T16:05:33+05:30,2
posx-ugaoo-admin,06104dcf50,2026-03-23T10:47:04+05:30,src/i18n/translations/$schema.json,120dd08d3e,2026-03-11T11:15:36+05:30,11
posx-ugaoo-admin,06104dcf50,2026-03-23T10:47:04+05:30,src/i18n/translations/en.json,120dd08d3e,2026-03-11T11:15:36+05:30,11
posx-ugaoo-admin,06104dcf50,2026-03-23T10:47:04+05:30,src/routes/employees/employee-create/components/basic-info-create-form/basic-info-create-form.tsx,120dd08d3e,2026-03-11T11:15:36+05:30,11
posx-ugaoo-admin,06104dcf50,2026-03-23T10:47:04+05:30,src/routes/employees/employee-create/constants.ts,120dd08d3e,2026-03-11T11:15:36+05:30,11
posx-ugaoo-admin,06104dcf50,2026-03-23T10:47:04+05:30,src/routes/employees/employee-edit/components/edit-employee-form/edit-employee-form.tsx,120dd08d3e,2026-03-11T11:15:36+05:30,11
posx-ugaoo-admin,06104dcf50,2026-03-23T10:47:04+05:30,src/routes/pos-inventory/inventory-list/components/inventory-list-table/inventory-list-table.tsx,120dd08d3e,2026-03-11T11:15:36+05:30,11
posx-ugaoo-admin,06104dcf50,2026-03-23T10:47:04+05:30,src/routes/store-coupons/coupon-create/components/basic-info-create-form/basic-info-create-form.tsx,120dd08d3e,2026-03-11T11:15:36+05:30,11
posx-ugaoo-admin,06104dcf50,2026-03-23T10:47:04+05:30,src/routes/store-coupons/coupon-create/components/coupon-create-form/coupon-create-form.tsx,120dd08d3e,2026-03-11T11:15:36+05:30,11
posx-ugaoo-admin,06104dcf50,2026-03-23T10:47:04+05:30,src/routes/store-details/store-details-create/components/basic-info-create-form/basic-info-create-form.tsx,120dd08d3e,2026-03-11T11:15:36+05:30,11
posx-ugaoo-admin,06104dcf50,2026-03-23T10:47:04+05:30,src/routes/store-details/store-details-create/components/payment-create-form/payment-create-form.tsx,120dd08d3e,2026-03-11T11:15:36+05:30,11
posx-ugaoo-admin,06104dcf50,2026-03-23T10:47:04+05:30,src/routes/store-details/store-details-create/components/store-details-create-form/store-details-create-form.tsx,120dd08d3e,2026-03-11T11:15:36+05:30,11
posx-ugaoo-admin,06104dcf50,2026-03-23T10:47:04+05:30,src/routes/store-details/store-details-create/constants.ts,120dd08d3e,2026-03-11T11:15:36+05:30,11
posx-ugaoo-admin,06104dcf50,2026-03-23T10:47:04+05:30,src/routes/store-details/store-edit/components/edit-store-form.tsx,120dd08d3e,2026-03-11T11:15:36+05:30,11
posx-ugaoo-admin,334326a732,2026-04-01T18:35:25+05:30,src/routes/bundles/bundle-create/components/bundle-product-picker.tsx,8a9fde344a,2026-03-26T18:51:27+05:30,5
posx-ugaoo-admin,334326a732,2026-04-01T18:35:25+05:30,src/routes/store-coupons/coupon-create/components/coupon-create-form/coupon-create-form.tsx,120dd08d3e,2026-03-11T11:15:36+05:30,21
posx-ugaoo-admin,334326a732,2026-04-01T18:35:25+05:30,src/routes/store-coupons/coupon-create/components/discount-configuration-form/discount-configuration-form.tsx,120dd08d3e,2026-03-11T11:15:36+05:30,21
posx-ugaoo-admin,334326a732,2026-04-01T18:35:25+05:30,src/routes/store-details/store-details-create/components/billing-address-create-form/billing-address-create-form.tsx,120dd08d3e,2026-03-11T11:15:36+05:30,21
posx-ugaoo-admin,b01b293967,2026-04-02T12:16:11+05:30,.github/workflows/deploy.yml,028fd669a2,2026-03-17T13:07:52+05:30,15
posx-ugaoo-admin,65730bf1b3,2026-04-08T09:11:32+05:30,src/i18n/translations/en.json,a11609447c,2026-04-02T15:35:04+05:30,5
posx-ugaoo-admin,65730bf1b3,2026-04-08T09:11:32+05:30,src/routes/store-coupons/coupon-create/components/discount-configuration-form/discount-configuration-form.tsx,334326a732,2026-04-01T18:35:25+05:30,6
posx-ugaoo-admin,65730bf1b3,2026-04-08T09:11:32+05:30,src/routes/store-coupons/coupon-create/components/discount-configuration-form/discount-configuration-form.tsx,120dd08d3e,2026-03-11T11:15:36+05:30,27
posx-ugaoo-admin,65730bf1b3,2026-04-08T09:11:32+05:30,src/routes/store-coupons/coupon-create/components/product-selection/product-selection.tsx,120dd08d3e,2026-03-11T11:15:36+05:30,27
posx-ugaoo-admin,65730bf1b3,2026-04-08T09:11:32+05:30,src/routes/store-coupons/coupon-edit/components/edit-coupon-form.tsx,120dd08d3e,2026-03-11T11:15:36+05:30,27
posx-ugaoo-admin,58a61ef70e,2026-04-11T12:19:04+05:30,src/routes/store-coupons/coupon-create/components/product-selection/product-selection.tsx,120dd08d3e,2026-03-11T11:15:36+05:30,31
posx-ugaoo-admin,58a61ef70e,2026-04-11T12:19:04+05:30,src/routes/store-coupons/coupon-create/components/product-selection/product-selection.tsx,def0a1ccb9,2026-03-11T14:46:43+05:30,30
posx-ugaoo-admin,58a61ef70e,2026-04-11T12:19:04+05:30,src/routes/store-coupons/coupon-create/components/product-selection/product-selection.tsx,65730bf1b3,2026-04-08T09:11:32+05:30,3
posx-ugaoo-admin,f0d8dfa681,2026-04-11T14:37:53+05:30,src/routes/store-coupons/coupon-create/components/product-selection/product-selection.tsx,120dd08d3e,2026-03-11T11:15:36+05:30,31
posx-ugaoo-admin,f0d8dfa681,2026-04-11T14:37:53+05:30,src/routes/store-coupons/coupon-create/components/product-selection/product-selection.tsx,58a61ef70e,2026-04-11T12:19:04+05:30,0
posx-ugaoo-admin,edbb3d7bb3,2026-04-13T16:06:14+05:30,src/routes/store-details/store-details-create/components/address-create-form/address-create-form.tsx,0340ab3fe5,2026-04-07T17:27:08+05:30,5
posx-ugaoo-admin,edbb3d7bb3,2026-04-13T16:06:14+05:30,src/routes/store-details/store-details-create/components/address-create-form/address-create-form.tsx,334326a732,2026-04-01T18:35:25+05:30,11
posx-ugaoo-admin,edbb3d7bb3,2026-04-13T16:06:14+05:30,src/routes/store-details/store-details-create/components/billing-address-create-form/billing-address-create-form.tsx,0340ab3fe5,2026-04-07T17:27:08+05:30,5
posx-ugaoo-admin,edbb3d7bb3,2026-04-13T16:06:14+05:30,src/routes/store-details/store-details-create/components/billing-address-create-form/billing-address-create-form.tsx,334326a732,2026-04-01T18:35:25+05:30,11
posx-ugaoo-admin,596395ed21,2026-04-15T16:36:25+05:30,src/routes/store-details/store-details-create/components/store-details-create-form/store-details-create-form.tsx,cf91b6cc4d,2026-03-31T15:49:46+05:30,15
posx-ugaoo-admin,596395ed21,2026-04-15T16:36:25+05:30,src/routes/store-details/store-edit/components/edit-store-form.tsx,cf91b6cc4d,2026-03-31T15:49:46+05:30,15
posx-ugaoo-admin,7c57f344f1,2026-04-15T16:44:47+05:30,src/routes/bundles/bundle-import/bundle-import.tsx,e8d7e8e846,2026-03-25T17:26:55+05:30,20
posx-ugaoo-admin,eddeda7c5d,2026-04-15T16:44:47+05:30,src/routes/bundles/bundle-import/bundle-import.tsx,e8d7e8e846,2026-03-25T17:26:55+05:30,20
posx-ugaoo-admin,76b797e326,2026-04-17T11:57:34+05:30,src/routes/cms/cms-list/components/cms-list-table/cms-list-table.tsx,120dd08d3e,2026-03-11T11:15:36+05:30,37
posx-ugaoo-admin,76b797e326,2026-04-17T11:57:34+05:30,src/routes/cms/types.ts,120dd08d3e,2026-03-11T11:15:36+05:30,37
posx-ugaoo-admin,76b797e326,2026-04-17T11:57:34+05:30,src/routes/cms/types.ts,f794564eb6,2026-03-26T14:56:35+05:30,21
posx-ugaoo-admin,d9fcea63ce,2026-04-17T12:39:34+05:30,src/routes/bundles/bundle-edit/bundle-edit.tsx,e8d7e8e846,2026-03-25T17:26:55+05:30,22
posx-ugaoo-admin,9b6c110ca4,2026-04-18T12:00:11+05:30,src/routes/online-coupons/online-coupon-list/online-coupon-list.tsx,7105b66d8e,2026-04-01T12:25:51+05:30,16
posx-ugaoo-admin,9b6c110ca4,2026-04-18T12:00:11+05:30,src/routes/store-coupons/coupon-create/components/basic-info-create-form/basic-info-create-form.tsx,06104dcf50,2026-03-23T10:47:04+05:30,26
posx-ugaoo-admin,a2b4e9fbce,2026-05-02T12:17:27+05:30,src/components/custom-sort/custom-sort.tsx,120dd08d3e,2026-03-11T11:15:36+05:30,52
posx-ugaoo-admin,a2b4e9fbce,2026-05-02T12:17:27+05:30,src/routes/cms/cms-list/components/cms-list-table/cms-list-table.tsx,120dd08d3e,2026-03-11T11:15:36+05:30,52
posx-ugaoo-admin,a2b4e9fbce,2026-05-02T12:17:27+05:30,src/routes/cms/cms-list/components/use-cms-table-query.tsx,120dd08d3e,2026-03-11T11:15:36+05:30,52
posx-ugaoo-admin,a2b4e9fbce,2026-05-02T12:17:27+05:30,src/routes/cms/types.ts,76b797e326,2026-04-17T11:57:34+05:30,15
posx-ugaoo-admin,a2b4e9fbce,2026-05-02T12:17:27+05:30,src/routes/cms/types.ts,120dd08d3e,2026-03-11T11:15:36+05:30,52
posx-ugaoo-admin,0e5ce71b04,2026-05-13T00:50:53+05:30,src/routes/cms/cms-list/components/cms-list-table/cms-list-table.tsx,120dd08d3e,2026-03-11T11:15:36+05:30,62
posx-ugaoo-admin,7f1ee99c1b,2026-05-13T15:17:17+05:30,src/routes/store-coupons/coupon-edit/components/edit-coupon-form.tsx,2f77e3ab21,2026-05-05T15:59:03+05:30,7
posx-ugaoo-admin,96a0d61906,2026-05-14T17:25:23+05:30,src/routes/cms/cms-list/components/cms-list-table/cms-list-table.tsx,120dd08d3e,2026-03-11T11:15:36+05:30,64
posx-ugaoo-admin,b15a1d0cc1,2026-05-15T12:48:07+05:30,src/hooks/api/employee.tsx,120dd08d3e,2026-03-11T11:15:36+05:30,65
posx-ugaoo-admin,b15a1d0cc1,2026-05-15T12:48:07+05:30,src/routes/employees/employee-create/components/employee-create-form/employee-create-form.tsx,120dd08d3e,2026-03-11T11:15:36+05:30,65
posx-ugaoo-admin,b725d59f53,2026-05-15T15:49:24+05:30,src/hooks/api/employee.tsx,120dd08d3e,2026-03-11T11:15:36+05:30,65
posx-ugaoo-admin,4bd4114779,2026-05-15T17:32:55+05:30,src/routes/order-details/order-detail/order-detail.tsx,120dd08d3e,2026-03-11T11:15:36+05:30,65
posx-ugaoo-admin,f8dc97a4d2,2026-05-15T18:01:49+05:30,src/routes/pos-inventory/inventory-list/components/inventory-list-table/inventory-list-table.tsx,120dd08d3e,2026-03-11T11:15:36+05:30,65
posx-ugaoo-admin,abf78d6a41,2026-05-16T10:44:59+05:30,src/routes/cms/cms-list/components/cms-list-table/cms-list-table.tsx,120dd08d3e,2026-03-11T11:15:36+05:30,65
posx-ugaoo-admin,abf78d6a41,2026-05-16T10:44:59+05:30,src/routes/cms/cms-list/components/use-cms-table-query.tsx,a2b4e9fbce,2026-05-02T12:17:27+05:30,13
posx-ugaoo-admin,abf78d6a41,2026-05-16T10:44:59+05:30,src/routes/cms/cms-list/components/use-cms-table-query.tsx,120dd08d3e,2026-03-11T11:15:36+05:30,65
posx-ugaoo-admin,9538cf327b,2026-05-16T13:15:34+05:30,src/routes/bundles/bundle-list/components/bundle-list-table/bundle-list-table.tsx,e8d7e8e846,2026-03-25T17:26:55+05:30,51
posx-ugaoo-admin,9538cf327b,2026-05-16T13:15:34+05:30,src/routes/employees/employee-list/components/employee-list-table/employee-list-table.tsx,120dd08d3e,2026-03-11T11:15:36+05:30,66
posx-ugaoo-admin,9538cf327b,2026-05-16T13:15:34+05:30,src/routes/footfall/footfall-list/components/footfall-list-table.tsx,120dd08d3e,2026-03-11T11:15:36+05:30,66
posx-ugaoo-admin,9538cf327b,2026-05-16T13:15:34+05:30,src/routes/order-details/order-list/components/order-list-table/order-list-table.tsx,120dd08d3e,2026-03-11T11:15:36+05:30,66
posx-ugaoo-admin,9538cf327b,2026-05-16T13:15:34+05:30,src/routes/pos-inventory/inventory-list/components/inventory-list-table/inventory-list-table.tsx,120dd08d3e,2026-03-11T11:15:36+05:30,66
posx-ugaoo-admin,9538cf327b,2026-05-16T13:15:34+05:30,src/routes/store-coupons/store-list/components/store-coupon-list-table/store-coupon-list-table.tsx,120dd08d3e,2026-03-11T11:15:36+05:30,66
posx-ugaoo-admin,9538cf327b,2026-05-16T13:15:34+05:30,src/routes/store-details/store-list/components/store-list-table/store-list-table.tsx,120dd08d3e,2026-03-11T11:15:36+05:30,66
posx-ugaoo-admin,58de347701,2026-05-21T12:22:47+05:30,src/components/inputs/assortment-combobox/use-assortment-combobox-data.tsx,2f77e3ab21,2026-05-05T15:59:03+05:30,15
posx-ugaoo-admin,58de347701,2026-05-21T12:22:47+05:30,src/components/inputs/combobox/combobox.tsx,120dd08d3e,2026-03-11T11:15:36+05:30,71
posx-ugaoo-admin,58de347701,2026-05-21T12:22:47+05:30,src/routes/store-coupons/coupon-create/components/discount-configuration-form/discount-configuration-form.tsx,2f77e3ab21,2026-05-05T15:59:03+05:30,15
posx-ugaoo-admin,58de347701,2026-05-21T12:22:47+05:30,src/routes/store-coupons/coupon-create/components/discount-configuration-form/discount-configuration-form.tsx,4811ec84f9,2026-05-06T12:38:07+05:30,14
posx-ugaoo-admin,5912bbae0a,2026-05-22T16:50:07+05:30,src/routes/store-details/store-details-create/constants.ts,120dd08d3e,2026-03-11T11:15:36+05:30,72
posx-ugaoo-admin,39026cb574,2026-06-05T11:44:28+05:30,src/components/layout/nav-item/nav-item.tsx,120dd08d3e,2026-03-11T11:15:36+05:30,86
posx-ugaoo-admin,6960521645,2026-07-08T12:14:08+05:30,package-lock.json,120dd08d3e,2026-03-11T11:15:36+05:30,119
posx-ugaoo-admin,6960521645,2026-07-08T12:14:08+05:30,package.json,529b9e6d4e,2026-06-30T15:47:35+05:30,7
posx-ugaoo-admin,dc068bd40c,2026-07-21T12:26:13+05:30,.github/workflows/deploy.yml,120dd08d3e,2026-03-11T11:15:36+05:30,132
posx-ugaoo-admin,02de3f2e66,2026-08-06T17:11:06+05:30,src/routes/order-details/order-list/components/order-report-grid.tsx,06c6d99cee,2026-07-15T17:24:48+05:30,21
posx-ugaoo-admin,083c625a69,2026-08-10T16:09:28+05:30,src/hooks/api/gst-info.tsx,1575c3b789,2026-08-10T15:55:20+05:30,0
posx-ugaoo-admin,083c625a69,2026-08-10T16:09:28+05:30,src/routes/gst-info/gst-info-import/gst-info-import.tsx,1575c3b789,2026-08-10T15:55:20+05:30,0
posx-ugaoo-admin,083c625a69,2026-08-10T16:09:28+05:30,src/routes/gst-info/gst-info-import/helpers/parse-csv-preview.ts,1575c3b789,2026-08-10T15:55:20+05:30,0
posx-ugaoo-admin,083c625a69,2026-08-10T16:09:28+05:30,src/routes/gst-info/gst-info-list/gst-info-list.tsx,1575c3b789,2026-08-10T15:55:20+05:30,0
posx-ugaoo-admin,3a926b9273,2026-08-10T17:17:52+05:30,src/routes/gst-info/gst-info-import/helpers/parse-csv-preview.ts,1575c3b789,2026-08-10T15:55:20+05:30,0
posx-ugaoo-admin,3a926b9273,2026-08-10T17:17:52+05:30,src/routes/gst-info/gst-info-list/gst-info-list.tsx,1575c3b789,2026-08-10T15:55:20+05:30,0
posx-ugaoo-admin,05a5ee4dd4,2026-08-12T23:39:12+05:30,src/routes/gst-info/gst-info-list/gst-info-list.tsx,1575c3b789,2026-08-10T15:55:20+05:30,2
posx-ugaoo-admin,4480cc653f,2026-08-12T23:42:08+05:30,src/routes/gst-info/gst-info-list/gst-info-list.tsx,1575c3b789,2026-08-10T15:55:20+05:30,2
posx-ugaoo-admin,4480cc653f,2026-08-12T23:42:08+05:30,src/routes/gst-info/gst-info-list/gst-info-list.tsx,3a926b9273,2026-08-10T17:17:52+05:30,2
posx-ugaoo-admin,4480cc653f,2026-08-12T23:42:08+05:30,src/routes/gst-info/gst-info-list/gst-info-list.tsx,1b99b75dc3,2026-08-10T16:31:06+05:30,2
posx-ugaoo-admin,fe4a943191,2026-08-18T12:03:35+05:30,src/i18n/translations/en.json,1a37df7344,2026-03-11T12:49:24+05:30,159
posx-ugaoo-admin,fe4a943191,2026-08-18T12:03:35+05:30,src/routes/employees/employee-create/components/basic-info-create-form/basic-info-create-form.tsx,0eacaa678c,2026-08-18T11:33:38+05:30,0
posx-ugaoo-admin,fe4a943191,2026-08-18T12:03:35+05:30,src/routes/employees/employee-detail/components/employee-info-section.tsx,120dd08d3e,2026-03-11T11:15:36+05:30,160
posx-ugaoo-admin,fe4a943191,2026-08-18T12:03:35+05:30,src/routes/employees/employee-detail/components/employee-info-section.tsx,0eacaa678c,2026-08-18T11:33:38+05:30,0
posx-ugaoo-admin,fe4a943191,2026-08-18T12:03:35+05:30,src/routes/employees/employee-edit/components/edit-employee-form/edit-employee-form.tsx,0eacaa678c,2026-08-18T11:33:38+05:30,0
posx-ugaoo-admin,fe4a943191,2026-08-18T12:03:35+05:30,src/routes/order-details/order-list/components/__tests__/store-wise-report.test.tsx,0eacaa678c,2026-08-18T11:33:38+05:30,0
posx-ugaoo-backend,8c3bd82a93,2026-03-19T14:24:27+05:30,src/types/validators/cms.ts,b5a523bc77,2026-03-17T22:54:05+05:30,1
posx-ugaoo-backend,8c3bd82a93,2026-03-19T14:24:27+05:30,src/workflows/cms/steps/day-end-step.ts,b5a523bc77,2026-03-17T22:54:05+05:30,1
posx-ugaoo-backend,8c3bd82a93,2026-03-19T14:24:27+05:30,src/workflows/cms/workflows/day-end.ts,b5a523bc77,2026-03-17T22:54:05+05:30,1
posx-ugaoo-backend,8c3bd82a93,2026-03-19T14:24:27+05:30,src/workflows/cms/workflows/day-start.ts,b5a523bc77,2026-03-17T22:54:05+05:30,1
posx-ugaoo-backend,2b383b35ee,2026-03-20T12:05:37+05:30,package-lock.json,65439778c4,2026-03-10T11:36:54+05:30,10
posx-ugaoo-backend,2b383b35ee,2026-03-20T12:05:37+05:30,src/workflows/stn/steps/validate-stn-items-step.ts,65439778c4,2026-03-10T11:36:54+05:30,10
posx-ugaoo-backend,618c9c0a0f,2026-03-20T15:54:48+05:30,src/api/admin/pos-inventory/job/route.ts,65439778c4,2026-03-10T11:36:54+05:30,10
posx-ugaoo-backend,618c9c0a0f,2026-03-20T15:54:48+05:30,src/api/admin/shopify-customer/route.ts,65439778c4,2026-03-10T11:36:54+05:30,10
posx-ugaoo-backend,618c9c0a0f,2026-03-20T15:54:48+05:30,src/modules/order-detail/service.ts,65439778c4,2026-03-10T11:36:54+05:30,10
posx-ugaoo-backend,618c9c0a0f,2026-03-20T15:54:48+05:30,src/modules/pos-inventory/migrations/.snapshot-pos-inventory.json,45be7ef0d3,2026-03-10T14:37:32+05:30,10
posx-ugaoo-backend,618c9c0a0f,2026-03-20T15:54:48+05:30,src/modules/pos-inventory/service.ts,6a9679ba80,2026-03-19T23:05:17+05:30,0
posx-ugaoo-backend,0e22b4ce79,2026-03-21T06:03:45+05:30,src/api/admin/unified-cart/middlewares.ts,95e2ba764b,2026-03-20T10:33:08+05:30,0
posx-ugaoo-backend,0e22b4ce79,2026-03-21T06:03:45+05:30,src/api/admin/online-cart/route.ts,65439778c4,2026-03-10T11:36:54+05:30,10
posx-ugaoo-backend,0e22b4ce79,2026-03-21T06:03:45+05:30,src/api/admin/shopify-customer/route.ts,65439778c4,2026-03-10T11:36:54+05:30,10
posx-ugaoo-backend,0e22b4ce79,2026-03-21T06:03:45+05:30,src/api/middlewares.ts,95e2ba764b,2026-03-20T10:33:08+05:30,0
posx-ugaoo-backend,0e22b4ce79,2026-03-21T06:03:45+05:30,src/api/middlewares.ts,65439778c4,2026-03-10T11:36:54+05:30,10
posx-ugaoo-backend,0e22b4ce79,2026-03-21T06:03:45+05:30,src/subscribers/update-cms-accumulation.ts,b5a523bc77,2026-03-17T22:54:05+05:30,3
posx-ugaoo-backend,0e22b4ce79,2026-03-21T06:03:45+05:30,src/types/validators/order-detail.ts,95e2ba764b,2026-03-20T10:33:08+05:30,0
posx-ugaoo-backend,0e22b4ce79,2026-03-21T06:03:45+05:30,src/workflows/order-detail/steps/confirm-order-detail-step.ts,95e2ba764b,2026-03-20T10:33:08+05:30,0
posx-ugaoo-backend,0e22b4ce79,2026-03-21T06:03:45+05:30,src/workflows/order-detail/steps/confirm-order-detail-step.ts,65439778c4,2026-03-10T11:36:54+05:30,10
posx-ugaoo-backend,e38770543d,2026-03-21T06:08:57+05:30,src/api/admin/shopify-customer/route.ts,0e22b4ce79,2026-03-21T06:03:45+05:30,0
posx-ugaoo-backend,786735bdfd,2026-03-21T14:09:54+05:30,src/modules/order-detail/service.ts,65439778c4,2026-03-10T11:36:54+05:30,11
posx-ugaoo-backend,8bbd9da8fe,2026-03-25T15:55:45+05:30,src/workflows/cart/workflows/unified/add-to-pos-cart-workflow.ts,95e2ba764b,2026-03-20T10:33:08+05:30,5
posx-ugaoo-backend,3ea2cf1f8e,2026-03-26T16:13:05+05:30,.github/workflows/deploy.yml,0537482020,2026-03-26T16:00:41+05:30,0
posx-ugaoo-backend,c984b121ae,2026-04-01T11:09:27+05:30,src/api/admin/store-coupon/route.ts,503be3b099,2026-03-21T00:23:53+05:30,11
posx-ugaoo-backend,dcf4bd1bf3,2026-04-01T12:25:55+05:30,src/workflows/payment-detail/steps/create-refund-payment-step.ts,2587a404e4,2026-03-24T16:27:33+05:30,7
posx-ugaoo-backend,dcf4bd1bf3,2026-04-01T12:25:55+05:30,src/workflows/payment-detail/steps/create-refund-payment-step.ts,65439778c4,2026-03-10T11:36:54+05:30,22
posx-ugaoo-backend,4fdaf9db94,2026-04-01T15:33:51+05:30,src/modules/pos-inventory/migrations/.snapshot-pos-inventory.json,45be7ef0d3,2026-03-10T14:37:32+05:30,22
posx-ugaoo-backend,4fdaf9db94,2026-04-01T15:33:51+05:30,src/modules/pos-inventory/models/gst-info.ts,65439778c4,2026-03-10T11:36:54+05:30,22
posx-ugaoo-backend,7f6af4a22b,2026-04-01T17:45:48+05:30,src/api/store/online-coupon/route.ts,dcf4bd1bf3,2026-04-01T12:25:55+05:30,0
posx-ugaoo-backend,ec15b96d1f,2026-04-02T13:00:16+05:30,src/subscribers/unicommerce-sale-order-creation.ts,65439778c4,2026-03-10T11:36:54+05:30,23
posx-ugaoo-backend,2484723bc8,2026-04-02T13:14:52+05:30,src/subscribers/unicommerce-sale-order-creation.ts,65439778c4,2026-03-10T11:36:54+05:30,23
posx-ugaoo-backend,2484723bc8,2026-04-02T13:14:52+05:30,src/subscribers/unicommerce-sale-order-creation.ts,ec15b96d1f,2026-04-02T13:00:16+05:30,0
posx-ugaoo-backend,730df32a43,2026-04-02T13:19:45+05:30,src/subscribers/update-cms-accumulation.ts,b5a523bc77,2026-03-17T22:54:05+05:30,15
posx-ugaoo-backend,730df32a43,2026-04-02T13:19:45+05:30,src/subscribers/update-cms-accumulation.ts,0e22b4ce79,2026-03-21T06:03:45+05:30,12
posx-ugaoo-backend,f178bbe7a6,2026-04-02T14:24:32+05:30,src/lib/helpers/unicommerce-sale-order-payload.ts,65439778c4,2026-03-10T11:36:54+05:30,23
posx-ugaoo-backend,f178bbe7a6,2026-04-02T14:24:32+05:30,src/subscribers/unicommerce-sale-order-creation.ts,65439778c4,2026-03-10T11:36:54+05:30,23
posx-ugaoo-backend,780abdb75e,2026-04-02T15:11:55+05:30,src/workflows/order-detail/steps/create-order-detail-step.ts,65439778c4,2026-03-10T11:36:54+05:30,23
posx-ugaoo-backend,780abdb75e,2026-04-02T15:11:55+05:30,src/workflows/order-detail/steps/create-order-from-cart-step.ts,95e2ba764b,2026-03-20T10:33:08+05:30,13
posx-ugaoo-backend,3de7da9cb8,2026-04-02T16:25:05+05:30,src/jobs/inventory-snapshot.ts,65439778c4,2026-03-10T11:36:54+05:30,23
posx-ugaoo-backend,3de7da9cb8,2026-04-02T16:25:05+05:30,src/lib/helpers/build-summary.ts,95e2ba764b,2026-03-20T10:33:08+05:30,13
posx-ugaoo-backend,3de7da9cb8,2026-04-02T16:25:05+05:30,src/lib/helpers/build-summary.ts,65439778c4,2026-03-10T11:36:54+05:30,23
posx-ugaoo-backend,2618aa7dd0,2026-04-02T18:28:55+05:30,src/lib/helpers/build-summary.ts,3de7da9cb8,2026-04-02T16:25:05+05:30,0
posx-ugaoo-backend,2618aa7dd0,2026-04-02T18:28:55+05:30,src/workflows/cart/steps/apply-custom-discount-step.ts,65439778c4,2026-03-10T11:36:54+05:30,23
posx-ugaoo-backend,2618aa7dd0,2026-04-02T18:28:55+05:30,src/workflows/cart/steps/apply-online-coupon-step.ts,65439778c4,2026-03-10T11:36:54+05:30,23
posx-ugaoo-backend,2618aa7dd0,2026-04-02T18:28:55+05:30,src/workflows/cart/steps/apply-store-coupon-step.ts,65439778c4,2026-03-10T11:36:54+05:30,23
posx-ugaoo-backend,66682eb762,2026-04-02T19:02:54+05:30,src/lib/helpers/build-summary.ts,95e2ba764b,2026-03-20T10:33:08+05:30,13
posx-ugaoo-backend,66682eb762,2026-04-02T19:02:54+05:30,src/lib/helpers/build-summary.ts,3de7da9cb8,2026-04-02T16:25:05+05:30,0
posx-ugaoo-backend,548696ef33,2026-04-06T10:55:27+05:30,src/subscribers/unicommerce-sale-order-creation.ts,f178bbe7a6,2026-04-02T14:24:32+05:30,3
posx-ugaoo-backend,548696ef33,2026-04-06T10:55:27+05:30,src/workflows/cart/steps/add-to-pos-cart-step.ts,95e2ba764b,2026-03-20T10:33:08+05:30,17
posx-ugaoo-backend,548696ef33,2026-04-06T10:55:27+05:30,src/workflows/order-detail/steps/create-order-from-cart-step.ts,95e2ba764b,2026-03-20T10:33:08+05:30,17
posx-ugaoo-backend,3082e40f2b,2026-04-06T15:15:52+05:30,src/jobs/complete-unicommerce-fulfillments.ts,65439778c4,2026-03-10T11:36:54+05:30,27
posx-ugaoo-backend,3082e40f2b,2026-04-06T15:15:52+05:30,src/subscribers/unicommerce-return-processing.ts,65439778c4,2026-03-10T11:36:54+05:30,27
posx-ugaoo-backend,186bee2cc1,2026-04-07T13:25:56+05:30,src/jobs/complete-unicommerce-fulfillments.ts,65439778c4,2026-03-10T11:36:54+05:30,28
posx-ugaoo-backend,186bee2cc1,2026-04-07T13:25:56+05:30,src/lib/helpers/unicommerce-sale-order-payload.ts,65439778c4,2026-03-10T11:36:54+05:30,28
posx-ugaoo-backend,791a293ffb,2026-04-07T14:21:14+05:30,src/modules/unicommerce/service.ts,d969139124,2026-04-02T13:44:12+05:30,5
posx-ugaoo-backend,791a293ffb,2026-04-07T14:21:14+05:30,src/modules/unicommerce/service.ts,7fa97bceef,2026-04-02T14:15:45+05:30,5
posx-ugaoo-backend,791a293ffb,2026-04-07T14:21:14+05:30,src/modules/unicommerce/service.ts,65439778c4,2026-03-10T11:36:54+05:30,28
posx-ugaoo-backend,791a293ffb,2026-04-07T14:21:14+05:30,src/modules/unicommerce/service.ts,1fad739dcb,2026-04-02T13:23:31+05:30,5
posx-ugaoo-backend,d2f041c53a,2026-04-08T09:11:36+05:30,src/workflows/store-details/steps/update-store-details-step.ts,5084b71b94,2026-04-07T17:27:17+05:30,0
posx-ugaoo-backend,9fffbeef2f,2026-04-08T10:51:39+05:30,.github/workflows/deploy.yml,13fc237937,2026-03-16T21:26:26+05:30,22
posx-ugaoo-backend,9fffbeef2f,2026-04-08T10:51:39+05:30,Makefile,65439778c4,2026-03-10T11:36:54+05:30,28
posx-ugaoo-backend,c81fd88afd,2026-04-08T11:15:42+05:30,.github/workflows/deploy.yml,e3809245b5,2026-04-02T10:12:03+05:30,6
posx-ugaoo-backend,c81fd88afd,2026-04-08T11:15:42+05:30,.github/workflows/deploy.yml,0537482020,2026-03-26T16:00:41+05:30,12
posx-ugaoo-backend,c81fd88afd,2026-04-08T11:15:42+05:30,.github/workflows/deploy.yml,13fc237937,2026-03-16T21:26:26+05:30,22
posx-ugaoo-backend,c81fd88afd,2026-04-08T11:15:42+05:30,.github/workflows/deploy.yml,cb338c4c46,2026-04-08T10:26:54+05:30,0
posx-ugaoo-backend,c81fd88afd,2026-04-08T11:15:42+05:30,Makefile,65439778c4,2026-03-10T11:36:54+05:30,28
posx-ugaoo-backend,3ae6716ce1,2026-04-09T12:50:51+05:30,src/api/product-sales/route.ts,65439778c4,2026-03-10T11:36:54+05:30,30
posx-ugaoo-backend,3ae6716ce1,2026-04-09T12:50:51+05:30,src/lib/helpers/build-summary.ts,65439778c4,2026-03-10T11:36:54+05:30,30
posx-ugaoo-backend,3ae6716ce1,2026-04-09T12:50:51+05:30,src/modules/pdf-client/invoice.ejs,c83a8d7147,2026-03-24T17:37:44+05:30,15
posx-ugaoo-backend,3ae6716ce1,2026-04-09T12:50:51+05:30,src/modules/pdf-client/service.ts,65439778c4,2026-03-10T11:36:54+05:30,30
posx-ugaoo-backend,3ae6716ce1,2026-04-09T12:50:51+05:30,src/workflows/order-detail/steps/create-order-from-cart-step.ts,95e2ba764b,2026-03-20T10:33:08+05:30,20
posx-ugaoo-backend,887f6f57e2,2026-04-10T09:05:41+05:30,src/modules/direct-razorpay/service.ts,65439778c4,2026-03-10T11:36:54+05:30,30
posx-ugaoo-backend,887f6f57e2,2026-04-10T09:05:41+05:30,src/modules/direct-razorpay/service.ts,2587a404e4,2026-03-24T16:27:33+05:30,16
posx-ugaoo-backend,887f6f57e2,2026-04-10T09:05:41+05:30,src/modules/pdf-client/invoice.ejs,c83a8d7147,2026-03-24T17:37:44+05:30,16
posx-ugaoo-backend,887f6f57e2,2026-04-10T09:05:41+05:30,src/modules/pdf-client/invoice.ejs,fe786cf724,2026-03-27T18:40:25+05:30,13
posx-ugaoo-backend,887f6f57e2,2026-04-10T09:05:41+05:30,src/workflows/payment-detail/steps/create-payment-detail.ts,95e2ba764b,2026-03-20T10:33:08+05:30,20
posx-ugaoo-backend,fd80ce1c91,2026-04-10T12:00:51+05:30,src/workflows/cart/workflows/unified/change-quantity-pos-cart-workflow.ts,95e2ba764b,2026-03-20T10:33:08+05:30,21
posx-ugaoo-backend,526f934a3a,2026-04-11T08:35:49+05:30,src/workflows/exports/steps/generate-order-export-csv-step.ts,d7a109ebbd,2026-04-08T14:41:07+05:30,2
posx-ugaoo-backend,526f934a3a,2026-04-11T08:35:49+05:30,src/workflows/exports/steps/generate-order-export-csv-step.ts,65439778c4,2026-03-10T11:36:54+05:30,31
posx-ugaoo-backend,9d41c1ffc7,2026-04-11T14:38:18+05:30,src/lib/helpers/build-summary.ts,65439778c4,2026-03-10T11:36:54+05:30,32
posx-ugaoo-backend,9d41c1ffc7,2026-04-11T14:38:18+05:30,src/lib/helpers/build-summary.ts,3de7da9cb8,2026-04-02T16:25:05+05:30,8
posx-ugaoo-backend,9d41c1ffc7,2026-04-11T14:38:18+05:30,src/lib/helpers/build-summary.ts,2618aa7dd0,2026-04-02T18:28:55+05:30,8
posx-ugaoo-backend,9d41c1ffc7,2026-04-11T14:38:18+05:30,src/lib/helpers/build-summary.ts,66682eb762,2026-04-02T19:02:54+05:30,8
posx-ugaoo-backend,9d41c1ffc7,2026-04-11T14:38:18+05:30,src/modules/pos-cart/models/pos-cart.ts,95e2ba764b,2026-03-20T10:33:08+05:30,22
posx-ugaoo-backend,9d41c1ffc7,2026-04-11T14:38:18+05:30,src/modules/pos-cart/service.ts,d4d6fa450e,2026-04-10T15:27:32+05:30,0
posx-ugaoo-backend,9d41c1ffc7,2026-04-11T14:38:18+05:30,src/workflows/cart/steps/apply-custom-discount-step.ts,eb7a922f54,2026-03-25T17:24:51+05:30,16
posx-ugaoo-backend,9d41c1ffc7,2026-04-11T14:38:18+05:30,src/workflows/cart/steps/apply-online-coupon-step.ts,eb7a922f54,2026-03-25T17:24:51+05:30,16
posx-ugaoo-backend,9d41c1ffc7,2026-04-11T14:38:18+05:30,src/workflows/cart/steps/apply-store-coupon-step.ts,eb7a922f54,2026-03-25T17:24:51+05:30,16
posx-ugaoo-backend,9d41c1ffc7,2026-04-11T14:38:18+05:30,src/workflows/cart/steps/revalidate-cart-step.ts,d4d6fa450e,2026-04-10T15:27:32+05:30,0
posx-ugaoo-backend,9d41c1ffc7,2026-04-11T14:38:18+05:30,src/workflows/cart/steps/save-cart-step.ts,d4d6fa450e,2026-04-10T15:27:32+05:30,0
posx-ugaoo-backend,9d41c1ffc7,2026-04-11T14:38:18+05:30,src/workflows/cart/steps/save-cart-step.ts,95e2ba764b,2026-03-20T10:33:08+05:30,22
posx-ugaoo-backend,9d41c1ffc7,2026-04-11T14:38:18+05:30,src/workflows/cart/workflows/unified/apply-custom-discount-pos-cart-workflow.ts,95e2ba764b,2026-03-20T10:33:08+05:30,22
posx-ugaoo-backend,9d41c1ffc7,2026-04-11T14:38:18+05:30,src/workflows/cart/workflows/unified/revalidate-pos-cart-workflow.ts,d4d6fa450e,2026-04-10T15:27:32+05:30,0
posx-ugaoo-backend,9d41c1ffc7,2026-04-11T14:38:18+05:30,src/workflows/cms/steps/generate-cms-csv-step.ts,65439778c4,2026-03-10T11:36:54+05:30,32
posx-ugaoo-backend,9d41c1ffc7,2026-04-11T14:38:18+05:30,src/workflows/order-detail/steps/create-order-from-cart-step.ts,d4d6fa450e,2026-04-10T15:27:32+05:30,0
posx-ugaoo-backend,1ad0d6d649,2026-04-13T15:11:37+05:30,src/workflows/cart/steps/remove-item-from-shopify-cart-step.ts,65439778c4,2026-03-10T11:36:54+05:30,34
posx-ugaoo-backend,ca69a53399,2026-04-13T18:31:25+05:30,src/workflows/cart/steps/verify-pin-step.ts,65439778c4,2026-03-10T11:36:54+05:30,34
posx-ugaoo-backend,ca69a53399,2026-04-13T18:31:25+05:30,src/workflows/cart/workflows/unified/apply-custom-discount-pos-cart-workflow.ts,9d41c1ffc7,2026-04-11T14:38:18+05:30,2
posx-ugaoo-backend,ca69a53399,2026-04-13T18:31:25+05:30,src/workflows/cart/workflows/unified/apply-online-coupon-pos-cart-workflow.ts,9d41c1ffc7,2026-04-11T14:38:18+05:30,2
posx-ugaoo-backend,ca69a53399,2026-04-13T18:31:25+05:30,src/workflows/cart/workflows/unified/apply-store-coupon-pos-cart-workflow.ts,9d41c1ffc7,2026-04-11T14:38:18+05:30,2
posx-ugaoo-backend,ca69a53399,2026-04-13T18:31:25+05:30,src/workflows/order-detail/steps/create-order-from-cart-step.ts,95e2ba764b,2026-03-20T10:33:08+05:30,24
posx-ugaoo-backend,1be443d6fd,2026-04-15T09:20:53+05:30,src/api/admin/cart/route.ts,9d41c1ffc7,2026-04-11T14:38:18+05:30,3
posx-ugaoo-backend,1be443d6fd,2026-04-15T09:20:53+05:30,src/lib/helpers/revalidate-cart-prices.ts,c048287e76,2026-04-13T13:43:17+05:30,1
posx-ugaoo-backend,1be443d6fd,2026-04-15T09:20:53+05:30,src/workflows/cart/steps/load-cart-step.ts,9d41c1ffc7,2026-04-11T14:38:18+05:30,3
posx-ugaoo-backend,1be443d6fd,2026-04-15T09:20:53+05:30,src/workflows/cart/steps/save-cart-step.ts,c048287e76,2026-04-13T13:43:17+05:30,1
posx-ugaoo-backend,1be443d6fd,2026-04-15T09:20:53+05:30,src/workflows/order-detail/steps/create-order-from-cart-step.ts,9d41c1ffc7,2026-04-11T14:38:18+05:30,3
posx-ugaoo-backend,44403aff6a,2026-04-15T16:31:57+05:30,src/modules/payment-details/migrations/.snapshot-payment-detail.json,ec13027338,2026-04-04T11:10:20+05:30,11
posx-ugaoo-backend,44403aff6a,2026-04-15T16:31:57+05:30,src/modules/payment-details/migrations/Migration20260404052536.ts,ec13027338,2026-04-04T11:10:20+05:30,11
posx-ugaoo-backend,44403aff6a,2026-04-15T16:31:57+05:30,src/modules/payment-details/migrations/Migration20260404055706.ts,d76d58619f,2026-04-04T11:30:04+05:30,11
posx-ugaoo-backend,44403aff6a,2026-04-15T16:31:57+05:30,src/modules/payment-details/models/payment-details.ts,ec13027338,2026-04-04T11:10:20+05:30,11
posx-ugaoo-backend,44403aff6a,2026-04-15T16:31:57+05:30,src/modules/store-details/migrations/Migration20260404055707.ts,d76d58619f,2026-04-04T11:30:04+05:30,11
posx-ugaoo-backend,44403aff6a,2026-04-15T16:31:57+05:30,src/types/validators/payment-detail.ts,ec13027338,2026-04-04T11:10:20+05:30,11
posx-ugaoo-backend,44403aff6a,2026-04-15T16:31:57+05:30,src/types/workflows/payment-detail.ts,ec13027338,2026-04-04T11:10:20+05:30,11
posx-ugaoo-backend,44403aff6a,2026-04-15T16:31:57+05:30,src/workflows/order-return-and-exchange/workflows/confirm-return-order-v2.ts,d76d58619f,2026-04-04T11:30:04+05:30,11
posx-ugaoo-backend,44403aff6a,2026-04-15T16:31:57+05:30,src/workflows/payment-detail/steps/create-refund-payment-step.ts,ec13027338,2026-04-04T11:10:20+05:30,11
posx-ugaoo-backend,44403aff6a,2026-04-15T16:31:57+05:30,src/workflows/payment-detail/steps/detect-original-payment-mode-step.ts,ec13027338,2026-04-04T11:10:20+05:30,11
posx-ugaoo-backend,26d0612a37,2026-04-15T16:44:24+05:30,src/api/admin/combo/import/route.ts,95e2ba764b,2026-03-20T10:33:08+05:30,26
posx-ugaoo-backend,26d0612a37,2026-04-15T16:44:24+05:30,src/workflows/combo/workflows/import-combos-workflow.ts,95e2ba764b,2026-03-20T10:33:08+05:30,26
posx-ugaoo-backend,2bfcb23dd5,2026-04-15T16:44:24+05:30,src/api/admin/combo/import/route.ts,95e2ba764b,2026-03-20T10:33:08+05:30,26
posx-ugaoo-backend,2bfcb23dd5,2026-04-15T16:44:24+05:30,src/workflows/combo/workflows/import-combos-workflow.ts,95e2ba764b,2026-03-20T10:33:08+05:30,26
posx-ugaoo-backend,fa8722c421,2026-04-17T11:57:39+05:30,src/api/admin/cms/shift-logs/route.ts,128246a465,2026-03-26T14:43:16+05:30,21
posx-ugaoo-backend,fa8722c421,2026-04-17T11:57:39+05:30,src/api/admin/cms/shift-logs/route.ts,9793c81156,2026-04-16T12:08:15+05:30,0
posx-ugaoo-backend,dc370e51e7,2026-04-17T12:39:33+05:30,src/workflows/combo/steps/delete-combo-step.ts,95e2ba764b,2026-03-20T10:33:08+05:30,28
posx-ugaoo-backend,44b823dd41,2026-04-18T11:58:59+05:30,src/lib/helpers/build-summary.ts,3de7da9cb8,2026-04-02T16:25:05+05:30,15
posx-ugaoo-backend,44b823dd41,2026-04-18T11:58:59+05:30,src/lib/helpers/build-summary.ts,95e2ba764b,2026-03-20T10:33:08+05:30,29
posx-ugaoo-backend,44b823dd41,2026-04-18T11:58:59+05:30,src/lib/helpers/build-summary.ts,9d41c1ffc7,2026-04-11T14:38:18+05:30,6
posx-ugaoo-backend,33cf01e259,2026-04-21T12:22:33+05:30,src/api/admin/featured-collections/route.ts,65439778c4,2026-03-10T11:36:54+05:30,42
posx-ugaoo-backend,33cf01e259,2026-04-21T12:22:33+05:30,src/api/admin/featured-collections/route.ts,8eac08dee7,2026-03-16T16:26:44+05:30,35
posx-ugaoo-backend,33cf01e259,2026-04-21T12:22:33+05:30,src/modules/pdf-client/invoice.ejs,c83a8d7147,2026-03-24T17:37:44+05:30,27
posx-ugaoo-backend,33cf01e259,2026-04-21T12:22:33+05:30,src/workflows/shopify-collection/steps/update-product-association-with-collection-step.ts,65439778c4,2026-03-10T11:36:54+05:30,42
posx-ugaoo-backend,33cf01e259,2026-04-21T12:22:33+05:30,yarn.lock,65439778c4,2026-03-10T11:36:54+05:30,42
posx-ugaoo-backend,e9042dfeb4,2026-04-24T16:03:14+05:30,src/workflows/order-detail/steps/confirm-order-detail-step.ts,65439778c4,2026-03-10T11:36:54+05:30,45
posx-ugaoo-backend,e9042dfeb4,2026-04-24T16:03:14+05:30,src/workflows/order-detail/steps/confirm-order-detail-step.ts,0e22b4ce79,2026-03-21T06:03:45+05:30,34
posx-ugaoo-backend,9b64cf9028,2026-04-28T18:21:12+05:30,src/modules/pdf-client/invoice.ejs,33cf01e259,2026-04-21T12:22:33+05:30,7
posx-ugaoo-backend,9b64cf9028,2026-04-28T18:21:12+05:30,src/workflows/order-detail/steps/confirm-order-detail-step.ts,0e22b4ce79,2026-03-21T06:03:45+05:30,38
posx-ugaoo-backend,64f42aaa62,2026-05-02T12:16:46+05:30,src/api/admin/cms/route.ts,65439778c4,2026-03-10T11:36:54+05:30,53
posx-ugaoo-backend,64f42aaa62,2026-05-02T12:16:46+05:30,src/modules/pdf-client/invoice.ejs,887f6f57e2,2026-04-10T09:05:41+05:30,22
posx-ugaoo-backend,64f42aaa62,2026-05-02T12:16:46+05:30,src/modules/pdf-client/invoice.ejs,c83a8d7147,2026-03-24T17:37:44+05:30,38
posx-ugaoo-backend,64f42aaa62,2026-05-02T12:16:46+05:30,src/modules/pdf-client/invoice.ejs,195134be08,2026-04-17T16:55:55+05:30,14
posx-ugaoo-backend,64f42aaa62,2026-05-02T12:16:46+05:30,src/workflows/order-detail/steps/confirm-order-detail-step.ts,9b64cf9028,2026-04-28T18:21:12+05:30,3
posx-ugaoo-backend,64f42aaa62,2026-05-02T12:16:46+05:30,src/workflows/order-detail/steps/confirm-order-detail-step.ts,b2027a6b6e,2026-04-16T14:00:53+05:30,15
posx-ugaoo-backend,64f42aaa62,2026-05-02T12:16:46+05:30,src/workflows/order-detail/steps/confirm-order-detail-step.ts,0e22b4ce79,2026-03-21T06:03:45+05:30,42
posx-ugaoo-backend,64f42aaa62,2026-05-02T12:16:46+05:30,src/workflows/stn/steps/create-stn-from-import-step.ts,32714e65f3,2026-05-01T17:33:52+05:30,0
posx-ugaoo-backend,9a9624148b,2026-05-02T12:31:55+05:30,src/workflows/order-detail/steps/confirm-order-detail-step.ts,9b64cf9028,2026-04-28T18:21:12+05:30,3
posx-ugaoo-backend,9a9624148b,2026-05-02T12:31:55+05:30,src/workflows/order-detail/steps/confirm-order-detail-step.ts,0e22b4ce79,2026-03-21T06:03:45+05:30,42
posx-ugaoo-backend,2c5f00acf8,2026-05-02T15:52:31+05:30,src/workflows/stn/workflows/import-stn-from-csv-workflow.ts,32714e65f3,2026-05-01T17:33:52+05:30,0
posx-ugaoo-backend,6a1222fa33,2026-05-02T17:08:58+05:30,src/workflows/order-detail/steps/confirm-order-detail-step.ts,9a9624148b,2026-05-02T12:31:55+05:30,0
posx-ugaoo-backend,6a1222fa33,2026-05-02T17:08:58+05:30,src/workflows/order-detail/steps/confirm-order-detail-step.ts,0e22b4ce79,2026-03-21T06:03:45+05:30,42
posx-ugaoo-backend,6a1222fa33,2026-05-02T17:08:58+05:30,src/workflows/order-detail/steps/confirm-order-detail-step.ts,64f42aaa62,2026-05-02T12:16:46+05:30,0
posx-ugaoo-backend,6a1222fa33,2026-05-02T17:08:58+05:30,src/workflows/order-detail/steps/confirm-order-detail-step.ts,9b64cf9028,2026-04-28T18:21:12+05:30,3
posx-ugaoo-backend,6a1222fa33,2026-05-02T17:08:58+05:30,src/workflows/order-detail/steps/confirm-order-detail-step.ts,65439778c4,2026-03-10T11:36:54+05:30,53
posx-ugaoo-backend,b2141c6232,2026-05-05T15:58:13+05:30,src/workflows/combo/steps/import-combos-step.ts,95e2ba764b,2026-03-20T10:33:08+05:30,46
posx-ugaoo-backend,b2141c6232,2026-05-05T15:58:13+05:30,src/workflows/combo/steps/update-combo-step.ts,95e2ba764b,2026-03-20T10:33:08+05:30,46
posx-ugaoo-backend,b2141c6232,2026-05-05T15:58:13+05:30,src/workflows/order-detail/steps/confirm-order-detail-step.ts,6a1222fa33,2026-05-02T17:08:58+05:30,2
posx-ugaoo-backend,c30a2b6edc,2026-05-07T11:21:28+05:30,src/workflows/assortment/steps/import-assortments-step.ts,44f8f2ef7b,2026-05-06T17:25:11+05:30,0
posx-ugaoo-backend,ede3559df5,2026-05-07T13:57:20+05:30,src/api/admin/products/route.ts,33cf01e259,2026-04-21T12:22:33+05:30,16
posx-ugaoo-backend,95bc0bbd73,2026-05-07T15:54:14+05:30,src/lib/helpers/build-summary.ts,9d41c1ffc7,2026-04-11T14:38:18+05:30,26
posx-ugaoo-backend,95bc0bbd73,2026-05-07T15:54:14+05:30,src/lib/helpers/build-summary.ts,baff5b1b22,2026-05-07T11:17:40+05:30,0
posx-ugaoo-backend,95bc0bbd73,2026-05-07T15:54:14+05:30,src/workflows/cart/steps/revalidate-cart-step.ts,9d41c1ffc7,2026-04-11T14:38:18+05:30,26
posx-ugaoo-backend,95bc0bbd73,2026-05-07T15:54:14+05:30,src/workflows/cart/steps/revalidate-cart-step.ts,d4d6fa450e,2026-04-10T15:27:32+05:30,27
posx-ugaoo-backend,64c771772a,2026-05-07T16:57:33+05:30,src/api/admin/cart/route.ts,95e2ba764b,2026-03-20T10:33:08+05:30,48
posx-ugaoo-backend,64c771772a,2026-05-07T16:57:33+05:30,src/api/admin/cart/route.ts,9d41c1ffc7,2026-04-11T14:38:18+05:30,26
posx-ugaoo-backend,64c771772a,2026-05-07T16:57:33+05:30,src/api/admin/cart/route.ts,1be443d6fd,2026-04-15T09:20:53+05:30,22
posx-ugaoo-backend,64c771772a,2026-05-07T16:57:33+05:30,src/api/admin/cart/route.ts,97fc8f7b05,2026-04-16T17:17:34+05:30,20
posx-ugaoo-backend,64c771772a,2026-05-07T16:57:33+05:30,src/lib/helpers/build-summary.ts,9d41c1ffc7,2026-04-11T14:38:18+05:30,26
posx-ugaoo-backend,0a394fb671,2026-05-07T17:20:12+05:30,src/workflows/store-coupon/steps/calculate-store-coupon-discount-step.ts,baff5b1b22,2026-05-07T11:17:40+05:30,0
posx-ugaoo-backend,0a394fb671,2026-05-07T17:20:12+05:30,src/workflows/store-coupon/steps/calculate-store-coupon-discount-step.ts,1ef8112607,2026-05-05T15:58:53+05:30,2
posx-ugaoo-backend,0a394fb671,2026-05-07T17:20:12+05:30,src/workflows/store-coupon/steps/calculate-store-coupon-discount-step.ts,65439778c4,2026-03-10T11:36:54+05:30,58
posx-ugaoo-backend,496e03c246,2026-05-07T18:05:17+05:30,src/api/admin/store-details/import/route.ts,c83a8d7147,2026-03-24T17:37:44+05:30,44
posx-ugaoo-backend,ffc9d631c4,2026-05-07T21:02:53+05:30,src/lib/helpers/build-summary.ts,baff5b1b22,2026-05-07T11:17:40+05:30,0
posx-ugaoo-backend,ffc9d631c4,2026-05-07T21:02:53+05:30,src/lib/helpers/build-summary.ts,9d41c1ffc7,2026-04-11T14:38:18+05:30,26
posx-ugaoo-backend,ffc9d631c4,2026-05-07T21:02:53+05:30,src/lib/helpers/build-summary.ts,64c771772a,2026-05-07T16:57:33+05:30,0
posx-ugaoo-backend,ffc9d631c4,2026-05-07T21:02:53+05:30,src/lib/helpers/build-summary.ts,3de7da9cb8,2026-04-02T16:25:05+05:30,35
posx-ugaoo-backend,ffc9d631c4,2026-05-07T21:02:53+05:30,src/lib/helpers/get-bxgy-free-items.ts,f9db3105ee,2026-05-06T12:37:33+05:30,1
posx-ugaoo-backend,ffc9d631c4,2026-05-07T21:02:53+05:30,src/workflows/order-detail/steps/create-order-detail-step.ts,65439778c4,2026-03-10T11:36:54+05:30,58
posx-ugaoo-backend,ffc9d631c4,2026-05-07T21:02:53+05:30,src/workflows/order-detail/steps/create-order-detail-step.ts,2fc43675d0,2026-03-25T15:14:20+05:30,43
posx-ugaoo-backend,ffc9d631c4,2026-05-07T21:02:53+05:30,src/workflows/store-coupon/steps/validate-store-coupon-step-for-order.ts,65439778c4,2026-03-10T11:36:54+05:30,58
posx-ugaoo-backend,ffc9d631c4,2026-05-07T21:02:53+05:30,src/workflows/store-coupon/steps/validate-store-coupon-step.ts,65439778c4,2026-03-10T11:36:54+05:30,58
posx-ugaoo-backend,dc3e4e64fa,2026-05-07T23:17:22+05:30,src/api/admin/cart/route.ts,64c771772a,2026-05-07T16:57:33+05:30,0
posx-ugaoo-backend,dc3e4e64fa,2026-05-07T23:17:22+05:30,src/lib/helpers/build-summary.ts,95e2ba764b,2026-03-20T10:33:08+05:30,48
posx-ugaoo-backend,dc3e4e64fa,2026-05-07T23:17:22+05:30,src/lib/helpers/build-summary.ts,ffc9d631c4,2026-05-07T21:02:53+05:30,0
posx-ugaoo-backend,dc3e4e64fa,2026-05-07T23:17:22+05:30,src/lib/helpers/build-summary.ts,baff5b1b22,2026-05-07T11:17:40+05:30,0
posx-ugaoo-backend,dc3e4e64fa,2026-05-07T23:17:22+05:30,src/lib/helpers/build-summary.ts,9d41c1ffc7,2026-04-11T14:38:18+05:30,26
posx-ugaoo-backend,dc3e4e64fa,2026-05-07T23:17:22+05:30,src/lib/helpers/revalidate-cart-prices.ts,9d41c1ffc7,2026-04-11T14:38:18+05:30,26
posx-ugaoo-backend,dc3e4e64fa,2026-05-07T23:17:22+05:30,src/lib/helpers/revalidate-cart-prices.ts,c048287e76,2026-04-13T13:43:17+05:30,24
posx-ugaoo-backend,dc3e4e64fa,2026-05-07T23:17:22+05:30,src/lib/helpers/revalidate-cart-prices.ts,1be443d6fd,2026-04-15T09:20:53+05:30,22
posx-ugaoo-backend,dc3e4e64fa,2026-05-07T23:17:22+05:30,src/modules/pdf-client/invoice.ejs,c83a8d7147,2026-03-24T17:37:44+05:30,44
posx-ugaoo-backend,dc3e4e64fa,2026-05-07T23:17:22+05:30,src/workflows/order-detail/steps/create-order-from-cart-step.ts,95e2ba764b,2026-03-20T10:33:08+05:30,48
posx-ugaoo-backend,dc3e4e64fa,2026-05-07T23:17:22+05:30,src/workflows/order-detail/steps/create-order-from-cart-step.ts,548696ef33,2026-04-06T10:55:27+05:30,31
posx-ugaoo-backend,dc3e4e64fa,2026-05-07T23:17:22+05:30,src/workflows/order-detail/steps/create-order-from-cart-step.ts,2fc43675d0,2026-03-25T15:14:20+05:30,43
posx-ugaoo-backend,f50da75f20,2026-05-08T12:08:06+05:30,src/subscribers/return-order-confirmed.ts,65439778c4,2026-03-10T11:36:54+05:30,59
posx-ugaoo-backend,f50da75f20,2026-05-08T12:08:06+05:30,src/subscribers/return-order-confirmed.ts,97fc8f7b05,2026-04-16T17:17:34+05:30,21
posx-ugaoo-backend,87f3ce9a5a,2026-05-08T12:25:27+05:30,src/workflows/cart/steps/apply-custom-discount-step.ts,65439778c4,2026-03-10T11:36:54+05:30,59
posx-ugaoo-backend,87f3ce9a5a,2026-05-08T12:25:27+05:30,src/workflows/cart/workflows/unified/apply-custom-discount-pos-cart-workflow.ts,95e2ba764b,2026-03-20T10:33:08+05:30,49
posx-ugaoo-backend,1e7d64e03a,2026-05-13T15:17:24+05:30,src/api/admin/store-coupon/validators.ts,d7a109ebbd,2026-04-08T14:41:07+05:30,35
posx-ugaoo-backend,2f1a1a4c06,2026-05-13T16:33:05+05:30,src/modules/pdf-client/invoice.ejs,c83a8d7147,2026-03-24T17:37:44+05:30,49
posx-ugaoo-backend,ac42a19a5c,2026-05-14T20:05:33+05:30,src/workflows/store-coupon/steps/calculate-store-coupon-discount-step.ts,faaf790ec0,2026-05-12T17:03:30+05:30,2
posx-ugaoo-backend,ebd42f9d46,2026-05-15T11:04:25+05:30,src/modules/pdf-client/service.ts,65439778c4,2026-03-10T11:36:54+05:30,65
posx-ugaoo-backend,ebd42f9d46,2026-05-15T11:04:25+05:30,src/modules/pdf-client/service.ts,97fc8f7b05,2026-04-16T17:17:34+05:30,28
posx-ugaoo-backend,58b3fb80ac,2026-05-15T12:46:40+05:30,src/api/admin/employee/route.ts,c229d5965a,2026-03-11T14:47:34+05:30,64
posx-ugaoo-backend,58b3fb80ac,2026-05-15T12:46:40+05:30,src/workflows/employee/steps/create-employee-step.ts,65439778c4,2026-03-10T11:36:54+05:30,66
posx-ugaoo-backend,9a71b0df33,2026-05-15T14:38:16+05:30,src/api/admin/pos-inventory/job/route.ts,618c9c0a0f,2026-03-20T15:54:48+05:30,55
posx-ugaoo-backend,9a71b0df33,2026-05-15T14:38:16+05:30,src/api/admin/pos-inventory/job/route.ts,65439778c4,2026-03-10T11:36:54+05:30,66
posx-ugaoo-backend,9a71b0df33,2026-05-15T14:38:16+05:30,src/jobs/inventory-snapshot.ts,3de7da9cb8,2026-04-02T16:25:05+05:30,42
posx-ugaoo-backend,9a71b0df33,2026-05-15T14:38:16+05:30,src/jobs/inventory-snapshot.ts,65439778c4,2026-03-10T11:36:54+05:30,66
posx-ugaoo-backend,641cc302a7,2026-05-15T15:49:35+05:30,src/workflows/employee/steps/create-employee-step.ts,58b3fb80ac,2026-05-15T12:46:40+05:30,0
posx-ugaoo-backend,02532361d2,2026-05-15T17:55:16+05:30,src/api/admin/employee/route.ts,c229d5965a,2026-03-11T14:47:34+05:30,65
posx-ugaoo-backend,31d6fe6ab3,2026-05-15T18:02:09+05:30,src/api/admin/pos-inventory/route.ts,65439778c4,2026-03-10T11:36:54+05:30,66
posx-ugaoo-backend,9aef04803b,2026-05-15T19:26:42+05:30,src/types/validators/employee.ts,65439778c4,2026-03-10T11:36:54+05:30,66
posx-ugaoo-backend,bc5548faba,2026-05-16T10:51:12+05:30,src/api/admin/cms/petty-cash/route.ts,b5a523bc77,2026-03-17T22:54:05+05:30,59
posx-ugaoo-backend,bc5548faba,2026-05-16T10:51:12+05:30,src/api/admin/cms/route.ts,65439778c4,2026-03-10T11:36:54+05:30,66
posx-ugaoo-backend,b82c99757f,2026-05-22T13:13:16+05:30,src/api/admin/order-detail/export/route.ts,65439778c4,2026-03-10T11:36:54+05:30,73
posx-ugaoo-backend,70d96b8f18,2026-05-23T23:11:31+05:30,src/modules/pdf-client/invoice.ejs,2f1a1a4c06,2026-05-13T16:33:05+05:30,10
posx-ugaoo-backend,adb04dc1c9,2026-05-23T23:21:18+05:30,src/modules/pdf-client/invoice.ejs,70d96b8f18,2026-05-23T23:11:31+05:30,0
posx-ugaoo-backend,7097a02f4e,2026-06-03T16:37:19+05:30,src/api/admin/order-return-and-exchange/[id]/exchange/forward/route.ts,65439778c4,2026-03-10T11:36:54+05:30,85
posx-ugaoo-backend,7097a02f4e,2026-06-03T16:37:19+05:30,src/workflows/order-detail/steps/confirm-order-detail-step.ts,2fc43675d0,2026-03-25T15:14:20+05:30,70
posx-ugaoo-backend,7097a02f4e,2026-06-03T16:37:19+05:30,src/workflows/order-detail/steps/create-exchange-order-detail-step-v2.ts,65439778c4,2026-03-10T11:36:54+05:30,85
posx-ugaoo-backend,7097a02f4e,2026-06-03T16:37:19+05:30,src/workflows/order-detail/workflows/delete-order-detail-workflow.ts,65439778c4,2026-03-10T11:36:54+05:30,85
posx-ugaoo-backend,7097a02f4e,2026-06-03T16:37:19+05:30,src/workflows/order-detail/workflows/update-order-details.ts,65439778c4,2026-03-10T11:36:54+05:30,85
posx-ugaoo-backend,7097a02f4e,2026-06-03T16:37:19+05:30,src/workflows/order-return-and-exchange/steps/associate-exchanged-and-parent-order.ts,65439778c4,2026-03-10T11:36:54+05:30,85
posx-ugaoo-backend,7097a02f4e,2026-06-03T16:37:19+05:30,src/workflows/order-return-and-exchange/steps/create-exchanged-order-links-step-v2.ts,65439778c4,2026-03-10T11:36:54+05:30,85
posx-ugaoo-backend,7097a02f4e,2026-06-03T16:37:19+05:30,src/workflows/order-return-and-exchange/steps/decrement-old-lines-step-v2.ts,65439778c4,2026-03-10T11:36:54+05:30,85
posx-ugaoo-backend,7097a02f4e,2026-06-03T16:37:19+05:30,src/workflows/order-return-and-exchange/workflows/confirm-exchange-order-v2.ts,65439778c4,2026-03-10T11:36:54+05:30,85
posx-ugaoo-backend,7097a02f4e,2026-06-03T16:37:19+05:30,src/workflows/order-return-and-exchange/workflows/confirm-exchange-order-v2.ts,44403aff6a,2026-04-15T16:31:57+05:30,49
posx-ugaoo-backend,7097a02f4e,2026-06-03T16:37:19+05:30,src/workflows/order-return-and-exchange/workflows/confirm-exchange-order-v2.ts,fa5bc2fea0,2026-04-02T18:48:17+05:30,61
posx-ugaoo-backend,7097a02f4e,2026-06-03T16:37:19+05:30,src/workflows/payment-detail/steps/create-refund-payment-step.ts,65439778c4,2026-03-10T11:36:54+05:30,85
posx-ugaoo-backend,7097a02f4e,2026-06-03T16:37:19+05:30,src/workflows/payment-detail/steps/exchange-payment-adjustment-step.ts,65439778c4,2026-03-10T11:36:54+05:30,85
posx-ugaoo-backend,1a7d8cbb2c,2026-06-03T17:53:02+05:30,src/types/validators/store-details.ts,65439778c4,2026-03-10T11:36:54+05:30,85
posx-ugaoo-backend,26167858f6,2026-06-11T10:13:59+05:30,package-lock.json,aeaade4775,2026-06-10T14:56:38+05:30,0
posx-ugaoo-backend,26167858f6,2026-06-11T10:13:59+05:30,package-lock.json,65439778c4,2026-03-10T11:36:54+05:30,92
posx-ugaoo-backend,26167858f6,2026-06-11T10:13:59+05:30,package.json,aeaade4775,2026-06-10T14:56:38+05:30,0
posx-ugaoo-backend,26167858f6,2026-06-11T10:13:59+05:30,src/modules/s3-client/service.ts,aeaade4775,2026-06-10T14:56:38+05:30,0
posx-ugaoo-backend,26167858f6,2026-06-11T10:13:59+05:30,src/subscribers/update-pdf-on-return-exchange.ts,aeaade4775,2026-06-10T14:56:38+05:30,0
posx-ugaoo-backend,26167858f6,2026-06-11T10:13:59+05:30,yarn.lock,aeaade4775,2026-06-10T14:56:38+05:30,0
posx-ugaoo-backend,a0e6e07376,2026-06-15T19:35:18+05:30,src/lib/helpers/build-summary.ts,65439778c4,2026-03-10T11:36:54+05:30,97
posx-ugaoo-backend,a0e6e07376,2026-06-15T19:35:18+05:30,src/lib/helpers/calculate-online-coupon-discount.ts,65439778c4,2026-03-10T11:36:54+05:30,97
posx-ugaoo-backend,6385d0eee3,2026-06-25T12:09:56+05:30,src/api/admin/pos-device/[id]/route.ts,82fb5f006f,2026-06-24T17:55:03+05:30,0
posx-ugaoo-backend,6385d0eee3,2026-06-25T12:09:56+05:30,src/lib/helpers/validatePosDevice.ts,82fb5f006f,2026-06-24T17:55:03+05:30,0
posx-ugaoo-backend,ac4c6769ca,2026-06-29T23:35:01+05:30,tests/resolve-max-custom-discount.unit.spec.ts,d880171d02,2026-06-23T18:41:53+05:30,6
posx-ugaoo-backend,6d36a9baa8,2026-06-29T23:36:10+05:30,tests/resolve-max-custom-discount.unit.spec.ts,d880171d02,2026-06-23T18:41:53+05:30,6
posx-ugaoo-backend,0fa7951805,2026-06-30T18:28:24+05:30,src/api/admin/pos-device/my-status/route.ts,82fb5f006f,2026-06-24T17:55:03+05:30,6
posx-ugaoo-backend,3b9af4f476,2026-07-01T12:15:37+05:30,src/workflows/exports/steps/stream-order-export-to-s3-step.ts,5d48a71ca6,2026-05-27T17:00:11+05:30,34
posx-ugaoo-backend,11c90060f6,2026-07-08T20:46:44+05:30,src/lib/helpers/require-admin-employee.ts,1ef8112607,2026-05-05T15:58:53+05:30,64
posx-ugaoo-backend,11c90060f6,2026-07-08T20:46:44+05:30,src/lib/helpers/tests/validate-pos-device.unit.spec.ts,b195c7fc02,2026-07-08T09:31:55+05:30,0
posx-ugaoo-backend,11c90060f6,2026-07-08T20:46:44+05:30,src/lib/helpers/validatePosDevice.ts,b195c7fc02,2026-07-08T09:31:55+05:30,0
posx-ugaoo-backend,35daff7034,2026-07-17T16:45:40+05:30,.github/workflows/deploy-dev.yml,3d09a6f274,2026-05-04T11:40:21+05:30,74
posx-ugaoo-backend,35daff7034,2026-07-17T16:45:40+05:30,.github/workflows/deploy-dev.yml,731ba18656,2026-05-02T13:48:26+05:30,76
posx-ugaoo-backend,ef4542ba5d,2026-07-22T00:19:50+05:30,.github/workflows/deploy-prod.yml,3d09a6f274,2026-05-04T11:40:21+05:30,78
posx-ugaoo-backend,f905fcde14,2026-07-23T23:38:42+05:30,src/lib/helpers/build-summary.ts,963f2a8c8e,2026-07-23T19:45:56+05:30,0
posx-ugaoo-backend,f905fcde14,2026-07-23T23:38:42+05:30,src/workflows/order-detail/steps/create-order-from-cart-step.ts,963f2a8c8e,2026-07-23T19:45:56+05:30,0
posx-ugaoo-backend,c7b2ff5b10,2026-07-23T23:53:43+05:30,src/api/admin/order-detail/export/route.ts,963f2a8c8e,2026-07-23T19:45:56+05:30,0
posx-ugaoo-backend,c7b2ff5b10,2026-07-23T23:53:43+05:30,src/api/admin/order-detail/export/route.ts,5d48a71ca6,2026-05-27T17:00:11+05:30,57
posx-ugaoo-backend,c7b2ff5b10,2026-07-23T23:53:43+05:30,src/modules/order-detail/service.ts,13b217bda6,2026-07-16T19:43:31+05:30,7
posx-ugaoo-backend,c7b2ff5b10,2026-07-23T23:53:43+05:30,src/modules/order-detail/service.ts,62d177f052,2026-07-08T18:46:26+05:30,15
posx-ugaoo-backend,5fc0c64b6a,2026-07-23T23:57:12+05:30,src/modules/order-detail/service.ts,c7b2ff5b10,2026-07-23T23:53:43+05:30,0
posx-ugaoo-backend,eee9265873,2026-07-28T15:27:08+05:30,docs/integration/adsr-integration-guide.md,702ac65a20,2026-07-28T14:55:25+05:30,0
posx-ugaoo-backend,eee9265873,2026-07-28T15:27:08+05:30,src/api/admin/validate-sku/route.ts,702ac65a20,2026-07-28T14:55:25+05:30,0
posx-ugaoo-backend,eee9265873,2026-07-28T15:27:08+05:30,src/jobs/inventory-snapshot.ts,65439778c4,2026-03-10T11:36:54+05:30,140
posx-ugaoo-backend,eee9265873,2026-07-28T15:27:08+05:30,src/jobs/inventory-snapshot.ts,c1d59a7138,2026-06-27T12:54:32+05:30,31
posx-ugaoo-backend,eee9265873,2026-07-28T15:27:08+05:30,src/jobs/inventory-snapshot.ts,702ac65a20,2026-07-28T14:55:25+05:30,0
posx-ugaoo-backend,eee9265873,2026-07-28T15:27:08+05:30,src/lib/helpers/revalidate-cart-prices.ts,dc3e4e64fa,2026-05-07T23:17:22+05:30,81
posx-ugaoo-backend,eee9265873,2026-07-28T15:27:08+05:30,src/lib/helpers/revalidate-cart-prices.ts,702ac65a20,2026-07-28T14:55:25+05:30,0
posx-ugaoo-backend,eee9265873,2026-07-28T15:27:08+05:30,src/subscribers/create-return-io-on-cash-and-carry.ts,702ac65a20,2026-07-28T14:55:25+05:30,0
posx-ugaoo-backend,eee9265873,2026-07-28T15:27:08+05:30,src/subscribers/create-return-io-on-cash-and-carry.ts,aaad7de28c,2026-04-16T18:14:27+05:30,102
posx-ugaoo-backend,eee9265873,2026-07-28T15:27:08+05:30,src/subscribers/create-return-io-on-cash-and-carry.ts,4e6abb3258,2026-03-24T16:27:21+05:30,125
posx-ugaoo-backend,eee9265873,2026-07-28T15:27:08+05:30,src/workflows/cart/steps/add-to-pos-cart-step.ts,702ac65a20,2026-07-28T14:55:25+05:30,0
posx-ugaoo-backend,eee9265873,2026-07-28T15:27:08+05:30,src/workflows/cart/steps/check-store-inventory-step.ts,702ac65a20,2026-07-28T14:55:25+05:30,0
posx-ugaoo-backend,eee9265873,2026-07-28T15:27:08+05:30,src/workflows/cart/steps/check-store-inventory-step.ts,8bbd9da8fe,2026-03-25T15:55:45+05:30,124
posx-ugaoo-backend,eee9265873,2026-07-28T15:27:08+05:30,src/workflows/cart/steps/lookup-product-by-sku-step.ts,95e2ba764b,2026-03-20T10:33:08+05:30,130
posx-ugaoo-backend,eee9265873,2026-07-28T15:27:08+05:30,src/workflows/cart/steps/lookup-product-by-sku-step.ts,702ac65a20,2026-07-28T14:55:25+05:30,0
posx-ugaoo-backend,eee9265873,2026-07-28T15:27:08+05:30,src/workflows/order-return-and-exchange/steps/check-variant-availability-step.ts,702ac65a20,2026-07-28T14:55:25+05:30,0
posx-ugaoo-backend,eee9265873,2026-07-28T15:27:08+05:30,src/workflows/order-return-and-exchange/steps/check-variant-availability-step.ts,65439778c4,2026-03-10T11:36:54+05:30,140
posx-ugaoo-backend,eee9265873,2026-07-28T15:27:08+05:30,src/workflows/order-return-and-exchange/steps/check-variant-availability-step.ts,2fc43675d0,2026-03-25T15:14:20+05:30,125
posx-ugaoo-backend,eee9265873,2026-07-28T15:27:08+05:30,src/workflows/order-return-and-exchange/steps/create-exchanged-order-links-step-v2.ts,65439778c4,2026-03-10T11:36:54+05:30,140
posx-ugaoo-backend,eee9265873,2026-07-28T15:27:08+05:30,src/workflows/order-return-and-exchange/steps/create-exchanged-order-links-step-v2.ts,702ac65a20,2026-07-28T14:55:25+05:30,0
posx-ugaoo-backend,f82069c806,2026-07-29T16:52:39+05:30,.github/workflows/docs.yml,476675e875,2026-07-29T15:15:05+05:30,0
posx-ugaoo-backend,b34db270a5,2026-07-30T18:28:19+05:30,src/workflows/order-return-and-exchange/steps/recalculate-store-coupon-for-exchange-step.ts,f8d69c6031,2026-05-12T13:07:55+05:30,79
posx-ugaoo-backend,c54eda5652,2026-07-30T19:24:25+05:30,src/workflows/order-return-and-exchange/steps/recalculate-store-coupon-for-exchange-step.ts,6a7ba347a6,2026-07-30T15:41:38+05:30,0
posx-ugaoo-backend,c54eda5652,2026-07-30T19:24:25+05:30,src/workflows/order-return-and-exchange/steps/recalculate-store-coupon-for-exchange-step.ts,f8d69c6031,2026-05-12T13:07:55+05:30,79
posx-ugaoo-backend,c54eda5652,2026-07-30T19:24:25+05:30,src/workflows/order-return-and-exchange/steps/recalculate-store-coupon-for-exchange-step.ts,b34db270a5,2026-07-30T18:28:19+05:30,0
posx-ugaoo-backend,8e41fec64a,2026-08-03T17:20:24+05:30,src/modules/order-detail/service.ts,84f8fae76a,2026-07-05T21:28:09+05:30,28
posx-ugaoo-backend,75abbbc435,2026-08-03T16:35:35+05:30,src/workflows/order-detail/steps/create-exchange-order-detail-step-v2.ts,49b4c2a147,2026-05-08T20:00:34+05:30,86
posx-ugaoo-backend,2aaf3574a8,2026-08-07T11:03:28+05:30,src/modules/order-detail/migrations/Migration20260731120000.ts,cb33456a98,2026-08-01T11:00:21+05:30,6
posx-ugaoo-backend,2aaf3574a8,2026-08-07T11:03:28+05:30,src/modules/order-detail/models/order-product-detail.ts,cb33456a98,2026-08-01T11:00:21+05:30,6
posx-ugaoo-backend,2aaf3574a8,2026-08-07T11:03:28+05:30,src/modules/order-detail/service.ts,cb33456a98,2026-08-01T11:00:21+05:30,6
posx-ugaoo-backend,2aaf3574a8,2026-08-07T11:03:28+05:30,src/workflows/order-detail/steps/create-exchange-order-detail-step-v2.ts,cb33456a98,2026-08-01T11:00:21+05:30,6
posx-ugaoo-backend,2aaf3574a8,2026-08-07T11:03:28+05:30,src/workflows/order-detail/steps/create-exchange-order-detail-step.ts,cb33456a98,2026-08-01T11:00:21+05:30,6
posx-ugaoo-backend,2aaf3574a8,2026-08-07T11:03:28+05:30,src/workflows/order-detail/steps/create-order-detail-step.ts,cb33456a98,2026-08-01T11:00:21+05:30,6
posx-ugaoo-backend,2aaf3574a8,2026-08-07T11:03:28+05:30,src/workflows/order-detail/steps/create-order-from-cart-step.ts,cb33456a98,2026-08-01T11:00:21+05:30,6
posx-ugaoo-backend,2aaf3574a8,2026-08-07T11:03:28+05:30,src/workflows/order-return-and-exchange/steps/decrement-old-lines-step-v2.ts,cb33456a98,2026-08-01T11:00:21+05:30,6
posx-ugaoo-backend,2aaf3574a8,2026-08-07T11:03:28+05:30,src/workflows/order-return-and-exchange/steps/return-order-product-step-v2.ts,cb33456a98,2026-08-01T11:00:21+05:30,6
posx-ugaoo-backend,2aaf3574a8,2026-08-07T11:03:28+05:30,src/workflows/order-return-and-exchange/steps/return-order-product-step.ts,cb33456a98,2026-08-01T11:00:21+05:30,6
posx-ugaoo-backend,2aaf3574a8,2026-08-07T11:03:28+05:30,tests/gross-line-amount.unit.spec.ts,cb33456a98,2026-08-01T11:00:21+05:30,6
posx-ugaoo-backend,b88179d9d7,2026-08-07T11:58:11+05:30,src/lib/helpers/get-gst-bifurcation.ts,65439778c4,2026-03-10T11:36:54+05:30,150
posx-ugaoo-backend,b88179d9d7,2026-08-07T11:58:11+05:30,src/lib/helpers/get-gst-bifurcation.ts,dbdc360f40,2026-06-27T00:41:19+05:30,41
posx-ugaoo-backend,ebc1ce92b1,2026-08-07T17:51:59+05:30,src/workflows/order-return-and-exchange/workflows/confirm-exchange-order-v2.ts,8d88167457,2026-08-07T13:22:28+05:30,0
posx-ugaoo-backend,c19d4b6381,2026-08-10T17:36:17+05:30,src/api/admin/gst-info/export/route.ts,3d0ce278a0,2026-08-10T16:23:30+05:30,0
posx-ugaoo-backend,6dceace382,2026-08-10T17:36:17+05:30,src/api/admin/gst-info/export/route.ts,00b759b88c,2026-08-10T16:23:30+05:30,0
posx-ugaoo-backend,6505efc483,2026-08-18T11:55:44+05:30,docs/features/employee.md,26c755f63b,2026-08-18T11:33:21+05:30,0
posx-ugaoo-backend,6505efc483,2026-08-18T11:55:44+05:30,docs/features/order-dashboard.md,26c755f63b,2026-08-18T11:33:21+05:30,0
posx-ugaoo-backend,6505efc483,2026-08-18T11:55:44+05:30,docs/features/return-and-exchange.md,c885742efc,2026-07-31T01:31:03+05:30,18
posx-ugaoo-backend,6505efc483,2026-08-18T11:55:44+05:30,docs/features/return-and-exchange.md,26c755f63b,2026-08-18T11:33:21+05:30,0
posx-ugaoo-backend,6505efc483,2026-08-18T11:55:44+05:30,src/api/middlewares.ts,65439778c4,2026-03-10T11:36:54+05:30,161
posx-ugaoo-backend,6505efc483,2026-08-18T11:55:44+05:30,src/subscribers/refund-confirmed-notification.ts,26c755f63b,2026-08-18T11:33:21+05:30,0
posx-ugaoo-backend,6505efc483,2026-08-18T11:55:44+05:30,src/types/validators/order-return-exchange.ts,26c755f63b,2026-08-18T11:33:21+05:30,0
posx-ugaoo-backend,6505efc483,2026-08-18T11:55:44+05:30,src/workflows/order-return-and-exchange/steps/verify-refund-approver-step.ts,26c755f63b,2026-08-18T11:33:21+05:30,0
posx-ugaoo-backend,6505efc483,2026-08-18T11:55:44+05:30,tests/exports/store-wise-no-of-bills.unit.spec.ts,26c755f63b,2026-08-18T11:33:21+05:30,0
posx-ugaoo-backend,6505efc483,2026-08-18T11:55:44+05:30,tests/validators/return-params-approver.unit.spec.ts,26c755f63b,2026-08-18T11:33:21+05:30,0
posx-ugaoo-backend,e0dd5f720b,2026-08-18T12:10:10+05:30,docs/features/return-and-exchange.md,c885742efc,2026-07-31T01:31:03+05:30,18
posx-ugaoo-backend,e0dd5f720b,2026-08-18T12:10:10+05:30,src/workflows/order-return-and-exchange/steps/verify-refund-approver-step.ts,26c755f63b,2026-08-18T11:33:21+05:30,0
posx-ugaoo-backend,e0dd5f720b,2026-08-18T12:10:10+05:30,src/workflows/order-return-and-exchange/steps/verify-refund-approver-step.ts,6505efc483,2026-08-18T11:55:44+05:30,0
posx-ugaoo-backend,bcd3a82551,2026-08-18T15:52:09+05:30,src/jobs/purge-old-audit-logs.ts,6bc553a022,2026-08-18T15:46:42+05:30,0
posx-ugaoo-backend,bcd3a82551,2026-08-18T15:52:09+05:30,tests/jobs/purge-old-audit-logs.unit.spec.ts,6bc553a022,2026-08-18T15:46:42+05:30,0
posx-ugaoo-backend,ede593e325,2026-08-19T10:54:28+05:30,src/jobs/purge-old-audit-logs.ts,6bc553a022,2026-08-18T15:46:42+05:30,0
posx-ugaoo-backend,04ae5c97be,2026-08-19T11:17:43+05:30,src/jobs/purge-old-audit-logs.ts,ede593e325,2026-08-19T10:54:28+05:30,0
posx-ugaoo-backend,04ae5c97be,2026-08-19T11:17:43+05:30,src/jobs/purge-old-audit-logs.ts,6bc553a022,2026-08-18T15:46:42+05:30,0
posx-ugaoo-backend,04ae5c97be,2026-08-19T11:17:43+05:30,tests/jobs/purge-old-audit-logs.unit.spec.ts,6bc553a022,2026-08-18T15:46:42+05:30,0
posx-ugaoo-backend,03ccb298a4,2026-08-19T17:15:38+05:30,src/api/middlewares.ts,6505efc483,2026-08-18T11:55:44+05:30,1
posx-ugaoo-backend,5541dd6adf,2026-08-20T15:51:50+05:30,package-lock.json,8f1a5412c7,2026-08-20T15:42:14+05:30,0
posx-ugaoo-backend,5541dd6adf,2026-08-20T15:51:50+05:30,src/workflows/cart/workflows/verify-pin.ts,8f1a5412c7,2026-08-20T15:42:14+05:30,0
posx-ugaoo-backend,5541dd6adf,2026-08-20T15:51:50+05:30,src/workflows/exports/steps/stream-mop-report-to-s3-step.ts,8f1a5412c7,2026-08-20T15:42:14+05:30,0
posx-ugaoo-backend,5541dd6adf,2026-08-20T15:51:50+05:30,src/workflows/order-return-and-exchange/workflows/confirm-exchange-order-v2.ts,8f1a5412c7,2026-08-20T15:42:14+05:30,0
posx-ugaoo-backend,5541dd6adf,2026-08-20T15:51:50+05:30,src/workflows/order-return-and-exchange/workflows/confirm-return-order-v2.ts,8f1a5412c7,2026-08-20T15:42:14+05:30,0
posx-ugaoo-backend,5541dd6adf,2026-08-20T15:51:50+05:30,src/workflows/order-return-and-exchange/workflows/confirm-return-order.ts,8f1a5412c7,2026-08-20T15:42:14+05:30,0
posx-ugaoo-backend,5541dd6adf,2026-08-20T15:51:50+05:30,src/workflows/order-return-and-exchange/workflows/exchange-order-payment.ts,8f1a5412c7,2026-08-20T15:42:14+05:30,0
posx-ugaoo-backend,5541dd6adf,2026-08-20T15:51:50+05:30,src/workflows/shopify-product/steps/validate-product-for-pos-system-step.ts,8f1a5412c7,2026-08-20T15:42:14+05:30,0
posx-ugaoo-backend,5541dd6adf,2026-08-20T15:51:50+05:30,src/workflows/store-coupon/steps/import-store-coupons-step.ts,8f1a5412c7,2026-08-20T15:42:14+05:30,0
posx-ugaoo-backend,5541dd6adf,2026-08-20T15:51:50+05:30,yarn.lock,8f1a5412c7,2026-08-20T15:42:14+05:30,0
posx-ugaoo-backend,6b6fac2151,2026-08-20T16:11:55+05:30,src/workflows/cart/workflows/add-to-cart.ts,cc55d5f7cf,2026-08-14T16:25:32+05:30,5
posx-ugaoo-backend,91aeb3b692,2026-08-20T16:18:53+05:30,src/workflows/cart/steps/add-to-cart-step.ts,6b6fac2151,2026-08-20T16:11:55+05:30,0
posx-ugaoo-backend,91aeb3b692,2026-08-20T16:18:53+05:30,src/workflows/online-cart/steps/add-to-online-cart-step.ts,6b6fac2151,2026-08-20T16:11:55+05:30,0
posx-ugaoo-backend,378f846fe8,2026-08-21T15:34:13+05:30,src/lib/adsr/order-payment.ts,c12f050032,2026-07-24T18:32:07+05:30,27
posx-ugaoo-backend,f3880e7c2f,2026-08-24T13:31:40+05:30,src/api/admin/gst-info/export/route.ts,00b759b88c,2026-08-10T16:23:30+05:30,13
posx-ugaoo-backend,f3880e7c2f,2026-08-24T13:31:40+05:30,src/workflows/exports/steps/generate-order-export-csv-step.ts,65439778c4,2026-03-10T11:36:54+05:30,167
posx-ugaoo-backend,47c6fd09f0,2026-08-24T13:38:04+05:30,src/api/admin/gst-info/export/route.ts,f3880e7c2f,2026-08-24T13:31:40+05:30,0
posx-ugaoo-backend,2586e17a20,2026-08-24T14:36:58+05:30,src/workflows/exports/steps/stream-order-export-to-s3-step.ts,dbdc360f40,2026-06-27T00:41:19+05:30,58
posx-ugaoo-backend,132d3aab3e,2026-08-25T10:37:04+05:30,src/modules/order-detail/service.ts,963f2a8c8e,2026-07-23T19:45:56+05:30,32
posx-ugaoo-backend,132d3aab3e,2026-08-25T10:37:04+05:30,src/modules/order-detail/service.ts,8cf35e69ca,2026-08-04T15:39:50+05:30,20
posx-ugaoo-backend,01b339ce70,2026-08-26T13:32:01+05:30,src/workflows/exports/steps/stream-payment-export-to-s3-step.ts,62d177f052,2026-07-08T18:46:26+05:30,48
posx-ugaoo-backend,01b339ce70,2026-08-26T13:32:01+05:30,src/workflows/exports/steps/stream-payment-export-to-s3-step.ts,5d48a71ca6,2026-05-27T17:00:11+05:30,90
posx-ugaoo-backend,c01f0bf7c8,2026-08-26T15:23:51+05:30,src/subscribers/order-detail-order-confirmed.ts,65439778c4,2026-03-10T11:36:54+05:30,169
posx-ugaoo-backend,c01f0bf7c8,2026-08-26T15:23:51+05:30,src/subscribers/order-detail-sagepilot-webhook.ts,62d177f052,2026-07-08T18:46:26+05:30,48
posx-ugaoo-backend,7575e77ad7,2026-08-27T12:49:40+05:30,src/api/direct-razorpay/callback/route.ts,65439778c4,2026-03-10T11:36:54+05:30,170
posx-ugaoo-backend,7575e77ad7,2026-08-27T12:49:40+05:30,tests/direct-razorpay-callback.unit.spec.ts,15077a42ee,2026-08-27T12:39:45+05:30,0
posx-ugaoo-backend,b394f4ed42,2026-08-27T14:45:07+05:30,src/api/direct-razorpay/callback/route.ts,7575e77ad7,2026-08-27T12:49:40+05:30,0
posx-ugaoo-backend,3bbc9b68aa,2026-08-28T17:03:41+05:30,package.json,52d17347b8,2026-08-20T16:13:24+05:30,8
posx-ugaoo-backend,f648ade1ca,2026-08-31T15:13:11+05:30,src/modules/pdf-client/service.ts,af1c128dce,2026-04-02T15:42:08+05:30,150
posx-ugaoo-backend,77ae8fe00a,2026-09-01T11:55:03+05:30,src/api/admin/order-detail/report/route.ts,2da8046b9e,2026-07-25T01:10:03+05:30,38
posx-ugaoo-backend,77ae8fe00a,2026-09-01T11:55:03+05:30,src/api/admin/order-detail/report/route.ts,65439778c4,2026-03-10T11:36:54+05:30,175
posx-ugaoo-backend,77ae8fe00a,2026-09-01T11:55:03+05:30,src/api/admin/order-detail/store-wise-report/route.ts,2da8046b9e,2026-07-25T01:10:03+05:30,38
posx-ugaoo-backend,77ae8fe00a,2026-09-01T11:55:03+05:30,src/api/admin/order-detail/store-wise-report/route.ts,b5faf4aa1b,2026-07-20T23:03:28+05:30,42
posx-ugaoo-backend,97722b6323,2026-09-01T13:49:54+05:30,src/modules/order-detail/service.ts,2aaf3574a8,2026-08-07T11:03:28+05:30,25
posx-ugaoo-store,1e91ee5f6b,2026-03-13T15:02:20+05:30,src/components/app/employees/employees-table.tsx,2749f7c17c,2026-03-11T11:12:37+05:30,2
posx-ugaoo-store,1e91ee5f6b,2026-03-13T15:02:20+05:30,src/components/layouts/app/index.tsx,2749f7c17c,2026-03-11T11:12:37+05:30,2
posx-ugaoo-store,1e91ee5f6b,2026-03-13T15:02:20+05:30,src/components/layouts/app/sidebar.tsx,d63e367a7d,2026-03-12T23:12:55+05:30,0
posx-ugaoo-store,1e91ee5f6b,2026-03-13T15:02:20+05:30,src/components/layouts/app/user-nav.tsx,87e4422eca,2026-03-13T11:53:42+05:30,0
posx-ugaoo-store,1e91ee5f6b,2026-03-13T15:02:20+05:30,src/components/primitives/chip.tsx,87e4422eca,2026-03-13T11:53:42+05:30,0
posx-ugaoo-store,1e91ee5f6b,2026-03-13T15:02:20+05:30,src/components/primitives/table.tsx,2749f7c17c,2026-03-11T11:12:37+05:30,2
posx-ugaoo-store,1e91ee5f6b,2026-03-13T15:02:20+05:30,src/pages/employees/index.tsx,2749f7c17c,2026-03-11T11:12:37+05:30,2
posx-ugaoo-store,1e91ee5f6b,2026-03-13T15:02:20+05:30,src/pages/products/details.tsx,2749f7c17c,2026-03-11T11:12:37+05:30,2
posx-ugaoo-store,1e91ee5f6b,2026-03-13T15:02:20+05:30,src/pages/products/index.tsx,87e4422eca,2026-03-13T11:53:42+05:30,0
posx-ugaoo-store,b081f7c964,2026-03-13T17:53:58+05:30,src/components/app/product/AddToCartModal.tsx,2749f7c17c,2026-03-11T11:12:37+05:30,2
posx-ugaoo-store,b081f7c964,2026-03-13T17:53:58+05:30,src/components/app/product/AddToCartModal.tsx,87e4422eca,2026-03-13T11:53:42+05:30,0
posx-ugaoo-store,b081f7c964,2026-03-13T17:53:58+05:30,src/components/primitives/dialog.tsx,c73769c689,2026-03-12T16:49:29+05:30,1
posx-ugaoo-store,b081f7c964,2026-03-13T17:53:58+05:30,src/components/shimmers/product-card-shimmer-component.tsx,2749f7c17c,2026-03-11T11:12:37+05:30,2
posx-ugaoo-store,b081f7c964,2026-03-13T17:53:58+05:30,src/pages/products/details.tsx,2749f7c17c,2026-03-11T11:12:37+05:30,2
posx-ugaoo-store,b081f7c964,2026-03-13T17:53:58+05:30,src/pages/products/details.tsx,1e91ee5f6b,2026-03-13T15:02:20+05:30,0
posx-ugaoo-store,7aff54c4fd,2026-03-13T18:58:07+05:30,src/components/app/product/AddToCartModal.tsx,2749f7c17c,2026-03-11T11:12:37+05:30,2
posx-ugaoo-store,7aff54c4fd,2026-03-13T18:58:07+05:30,src/components/app/product/AddToCartModal.tsx,b081f7c964,2026-03-13T17:53:58+05:30,0
posx-ugaoo-store,5c25f6232a,2026-03-14T11:06:29+05:30,src/components/app/product/AddToCartModal.tsx,b081f7c964,2026-03-13T17:53:58+05:30,0
posx-ugaoo-store,5c25f6232a,2026-03-14T11:06:29+05:30,src/components/app/product/AddToCartModal.tsx,87e4422eca,2026-03-13T11:53:42+05:30,0
posx-ugaoo-store,9c6e5c14cb,2026-03-14T11:31:25+05:30,src/components/app/product/AddToCartModal.tsx,5a6580d71a,2026-03-14T10:53:58+05:30,0
posx-ugaoo-store,9c6e5c14cb,2026-03-14T11:31:25+05:30,src/components/app/product/AddToCartModal.tsx,7aff54c4fd,2026-03-13T18:58:07+05:30,0
posx-ugaoo-store,9c6e5c14cb,2026-03-14T11:31:25+05:30,src/components/app/product/AddToCartModal.tsx,b081f7c964,2026-03-13T17:53:58+05:30,0
posx-ugaoo-store,9c6e5c14cb,2026-03-14T11:31:25+05:30,src/components/app/product/AddToCartModal.tsx,5c25f6232a,2026-03-14T11:06:29+05:30,0
posx-ugaoo-store,80b1099fc8,2026-03-15T20:04:22+05:30,src/pages/products/details.tsx,1e91ee5f6b,2026-03-13T15:02:20+05:30,2
posx-ugaoo-store,80b1099fc8,2026-03-15T20:04:22+05:30,src/pages/products/details.tsx,2749f7c17c,2026-03-11T11:12:37+05:30,4
posx-ugaoo-store,80b1099fc8,2026-03-15T20:04:22+05:30,src/pages/products/details.tsx,ac15295e13,2026-03-14T11:54:52+05:30,1
posx-ugaoo-store,80b1099fc8,2026-03-15T20:04:22+05:30,src/pages/products/details.tsx,b081f7c964,2026-03-13T17:53:58+05:30,2
posx-ugaoo-store,80b1099fc8,2026-03-15T20:04:22+05:30,src/pages/products/details.tsx,0248299a33,2026-03-15T14:58:26+05:30,0
posx-ugaoo-store,f543a3bc9c,2026-03-16T00:38:26+05:30,src/components/app/employees/employees-table.tsx,ac15295e13,2026-03-14T11:54:52+05:30,1
posx-ugaoo-store,f543a3bc9c,2026-03-16T00:38:26+05:30,src/components/filters.tsx,2749f7c17c,2026-03-11T11:12:37+05:30,4
posx-ugaoo-store,f543a3bc9c,2026-03-16T00:38:26+05:30,src/components/filters.tsx,4e545bb464,2026-03-15T22:46:06+05:30,0
posx-ugaoo-store,f543a3bc9c,2026-03-16T00:38:26+05:30,src/pages/inventory/index.tsx,2749f7c17c,2026-03-11T11:12:37+05:30,4
posx-ugaoo-store,21b7addabd,2026-03-20T11:33:52+05:30,src/components/layouts/app/sidebar.tsx,2749f7c17c,2026-03-11T11:12:37+05:30,9
posx-ugaoo-store,21b7addabd,2026-03-20T11:33:52+05:30,src/store/apis/exchange.request.ts,12ad858bc1,2026-03-19T14:58:08+05:30,0
posx-ugaoo-store,32bbfef223,2026-03-21T00:25:37+05:30,src/components/app/inventory/stn-grn/index.tsx,73daf8ff9e,2026-03-18T12:44:44+05:30,2
posx-ugaoo-store,32bbfef223,2026-03-21T00:25:37+05:30,src/components/app/product/product-card.tsx,12ad858bc1,2026-03-19T14:58:08+05:30,1
posx-ugaoo-store,32bbfef223,2026-03-21T00:25:37+05:30,src/components/app/product/product-card.tsx,6f303b6502,2026-03-12T23:25:31+05:30,8
posx-ugaoo-store,32bbfef223,2026-03-21T00:25:37+05:30,src/components/app/product/product-card.tsx,2749f7c17c,2026-03-11T11:12:37+05:30,9
posx-ugaoo-store,32bbfef223,2026-03-21T00:25:37+05:30,src/components/app/product/product-card.tsx,ac15295e13,2026-03-14T11:54:52+05:30,6
posx-ugaoo-store,32bbfef223,2026-03-21T00:25:37+05:30,src/pages/inventory/index.tsx,84d219bea5,2026-03-20T15:53:37+05:30,0
posx-ugaoo-store,32bbfef223,2026-03-21T00:25:37+05:30,src/pages/inventory/index.tsx,2749f7c17c,2026-03-11T11:12:37+05:30,9
posx-ugaoo-store,32bbfef223,2026-03-21T00:25:37+05:30,src/pages/products/details.tsx,1e91ee5f6b,2026-03-13T15:02:20+05:30,7
posx-ugaoo-store,32bbfef223,2026-03-21T00:25:37+05:30,src/pages/products/details.tsx,80b1099fc8,2026-03-15T20:04:22+05:30,5
posx-ugaoo-store,b0862af5bb,2026-03-21T06:04:28+05:30,src/components/app/home/barcode-scanner/index.tsx,2749f7c17c,2026-03-11T11:12:37+05:30,9
posx-ugaoo-store,b0862af5bb,2026-03-21T06:04:28+05:30,src/components/app/home/barcode-scanner/index.tsx,ac15295e13,2026-03-14T11:54:52+05:30,6
posx-ugaoo-store,b0862af5bb,2026-03-21T06:04:28+05:30,src/components/app/home/barcode-scanner/index.tsx,d63e367a7d,2026-03-12T23:12:55+05:30,8
posx-ugaoo-store,b0862af5bb,2026-03-21T06:04:28+05:30,src/components/app/home/barcode-scanner/insufficient-inventory-dialog.tsx,2749f7c17c,2026-03-11T11:12:37+05:30,9
posx-ugaoo-store,b0862af5bb,2026-03-21T06:04:28+05:30,src/components/app/home/barcode-scanner/schema.ts,2749f7c17c,2026-03-11T11:12:37+05:30,9
posx-ugaoo-store,b0862af5bb,2026-03-21T06:04:28+05:30,src/components/app/home/cart-card.tsx,2749f7c17c,2026-03-11T11:12:37+05:30,9
posx-ugaoo-store,b0862af5bb,2026-03-21T06:04:28+05:30,src/components/app/home/cart-card.tsx,c9c8d515ea,2026-03-20T10:33:52+05:30,0
posx-ugaoo-store,b0862af5bb,2026-03-21T06:04:28+05:30,src/components/app/home/cart-card.tsx,ac15295e13,2026-03-14T11:54:52+05:30,6
posx-ugaoo-store,b0862af5bb,2026-03-21T06:04:28+05:30,src/components/app/home/cart-card.tsx,f44c5e48f4,2026-03-18T17:39:00+05:30,2
posx-ugaoo-store,b0862af5bb,2026-03-21T06:04:28+05:30,src/components/app/home/checkout-button.tsx,2749f7c17c,2026-03-11T11:12:37+05:30,9
posx-ugaoo-store,b0862af5bb,2026-03-21T06:04:28+05:30,src/components/app/home/custom-discount/index.tsx,2749f7c17c,2026-03-11T11:12:37+05:30,9
posx-ugaoo-store,b0862af5bb,2026-03-21T06:04:28+05:30,src/components/app/home/index.tsx,2749f7c17c,2026-03-11T11:12:37+05:30,9
posx-ugaoo-store,b0862af5bb,2026-03-21T06:04:28+05:30,src/components/app/home/index.tsx,d63e367a7d,2026-03-12T23:12:55+05:30,8
posx-ugaoo-store,b0862af5bb,2026-03-21T06:04:28+05:30,src/components/app/home/index.tsx,ac15295e13,2026-03-14T11:54:52+05:30,6
posx-ugaoo-store,b0862af5bb,2026-03-21T06:04:28+05:30,src/components/app/home/online-coupon/index.tsx,2749f7c17c,2026-03-11T11:12:37+05:30,9
posx-ugaoo-store,b0862af5bb,2026-03-21T06:04:28+05:30,src/components/app/home/online-coupon/schema.ts,2749f7c17c,2026-03-11T11:12:37+05:30,9
posx-ugaoo-store,b0862af5bb,2026-03-21T06:04:28+05:30,src/components/app/home/retail-coupon/index.tsx,2749f7c17c,2026-03-11T11:12:37+05:30,9
posx-ugaoo-store,b0862af5bb,2026-03-21T06:04:28+05:30,src/components/app/home/retail-coupon/schema.ts,2749f7c17c,2026-03-11T11:12:37+05:30,9
posx-ugaoo-store,b0862af5bb,2026-03-21T06:04:28+05:30,src/components/app/home/shopping-bag-input/index.tsx,2749f7c17c,2026-03-11T11:12:37+05:30,9
posx-ugaoo-store,b0862af5bb,2026-03-21T06:04:28+05:30,src/components/app/order/steps/customer-details/index.tsx,c9c8d515ea,2026-03-20T10:33:52+05:30,0
posx-ugaoo-store,b0862af5bb,2026-03-21T06:04:28+05:30,src/components/app/order/steps/customer-details/schema.ts,2749f7c17c,2026-03-11T11:12:37+05:30,9
posx-ugaoo-store,b0862af5bb,2026-03-21T06:04:28+05:30,src/components/app/order/steps/customer-details/schema.ts,c9c8d515ea,2026-03-20T10:33:52+05:30,0
posx-ugaoo-store,b0862af5bb,2026-03-21T06:04:28+05:30,src/components/app/product/AddToCartModal.tsx,2749f7c17c,2026-03-11T11:12:37+05:30,9
posx-ugaoo-store,b0862af5bb,2026-03-21T06:04:28+05:30,src/components/app/product/cart-checkout.tsx,2749f7c17c,2026-03-11T11:12:37+05:30,9
posx-ugaoo-store,b0862af5bb,2026-03-21T06:04:28+05:30,src/components/app/product/cart-checkout.tsx,c9c8d515ea,2026-03-20T10:33:52+05:30,0
posx-ugaoo-store,b0862af5bb,2026-03-21T06:04:28+05:30,src/components/app/product/cart-panel.tsx,2749f7c17c,2026-03-11T11:12:37+05:30,9
posx-ugaoo-store,b0862af5bb,2026-03-21T06:04:28+05:30,src/components/app/product/cart-panel.tsx,c9c8d515ea,2026-03-20T10:33:52+05:30,0
posx-ugaoo-store,b0862af5bb,2026-03-21T06:04:28+05:30,src/components/app/product/custom-discount/index.tsx,2749f7c17c,2026-03-11T11:12:37+05:30,9
posx-ugaoo-store,b0862af5bb,2026-03-21T06:04:28+05:30,src/components/app/product/custom-discount/index.tsx,c9c8d515ea,2026-03-20T10:33:52+05:30,0
posx-ugaoo-store,b0862af5bb,2026-03-21T06:04:28+05:30,src/components/app/product/online-cart-card.tsx,2749f7c17c,2026-03-11T11:12:37+05:30,9
posx-ugaoo-store,b0862af5bb,2026-03-21T06:04:28+05:30,src/components/app/product/online-cart-card.tsx,c9c8d515ea,2026-03-20T10:33:52+05:30,0
posx-ugaoo-store,b0862af5bb,2026-03-21T06:04:28+05:30,src/components/app/product/online-coupon-product/index.tsx,2749f7c17c,2026-03-11T11:12:37+05:30,9
posx-ugaoo-store,b0862af5bb,2026-03-21T06:04:28+05:30,src/components/app/product/online-coupon-product/index.tsx,c9c8d515ea,2026-03-20T10:33:52+05:30,0
posx-ugaoo-store,b0862af5bb,2026-03-21T06:04:28+05:30,src/components/app/product/online-retail-coupon/index.tsx,2749f7c17c,2026-03-11T11:12:37+05:30,9
posx-ugaoo-store,b0862af5bb,2026-03-21T06:04:28+05:30,src/components/app/product/online-retail-coupon/index.tsx,c9c8d515ea,2026-03-20T10:33:52+05:30,0
posx-ugaoo-store,b0862af5bb,2026-03-21T06:04:28+05:30,src/components/app/product/product-card.tsx,ac15295e13,2026-03-14T11:54:52+05:30,6
posx-ugaoo-store,b0862af5bb,2026-03-21T06:04:28+05:30,src/components/app/product/product-card.tsx,6f303b6502,2026-03-12T23:25:31+05:30,8
posx-ugaoo-store,b0862af5bb,2026-03-21T06:04:28+05:30,src/components/app/product/product-card.tsx,2749f7c17c,2026-03-11T11:12:37+05:30,9
posx-ugaoo-store,b0862af5bb,2026-03-21T06:04:28+05:30,src/components/layouts/app/index.tsx,c9c8d515ea,2026-03-20T10:33:52+05:30,0
posx-ugaoo-store,b0862af5bb,2026-03-21T06:04:28+05:30,src/components/layouts/app/sidebar.tsx,2749f7c17c,2026-03-11T11:12:37+05:30,9
posx-ugaoo-store,b0862af5bb,2026-03-21T06:04:28+05:30,src/hooks/useAddToCart.ts,2749f7c17c,2026-03-11T11:12:37+05:30,9
posx-ugaoo-store,b0862af5bb,2026-03-21T06:04:28+05:30,src/hooks/useAddToCart.ts,c9c8d515ea,2026-03-20T10:33:52+05:30,0
posx-ugaoo-store,b0862af5bb,2026-03-21T06:04:28+05:30,src/libs/pathbuilder.ts,2749f7c17c,2026-03-11T11:12:37+05:30,9
posx-ugaoo-store,b0862af5bb,2026-03-21T06:04:28+05:30,src/pages/home.tsx,2749f7c17c,2026-03-11T11:12:37+05:30,9
posx-ugaoo-store,b0862af5bb,2026-03-21T06:04:28+05:30,src/pages/orders/details/customer-details.tsx,c9c8d515ea,2026-03-20T10:33:52+05:30,0
posx-ugaoo-store,b0862af5bb,2026-03-21T06:04:28+05:30,src/pages/orders/details/customer-details.tsx,2749f7c17c,2026-03-11T11:12:37+05:30,9
posx-ugaoo-store,b0862af5bb,2026-03-21T06:04:28+05:30,src/pages/products/details.tsx,2749f7c17c,2026-03-11T11:12:37+05:30,9
posx-ugaoo-store,b0862af5bb,2026-03-21T06:04:28+05:30,src/pages/products/index.tsx,6f303b6502,2026-03-12T23:25:31+05:30,8
posx-ugaoo-store,b0862af5bb,2026-03-21T06:04:28+05:30,src/providers/authority-gaurd.tsx,2749f7c17c,2026-03-11T11:12:37+05:30,9
posx-ugaoo-store,b0862af5bb,2026-03-21T06:04:28+05:30,src/store/actions/cart.action.ts,2749f7c17c,2026-03-11T11:12:37+05:30,9
posx-ugaoo-store,b0862af5bb,2026-03-21T06:04:28+05:30,src/store/actions/index.ts,2749f7c17c,2026-03-11T11:12:37+05:30,9
posx-ugaoo-store,b0862af5bb,2026-03-21T06:04:28+05:30,src/store/actions/online-cart.action.ts,2749f7c17c,2026-03-11T11:12:37+05:30,9
posx-ugaoo-store,b0862af5bb,2026-03-21T06:04:28+05:30,src/store/actions/online-cart.action.ts,c9c8d515ea,2026-03-20T10:33:52+05:30,0
posx-ugaoo-store,b0862af5bb,2026-03-21T06:04:28+05:30,src/store/apis/cart.request.ts,2749f7c17c,2026-03-11T11:12:37+05:30,9
posx-ugaoo-store,b0862af5bb,2026-03-21T06:04:28+05:30,src/store/apis/online-cart.request.ts,2749f7c17c,2026-03-11T11:12:37+05:30,9
posx-ugaoo-store,b0862af5bb,2026-03-21T06:04:28+05:30,src/store/apis/unified-cart.request.ts,c9c8d515ea,2026-03-20T10:33:52+05:30,0
posx-ugaoo-store,b0862af5bb,2026-03-21T06:04:28+05:30,src/store/index.ts,2749f7c17c,2026-03-11T11:12:37+05:30,9
posx-ugaoo-store,b0862af5bb,2026-03-21T06:04:28+05:30,src/store/middlewares/cart.middleware.ts,2749f7c17c,2026-03-11T11:12:37+05:30,9
posx-ugaoo-store,b0862af5bb,2026-03-21T06:04:28+05:30,src/store/middlewares/index.ts,2749f7c17c,2026-03-11T11:12:37+05:30,9
posx-ugaoo-store,b0862af5bb,2026-03-21T06:04:28+05:30,src/store/middlewares/index.ts,c9c8d515ea,2026-03-20T10:33:52+05:30,0
posx-ugaoo-store,b0862af5bb,2026-03-21T06:04:28+05:30,src/store/middlewares/online-cart.middleware.ts,2749f7c17c,2026-03-11T11:12:37+05:30,9
posx-ugaoo-store,b0862af5bb,2026-03-21T06:04:28+05:30,src/store/middlewares/unified-cart.middleware.ts,c9c8d515ea,2026-03-20T10:33:52+05:30,0
posx-ugaoo-store,b0862af5bb,2026-03-21T06:04:28+05:30,src/store/reducers/cart.reducer.ts,2749f7c17c,2026-03-11T11:12:37+05:30,9
posx-ugaoo-store,b0862af5bb,2026-03-21T06:04:28+05:30,src/store/reducers/online-cart.reducer.ts,2749f7c17c,2026-03-11T11:12:37+05:30,9
posx-ugaoo-store,b0862af5bb,2026-03-21T06:04:28+05:30,src/store/reducers/online-cart.reducer.ts,c9c8d515ea,2026-03-20T10:33:52+05:30,0
posx-ugaoo-store,b8fb66abf5,2026-03-21T06:09:35+05:30,src/components/layouts/app/sidebar.tsx,2749f7c17c,2026-03-11T11:12:37+05:30,9
posx-ugaoo-store,db20199f1f,2026-03-23T10:50:28+05:30,src/components/app/inventory/inventory-table.tsx,12ad858bc1,2026-03-19T14:58:08+05:30,3
posx-ugaoo-store,db20199f1f,2026-03-23T10:50:28+05:30,src/types/coupon.ts,2749f7c17c,2026-03-11T11:12:37+05:30,11
posx-ugaoo-store,611065236a,2026-03-23T12:56:53+05:30,src/components/app/customer/customer-login/index.tsx,84d219bea5,2026-03-20T15:53:37+05:30,2
posx-ugaoo-store,611065236a,2026-03-23T12:56:53+05:30,src/components/app/customer/customer-login/index.tsx,2749f7c17c,2026-03-11T11:12:37+05:30,12
posx-ugaoo-store,611065236a,2026-03-23T12:56:53+05:30,src/components/app/customer/customer-login/index.tsx,b0862af5bb,2026-03-21T06:04:28+05:30,2
posx-ugaoo-store,9fb325f891,2026-03-23T17:28:11+05:30,src/components/app/order/order-summary.tsx,2749f7c17c,2026-03-11T11:12:37+05:30,12
posx-ugaoo-store,9fb325f891,2026-03-23T17:28:11+05:30,src/components/app/order/order-summary.tsx,c9c8d515ea,2026-03-20T10:33:52+05:30,3
posx-ugaoo-store,9fb325f891,2026-03-23T17:28:11+05:30,src/components/app/order/order-summary.tsx,ac15295e13,2026-03-14T11:54:52+05:30,9
posx-ugaoo-store,9fb325f891,2026-03-23T17:28:11+05:30,src/components/app/order/order-summary.tsx,b0862af5bb,2026-03-21T06:04:28+05:30,2
posx-ugaoo-store,9fb325f891,2026-03-23T17:28:11+05:30,src/components/app/order/steps/customer-details/index.tsx,c9c8d515ea,2026-03-20T10:33:52+05:30,3
posx-ugaoo-store,9fb325f891,2026-03-23T17:28:11+05:30,src/components/app/order/steps/customer-details/index.tsx,2749f7c17c,2026-03-11T11:12:37+05:30,12
posx-ugaoo-store,9fb325f891,2026-03-23T17:28:11+05:30,src/components/app/order/steps/customer-details/index.tsx,b0862af5bb,2026-03-21T06:04:28+05:30,2
posx-ugaoo-store,9fb325f891,2026-03-23T17:28:11+05:30,src/components/app/order/steps/payment-details/single-payment.tsx,2749f7c17c,2026-03-11T11:12:37+05:30,12
posx-ugaoo-store,9fb325f891,2026-03-23T17:28:11+05:30,src/components/app/order/steps/payment-details/split-payment.tsx,2749f7c17c,2026-03-11T11:12:37+05:30,12
posx-ugaoo-store,9fb325f891,2026-03-23T17:28:11+05:30,src/components/app/orders/orders-table.tsx,2749f7c17c,2026-03-11T11:12:37+05:30,12
posx-ugaoo-store,9fb325f891,2026-03-23T17:28:11+05:30,src/components/exchange/OrderProductCard.tsx,12ad858bc1,2026-03-19T14:58:08+05:30,4
posx-ugaoo-store,9fb325f891,2026-03-23T17:28:11+05:30,src/components/exchange/OrderProductCard.tsx,2749f7c17c,2026-03-11T11:12:37+05:30,12
posx-ugaoo-store,9fb325f891,2026-03-23T17:28:11+05:30,src/components/primitives/stepper.tsx,c9c8d515ea,2026-03-20T10:33:52+05:30,3
posx-ugaoo-store,9fb325f891,2026-03-23T17:28:11+05:30,src/pages/exchanges/details.tsx,2749f7c17c,2026-03-11T11:12:37+05:30,12
posx-ugaoo-store,9fb325f891,2026-03-23T17:28:11+05:30,src/pages/orders/details/customer-details.tsx,c9c8d515ea,2026-03-20T10:33:52+05:30,3
posx-ugaoo-store,9fb325f891,2026-03-23T17:28:11+05:30,src/pages/orders/details/customer-details.tsx,2749f7c17c,2026-03-11T11:12:37+05:30,12
posx-ugaoo-store,9fb325f891,2026-03-23T17:28:11+05:30,src/pages/orders/details/order-details.tsx,c9c8d515ea,2026-03-20T10:33:52+05:30,3
posx-ugaoo-store,9fb325f891,2026-03-23T17:28:11+05:30,src/pages/orders/details/order-details.tsx,2749f7c17c,2026-03-11T11:12:37+05:30,12
posx-ugaoo-store,9fb325f891,2026-03-23T17:28:11+05:30,src/pages/orders/details/payment-details.tsx,ac15295e13,2026-03-14T11:54:52+05:30,9
posx-ugaoo-store,9fb325f891,2026-03-23T17:28:11+05:30,src/pages/orders/details/payment-details.tsx,2749f7c17c,2026-03-11T11:12:37+05:30,12
posx-ugaoo-store,9fb325f891,2026-03-23T17:28:11+05:30,src/pages/orders/details/payment-details.tsx,c9c8d515ea,2026-03-20T10:33:52+05:30,3
posx-ugaoo-store,9fb325f891,2026-03-23T17:28:11+05:30,src/pages/returns/details.tsx,2749f7c17c,2026-03-11T11:12:37+05:30,12
posx-ugaoo-store,420603117d,2026-03-23T17:29:46+05:30,src/components/app/order/order-summary.tsx,9fb325f891,2026-03-23T17:28:11+05:30,0
posx-ugaoo-store,420603117d,2026-03-23T17:29:46+05:30,src/components/app/order/order-summary.tsx,c9c8d515ea,2026-03-20T10:33:52+05:30,3
posx-ugaoo-store,420603117d,2026-03-23T17:29:46+05:30,src/pages/orders/details/order-details.tsx,c9c8d515ea,2026-03-20T10:33:52+05:30,3
posx-ugaoo-store,5ae6fb235a,2026-03-23T17:31:21+05:30,src/components/app/inventory/stn-grn/index.tsx,32bbfef223,2026-03-21T00:25:37+05:30,2
posx-ugaoo-store,5ae6fb235a,2026-03-23T17:31:21+05:30,src/components/app/inventory/stn-grn/index.tsx,73daf8ff9e,2026-03-18T12:44:44+05:30,5
posx-ugaoo-store,5ae6fb235a,2026-03-23T17:31:21+05:30,src/components/layouts/app/store-selector.tsx,2749f7c17c,2026-03-11T11:12:37+05:30,12
posx-ugaoo-store,5ae6fb235a,2026-03-23T17:31:21+05:30,src/pages/inventory/index.tsx,2749f7c17c,2026-03-11T11:12:37+05:30,12
posx-ugaoo-store,3b1739696e,2026-03-24T17:40:37+05:30,src/components/image-viewer.tsx,2749f7c17c,2026-03-11T11:12:37+05:30,13
posx-ugaoo-store,debe2d0446,2026-03-25T15:55:49+05:30,src/libs/axios.ts,2749f7c17c,2026-03-11T11:12:37+05:30,14
posx-ugaoo-store,4e5801dc33,2026-03-25T17:51:17+05:30,src/components/app/order/steps/customer-details/index.tsx,c9c8d515ea,2026-03-20T10:33:52+05:30,5
posx-ugaoo-store,4e5801dc33,2026-03-25T17:51:17+05:30,src/components/app/order/steps/customer-details/index.tsx,95b5d94bb6,2026-03-25T15:14:35+05:30,0
posx-ugaoo-store,4e5801dc33,2026-03-25T17:51:17+05:30,src/components/app/order/steps/customer-details/index.tsx,2749f7c17c,2026-03-11T11:12:37+05:30,14
posx-ugaoo-store,4e5801dc33,2026-03-25T17:51:17+05:30,src/components/app/order/steps/customer-details/index.tsx,b0862af5bb,2026-03-21T06:04:28+05:30,4
posx-ugaoo-store,4e5801dc33,2026-03-25T17:51:17+05:30,src/components/app/order/steps/payment-details/cash-form/index.tsx,2749f7c17c,2026-03-11T11:12:37+05:30,14
posx-ugaoo-store,4e5801dc33,2026-03-25T17:51:17+05:30,src/components/app/order/steps/payment-details/cash-form/schema.ts,c9c8d515ea,2026-03-20T10:33:52+05:30,5
posx-ugaoo-store,4e5801dc33,2026-03-25T17:51:17+05:30,src/components/app/order/steps/payment-details/cash-form/schema.ts,2749f7c17c,2026-03-11T11:12:37+05:30,14
posx-ugaoo-store,69be5045ff,2026-03-25T19:09:36+05:30,src/pages/returns/index.tsx,2749f7c17c,2026-03-11T11:12:37+05:30,14
posx-ugaoo-store,1cd71bdbc4,2026-04-01T11:06:20+05:30,src/components/app/product/product-card.tsx,2749f7c17c,2026-03-11T11:12:37+05:30,20
posx-ugaoo-store,1cd71bdbc4,2026-04-01T11:06:20+05:30,src/components/app/product/product-selector-lw.tsx,95b5d94bb6,2026-03-25T15:14:35+05:30,6
posx-ugaoo-store,df70374d73,2026-04-01T12:17:06+05:30,src/components/app/coupons/coupons-listing.tsx,2749f7c17c,2026-03-11T11:12:37+05:30,21
posx-ugaoo-store,df70374d73,2026-04-01T12:17:06+05:30,src/components/app/product/cart-panel.tsx,89e99d4964,2026-03-25T17:30:44+05:30,6
posx-ugaoo-store,df70374d73,2026-04-01T12:17:06+05:30,src/pages/returns/details.tsx,76901187ad,2026-03-30T17:49:01+05:30,1
posx-ugaoo-store,df70374d73,2026-04-01T12:17:06+05:30,src/store/middlewares/init.middleware.ts,2749f7c17c,2026-03-11T11:12:37+05:30,21
posx-ugaoo-store,df70374d73,2026-04-01T12:17:06+05:30,src/store/reducers/init.reducer.ts,2749f7c17c,2026-03-11T11:12:37+05:30,21
posx-ugaoo-store,e0d73aee66,2026-04-01T14:41:36+05:30,src/components/app/product/online-coupon-product/index.tsx,2749f7c17c,2026-03-11T11:12:37+05:30,21
posx-ugaoo-store,afd6e28282,2026-04-01T18:34:55+05:30,src/components/app/product/online-coupon-product/index.tsx,2749f7c17c,2026-03-11T11:12:37+05:30,21
posx-ugaoo-store,afd6e28282,2026-04-01T18:34:55+05:30,src/pages/inventory/index.tsx,2749f7c17c,2026-03-11T11:12:37+05:30,21
posx-ugaoo-store,afd6e28282,2026-04-01T18:34:55+05:30,src/pages/inventory/index.tsx,12ad858bc1,2026-03-19T14:58:08+05:30,13
posx-ugaoo-store,afd6e28282,2026-04-01T18:34:55+05:30,src/pages/products/index.tsx,2749f7c17c,2026-03-11T11:12:37+05:30,21
posx-ugaoo-store,afd6e28282,2026-04-01T18:34:55+05:30,src/pages/products/index.tsx,978076fe88,2026-03-16T16:21:01+05:30,16
posx-ugaoo-store,afd6e28282,2026-04-01T18:34:55+05:30,src/store/middlewares/product.middleware.ts,2749f7c17c,2026-03-11T11:12:37+05:30,21
posx-ugaoo-store,dab630683a,2026-04-02T11:27:29+05:30,src/store/apis/online-coupon.request.ts,2097ce9356,2026-04-02T11:21:32+05:30,0
posx-ugaoo-store,ed89732370,2026-04-02T11:44:58+05:30,src/components/app/coupons/online-coupons-tab.tsx,2097ce9356,2026-04-02T11:21:32+05:30,0
posx-ugaoo-store,ed89732370,2026-04-02T11:44:58+05:30,src/store/apis/online-coupon.request.ts,dab630683a,2026-04-02T11:27:29+05:30,0
posx-ugaoo-store,ed89732370,2026-04-02T11:44:58+05:30,src/store/apis/online-coupon.request.ts,df70374d73,2026-04-01T12:17:06+05:30,0
posx-ugaoo-store,ed89732370,2026-04-02T11:44:58+05:30,src/store/apis/online-coupon.request.ts,2097ce9356,2026-04-02T11:21:32+05:30,0
posx-ugaoo-store,ed89732370,2026-04-02T11:44:58+05:30,src/store/middlewares/init.middleware.ts,df70374d73,2026-04-01T12:17:06+05:30,0
posx-ugaoo-store,ed89732370,2026-04-02T11:44:58+05:30,src/types/coupon.ts,2097ce9356,2026-04-02T11:21:32+05:30,0
posx-ugaoo-store,b2b20f8e74,2026-04-02T11:54:10+05:30,src/components/app/coupons/coupons-listing.tsx,df70374d73,2026-04-01T12:17:06+05:30,0
posx-ugaoo-store,b2b20f8e74,2026-04-02T11:54:10+05:30,src/store/reducers/init.reducer.ts,df70374d73,2026-04-01T12:17:06+05:30,0
posx-ugaoo-store,2044d8b7ea,2026-04-02T12:11:25+05:30,.github/workflows/deploy.yml,5d64363f16,2026-03-17T18:46:02+05:30,15
posx-ugaoo-store,7c07b65c0b,2026-04-02T12:14:22+05:30,.github/workflows/deploy.yml,2044d8b7ea,2026-04-02T12:11:25+05:30,0
posx-ugaoo-store,57b7a36a63,2026-04-02T13:45:54+05:30,src/components/app/coupons/online-coupons-tab.tsx,2097ce9356,2026-04-02T11:21:32+05:30,0
posx-ugaoo-store,57b7a36a63,2026-04-02T13:45:54+05:30,src/components/app/coupons/online-coupons-tab.tsx,ed89732370,2026-04-02T11:44:58+05:30,0
posx-ugaoo-store,57b7a36a63,2026-04-02T13:45:54+05:30,src/components/app/product/product-selector-lw.tsx,1cd71bdbc4,2026-04-01T11:06:20+05:30,1
posx-ugaoo-store,15101b6643,2026-04-02T14:46:06+05:30,src/pages/cms/index.tsx,73daf8ff9e,2026-03-18T12:44:44+05:30,15
posx-ugaoo-store,15101b6643,2026-04-02T14:46:06+05:30,src/pages/cms/index.tsx,4d8aa3e033,2026-03-26T14:58:15+05:30,6
posx-ugaoo-store,15101b6643,2026-04-02T14:46:06+05:30,src/pages/cms/index.tsx,12ad858bc1,2026-03-19T14:58:08+05:30,13
posx-ugaoo-store,7e3ed34669,2026-04-02T17:38:23+05:30,src/components/app/product/cart-panel.tsx,2749f7c17c,2026-03-11T11:12:37+05:30,22
posx-ugaoo-store,7e3ed34669,2026-04-02T17:38:23+05:30,src/components/app/product/cart-panel.tsx,89e99d4964,2026-03-25T17:30:44+05:30,8
posx-ugaoo-store,c05c6cca35,2026-04-02T18:28:53+05:30,src/components/app/product/cart-panel.tsx,89e99d4964,2026-03-25T17:30:44+05:30,8
posx-ugaoo-store,c05c6cca35,2026-04-02T18:28:53+05:30,src/components/app/product/cart-panel.tsx,7e3ed34669,2026-04-02T17:38:23+05:30,0
posx-ugaoo-store,c05c6cca35,2026-04-02T18:28:53+05:30,src/components/app/product/discount-modal/index.tsx,7e3ed34669,2026-04-02T17:38:23+05:30,0
posx-ugaoo-store,c05c6cca35,2026-04-02T18:28:53+05:30,src/store/actions/cart.action.ts,b0862af5bb,2026-03-21T06:04:28+05:30,12
posx-ugaoo-store,03820bee34,2026-04-03T12:20:33+05:30,src/components/app/order/order-summary.tsx,2749f7c17c,2026-03-11T11:12:37+05:30,23
posx-ugaoo-store,dbb84abbe6,2026-04-03T12:41:32+05:30,src/components/app/orders/orders-report-options.tsx,2749f7c17c,2026-03-11T11:12:37+05:30,23
posx-ugaoo-store,235742fcee,2026-04-08T09:11:24+05:30,src/components/app/order/steps/payment-details/qr-payment-form/index.tsx,1a53ca76ea,2026-04-07T17:26:57+05:30,0
posx-ugaoo-store,8dd4352931,2026-04-09T12:50:41+05:30,src/components/app/product/product-selector-lw.tsx,2749f7c17c,2026-03-11T11:12:37+05:30,29
posx-ugaoo-store,8dd4352931,2026-04-09T12:50:41+05:30,src/components/app/product/product-selector-lw.tsx,12ad858bc1,2026-03-19T14:58:08+05:30,20
posx-ugaoo-store,8dd4352931,2026-04-09T12:50:41+05:30,src/components/app/product/product-selector-lw.tsx,1cd71bdbc4,2026-04-01T11:06:20+05:30,8
posx-ugaoo-store,8dd4352931,2026-04-09T12:50:41+05:30,src/components/app/product/product-selector-lw.tsx,57b7a36a63,2026-04-02T13:45:54+05:30,6
posx-ugaoo-store,8dd4352931,2026-04-09T12:50:41+05:30,src/components/app/product/product-selector-lw.tsx,95b5d94bb6,2026-03-25T15:14:35+05:30,14
posx-ugaoo-store,62a4138518,2026-04-10T09:06:33+05:30,src/components/app/order/order-summary.tsx,c9c8d515ea,2026-03-20T10:33:52+05:30,20
posx-ugaoo-store,62a4138518,2026-04-10T09:06:33+05:30,src/components/app/product/cart-panel.tsx,2749f7c17c,2026-03-11T11:12:37+05:30,29
posx-ugaoo-store,62a4138518,2026-04-10T09:06:33+05:30,src/components/app/product/cart-panel.tsx,87212411a8,2026-04-08T10:41:30+05:30,1
posx-ugaoo-store,8197fd9ca3,2026-04-10T11:29:56+05:30,src/components/app/product/cart-panel.tsx,2749f7c17c,2026-03-11T11:12:37+05:30,30
posx-ugaoo-store,8197fd9ca3,2026-04-10T11:29:56+05:30,src/components/app/product/cart-panel.tsx,62a4138518,2026-04-10T09:06:33+05:30,0
posx-ugaoo-store,8197fd9ca3,2026-04-10T11:29:56+05:30,src/components/app/product/cart-panel.tsx,87212411a8,2026-04-08T10:41:30+05:30,2
posx-ugaoo-store,8197fd9ca3,2026-04-10T11:29:56+05:30,src/store/middlewares/cart.middleware.ts,b0862af5bb,2026-03-21T06:04:28+05:30,20
posx-ugaoo-store,faeb7ecbf5,2026-04-11T14:40:41+05:30,src/components/app/product/cart-panel.tsx,c05c6cca35,2026-04-02T18:28:53+05:30,8
posx-ugaoo-store,faeb7ecbf5,2026-04-11T14:40:41+05:30,src/components/app/product/cart-panel.tsx,89e99d4964,2026-03-25T17:30:44+05:30,16
posx-ugaoo-store,faeb7ecbf5,2026-04-11T14:40:41+05:30,src/store/actions/cart.action.ts,c05c6cca35,2026-04-02T18:28:53+05:30,8
posx-ugaoo-store,ead93bf00f,2026-04-13T18:31:43+05:30,src/components/app/product/cart-panel.tsx,2749f7c17c,2026-03-11T11:12:37+05:30,33
posx-ugaoo-store,ead93bf00f,2026-04-13T18:31:43+05:30,src/components/app/product/cart-panel.tsx,89e99d4964,2026-03-25T17:30:44+05:30,19
posx-ugaoo-store,d1859ca0f5,2026-04-21T12:22:32+05:30,package.json,2749f7c17c,2026-03-11T11:12:37+05:30,41
posx-ugaoo-store,d1859ca0f5,2026-04-21T12:22:32+05:30,src/components/app/order/steps/payment-details/cash-form/index.tsx,4e5801dc33,2026-03-25T17:51:17+05:30,26
posx-ugaoo-store,d1859ca0f5,2026-04-21T12:22:32+05:30,src/components/app/order/steps/payment-details/cash-form/index.tsx,c9c8d515ea,2026-03-20T10:33:52+05:30,32
posx-ugaoo-store,d1859ca0f5,2026-04-21T12:22:32+05:30,src/components/app/order/steps/payment-details/cash-form/index.tsx,2749f7c17c,2026-03-11T11:12:37+05:30,41
posx-ugaoo-store,d1859ca0f5,2026-04-21T12:22:32+05:30,src/components/app/order/steps/payment-details/cash-form/schema.ts,4e5801dc33,2026-03-25T17:51:17+05:30,26
posx-ugaoo-store,3c0eca9ac3,2026-04-21T15:19:28+05:30,pnpm-lock.yaml,2749f7c17c,2026-03-11T11:12:37+05:30,41
posx-ugaoo-store,45a2515afb,2026-05-02T12:18:16+05:30,src/components/app/order/order-summary.tsx,1a53ca76ea,2026-04-07T17:26:57+05:30,24
posx-ugaoo-store,45a2515afb,2026-05-02T12:18:16+05:30,src/components/app/order/order-summary.tsx,9fb325f891,2026-03-23T17:28:11+05:30,39
posx-ugaoo-store,45a2515afb,2026-05-02T12:18:16+05:30,src/components/app/order/order-summary.tsx,b0862af5bb,2026-03-21T06:04:28+05:30,42
posx-ugaoo-store,45a2515afb,2026-05-02T12:18:16+05:30,src/components/app/order/order-summary.tsx,d14bd19d4a,2026-03-24T16:27:41+05:30,38
posx-ugaoo-store,45a2515afb,2026-05-02T12:18:16+05:30,src/components/app/order/order-summary.tsx,800745e32a,2026-04-17T10:22:46+05:30,15
posx-ugaoo-store,45a2515afb,2026-05-02T12:18:16+05:30,src/components/app/order/order-summary.tsx,420603117d,2026-03-23T17:29:46+05:30,39
posx-ugaoo-store,152d994834,2026-05-05T16:01:50+05:30,src/components/app/order/steps/payment-details/district-by-zomato-form/index.tsx,2749f7c17c,2026-03-11T11:12:37+05:30,55
posx-ugaoo-store,152d994834,2026-05-05T16:01:50+05:30,src/components/app/order/steps/payment-details/exchange-payment-details.tsx,2749f7c17c,2026-03-11T11:12:37+05:30,55
posx-ugaoo-store,152d994834,2026-05-05T16:01:50+05:30,src/components/app/order/steps/payment-details/pinelabs-offline-form/index.tsx,2749f7c17c,2026-03-11T11:12:37+05:30,55
posx-ugaoo-store,152d994834,2026-05-05T16:01:50+05:30,src/components/app/order/steps/payment-details/qr-payment-form/index.tsx,2749f7c17c,2026-03-11T11:12:37+05:30,55
posx-ugaoo-store,152d994834,2026-05-05T16:01:50+05:30,src/components/app/payments/shared/order-transactions-table.tsx,2749f7c17c,2026-03-11T11:12:37+05:30,55
posx-ugaoo-store,152d994834,2026-05-05T16:01:50+05:30,src/hooks/usePaidAmount.ts,2749f7c17c,2026-03-11T11:12:37+05:30,55
posx-ugaoo-store,152d994834,2026-05-05T16:01:50+05:30,src/pages/orders/details/exchange-payment-details.tsx,2749f7c17c,2026-03-11T11:12:37+05:30,55
posx-ugaoo-store,152d994834,2026-05-05T16:01:50+05:30,src/pages/orders/details/payment-details.tsx,2749f7c17c,2026-03-11T11:12:37+05:30,55
posx-ugaoo-store,dc74747b83,2026-05-08T15:04:36+05:30,tsconfig.app.json,3a11d35947,2026-05-08T12:25:18+05:30,0
posx-ugaoo-store,2707c9294c,2026-05-08T15:19:20+05:30,src/components/app/product/cart-panel.tsx,2749f7c17c,2026-03-11T11:12:37+05:30,58
posx-ugaoo-store,2707c9294c,2026-05-08T15:19:20+05:30,src/components/app/product/cart-panel.tsx,42b2ca2fc3,2026-05-08T13:56:16+05:30,0
posx-ugaoo-store,2707c9294c,2026-05-08T15:19:20+05:30,src/components/app/product/cart-panel.tsx,7e3ed34669,2026-04-02T17:38:23+05:30,35
posx-ugaoo-store,2707c9294c,2026-05-08T15:19:20+05:30,src/components/app/product/cart-panel.tsx,c05c6cca35,2026-04-02T18:28:53+05:30,35
posx-ugaoo-store,2905f5e084,2026-05-12T22:31:13+05:30,src/components/layouts/app/sidebar.tsx,2749f7c17c,2026-03-11T11:12:37+05:30,62
posx-ugaoo-store,ed85b6f93f,2026-05-12T23:18:09+05:30,src/pages/cms/index.tsx,12ad858bc1,2026-03-19T14:58:08+05:30,54
posx-ugaoo-store,c2e513875a,2026-05-13T00:35:27+05:30,src/components/exchange/OrderProductCard.tsx,2749f7c17c,2026-03-11T11:12:37+05:30,62
posx-ugaoo-store,3d636d9c70,2026-05-13T11:19:35+05:30,src/components/app/product/approval-modal.tsx,2749f7c17c,2026-03-11T11:12:37+05:30,63
posx-ugaoo-store,3d636d9c70,2026-05-13T11:19:35+05:30,src/components/app/product/cart-panel.tsx,2749f7c17c,2026-03-11T11:12:37+05:30,63
posx-ugaoo-store,3d636d9c70,2026-05-13T11:19:35+05:30,src/components/app/product/cart-panel.tsx,df70374d73,2026-04-01T12:17:06+05:30,41
posx-ugaoo-store,3d636d9c70,2026-05-13T11:19:35+05:30,src/components/app/product/cart-panel.tsx,95b976d465,2026-05-08T17:11:26+05:30,4
posx-ugaoo-store,3d636d9c70,2026-05-13T11:19:35+05:30,src/components/app/product/custom-discount/index.tsx,2749f7c17c,2026-03-11T11:12:37+05:30,63
posx-ugaoo-store,3d636d9c70,2026-05-13T11:19:35+05:30,src/components/app/product/custom-discount/index.tsx,b0862af5bb,2026-03-21T06:04:28+05:30,53
posx-ugaoo-store,c59b46a2e0,2026-05-13T15:11:43+05:30,src/components/app/order/steps/customer-details/index.tsx,95b5d94bb6,2026-03-25T15:14:35+05:30,48
posx-ugaoo-store,c59b46a2e0,2026-05-13T15:11:43+05:30,src/pages/orders/details/customer-details.tsx,c9c8d515ea,2026-03-20T10:33:52+05:30,54
posx-ugaoo-store,c59b46a2e0,2026-05-13T15:11:43+05:30,src/pages/orders/details/customer-details.tsx,67c4b8b941,2026-03-27T15:30:06+05:30,46
posx-ugaoo-store,c59b46a2e0,2026-05-13T15:11:43+05:30,src/pages/orders/details/customer-details.tsx,b0862af5bb,2026-03-21T06:04:28+05:30,53
posx-ugaoo-store,1fffd010f0,2026-05-13T16:33:19+05:30,src/components/airprint-receipt.tsx,b923810b37,2026-03-27T18:41:28+05:30,46
posx-ugaoo-store,940a63bb2e,2026-05-13T16:36:45+05:30,src/pages/orders/details/payment-details.tsx,9fb325f891,2026-03-23T17:28:11+05:30,50
posx-ugaoo-store,f15fa49675,2026-05-15T11:04:56+05:30,src/pages/returns/details.tsx,6d074b944e,2026-03-24T16:48:37+05:30,51
posx-ugaoo-store,d5a299b1e1,2026-05-15T15:28:43+05:30,src/components/layouts/app/store-selector.tsx,2749f7c17c,2026-03-11T11:12:37+05:30,65
posx-ugaoo-store,c9915cda04,2026-05-15T17:55:24+05:30,src/pages/employees/index.tsx,2749f7c17c,2026-03-11T11:12:37+05:30,65
posx-ugaoo-store,c9915cda04,2026-05-15T17:55:24+05:30,src/pages/employees/index.tsx,12ad858bc1,2026-03-19T14:58:08+05:30,57
posx-ugaoo-store,9516b92cfc,2026-05-16T10:45:55+05:30,src/pages/cms/index.tsx,27ab42f648,2026-03-17T22:54:27+05:30,59
posx-ugaoo-store,9516b92cfc,2026-05-16T10:45:55+05:30,src/pages/cms/index.tsx,12ad858bc1,2026-03-19T14:58:08+05:30,57
posx-ugaoo-store,d5222a6fa5,2026-05-26T19:10:08+05:30,src/components/app/customer/customer-login/index.tsx,c73769c689,2026-03-12T16:49:29+05:30,75
posx-ugaoo-store,d5222a6fa5,2026-05-26T19:10:08+05:30,src/components/app/customer/customer-login/index.tsx,2749f7c17c,2026-03-11T11:12:37+05:30,76
posx-ugaoo-store,d5222a6fa5,2026-05-26T19:10:08+05:30,src/components/app/customer/customer-login/index.tsx,12ad858bc1,2026-03-19T14:58:08+05:30,68
posx-ugaoo-store,d5222a6fa5,2026-05-26T19:10:08+05:30,src/components/app/customer/customer-login/index.tsx,d63e367a7d,2026-03-12T23:12:55+05:30,74
posx-ugaoo-store,d5222a6fa5,2026-05-26T19:10:08+05:30,src/components/app/customer/customer-login/index.tsx,611065236a,2026-03-23T12:56:53+05:30,64
posx-ugaoo-store,d5222a6fa5,2026-05-26T19:10:08+05:30,src/components/app/customer/customer-login/index.tsx,ac15295e13,2026-03-14T11:54:52+05:30,73
posx-ugaoo-store,d5222a6fa5,2026-05-26T19:10:08+05:30,src/components/app/customer/customer-login/schema.ts,2749f7c17c,2026-03-11T11:12:37+05:30,76
posx-ugaoo-store,d5222a6fa5,2026-05-26T19:10:08+05:30,src/components/layouts/app/header.tsx,ac15295e13,2026-03-14T11:54:52+05:30,73
posx-ugaoo-store,d5222a6fa5,2026-05-26T19:10:08+05:30,src/store/apis/customer.request.ts,67c4b8b941,2026-03-27T15:30:06+05:30,60
posx-ugaoo-store,d5222a6fa5,2026-05-26T19:10:08+05:30,src/store/middlewares/customer.middleware.ts,2749f7c17c,2026-03-11T11:12:37+05:30,76
posx-ugaoo-store,e1fe1de6df,2026-05-28T18:52:13+05:30,package.json,2749f7c17c,2026-03-11T11:12:37+05:30,78
posx-ugaoo-store,e1fe1de6df,2026-05-28T18:52:13+05:30,src/components/app/order/order-card.tsx,2749f7c17c,2026-03-11T11:12:37+05:30,78
posx-ugaoo-store,e1fe1de6df,2026-05-28T18:52:13+05:30,src/components/app/product/cart-price-summary.tsx,2749f7c17c,2026-03-11T11:12:37+05:30,78
posx-ugaoo-store,e1fe1de6df,2026-05-28T18:52:13+05:30,src/components/app/product/cart-price-summary.tsx,c73fefa398,2026-05-12T23:25:19+05:30,15
posx-ugaoo-store,e1fe1de6df,2026-05-28T18:52:13+05:30,src/libs/calculate-product-discount.ts,2749f7c17c,2026-03-11T11:12:37+05:30,78
posx-ugaoo-store,e1fe1de6df,2026-05-28T18:52:13+05:30,src/libs/calculate-product-exchange-value.ts,12ad858bc1,2026-03-19T14:58:08+05:30,70
posx-ugaoo-store,e1fe1de6df,2026-05-28T18:52:13+05:30,src/libs/calculate-product-exchange-value.ts,2749f7c17c,2026-03-11T11:12:37+05:30,78
posx-ugaoo-store,e1fe1de6df,2026-05-28T18:52:13+05:30,src/libs/print.ts,2749f7c17c,2026-03-11T11:12:37+05:30,78
posx-ugaoo-store,e1fe1de6df,2026-05-28T18:52:13+05:30,src/pages/return-and-exchange/index.tsx,2749f7c17c,2026-03-11T11:12:37+05:30,78
posx-ugaoo-store,e0611e8421,2026-05-29T15:04:05+05:30,src/pages/returns/index.tsx,2749f7c17c,2026-03-11T11:12:37+05:30,79
posx-ugaoo-store,e0611e8421,2026-05-29T15:04:05+05:30,src/pages/returns/index.tsx,94c25bd54e,2026-05-08T12:08:58+05:30,21
posx-ugaoo-store,740bea0a9e,2026-06-03T17:52:57+05:30,src/pages/orders/details/exchange-payment-details.tsx,152d994834,2026-05-05T16:01:50+05:30,29
posx-ugaoo-store,740bea0a9e,2026-06-03T17:52:57+05:30,src/pages/return-and-exchange/index.tsx,e1fe1de6df,2026-05-28T18:52:13+05:30,5
posx-ugaoo-store,d2b3616d68,2026-06-12T18:31:52+05:30,src/libs/axios.ts,2749f7c17c,2026-03-11T11:12:37+05:30,93
posx-ugaoo-store,d2b3616d68,2026-06-12T18:31:52+05:30,src/store/index.ts,2749f7c17c,2026-03-11T11:12:37+05:30,93
posx-ugaoo-store,d2b3616d68,2026-06-12T18:31:52+05:30,src/store/middlewares/cart.middleware.ts,87a461f248,2026-05-07T23:17:23+05:30,35
posx-ugaoo-store,d2b3616d68,2026-06-12T18:31:52+05:30,src/store/reducers/cart.reducer.ts,2749f7c17c,2026-03-11T11:12:37+05:30,93
posx-ugaoo-store,da0bc0bcba,2026-07-08T09:32:09+05:30,src/store/middlewares/auth.middleware.ts,354e1ae885,2026-06-30T15:49:15+05:30,7
posx-ugaoo-store,99fd9f6ff5,2026-07-08T13:13:35+05:30,src/libs/axios.ts,548b0a6167,2026-06-30T18:28:52+05:30,7
posx-ugaoo-store,99fd9f6ff5,2026-07-08T13:13:35+05:30,src/libs/env.ts,548b0a6167,2026-06-30T18:28:52+05:30,7
posx-ugaoo-store,bde82bd9c7,2026-07-08T20:45:30+05:30,src/store/middlewares/auth.middleware.ts,354e1ae885,2026-06-30T15:49:15+05:30,8
posx-ugaoo-store,bde82bd9c7,2026-07-08T20:45:30+05:30,src/store/middlewares/auth.middleware.ts,2749f7c17c,2026-03-11T11:12:37+05:30,119
posx-ugaoo-store,bde82bd9c7,2026-07-08T20:45:30+05:30,src/store/middlewares/auth.middleware.ts,da0bc0bcba,2026-07-08T09:32:09+05:30,0
posx-ugaoo-store,95bb48ed4a,2026-07-09T19:26:12+05:30,src/pages/sales/index.tsx,9b1bbc7194,2026-07-05T21:29:23+05:30,3
posx-ugaoo-store,95bb48ed4a,2026-07-09T19:26:12+05:30,src/pages/sales/index.tsx,84d219bea5,2026-03-20T15:53:37+05:30,111
posx-ugaoo-store,0460dc3a2b,2026-07-15T16:49:38+05:30,src/components/app/order/steps/payment-details/exchange-payment-details.tsx,152d994834,2026-05-05T16:01:50+05:30,71
posx-ugaoo-store,0460dc3a2b,2026-07-15T16:49:38+05:30,src/components/app/order/steps/payment-details/exchange-payment-details.tsx,2749f7c17c,2026-03-11T11:12:37+05:30,126
posx-ugaoo-store,0460dc3a2b,2026-07-15T16:49:38+05:30,src/components/app/order/steps/payment-details/index.tsx,2749f7c17c,2026-03-11T11:12:37+05:30,126
posx-ugaoo-store,0460dc3a2b,2026-07-15T16:49:38+05:30,src/components/exchange/ExchangeOrderDetails.tsx,95b5d94bb6,2026-03-25T15:14:35+05:30,112
posx-ugaoo-store,0460dc3a2b,2026-07-15T16:49:38+05:30,src/libs/calculate-product-exchange-value.ts,12ad858bc1,2026-03-19T14:58:08+05:30,118
posx-ugaoo-store,0460dc3a2b,2026-07-15T16:49:38+05:30,src/libs/order-amounts.ts,152d994834,2026-05-05T16:01:50+05:30,71
posx-ugaoo-store,0460dc3a2b,2026-07-15T16:49:38+05:30,src/pages/orders/details/exchange-payment-details.tsx,152d994834,2026-05-05T16:01:50+05:30,71
posx-ugaoo-store,0460dc3a2b,2026-07-15T16:49:38+05:30,src/pages/orders/details/exchange-payment-details.tsx,740bea0a9e,2026-06-03T17:52:57+05:30,41
posx-ugaoo-store,0460dc3a2b,2026-07-15T16:49:38+05:30,src/pages/orders/details/payment-details.tsx,152d994834,2026-05-05T16:01:50+05:30,71
posx-ugaoo-store,0460dc3a2b,2026-07-15T16:49:38+05:30,src/pages/orders/details/payment-details.tsx,2749f7c17c,2026-03-11T11:12:37+05:30,126
posx-ugaoo-store,0460dc3a2b,2026-07-15T16:49:38+05:30,src/pages/returns/details.tsx,d14bd19d4a,2026-03-24T16:27:41+05:30,113
posx-ugaoo-store,e529314c92,2026-07-15T18:46:40+05:30,src/pages/orders/details/exchange-payment-details.tsx,0460dc3a2b,2026-07-15T16:49:38+05:30,0
posx-ugaoo-store,e529314c92,2026-07-15T18:46:40+05:30,src/pages/orders/details/payment-details.tsx,0460dc3a2b,2026-07-15T16:49:38+05:30,0
posx-ugaoo-store,93ca95278f,2026-07-17T13:29:17+05:30,src/pages/returns/details.tsx,d14bd19d4a,2026-03-24T16:27:41+05:30,114
posx-ugaoo-store,25a6445c98,2026-07-20T23:17:17+05:30,src/components/app/order/steps/payment-details/exchange-payment-details.tsx,0460dc3a2b,2026-07-15T16:49:38+05:30,5
posx-ugaoo-store,25a6445c98,2026-07-20T23:17:17+05:30,src/components/app/payments/shared/order-transactions-table.tsx,2749f7c17c,2026-03-11T11:12:37+05:30,131
posx-ugaoo-store,25a6445c98,2026-07-20T23:17:17+05:30,src/components/app/product/cart-panel.tsx,2749f7c17c,2026-03-11T11:12:37+05:30,131
posx-ugaoo-store,25a6445c98,2026-07-20T23:17:17+05:30,src/components/app/product/cart-panel.tsx,c9c8d515ea,2026-03-20T10:33:52+05:30,122
posx-ugaoo-store,25a6445c98,2026-07-20T23:17:17+05:30,src/components/app/product/cart-panel.tsx,e2dd529d56,2026-05-07T11:41:56+05:30,74
posx-ugaoo-store,25a6445c98,2026-07-20T23:17:17+05:30,src/components/app/return/return-status.tsx,978076fe88,2026-03-16T16:21:01+05:30,126
posx-ugaoo-store,25a6445c98,2026-07-20T23:17:17+05:30,src/components/app/return/returnable-order-card.tsx,e0611e8421,2026-05-29T15:04:05+05:30,52
posx-ugaoo-store,25a6445c98,2026-07-20T23:17:17+05:30,src/components/app/transactions/transations-table.tsx,2749f7c17c,2026-03-11T11:12:37+05:30,131
posx-ugaoo-store,25a6445c98,2026-07-20T23:17:17+05:30,src/components/exchange/ExchangeOrderDetails.tsx,0460dc3a2b,2026-07-15T16:49:38+05:30,5
posx-ugaoo-store,25a6445c98,2026-07-20T23:17:17+05:30,src/components/exchange/ExchangeOrderDetails.tsx,95b5d94bb6,2026-03-25T15:14:35+05:30,117
posx-ugaoo-store,25a6445c98,2026-07-20T23:17:17+05:30,src/components/exchange/OrderProductCard.tsx,1d31c0f781,2026-05-12T13:11:01+05:30,69
posx-ugaoo-store,25a6445c98,2026-07-20T23:17:17+05:30,src/components/exchange/OrderProductCard.tsx,12ad858bc1,2026-03-19T14:58:08+05:30,123
posx-ugaoo-store,25a6445c98,2026-07-20T23:17:17+05:30,src/components/layouts/app/sidebar.tsx,d63e367a7d,2026-03-12T23:12:55+05:30,130
posx-ugaoo-store,25a6445c98,2026-07-20T23:17:17+05:30,src/libs/order-amounts.ts,0460dc3a2b,2026-07-15T16:49:38+05:30,5
posx-ugaoo-store,25a6445c98,2026-07-20T23:17:17+05:30,src/pages/return-and-exchange/index.tsx,e1fe1de6df,2026-05-28T18:52:13+05:30,53
posx-ugaoo-store,25a6445c98,2026-07-20T23:17:17+05:30,src/pages/return-and-exchange/index.tsx,740bea0a9e,2026-06-03T17:52:57+05:30,47
posx-ugaoo-store,25a6445c98,2026-07-20T23:17:17+05:30,src/pages/return-and-exchange/index.tsx,2749f7c17c,2026-03-11T11:12:37+05:30,131
posx-ugaoo-store,25a6445c98,2026-07-20T23:17:17+05:30,src/pages/returns/details.tsx,2749f7c17c,2026-03-11T11:12:37+05:30,131
posx-ugaoo-store,25a6445c98,2026-07-20T23:17:17+05:30,src/pages/returns/details.tsx,6d074b944e,2026-03-24T16:48:37+05:30,118
posx-ugaoo-store,25a6445c98,2026-07-20T23:17:17+05:30,src/pages/returns/details.tsx,d14bd19d4a,2026-03-24T16:27:41+05:30,118
posx-ugaoo-store,25a6445c98,2026-07-20T23:17:17+05:30,src/pages/returns/details.tsx,0460dc3a2b,2026-07-15T16:49:38+05:30,5
posx-ugaoo-store,25a6445c98,2026-07-20T23:17:17+05:30,src/pages/returns/details.tsx,93ca95278f,2026-07-17T13:29:17+05:30,3
posx-ugaoo-store,bb0fc4e382,2026-07-21T12:25:52+05:30,.github/workflows/deploy.yml,2749f7c17c,2026-03-11T11:12:37+05:30,132
posx-ugaoo-store,7ac5fee95c,2026-07-21T20:03:08+05:30,src/pages/exchanges/details.tsx,254b27fa09,2026-07-21T19:50:21+05:30,0
posx-ugaoo-store,7ac5fee95c,2026-07-21T20:03:08+05:30,src/store/apis/exchange.request.ts,254b27fa09,2026-07-21T19:50:21+05:30,0
posx-ugaoo-store,213328fb97,2026-08-18T11:42:52+05:30,src/pages/exchanges/details.tsx,2749f7c17c,2026-03-11T11:12:37+05:30,160
posx-ugaoo-store,213328fb97,2026-08-18T11:42:52+05:30,src/pages/returns/details.tsx,15a833c3fc,2026-08-18T11:35:48+05:30,0
posx-ugaoo-store,526d4a4202,2026-08-18T11:57:22+05:30,src/pages/returns/details.tsx,2749f7c17c,2026-03-11T11:12:37+05:30,160
posx-ugaoo-store,526d4a4202,2026-08-18T11:57:22+05:30,src/pages/returns/details.tsx,213328fb97,2026-08-18T11:42:52+05:30,0
posx-ugaoo-store,526d4a4202,2026-08-18T11:57:22+05:30,src/store/actions/return.action.ts,2749f7c17c,2026-03-11T11:12:37+05:30,160
posx-ugaoo-store,925f268b86,2026-08-19T10:54:34+05:30,src/pages/returns/details.tsx,d14bd19d4a,2026-03-24T16:27:41+05:30,147
