sha256,repo_count,instance_count,relative_paths,repos
b440b802c2cfeac6,9,9,src/admin/vite-env.d.ts,posx-comet-backend;posx-demo-backend;posx-eume-backend;posx-frido-b2b-backend;posx-frido-backend;posx-frido-mobility-backend;posx-mokobara-backend;posx-mokobara-clearance-backend;posx-ugaoo-backend
ebdf4abe7adc2fc5,9,9,src/admin/tsconfig.json,posx-comet-backend;posx-demo-backend;posx-eume-backend;posx-frido-b2b-backend;posx-frido-backend;posx-frido-mobility-backend;posx-mokobara-backend;posx-mokobara-clearance-backend;posx-ugaoo-backend
807225c5353f1a2e,9,9,src/links/order-detail-store-detail-link.ts,posx-comet-backend;posx-demo-backend;posx-eume-backend;posx-frido-b2b-backend;posx-frido-backend;posx-frido-mobility-backend;posx-mokobara-backend;posx-mokobara-clearance-backend;posx-ugaoo-backend
15b5624f7d106752,9,9,src/links/footfall-employee-details.ts,posx-comet-backend;posx-demo-backend;posx-eume-backend;posx-frido-b2b-backend;posx-frido-backend;posx-frido-mobility-backend;posx-mokobara-backend;posx-mokobara-clearance-backend;posx-ugaoo-backend
205f8f698e334c50,9,9,src/links/order-product-shopify-variant-link.ts,posx-comet-backend;posx-demo-backend;posx-eume-backend;posx-frido-b2b-backend;posx-frido-backend;posx-frido-mobility-backend;posx-mokobara-backend;posx-mokobara-clearance-backend;posx-ugaoo-backend
81a7bd391b24facc,9,9,src/links/footfall-store-details.ts,posx-comet-backend;posx-demo-backend;posx-eume-backend;posx-frido-b2b-backend;posx-frido-backend;posx-frido-mobility-backend;posx-mokobara-backend;posx-mokobara-clearance-backend;posx-ugaoo-backend
f1c0ae595af7c6c4,9,9,src/links/shopify-collection-link.ts,posx-comet-backend;posx-demo-backend;posx-eume-backend;posx-frido-b2b-backend;posx-frido-backend;posx-frido-mobility-backend;posx-mokobara-backend;posx-mokobara-clearance-backend;posx-ugaoo-backend
46ff31bfb36d559f,9,9,src/links/shopify-product-link.ts,posx-comet-backend;posx-demo-backend;posx-eume-backend;posx-frido-b2b-backend;posx-frido-backend;posx-frido-mobility-backend;posx-mokobara-backend;posx-mokobara-clearance-backend;posx-ugaoo-backend
5a3b5f3ecd2fe133,9,9,src/links/order-detail-employee-link.ts,posx-comet-backend;posx-demo-backend;posx-eume-backend;posx-frido-b2b-backend;posx-frido-backend;posx-frido-mobility-backend;posx-mokobara-backend;posx-mokobara-clearance-backend;posx-ugaoo-backend
918dd1260cc733aa,9,9,src/links/order-detail-payment-detail-link.ts,posx-comet-backend;posx-demo-backend;posx-eume-backend;posx-frido-b2b-backend;posx-frido-backend;posx-frido-mobility-backend;posx-mokobara-backend;posx-mokobara-clearance-backend;posx-ugaoo-backend
1226602576d3e074,9,9,src/links/shopify-variant-link.ts,posx-comet-backend;posx-demo-backend;posx-eume-backend;posx-frido-b2b-backend;posx-frido-backend;posx-frido-mobility-backend;posx-mokobara-backend;posx-mokobara-clearance-backend;posx-ugaoo-backend
24c59d286339922d,9,9,src/lib/puppeteer.ts,posx-comet-backend;posx-demo-backend;posx-eume-backend;posx-frido-b2b-backend;posx-frido-backend;posx-frido-mobility-backend;posx-mokobara-backend;posx-mokobara-clearance-backend;posx-ugaoo-backend
5850dd3c12062fa0,9,9,src/lib/nodemailer.ts,posx-comet-backend;posx-demo-backend;posx-eume-backend;posx-frido-b2b-backend;posx-frido-backend;posx-frido-mobility-backend;posx-mokobara-backend;posx-mokobara-clearance-backend;posx-ugaoo-backend
1b299ddf3b1e8b87,9,9,src/modules/shopify-collection/index.ts,posx-comet-backend;posx-demo-backend;posx-eume-backend;posx-frido-b2b-backend;posx-frido-backend;posx-frido-mobility-backend;posx-mokobara-backend;posx-mokobara-clearance-backend;posx-ugaoo-backend
6e95ba587abcbbcb,9,9,src/modules/shopify-collection/service.ts,posx-comet-backend;posx-demo-backend;posx-eume-backend;posx-frido-b2b-backend;posx-frido-backend;posx-frido-mobility-backend;posx-mokobara-backend;posx-mokobara-clearance-backend;posx-ugaoo-backend
27f093e4a1ed7889,9,9,src/modules/pincode/index.ts,posx-comet-backend;posx-demo-backend;posx-eume-backend;posx-frido-b2b-backend;posx-frido-backend;posx-frido-mobility-backend;posx-mokobara-backend;posx-mokobara-clearance-backend;posx-ugaoo-backend
9ea2ef9f4d548e04,9,9,src/modules/pincode/service.ts,posx-comet-backend;posx-demo-backend;posx-eume-backend;posx-frido-b2b-backend;posx-frido-backend;posx-frido-mobility-backend;posx-mokobara-backend;posx-mokobara-clearance-backend;posx-ugaoo-backend
c630b2f8fc4829d4,9,9,src/modules/s3-client/index.ts,posx-comet-backend;posx-demo-backend;posx-eume-backend;posx-frido-b2b-backend;posx-frido-backend;posx-frido-mobility-backend;posx-mokobara-backend;posx-mokobara-clearance-backend;posx-ugaoo-backend
4502e11696c5f01d,9,9,src/modules/footfall/index.ts,posx-comet-backend;posx-demo-backend;posx-eume-backend;posx-frido-b2b-backend;posx-frido-backend;posx-frido-mobility-backend;posx-mokobara-backend;posx-mokobara-clearance-backend;posx-ugaoo-backend
b89d27d450137c8f,9,9,src/modules/footfall/service.ts,posx-comet-backend;posx-demo-backend;posx-eume-backend;posx-frido-b2b-backend;posx-frido-backend;posx-frido-mobility-backend;posx-mokobara-backend;posx-mokobara-clearance-backend;posx-ugaoo-backend
80223376ad08b264,9,9,src/modules/store-details/index.ts,posx-comet-backend;posx-demo-backend;posx-eume-backend;posx-frido-b2b-backend;posx-frido-backend;posx-frido-mobility-backend;posx-mokobara-backend;posx-mokobara-clearance-backend;posx-ugaoo-backend
c7c75387e4c11928,9,9,src/modules/global-config/index.ts,posx-comet-backend;posx-demo-backend;posx-eume-backend;posx-frido-b2b-backend;posx-frido-backend;posx-frido-mobility-backend;posx-mokobara-backend;posx-mokobara-clearance-backend;posx-ugaoo-backend
59d420138662dea8,9,9,src/modules/shopify-product/index.ts,posx-comet-backend;posx-demo-backend;posx-eume-backend;posx-frido-b2b-backend;posx-frido-backend;posx-frido-mobility-backend;posx-mokobara-backend;posx-mokobara-clearance-backend;posx-ugaoo-backend
ca058e7ac7ae6939,9,9,src/modules/order-detail/index.ts,posx-comet-backend;posx-demo-backend;posx-eume-backend;posx-frido-b2b-backend;posx-frido-backend;posx-frido-mobility-backend;posx-mokobara-backend;posx-mokobara-clearance-backend;posx-ugaoo-backend
82ea0f322aa74fc0,9,9,src/modules/employee/index.ts,posx-comet-backend;posx-demo-backend;posx-eume-backend;posx-frido-b2b-backend;posx-frido-backend;posx-frido-mobility-backend;posx-mokobara-backend;posx-mokobara-clearance-backend;posx-ugaoo-backend
e8250890a38b1cfb,9,9,src/modules/pos-inventory/index.ts,posx-comet-backend;posx-demo-backend;posx-eume-backend;posx-frido-b2b-backend;posx-frido-backend;posx-frido-mobility-backend;posx-mokobara-backend;posx-mokobara-clearance-backend;posx-ugaoo-backend
39fcb99dff289807,9,9,src/modules/system-config/index.ts,posx-comet-backend;posx-demo-backend;posx-eume-backend;posx-frido-b2b-backend;posx-frido-backend;posx-frido-mobility-backend;posx-mokobara-backend;posx-mokobara-clearance-backend;posx-ugaoo-backend
55077617de77b6f6,9,9,src/modules/payment-details/index.ts,posx-comet-backend;posx-demo-backend;posx-eume-backend;posx-frido-b2b-backend;posx-frido-backend;posx-frido-mobility-backend;posx-mokobara-backend;posx-mokobara-clearance-backend;posx-ugaoo-backend
70dbf671f6b5443a,9,9,src/modules/pdf-client/index.ts,posx-comet-backend;posx-demo-backend;posx-eume-backend;posx-frido-b2b-backend;posx-frido-backend;posx-frido-mobility-backend;posx-mokobara-backend;posx-mokobara-clearance-backend;posx-ugaoo-backend
24f276a68c01e160,9,9,src/modules/system-config/models/system-config.ts,posx-comet-backend;posx-demo-backend;posx-eume-backend;posx-frido-b2b-backend;posx-frido-backend;posx-frido-mobility-backend;posx-mokobara-backend;posx-mokobara-clearance-backend;posx-ugaoo-backend
684c735cad9310c3,9,9,src/modules/pos-inventory/models/inventory-product-item.ts,posx-comet-backend;posx-demo-backend;posx-eume-backend;posx-frido-b2b-backend;posx-frido-backend;posx-frido-mobility-backend;posx-mokobara-backend;posx-mokobara-clearance-backend;posx-ugaoo-backend
951d4c06259412de,9,9,src/modules/pos-inventory/models/shelf.ts,posx-comet-backend;posx-demo-backend;posx-eume-backend;posx-frido-b2b-backend;posx-frido-backend;posx-frido-mobility-backend;posx-mokobara-backend;posx-mokobara-clearance-backend;posx-ugaoo-backend
740e9d8144a82176,9,9,src/modules/order-detail/models/associated-payments.ts,posx-comet-backend;posx-demo-backend;posx-eume-backend;posx-frido-b2b-backend;posx-frido-backend;posx-frido-mobility-backend;posx-mokobara-backend;posx-mokobara-clearance-backend;posx-ugaoo-backend
f0517f38641faab2,9,9,src/modules/shopify-product/models/shopify-product.ts,posx-comet-backend;posx-demo-backend;posx-eume-backend;posx-frido-b2b-backend;posx-frido-backend;posx-frido-mobility-backend;posx-mokobara-backend;posx-mokobara-clearance-backend;posx-ugaoo-backend
72e83eef4746f592,9,9,src/modules/cms/models/cash-transaction-accumulation.ts,posx-comet-backend;posx-demo-backend;posx-eume-backend;posx-frido-b2b-backend;posx-frido-backend;posx-frido-mobility-backend;posx-mokobara-backend;posx-mokobara-clearance-backend;posx-ugaoo-backend
a2fb09305720bd01,9,9,src/modules/global-config/models/global-config.ts,posx-comet-backend;posx-demo-backend;posx-eume-backend;posx-frido-b2b-backend;posx-frido-backend;posx-frido-mobility-backend;posx-mokobara-backend;posx-mokobara-clearance-backend;posx-ugaoo-backend
29e619982d4f07d2,9,9,src/modules/pincode/models/pincode.ts,posx-comet-backend;posx-demo-backend;posx-eume-backend;posx-frido-b2b-backend;posx-frido-backend;posx-frido-mobility-backend;posx-mokobara-backend;posx-mokobara-clearance-backend;posx-ugaoo-backend
9758ae7888ac5cf2,9,9,src/modules/shopify-collection/models/shopify-collection.ts,posx-comet-backend;posx-demo-backend;posx-eume-backend;posx-frido-b2b-backend;posx-frido-backend;posx-frido-mobility-backend;posx-mokobara-backend;posx-mokobara-clearance-backend;posx-ugaoo-backend
c8cc0946626b4df2,9,9,src/lib/helpers/get-financial-year.ts,posx-comet-backend;posx-demo-backend;posx-eume-backend;posx-frido-b2b-backend;posx-frido-backend;posx-frido-mobility-backend;posx-mokobara-backend;posx-mokobara-clearance-backend;posx-ugaoo-backend
c70c50d42be52d55,9,9,src/lib/helpers/email-marketing-consent.ts,posx-comet-backend;posx-demo-backend;posx-eume-backend;posx-frido-b2b-backend;posx-frido-backend;posx-frido-mobility-backend;posx-mokobara-backend;posx-mokobara-clearance-backend;posx-ugaoo-backend
7600f98550332864,9,9,src/lib/helpers/get-s3-file-path-for-order.ts,posx-comet-backend;posx-demo-backend;posx-eume-backend;posx-frido-b2b-backend;posx-frido-backend;posx-frido-mobility-backend;posx-mokobara-backend;posx-mokobara-clearance-backend;posx-ugaoo-backend
ae8fe6aefc05d59b,9,9,src/workflows/shopify-product/delete-shopify-product.ts,posx-comet-backend;posx-demo-backend;posx-eume-backend;posx-frido-b2b-backend;posx-frido-backend;posx-frido-mobility-backend;posx-mokobara-backend;posx-mokobara-clearance-backend;posx-ugaoo-backend
c7eb683c6ff45d28,9,9,src/workflows/pos-inventory/add-inventory-product-item-workflow.ts,posx-comet-backend;posx-demo-backend;posx-eume-backend;posx-frido-b2b-backend;posx-frido-backend;posx-frido-mobility-backend;posx-mokobara-backend;posx-mokobara-clearance-backend;posx-ugaoo-backend
74f4fb5e82c3a7c8,9,9,src/workflows/pos-inventory/workflows/get-gst-rates.ts,posx-comet-backend;posx-demo-backend;posx-eume-backend;posx-frido-b2b-backend;posx-frido-backend;posx-frido-mobility-backend;posx-mokobara-backend;posx-mokobara-clearance-backend;posx-ugaoo-backend
88de280a8faf1dbb,9,9,src/workflows/pos-inventory/workflows/generate-inventory-export-csv.ts,posx-comet-backend;posx-demo-backend;posx-eume-backend;posx-frido-b2b-backend;posx-frido-backend;posx-frido-mobility-backend;posx-mokobara-backend;posx-mokobara-clearance-backend;posx-ugaoo-backend
2706022d50974f14,9,9,src/workflows/order-detail/workflows/validate-order-status.ts,posx-comet-backend;posx-demo-backend;posx-eume-backend;posx-frido-b2b-backend;posx-frido-backend;posx-frido-mobility-backend;posx-mokobara-backend;posx-mokobara-clearance-backend;posx-ugaoo-backend
6da3631c5d8df207,9,9,src/workflows/order-detail/workflows/generate-receipt.ts,posx-comet-backend;posx-demo-backend;posx-eume-backend;posx-frido-b2b-backend;posx-frido-backend;posx-frido-mobility-backend;posx-mokobara-backend;posx-mokobara-clearance-backend;posx-ugaoo-backend
c891ee34f2bff139,9,9,src/workflows/payment-detail/workflows/get-all-payment-by-orderid.ts,posx-comet-backend;posx-demo-backend;posx-eume-backend;posx-frido-b2b-backend;posx-frido-backend;posx-frido-mobility-backend;posx-mokobara-backend;posx-mokobara-clearance-backend;posx-ugaoo-backend
83a18c7b48257515,9,9,src/workflows/footfall/workflows/export-footfall-workflow.ts,posx-comet-backend;posx-demo-backend;posx-eume-backend;posx-frido-b2b-backend;posx-frido-backend;posx-frido-mobility-backend;posx-mokobara-backend;posx-mokobara-clearance-backend;posx-ugaoo-backend
baef510c4cdfa34f,9,9,src/workflows/shopify-collection/workflows/delete-shopify-collection.ts,posx-comet-backend;posx-demo-backend;posx-eume-backend;posx-frido-b2b-backend;posx-frido-backend;posx-frido-mobility-backend;posx-mokobara-backend;posx-mokobara-clearance-backend;posx-ugaoo-backend
c96ee2715898fd99,9,9,src/types/workflows/global-config.ts,posx-comet-backend;posx-demo-backend;posx-eume-backend;posx-frido-b2b-backend;posx-frido-backend;posx-frido-mobility-backend;posx-mokobara-backend;posx-mokobara-clearance-backend;posx-ugaoo-backend
b73a18c09e26c93c,9,9,src/types/workflows/footfall.ts,posx-comet-backend;posx-demo-backend;posx-eume-backend;posx-frido-b2b-backend;posx-frido-backend;posx-frido-mobility-backend;posx-mokobara-backend;posx-mokobara-clearance-backend;posx-ugaoo-backend
5f1a53346bbd0137,9,9,src/types/validators/direct-razorpay.ts,posx-comet-backend;posx-demo-backend;posx-eume-backend;posx-frido-b2b-backend;posx-frido-backend;posx-frido-mobility-backend;posx-mokobara-backend;posx-mokobara-clearance-backend;posx-ugaoo-backend
7ac62870eb7a450f,9,9,src/types/validators/s3-presigned-url.ts,posx-comet-backend;posx-demo-backend;posx-eume-backend;posx-frido-b2b-backend;posx-frido-backend;posx-frido-mobility-backend;posx-mokobara-backend;posx-mokobara-clearance-backend;posx-ugaoo-backend
598bc2ad20422ac0,9,9,src/types/validators/system-config.ts,posx-comet-backend;posx-demo-backend;posx-eume-backend;posx-frido-b2b-backend;posx-frido-backend;posx-frido-mobility-backend;posx-mokobara-backend;posx-mokobara-clearance-backend;posx-ugaoo-backend
fe64ed79da5b2a86,9,9,src/types/validators/global-config.ts,posx-comet-backend;posx-demo-backend;posx-eume-backend;posx-frido-b2b-backend;posx-frido-backend;posx-frido-mobility-backend;posx-mokobara-backend;posx-mokobara-clearance-backend;posx-ugaoo-backend
9b2b6814d1575741,8,8,tsconfig.node.json,posx-comet-admin;posx-demo-admin;posx-eume-admin;posx-frido-admin;posx-frido-b2b-admin;posx-frido-mobility-admin;posx-mokobara-admin;posx-ugaoo-admin
d308c55e22a87da2,8,8,vercel.json,posx-comet-admin;posx-demo-admin;posx-eume-admin;posx-frido-admin;posx-frido-b2b-admin;posx-frido-mobility-admin;posx-mokobara-admin;posx-ugaoo-admin
eccefda187f92058,8,8,tsconfig.build.json,posx-comet-admin;posx-demo-admin;posx-eume-admin;posx-frido-admin;posx-frido-b2b-admin;posx-frido-mobility-admin;posx-mokobara-admin;posx-ugaoo-admin
980d6cbe977ddfb5,8,8,tsconfig.json,posx-comet-admin;posx-demo-admin;posx-eume-admin;posx-frido-admin;posx-frido-b2b-admin;posx-frido-mobility-admin;posx-mokobara-admin;posx-ugaoo-admin
3178ebeedd41533c,8,8,scripts/generate-types.js,posx-comet-admin;posx-demo-admin;posx-eume-admin;posx-frido-admin;posx-frido-b2b-admin;posx-frido-mobility-admin;posx-mokobara-admin;posx-ugaoo-admin
fc11220fa5bec593,8,8,src/app.tsx,posx-comet-admin;posx-demo-admin;posx-eume-admin;posx-frido-admin;posx-frido-b2b-admin;posx-frido-mobility-admin;posx-mokobara-admin;posx-ugaoo-admin
fe58b63c382ae199,8,8,src/main.tsx,posx-comet-admin;posx-demo-admin;posx-eume-admin;posx-frido-admin;posx-frido-b2b-admin;posx-frido-mobility-admin;posx-mokobara-admin;posx-ugaoo-admin
44bfe56c24776602,8,8,src/i18next.d.ts,posx-comet-admin;posx-demo-admin;posx-eume-admin;posx-frido-admin;posx-frido-b2b-admin;posx-frido-mobility-admin;posx-mokobara-admin;posx-ugaoo-admin
7b909f44ac3db016,8,8,src/vite-env.d.ts,posx-comet-admin;posx-demo-admin;posx-eume-admin;posx-frido-admin;posx-frido-b2b-admin;posx-frido-mobility-admin;posx-mokobara-admin;posx-ugaoo-admin
12c413c9cf2695e2,8,8,src/module.d.ts,posx-comet-admin;posx-demo-admin;posx-eume-admin;posx-frido-admin;posx-frido-b2b-admin;posx-frido-mobility-admin;posx-mokobara-admin;posx-ugaoo-admin
682e970f61bcdfe5,8,8,src/types/store.ts,posx-comet-admin;posx-demo-admin;posx-eume-admin;posx-frido-admin;posx-frido-b2b-admin;posx-frido-mobility-admin;posx-mokobara-admin;posx-ugaoo-admin
1d79489297977cd0,8,8,src/providers/index.ts,posx-comet-admin;posx-demo-admin;posx-eume-admin;posx-frido-admin;posx-frido-b2b-admin;posx-frido-mobility-admin;posx-mokobara-admin;posx-ugaoo-admin
020d7e535306a739,8,8,src/extensions/types.ts,posx-comet-admin;posx-demo-admin;posx-eume-admin;posx-frido-admin;posx-frido-b2b-admin;posx-frido-mobility-admin;posx-mokobara-admin;posx-ugaoo-admin
e07a7a3002263a13,8,8,src/extensions/index.ts,posx-comet-admin;posx-demo-admin;posx-eume-admin;posx-frido-admin;posx-frido-b2b-admin;posx-frido-mobility-admin;posx-mokobara-admin;posx-ugaoo-admin
46097b3746531af0,8,8,src/hooks/use-data-table.tsx,posx-comet-admin;posx-demo-admin;posx-eume-admin;posx-frido-admin;posx-frido-b2b-admin;posx-frido-mobility-admin;posx-mokobara-admin;posx-ugaoo-admin
1ee4bf96c63ddcb0,8,8,src/hooks/use-command-history.tsx,posx-comet-admin;posx-demo-admin;posx-eume-admin;posx-frido-admin;posx-frido-b2b-admin;posx-frido-mobility-admin;posx-mokobara-admin;posx-ugaoo-admin
dd68b13b817ed281,8,8,src/hooks/use-debounced-search.tsx,posx-comet-admin;posx-demo-admin;posx-eume-admin;posx-frido-admin;posx-frido-b2b-admin;posx-frido-mobility-admin;posx-mokobara-admin;posx-ugaoo-admin
761977bf1fa7b453,8,8,src/hooks/use-media-query.tsx,posx-comet-admin;posx-demo-admin;posx-eume-admin;posx-frido-admin;posx-frido-b2b-admin;posx-frido-mobility-admin;posx-mokobara-admin;posx-ugaoo-admin
229e3ff318508a2c,8,8,src/lib/validation.ts,posx-comet-admin;posx-demo-admin;posx-eume-admin;posx-frido-admin;posx-frido-b2b-admin;posx-frido-mobility-admin;posx-mokobara-admin;posx-ugaoo-admin
9c5d79238503c2f6,8,8,src/lib/cast-number.ts,posx-comet-admin;posx-demo-admin;posx-eume-admin;posx-frido-admin;posx-frido-b2b-admin;posx-frido-mobility-admin;posx-mokobara-admin;posx-ugaoo-admin
c52ccd2e5891d2fe,8,8,src/lib/payment.ts,posx-comet-admin;posx-demo-admin;posx-eume-admin;posx-frido-admin;posx-frido-b2b-admin;posx-frido-mobility-admin;posx-mokobara-admin;posx-ugaoo-admin
2340842541d32254,8,8,src/lib/addresses.ts,posx-comet-admin;posx-demo-admin;posx-eume-admin;posx-frido-admin;posx-frido-b2b-admin;posx-frido-mobility-admin;posx-mokobara-admin;posx-ugaoo-admin
7818a9aaeb6ddd67,8,8,src/lib/order-helpers.ts,posx-comet-admin;posx-demo-admin;posx-eume-admin;posx-frido-admin;posx-frido-b2b-admin;posx-frido-mobility-admin;posx-mokobara-admin;posx-ugaoo-admin
e5c7db78a62bb5c3,8,8,src/lib/order-item.ts,posx-comet-admin;posx-demo-admin;posx-eume-admin;posx-frido-admin;posx-frido-b2b-admin;posx-frido-mobility-admin;posx-mokobara-admin;posx-ugaoo-admin
6a7d2f08cff8ecd0,8,8,src/lib/format-currency.ts,posx-comet-admin;posx-demo-admin;posx-eume-admin;posx-frido-admin;posx-frido-b2b-admin;posx-frido-mobility-admin;posx-mokobara-admin;posx-ugaoo-admin
2b6134dc9c992a47,8,8,src/lib/common.ts,posx-comet-admin;posx-demo-admin;posx-eume-admin;posx-frido-admin;posx-frido-b2b-admin;posx-frido-mobility-admin;posx-mokobara-admin;posx-ugaoo-admin
4abf5105928323d4,8,8,src/lib/schemas.ts,posx-comet-admin;posx-demo-admin;posx-eume-admin;posx-frido-admin;posx-frido-b2b-admin;posx-frido-mobility-admin;posx-mokobara-admin;posx-ugaoo-admin
25faba78df6fa764,8,8,src/lib/rma.ts,posx-comet-admin;posx-demo-admin;posx-eume-admin;posx-frido-admin;posx-frido-b2b-admin;posx-frido-mobility-admin;posx-mokobara-admin;posx-ugaoo-admin
3ddc61e347153d2c,8,8,src/lib/storefront.ts,posx-comet-admin;posx-demo-admin;posx-eume-admin;posx-frido-admin;posx-frido-b2b-admin;posx-frido-mobility-admin;posx-mokobara-admin;posx-ugaoo-admin
14852be0abbff1ad,8,8,src/lib/form-helpers.ts,posx-comet-admin;posx-demo-admin;posx-eume-admin;posx-frido-admin;posx-frido-b2b-admin;posx-frido-mobility-admin;posx-mokobara-admin;posx-ugaoo-admin
dcf0de8017901656,8,8,src/lib/shipping-options.ts,posx-comet-admin;posx-demo-admin;posx-eume-admin;posx-frido-admin;posx-frido-b2b-admin;posx-frido-mobility-admin;posx-mokobara-admin;posx-ugaoo-admin
af20a8e700d23696,8,8,src/lib/percentage-helpers.ts,posx-comet-admin;posx-demo-admin;posx-eume-admin;posx-frido-admin;posx-frido-b2b-admin;posx-frido-mobility-admin;posx-mokobara-admin;posx-ugaoo-admin
4a247485f3b79477,8,8,src/lib/format-provider.ts,posx-comet-admin;posx-demo-admin;posx-eume-admin;posx-frido-admin;posx-frido-b2b-admin;posx-frido-mobility-admin;posx-mokobara-admin;posx-ugaoo-admin
8fcd471d2879cdb3,8,8,src/lib/money-amount-helpers.ts,posx-comet-admin;posx-demo-admin;posx-eume-admin;posx-frido-admin;posx-frido-b2b-admin;posx-frido-mobility-admin;posx-mokobara-admin;posx-ugaoo-admin
b318d4c7aaf33ce7,8,8,src/lib/is-fetch-error.ts,posx-comet-admin;posx-demo-admin;posx-eume-admin;posx-frido-admin;posx-frido-b2b-admin;posx-frido-mobility-admin;posx-mokobara-admin;posx-ugaoo-admin
57f7721618fa1b3c,8,8,src/lib/promotions.ts,posx-comet-admin;posx-demo-admin;posx-eume-admin;posx-frido-admin;posx-frido-b2b-admin;posx-frido-mobility-admin;posx-mokobara-admin;posx-ugaoo-admin
1d26a6cd23f65685,8,8,src/i18n/languages.ts,posx-comet-admin;posx-demo-admin;posx-eume-admin;posx-frido-admin;posx-frido-b2b-admin;posx-frido-mobility-admin;posx-mokobara-admin;posx-ugaoo-admin
1757d423157a8c3e,8,8,src/i18n/types.ts,posx-comet-admin;posx-demo-admin;posx-eume-admin;posx-frido-admin;posx-frido-b2b-admin;posx-frido-mobility-admin;posx-mokobara-admin;posx-ugaoo-admin
76e17ed3dca30abe,8,8,src/i18n/config.ts,posx-comet-admin;posx-demo-admin;posx-eume-admin;posx-frido-admin;posx-frido-b2b-admin;posx-frido-mobility-admin;posx-mokobara-admin;posx-ugaoo-admin
f960067a87e464df,8,8,src/routes/settings/settings.tsx,posx-comet-admin;posx-demo-admin;posx-eume-admin;posx-frido-admin;posx-frido-b2b-admin;posx-frido-mobility-admin;posx-mokobara-admin;posx-ugaoo-admin
46953dd8b9806b13,8,8,src/routes/settings/index.ts,posx-comet-admin;posx-demo-admin;posx-eume-admin;posx-frido-admin;posx-frido-b2b-admin;posx-frido-mobility-admin;posx-mokobara-admin;posx-ugaoo-admin
65b28cdea8c0dd34,8,8,src/routes/home/index.ts,posx-comet-admin;posx-demo-admin;posx-eume-admin;posx-frido-admin;posx-frido-b2b-admin;posx-frido-mobility-admin;posx-mokobara-admin;posx-ugaoo-admin
20aaae93eb985d73,8,8,src/routes/workflow-executions/utils.ts,posx-comet-admin;posx-demo-admin;posx-eume-admin;posx-frido-admin;posx-frido-b2b-admin;posx-frido-mobility-admin;posx-mokobara-admin;posx-ugaoo-admin
982068e80f8a779b,8,8,src/routes/workflow-executions/types.ts,posx-comet-admin;posx-demo-admin;posx-eume-admin;posx-frido-admin;posx-frido-b2b-admin;posx-frido-mobility-admin;posx-mokobara-admin;posx-ugaoo-admin
4c505bde08cf548d,8,8,src/routes/workflow-executions/constants.ts,posx-comet-admin;posx-demo-admin;posx-eume-admin;posx-frido-admin;posx-frido-b2b-admin;posx-frido-mobility-admin;posx-mokobara-admin;posx-ugaoo-admin
fd16cad661d81a76,8,8,src/routes/no-match/index.ts,posx-comet-admin;posx-demo-admin;posx-eume-admin;posx-frido-admin;posx-frido-b2b-admin;posx-frido-mobility-admin;posx-mokobara-admin;posx-ugaoo-admin
99831a6b1e703540,8,8,src/routes/invite/index.ts,posx-comet-admin;posx-demo-admin;posx-eume-admin;posx-frido-admin;posx-frido-b2b-admin;posx-frido-mobility-admin;posx-mokobara-admin;posx-ugaoo-admin
cb5ec191c054faec,8,8,src/routes/reset-password/index.ts,posx-comet-admin;posx-demo-admin;posx-eume-admin;posx-frido-admin;posx-frido-b2b-admin;posx-frido-mobility-admin;posx-mokobara-admin;posx-ugaoo-admin
0079b0faad8327f6,8,8,src/routes/login/index.ts,posx-comet-admin;posx-demo-admin;posx-eume-admin;posx-frido-admin;posx-frido-b2b-admin;posx-frido-mobility-admin;posx-mokobara-admin;posx-ugaoo-admin
c3e5d05e7ce592f0,8,8,src/routes/employees/employee-edit/index.ts,posx-comet-admin;posx-demo-admin;posx-eume-admin;posx-frido-admin;posx-frido-b2b-admin;posx-frido-mobility-admin;posx-mokobara-admin;posx-ugaoo-admin
6085842b1c50783b,8,8,src/routes/employees/employee-list/index.ts,posx-comet-admin;posx-demo-admin;posx-eume-admin;posx-frido-admin;posx-frido-b2b-admin;posx-frido-mobility-admin;posx-mokobara-admin;posx-ugaoo-admin
34140d5f4760535d,8,8,src/routes/employees/employee-list/employee-list.tsx,posx-comet-admin;posx-demo-admin;posx-eume-admin;posx-frido-admin;posx-frido-b2b-admin;posx-frido-mobility-admin;posx-mokobara-admin;posx-ugaoo-admin
2776f7bc2197600f,8,8,src/routes/employees/employee-detail/index.ts,posx-comet-admin;posx-demo-admin;posx-eume-admin;posx-frido-admin;posx-frido-b2b-admin;posx-frido-mobility-admin;posx-mokobara-admin;posx-ugaoo-admin
11b849d15599f4ea,8,8,src/routes/employees/employee-create/index.ts,posx-comet-admin;posx-demo-admin;posx-eume-admin;posx-frido-admin;posx-frido-b2b-admin;posx-frido-mobility-admin;posx-mokobara-admin;posx-ugaoo-admin
7119fac37f8ec8c5,8,16,src/routes/campaign-coupons/coupon-create/components/basic-info-create-form/index.ts;src/routes/employees/employee-create/components/basic-info-create-form/index.ts;src/routes/store-coupons/coupon-create/components/basic-info-create-form/index.ts,posx-comet-admin;posx-demo-admin;posx-eume-admin;posx-frido-admin;posx-frido-b2b-admin;posx-frido-mobility-admin;posx-mokobara-admin;posx-ugaoo-admin
fc799410053ef62c,8,8,src/routes/employees/employee-create/components/employee-create-form/index.ts,posx-comet-admin;posx-demo-admin;posx-eume-admin;posx-frido-admin;posx-frido-b2b-admin;posx-frido-mobility-admin;posx-mokobara-admin;posx-ugaoo-admin
3bd44d120aa0f32b,8,8,src/routes/employees/employee-edit/components/edit-employee-form/index.ts,posx-comet-admin;posx-demo-admin;posx-eume-admin;posx-frido-admin;posx-frido-b2b-admin;posx-frido-mobility-admin;posx-mokobara-admin;posx-ugaoo-admin
773c8691dbad2e7f,8,8,src/routes/store/store-edit/store-edit.tsx,posx-comet-admin;posx-demo-admin;posx-eume-admin;posx-frido-admin;posx-frido-b2b-admin;posx-frido-mobility-admin;posx-mokobara-admin;posx-ugaoo-admin
f6b832a2e40bf6af,8,8,src/routes/store/store-edit/index.ts,posx-comet-admin;posx-demo-admin;posx-eume-admin;posx-frido-admin;posx-frido-b2b-admin;posx-frido-mobility-admin;posx-mokobara-admin;posx-ugaoo-admin
50eb9af7e3a656df,8,8,src/routes/store/store-detail/loader.ts,posx-comet-admin;posx-demo-admin;posx-eume-admin;posx-frido-admin;posx-frido-b2b-admin;posx-frido-mobility-admin;posx-mokobara-admin;posx-ugaoo-admin
f01e918f80360699,8,8,src/routes/store/store-detail/index.ts,posx-comet-admin;posx-demo-admin;posx-eume-admin;posx-frido-admin;posx-frido-b2b-admin;posx-frido-mobility-admin;posx-mokobara-admin;posx-ugaoo-admin
5a073bdbd57f0445,8,8,src/routes/store/store-detail/store-detail.tsx,posx-comet-admin;posx-demo-admin;posx-eume-admin;posx-frido-admin;posx-frido-b2b-admin;posx-frido-mobility-admin;posx-mokobara-admin;posx-ugaoo-admin
30bf983740bbf28d,8,8,src/routes/store/store-add-currencies/store-add-currencies.tsx,posx-comet-admin;posx-demo-admin;posx-eume-admin;posx-frido-admin;posx-frido-b2b-admin;posx-frido-mobility-admin;posx-mokobara-admin;posx-ugaoo-admin
5c91bb6f5788a6a5,8,8,src/routes/store/store-add-currencies/index.ts,posx-comet-admin;posx-demo-admin;posx-eume-admin;posx-frido-admin;posx-frido-b2b-admin;posx-frido-mobility-admin;posx-mokobara-admin;posx-ugaoo-admin
ef9e15461c30f3f0,8,8,src/routes/store/store-metadata/store-metadata.tsx,posx-comet-admin;posx-demo-admin;posx-eume-admin;posx-frido-admin;posx-frido-b2b-admin;posx-frido-mobility-admin;posx-mokobara-admin;posx-ugaoo-admin
29b2fd0910eb19e7,8,8,src/routes/store/store-metadata/index.ts,posx-comet-admin;posx-demo-admin;posx-eume-admin;posx-frido-admin;posx-frido-b2b-admin;posx-frido-mobility-admin;posx-mokobara-admin;posx-ugaoo-admin
fb5b19bc1cd592fd,8,8,src/routes/store/common/hooks/use-currencies-table-query.tsx,posx-comet-admin;posx-demo-admin;posx-eume-admin;posx-frido-admin;posx-frido-b2b-admin;posx-frido-mobility-admin;posx-mokobara-admin;posx-ugaoo-admin
d278408020741d25,8,8,src/routes/store/common/hooks/use-currencies-table-columns.tsx,posx-comet-admin;posx-demo-admin;posx-eume-admin;posx-frido-admin;posx-frido-b2b-admin;posx-frido-mobility-admin;posx-mokobara-admin;posx-ugaoo-admin
c1c4e19ca3bb0585,8,8,src/routes/store/store-detail/components/store-general-section/store-general-section.tsx,posx-comet-admin;posx-demo-admin;posx-eume-admin;posx-frido-admin;posx-frido-b2b-admin;posx-frido-mobility-admin;posx-mokobara-admin;posx-ugaoo-admin
184fd623fca9cfd1,8,8,src/routes/store/store-detail/components/store-general-section/index.ts,posx-comet-admin;posx-demo-admin;posx-eume-admin;posx-frido-admin;posx-frido-b2b-admin;posx-frido-mobility-admin;posx-mokobara-admin;posx-ugaoo-admin
be866fb11427cde8,8,8,src/routes/store/store-detail/components/store-currency-section/store-currencies-section.tsx/store-currency-section.tsx,posx-comet-admin;posx-demo-admin;posx-eume-admin;posx-frido-admin;posx-frido-b2b-admin;posx-frido-mobility-admin;posx-mokobara-admin;posx-ugaoo-admin
078622ebdd8e85c1,8,8,src/routes/store/store-detail/components/store-currency-section/store-currencies-section.tsx/index.ts,posx-comet-admin;posx-demo-admin;posx-eume-admin;posx-frido-admin;posx-frido-b2b-admin;posx-frido-mobility-admin;posx-mokobara-admin;posx-ugaoo-admin
7204377187c3a14e,8,8,src/routes/store/store-edit/components/edit-store-form/edit-store-form.tsx,posx-comet-admin;posx-demo-admin;posx-eume-admin;posx-frido-admin;posx-frido-b2b-admin;posx-frido-mobility-admin;posx-mokobara-admin;posx-ugaoo-admin
1a0f9f35ab3c06d1,8,8,src/routes/tax-regions/tax-region-create/tax-region-create.tsx,posx-comet-admin;posx-demo-admin;posx-eume-admin;posx-frido-admin;posx-frido-b2b-admin;posx-frido-mobility-admin;posx-mokobara-admin;posx-ugaoo-admin
601be7c321a88c7c,8,8,src/routes/tax-regions/tax-region-create/index.ts,posx-comet-admin;posx-demo-admin;posx-eume-admin;posx-frido-admin;posx-frido-b2b-admin;posx-frido-mobility-admin;posx-mokobara-admin;posx-ugaoo-admin
38addb8281aa2929,8,8,src/routes/tax-regions/tax-region-detail/tax-region-detail.tsx,posx-comet-admin;posx-demo-admin;posx-eume-admin;posx-frido-admin;posx-frido-b2b-admin;posx-frido-mobility-admin;posx-mokobara-admin;posx-ugaoo-admin
8f82440e3dd03224,8,8,src/routes/tax-regions/tax-region-detail/loader.ts,posx-comet-admin;posx-demo-admin;posx-eume-admin;posx-frido-admin;posx-frido-b2b-admin;posx-frido-mobility-admin;posx-mokobara-admin;posx-ugaoo-admin
c7c96ecb61149a3a,8,8,src/routes/tax-regions/tax-region-detail/breadcrumb.tsx,posx-comet-admin;posx-demo-admin;posx-eume-admin;posx-frido-admin;posx-frido-b2b-admin;posx-frido-mobility-admin;posx-mokobara-admin;posx-ugaoo-admin
88deaace1d0076f5,8,16,src/routes/tax-regions/tax-region-detail/index.ts;src/routes/tax-regions/tax-region-province-detail/index.ts,posx-comet-admin;posx-demo-admin;posx-eume-admin;posx-frido-admin;posx-frido-b2b-admin;posx-frido-mobility-admin;posx-mokobara-admin;posx-ugaoo-admin
e06ab68d5cd91d0d,8,8,src/routes/tax-regions/tax-region-tax-rate-create/tax-region-tax-rate-create.tsx,posx-comet-admin;posx-demo-admin;posx-eume-admin;posx-frido-admin;posx-frido-b2b-admin;posx-frido-mobility-admin;posx-mokobara-admin;posx-ugaoo-admin
73ff5315e2dc35a6,8,8,src/routes/tax-regions/tax-region-tax-rate-create/index.ts,posx-comet-admin;posx-demo-admin;posx-eume-admin;posx-frido-admin;posx-frido-b2b-admin;posx-frido-mobility-admin;posx-mokobara-admin;posx-ugaoo-admin
0b73b462223d11fd,8,8,src/routes/tax-regions/common/schemas.ts,posx-comet-admin;posx-demo-admin;posx-eume-admin;posx-frido-admin;posx-frido-b2b-admin;posx-frido-mobility-admin;posx-mokobara-admin;posx-ugaoo-admin
1622deec950ebffa,8,8,src/routes/tax-regions/common/utils.ts,posx-comet-admin;posx-demo-admin;posx-eume-admin;posx-frido-admin;posx-frido-b2b-admin;posx-frido-mobility-admin;posx-mokobara-admin;posx-ugaoo-admin
9af6912e201f73c1,8,8,src/routes/tax-regions/common/constants.ts,posx-comet-admin;posx-demo-admin;posx-eume-admin;posx-frido-admin;posx-frido-b2b-admin;posx-frido-mobility-admin;posx-mokobara-admin;posx-ugaoo-admin
348e7e04345a96a2,8,8,src/routes/tax-regions/common/hooks.ts,posx-comet-admin;posx-demo-admin;posx-eume-admin;posx-frido-admin;posx-frido-b2b-admin;posx-frido-mobility-admin;posx-mokobara-admin;posx-ugaoo-admin
0add0a4d918beb79,8,8,src/routes/tax-regions/tax-region-tax-override-create/tax-region-tax-override-create.tsx,posx-comet-admin;posx-demo-admin;posx-eume-admin;posx-frido-admin;posx-frido-b2b-admin;posx-frido-mobility-admin;posx-mokobara-admin;posx-ugaoo-admin
41c936463b60ef8e,8,8,src/routes/tax-regions/tax-region-tax-override-create/index.ts,posx-comet-admin;posx-demo-admin;posx-eume-admin;posx-frido-admin;posx-frido-b2b-admin;posx-frido-mobility-admin;posx-mokobara-admin;posx-ugaoo-admin
72683b5ee9ae289c,8,8,src/routes/tax-regions/tax-region-province-detail/tax-region-detail.tsx,posx-comet-admin;posx-demo-admin;posx-eume-admin;posx-frido-admin;posx-frido-b2b-admin;posx-frido-mobility-admin;posx-mokobara-admin;posx-ugaoo-admin
e63fe5e599fb639d,8,8,src/routes/tax-regions/tax-region-province-detail/loader.ts,posx-comet-admin;posx-demo-admin;posx-eume-admin;posx-frido-admin;posx-frido-b2b-admin;posx-frido-mobility-admin;posx-mokobara-admin;posx-ugaoo-admin
ffd5de08ac83e78c,8,8,src/routes/tax-regions/tax-region-province-detail/breadcrumb.tsx,posx-comet-admin;posx-demo-admin;posx-eume-admin;posx-frido-admin;posx-frido-b2b-admin;posx-frido-mobility-admin;posx-mokobara-admin;posx-ugaoo-admin
0290b0e76fb40460,8,8,src/routes/tax-regions/tax-region-list/tax-region-list.tsx,posx-comet-admin;posx-demo-admin;posx-eume-admin;posx-frido-admin;posx-frido-b2b-admin;posx-frido-mobility-admin;posx-mokobara-admin;posx-ugaoo-admin
1990c66680d70880,8,8,src/routes/tax-regions/tax-region-list/index.ts,posx-comet-admin;posx-demo-admin;posx-eume-admin;posx-frido-admin;posx-frido-b2b-admin;posx-frido-mobility-admin;posx-mokobara-admin;posx-ugaoo-admin
4108514f0d1c1f02,8,8,src/routes/tax-regions/tax-region-tax-rate-edit/index.ts,posx-comet-admin;posx-demo-admin;posx-eume-admin;posx-frido-admin;posx-frido-b2b-admin;posx-frido-mobility-admin;posx-mokobara-admin;posx-ugaoo-admin
7f913241dcd79421,8,8,src/routes/tax-regions/tax-region-tax-rate-edit/tax-region-edit.tsx,posx-comet-admin;posx-demo-admin;posx-eume-admin;posx-frido-admin;posx-frido-b2b-admin;posx-frido-mobility-admin;posx-mokobara-admin;posx-ugaoo-admin
9c0019684b058c81,8,8,src/routes/tax-regions/tax-region-tax-override-edit/types.ts,posx-comet-admin;posx-demo-admin;posx-eume-admin;posx-frido-admin;posx-frido-b2b-admin;posx-frido-mobility-admin;posx-mokobara-admin;posx-ugaoo-admin
cae4aaea53bf1c46,8,8,src/routes/tax-regions/tax-region-tax-override-edit/index.ts,posx-comet-admin;posx-demo-admin;posx-eume-admin;posx-frido-admin;posx-frido-b2b-admin;posx-frido-mobility-admin;posx-mokobara-admin;posx-ugaoo-admin
19b75e68b9662fd2,8,8,src/routes/tax-regions/tax-region-tax-override-edit/tax-region-tax-override-edit.tsx,posx-comet-admin;posx-demo-admin;posx-eume-admin;posx-frido-admin;posx-frido-b2b-admin;posx-frido-mobility-admin;posx-mokobara-admin;posx-ugaoo-admin
bdb955d62e62e1e9,8,8,src/routes/tax-regions/tax-region-metadata/tax-region-metadata.tsx,posx-comet-admin;posx-demo-admin;posx-eume-admin;posx-frido-admin;posx-frido-b2b-admin;posx-frido-mobility-admin;posx-mokobara-admin;posx-ugaoo-admin
e9da55535bce7205,8,8,src/routes/tax-regions/tax-region-metadata/index.ts,posx-comet-admin;posx-demo-admin;posx-eume-admin;posx-frido-admin;posx-frido-b2b-admin;posx-frido-mobility-admin;posx-mokobara-admin;posx-ugaoo-admin
3c230f33fa62c76d,8,8,src/routes/tax-regions/tax-region-province-create/index.ts,posx-comet-admin;posx-demo-admin;posx-eume-admin;posx-frido-admin;posx-frido-b2b-admin;posx-frido-mobility-admin;posx-mokobara-admin;posx-ugaoo-admin
59ff411d915dd233,8,8,src/routes/tax-regions/tax-region-province-create/tax-region-province-create.tsx,posx-comet-admin;posx-demo-admin;posx-eume-admin;posx-frido-admin;posx-frido-b2b-admin;posx-frido-mobility-admin;posx-mokobara-admin;posx-ugaoo-admin
84050648778c6d95,8,8,src/routes/tax-regions/tax-region-province-create/components/tax-region-province-create-form/index.ts,posx-comet-admin;posx-demo-admin;posx-eume-admin;posx-frido-admin;posx-frido-b2b-admin;posx-frido-mobility-admin;posx-mokobara-admin;posx-ugaoo-admin
919d1d75701d1bde,8,8,src/routes/tax-regions/tax-region-province-create/components/tax-region-province-create-form/tax-region-province-create-form.tsx,posx-comet-admin;posx-demo-admin;posx-eume-admin;posx-frido-admin;posx-frido-b2b-admin;posx-frido-mobility-admin;posx-mokobara-admin;posx-ugaoo-admin
bfee5fc5e57d4eca,8,8,src/routes/tax-regions/tax-region-tax-override-edit/components/tax-region-tax-override-edit-form/tax-region-tax-override-edit-form.tsx,posx-comet-admin;posx-demo-admin;posx-eume-admin;posx-frido-admin;posx-frido-b2b-admin;posx-frido-mobility-admin;posx-mokobara-admin;posx-ugaoo-admin
3a66c0badb429ba6,8,8,src/routes/tax-regions/tax-region-tax-override-edit/components/tax-region-tax-override-edit-form/index.ts,posx-comet-admin;posx-demo-admin;posx-eume-admin;posx-frido-admin;posx-frido-b2b-admin;posx-frido-mobility-admin;posx-mokobara-admin;posx-ugaoo-admin
ea7f67c72fc19f20,8,8,src/routes/tax-regions/tax-region-tax-rate-edit/components/tax-region-tax-rate-edit-form/tax-region-tax-rate-edit-form.tsx,posx-comet-admin;posx-demo-admin;posx-eume-admin;posx-frido-admin;posx-frido-b2b-admin;posx-frido-mobility-admin;posx-mokobara-admin;posx-ugaoo-admin
b13feb0c4e61f451,8,8,src/routes/tax-regions/tax-region-tax-rate-edit/components/tax-region-tax-rate-edit-form/index.ts,posx-comet-admin;posx-demo-admin;posx-eume-admin;posx-frido-admin;posx-frido-b2b-admin;posx-frido-mobility-admin;posx-mokobara-admin;posx-ugaoo-admin
df618ba05de78740,8,8,src/routes/tax-regions/tax-region-list/components/tax-region-list-view/tax-region-list-view.tsx,posx-comet-admin;posx-demo-admin;posx-eume-admin;posx-frido-admin;posx-frido-b2b-admin;posx-frido-mobility-admin;posx-mokobara-admin;posx-ugaoo-admin
e631ea99da8b81b1,8,8,src/routes/tax-regions/tax-region-list/components/tax-region-list-view/index.ts,posx-comet-admin;posx-demo-admin;posx-eume-admin;posx-frido-admin;posx-frido-b2b-admin;posx-frido-mobility-admin;posx-mokobara-admin;posx-ugaoo-admin
acb0689ee4c50e78,8,16,src/routes/tax-regions/tax-region-detail/components/index.ts;src/routes/tax-regions/tax-region-province-detail/components/index.ts,posx-comet-admin;posx-demo-admin;posx-eume-admin;posx-frido-admin;posx-frido-b2b-admin;posx-frido-mobility-admin;posx-mokobara-admin;posx-ugaoo-admin
21307a4c86465f12,8,8,src/routes/tax-regions/tax-region-province-detail/components/tax-region-province-detail-section/tax-region-detail-section.tsx,posx-comet-admin;posx-demo-admin;posx-eume-admin;posx-frido-admin;posx-frido-b2b-admin;posx-frido-mobility-admin;posx-mokobara-admin;posx-ugaoo-admin
47e2b4a88cf45bf3,8,16,src/routes/tax-regions/tax-region-detail/components/tax-region-detail-section/index.ts;src/routes/tax-regions/tax-region-province-detail/components/tax-region-province-detail-section/index.ts,posx-comet-admin;posx-demo-admin;posx-eume-admin;posx-frido-admin;posx-frido-b2b-admin;posx-frido-mobility-admin;posx-mokobara-admin;posx-ugaoo-admin
cefd79935d7fc862,8,8,src/routes/tax-regions/tax-region-province-detail/components/tax-region-province-override-section/tax-region-province-override-section.tsx,posx-comet-admin;posx-demo-admin;posx-eume-admin;posx-frido-admin;posx-frido-b2b-admin;posx-frido-mobility-admin;posx-mokobara-admin;posx-ugaoo-admin
35435d86955d2fa1,8,8,src/routes/tax-regions/tax-region-province-detail/components/tax-region-province-override-section/index.ts,posx-comet-admin;posx-demo-admin;posx-eume-admin;posx-frido-admin;posx-frido-b2b-admin;posx-frido-mobility-admin;posx-mokobara-admin;posx-ugaoo-admin
10e3fc27e50f1248,8,8,src/routes/tax-regions/tax-region-tax-override-create/components/tax-region-override-create-form/tax-region-tax-override-create.tsx,posx-comet-admin;posx-demo-admin;posx-eume-admin;posx-frido-admin;posx-frido-b2b-admin;posx-frido-mobility-admin;posx-mokobara-admin;posx-ugaoo-admin
14d40c58b23f7344,8,8,src/routes/tax-regions/tax-region-tax-override-create/components/tax-region-override-create-form/index.ts,posx-comet-admin;posx-demo-admin;posx-eume-admin;posx-frido-admin;posx-frido-b2b-admin;posx-frido-mobility-admin;posx-mokobara-admin;posx-ugaoo-admin
6ebe114203e1da51,8,8,src/routes/tax-regions/common/hooks/use-tax-override-table.tsx,posx-comet-admin;posx-demo-admin;posx-eume-admin;posx-frido-admin;posx-frido-b2b-admin;posx-frido-mobility-admin;posx-mokobara-admin;posx-ugaoo-admin
12c3f6bc2116712a,8,8,src/routes/tax-regions/common/hooks/use-tax-region-table.tsx,posx-comet-admin;posx-demo-admin;posx-eume-admin;posx-frido-admin;posx-frido-b2b-admin;posx-frido-mobility-admin;posx-mokobara-admin;posx-ugaoo-admin
a9db8527a5df760c,8,8,src/routes/tax-regions/common/components/target-item/index.ts,posx-comet-admin;posx-demo-admin;posx-eume-admin;posx-frido-admin;posx-frido-b2b-admin;posx-frido-mobility-admin;posx-mokobara-admin;posx-ugaoo-admin
1bb12c6240c0270d,8,8,src/routes/tax-regions/common/components/target-item/target-item.tsx,posx-comet-admin;posx-demo-admin;posx-eume-admin;posx-frido-admin;posx-frido-b2b-admin;posx-frido-mobility-admin;posx-mokobara-admin;posx-ugaoo-admin
c63b3dab0eadaee8,8,8,src/routes/tax-regions/common/components/tax-override-table/tax-override-table.tsx,posx-comet-admin;posx-demo-admin;posx-eume-admin;posx-frido-admin;posx-frido-b2b-admin;posx-frido-mobility-admin;posx-mokobara-admin;posx-ugaoo-admin
122dd6b193151607,8,8,src/routes/tax-regions/common/components/tax-override-table/index.ts,posx-comet-admin;posx-demo-admin;posx-eume-admin;posx-frido-admin;posx-frido-b2b-admin;posx-frido-mobility-admin;posx-mokobara-admin;posx-ugaoo-admin
0f1d6c4d735550f1,8,8,src/routes/tax-regions/common/components/tax-region-card/tax-region-card.tsx,posx-comet-admin;posx-demo-admin;posx-eume-admin;posx-frido-admin;posx-frido-b2b-admin;posx-frido-mobility-admin;posx-mokobara-admin;posx-ugaoo-admin
00cf536381370e2e,8,8,src/routes/tax-regions/common/components/tax-region-card/index.ts,posx-comet-admin;posx-demo-admin;posx-eume-admin;posx-frido-admin;posx-frido-b2b-admin;posx-frido-mobility-admin;posx-mokobara-admin;posx-ugaoo-admin
c8304c92cf5b6298,8,8,src/routes/tax-regions/common/components/tax-override-card/tax-override-card.tsx,posx-comet-admin;posx-demo-admin;posx-eume-admin;posx-frido-admin;posx-frido-b2b-admin;posx-frido-mobility-admin;posx-mokobara-admin;posx-ugaoo-admin
7020e51926e02ca7,8,8,src/routes/tax-regions/common/components/tax-override-card/index.ts,posx-comet-admin;posx-demo-admin;posx-eume-admin;posx-frido-admin;posx-frido-b2b-admin;posx-frido-mobility-admin;posx-mokobara-admin;posx-ugaoo-admin
fb2c2f34f2530154,8,8,src/routes/tax-regions/common/components/tax-rate-line/tax-rate-line.tsx,posx-comet-admin;posx-demo-admin;posx-eume-admin;posx-frido-admin;posx-frido-b2b-admin;posx-frido-mobility-admin;posx-mokobara-admin;posx-ugaoo-admin
2cc424dc7860ae7c,8,8,src/routes/tax-regions/common/components/tax-rate-line/index.ts,posx-comet-admin;posx-demo-admin;posx-eume-admin;posx-frido-admin;posx-frido-b2b-admin;posx-frido-mobility-admin;posx-mokobara-admin;posx-ugaoo-admin
02520089956333c7,8,8,src/routes/tax-regions/common/components/target-form/target-form.tsx,posx-comet-admin;posx-demo-admin;posx-eume-admin;posx-frido-admin;posx-frido-b2b-admin;posx-frido-mobility-admin;posx-mokobara-admin;posx-ugaoo-admin
551669931216b145,8,8,src/routes/tax-regions/common/components/target-form/index.ts,posx-comet-admin;posx-demo-admin;posx-eume-admin;posx-frido-admin;posx-frido-b2b-admin;posx-frido-mobility-admin;posx-mokobara-admin;posx-ugaoo-admin
0f56a841589bbaf6,8,8,src/routes/tax-regions/common/components/tax-region-table/index.ts,posx-comet-admin;posx-demo-admin;posx-eume-admin;posx-frido-admin;posx-frido-b2b-admin;posx-frido-mobility-admin;posx-mokobara-admin;posx-ugaoo-admin
1cbb4e8221eb7231,8,8,src/routes/tax-regions/common/components/tax-region-table/tax-region-table.tsx,posx-comet-admin;posx-demo-admin;posx-eume-admin;posx-frido-admin;posx-frido-b2b-admin;posx-frido-mobility-admin;posx-mokobara-admin;posx-ugaoo-admin
9b29b2673530d83f,8,8,src/routes/tax-regions/tax-region-tax-rate-create/components/tax-region-tax-rate-create-form/tax-region-tax-rate-create-form.tsx,posx-comet-admin;posx-demo-admin;posx-eume-admin;posx-frido-admin;posx-frido-b2b-admin;posx-frido-mobility-admin;posx-mokobara-admin;posx-ugaoo-admin
8d50e44370632c43,8,8,src/routes/tax-regions/tax-region-tax-rate-create/components/tax-region-tax-rate-create-form/index.ts,posx-comet-admin;posx-demo-admin;posx-eume-admin;posx-frido-admin;posx-frido-b2b-admin;posx-frido-mobility-admin;posx-mokobara-admin;posx-ugaoo-admin
be83b3f78942f459,8,8,src/routes/tax-regions/tax-region-detail/components/tax-region-override-section/tax-region-override-section.tsx,posx-comet-admin;posx-demo-admin;posx-eume-admin;posx-frido-admin;posx-frido-b2b-admin;posx-frido-mobility-admin;posx-mokobara-admin;posx-ugaoo-admin
3b1f087ce26e8c9a,8,8,src/routes/tax-regions/tax-region-detail/components/tax-region-override-section/index.ts,posx-comet-admin;posx-demo-admin;posx-eume-admin;posx-frido-admin;posx-frido-b2b-admin;posx-frido-mobility-admin;posx-mokobara-admin;posx-ugaoo-admin
8715f951922476a8,8,8,src/routes/tax-regions/tax-region-detail/components/tax-region-province-section/tax-region-province-section.tsx,posx-comet-admin;posx-demo-admin;posx-eume-admin;posx-frido-admin;posx-frido-b2b-admin;posx-frido-mobility-admin;posx-mokobara-admin;posx-ugaoo-admin
4c706840877dbcfc,8,8,src/routes/tax-regions/tax-region-detail/components/tax-region-province-section/index.ts,posx-comet-admin;posx-demo-admin;posx-eume-admin;posx-frido-admin;posx-frido-b2b-admin;posx-frido-mobility-admin;posx-mokobara-admin;posx-ugaoo-admin
8fa78d05c905bed8,8,8,src/routes/tax-regions/tax-region-detail/components/tax-region-detail-section/tax-region-detail-section.tsx,posx-comet-admin;posx-demo-admin;posx-eume-admin;posx-frido-admin;posx-frido-b2b-admin;posx-frido-mobility-admin;posx-mokobara-admin;posx-ugaoo-admin
3c7197889b15272d,8,8,src/routes/tax-regions/tax-region-detail/components/tax-region-sublevel-alert/tax-region-sublevel-alert.tsx,posx-comet-admin;posx-demo-admin;posx-eume-admin;posx-frido-admin;posx-frido-b2b-admin;posx-frido-mobility-admin;posx-mokobara-admin;posx-ugaoo-admin
840befbbd54af3ef,8,8,src/routes/tax-regions/tax-region-detail/components/tax-region-sublevel-alert/index.ts,posx-comet-admin;posx-demo-admin;posx-eume-admin;posx-frido-admin;posx-frido-b2b-admin;posx-frido-mobility-admin;posx-mokobara-admin;posx-ugaoo-admin
68aa4582988af7ff,8,8,src/routes/tax-regions/tax-region-create/components/tax-region-create-form/tax-region-create-form.tsx,posx-comet-admin;posx-demo-admin;posx-eume-admin;posx-frido-admin;posx-frido-b2b-admin;posx-frido-mobility-admin;posx-mokobara-admin;posx-ugaoo-admin
ee75160a89496221,8,8,src/routes/tax-regions/tax-region-create/components/tax-region-create-form/index.ts,posx-comet-admin;posx-demo-admin;posx-eume-admin;posx-frido-admin;posx-frido-b2b-admin;posx-frido-mobility-admin;posx-mokobara-admin;posx-ugaoo-admin
c0b6360c65e9d64c,8,8,src/routes/categories/category-create/category-create.tsx,posx-comet-admin;posx-demo-admin;posx-eume-admin;posx-frido-admin;posx-frido-b2b-admin;posx-frido-mobility-admin;posx-mokobara-admin;posx-ugaoo-admin
d3ff9988bb9c8664,8,8,src/routes/categories/category-create/index.ts,posx-comet-admin;posx-demo-admin;posx-eume-admin;posx-frido-admin;posx-frido-b2b-admin;posx-frido-mobility-admin;posx-mokobara-admin;posx-ugaoo-admin
951d198db1a19022,8,8,src/routes/categories/category-detail/loader.ts,posx-comet-admin;posx-demo-admin;posx-eume-admin;posx-frido-admin;posx-frido-b2b-admin;posx-frido-mobility-admin;posx-mokobara-admin;posx-ugaoo-admin
6709af023947a1f2,8,8,src/routes/categories/category-detail/breadcrumb.tsx,posx-comet-admin;posx-demo-admin;posx-eume-admin;posx-frido-admin;posx-frido-b2b-admin;posx-frido-mobility-admin;posx-mokobara-admin;posx-ugaoo-admin
d0d3d70f9b3e7b37,8,8,src/routes/categories/category-detail/index.ts,posx-comet-admin;posx-demo-admin;posx-eume-admin;posx-frido-admin;posx-frido-b2b-admin;posx-frido-mobility-admin;posx-mokobara-admin;posx-ugaoo-admin
de1d805950f89fd9,8,8,src/routes/categories/category-detail/category-detail.tsx,posx-comet-admin;posx-demo-admin;posx-eume-admin;posx-frido-admin;posx-frido-b2b-admin;posx-frido-mobility-admin;posx-mokobara-admin;posx-ugaoo-admin
19c3ac76c4c5c68d,8,8,src/routes/categories/categories-metadata/categories-metadata.tsx,posx-comet-admin;posx-demo-admin;posx-eume-admin;posx-frido-admin;posx-frido-b2b-admin;posx-frido-mobility-admin;posx-mokobara-admin;posx-ugaoo-admin
1487b904f51023d0,8,8,src/routes/categories/categories-metadata/index.ts,posx-comet-admin;posx-demo-admin;posx-eume-admin;posx-frido-admin;posx-frido-b2b-admin;posx-frido-mobility-admin;posx-mokobara-admin;posx-ugaoo-admin
7e477722334c3c53,8,8,src/routes/categories/category-list/index.ts,posx-comet-admin;posx-demo-admin;posx-eume-admin;posx-frido-admin;posx-frido-b2b-admin;posx-frido-mobility-admin;posx-mokobara-admin;posx-ugaoo-admin
d7e6f1fe6a062da7,8,8,src/routes/categories/category-list/category-list.tsx,posx-comet-admin;posx-demo-admin;posx-eume-admin;posx-frido-admin;posx-frido-b2b-admin;posx-frido-mobility-admin;posx-mokobara-admin;posx-ugaoo-admin
55404398e2534eba,8,8,src/routes/categories/common/utils.ts,posx-comet-admin;posx-demo-admin;posx-eume-admin;posx-frido-admin;posx-frido-b2b-admin;posx-frido-mobility-admin;posx-mokobara-admin;posx-ugaoo-admin
02cbf28f12b0d312,8,8,src/routes/categories/common/types.ts,posx-comet-admin;posx-demo-admin;posx-eume-admin;posx-frido-admin;posx-frido-b2b-admin;posx-frido-mobility-admin;posx-mokobara-admin;posx-ugaoo-admin
382abded1441e575,8,8,src/routes/categories/category-products/category-products.tsx,posx-comet-admin;posx-demo-admin;posx-eume-admin;posx-frido-admin;posx-frido-b2b-admin;posx-frido-mobility-admin;posx-mokobara-admin;posx-ugaoo-admin
d9cc0e5cf021d491,8,8,src/routes/categories/category-products/index.ts,posx-comet-admin;posx-demo-admin;posx-eume-admin;posx-frido-admin;posx-frido-b2b-admin;posx-frido-mobility-admin;posx-mokobara-admin;posx-ugaoo-admin
f48567071a2f3655,8,8,src/routes/categories/category-edit/category-edit.tsx,posx-comet-admin;posx-demo-admin;posx-eume-admin;posx-frido-admin;posx-frido-b2b-admin;posx-frido-mobility-admin;posx-mokobara-admin;posx-ugaoo-admin
93fd3768773c3e2a,8,8,src/routes/categories/category-edit/index.ts,posx-comet-admin;posx-demo-admin;posx-eume-admin;posx-frido-admin;posx-frido-b2b-admin;posx-frido-mobility-admin;posx-mokobara-admin;posx-ugaoo-admin
e4461817be27dbf1,8,8,src/routes/categories/category-organize/category-organize.tsx,posx-comet-admin;posx-demo-admin;posx-eume-admin;posx-frido-admin;posx-frido-b2b-admin;posx-frido-mobility-admin;posx-mokobara-admin;posx-ugaoo-admin
f5274c0a029347b6,8,8,src/routes/categories/category-organize/index.ts,posx-comet-admin;posx-demo-admin;posx-eume-admin;posx-frido-admin;posx-frido-b2b-admin;posx-frido-mobility-admin;posx-mokobara-admin;posx-ugaoo-admin
c7538c2a916972f0,8,8,src/routes/categories/category-organize/components/organize-category-form/index.ts,posx-comet-admin;posx-demo-admin;posx-eume-admin;posx-frido-admin;posx-frido-b2b-admin;posx-frido-mobility-admin;posx-mokobara-admin;posx-ugaoo-admin
7eaa3503ad78f989,8,8,src/routes/categories/category-edit/components/edit-category-form/edit-category-form.tsx,posx-comet-admin;posx-demo-admin;posx-eume-admin;posx-frido-admin;posx-frido-b2b-admin;posx-frido-mobility-admin;posx-mokobara-admin;posx-ugaoo-admin
1a7873969d0873b4,8,8,src/routes/categories/category-edit/components/edit-category-form/index.ts,posx-comet-admin;posx-demo-admin;posx-eume-admin;posx-frido-admin;posx-frido-b2b-admin;posx-frido-mobility-admin;posx-mokobara-admin;posx-ugaoo-admin
ffc1c35d70cbf626,8,8,src/routes/categories/category-products/components/edit-category-products-form/index.ts,posx-comet-admin;posx-demo-admin;posx-eume-admin;posx-frido-admin;posx-frido-b2b-admin;posx-frido-mobility-admin;posx-mokobara-admin;posx-ugaoo-admin
6c9c509a1b1af651,8,8,src/routes/categories/category-products/components/edit-category-products-form/edit-category-products-form.tsx,posx-comet-admin;posx-demo-admin;posx-eume-admin;posx-frido-admin;posx-frido-b2b-admin;posx-frido-mobility-admin;posx-mokobara-admin;posx-ugaoo-admin
25e7a07d2c6018d8,8,8,src/routes/categories/common/hooks/use-delete-product-category-action.tsx,posx-comet-admin;posx-demo-admin;posx-eume-admin;posx-frido-admin;posx-frido-b2b-admin;posx-frido-mobility-admin;posx-mokobara-admin;posx-ugaoo-admin
036a73f3de48ac12,8,8,src/routes/categories/common/components/category-tree/category-tree.tsx,posx-comet-admin;posx-demo-admin;posx-eume-admin;posx-frido-admin;posx-frido-b2b-admin;posx-frido-mobility-admin;posx-mokobara-admin;posx-ugaoo-admin
9037769bb38d9ae2,8,8,src/routes/categories/common/components/category-tree/index.ts,posx-comet-admin;posx-demo-admin;posx-eume-admin;posx-frido-admin;posx-frido-b2b-admin;posx-frido-mobility-admin;posx-mokobara-admin;posx-ugaoo-admin
c51e4478f8b3768e,8,8,src/routes/categories/category-list/components/category-list-table/use-category-table-query.tsx,posx-comet-admin;posx-demo-admin;posx-eume-admin;posx-frido-admin;posx-frido-b2b-admin;posx-frido-mobility-admin;posx-mokobara-admin;posx-ugaoo-admin
ff6cc0f4014b7d39,8,8,src/routes/categories/category-list/components/category-list-table/use-category-table-columns.tsx,posx-comet-admin;posx-demo-admin;posx-eume-admin;posx-frido-admin;posx-frido-b2b-admin;posx-frido-mobility-admin;posx-mokobara-admin;posx-ugaoo-admin
b7da1499a59ee4b9,8,8,src/routes/categories/category-list/components/category-list-table/index.ts,posx-comet-admin;posx-demo-admin;posx-eume-admin;posx-frido-admin;posx-frido-b2b-admin;posx-frido-mobility-admin;posx-mokobara-admin;posx-ugaoo-admin
ecd51e85eb2bb44a,8,8,src/routes/categories/category-list/components/category-list-table/category-list-table.tsx,posx-comet-admin;posx-demo-admin;posx-eume-admin;posx-frido-admin;posx-frido-b2b-admin;posx-frido-mobility-admin;posx-mokobara-admin;posx-ugaoo-admin
b769d5612356c146,8,8,src/routes/categories/category-detail/components/category-organize-section/category-organize-section.tsx,posx-comet-admin;posx-demo-admin;posx-eume-admin;posx-frido-admin;posx-frido-b2b-admin;posx-frido-mobility-admin;posx-mokobara-admin;posx-ugaoo-admin
aa43bc451ede77e8,8,8,src/routes/categories/category-detail/components/category-organize-section/index.ts,posx-comet-admin;posx-demo-admin;posx-eume-admin;posx-frido-admin;posx-frido-b2b-admin;posx-frido-mobility-admin;posx-mokobara-admin;posx-ugaoo-admin
a7cd1f7b46e7499c,8,8,src/routes/categories/category-detail/components/category-general-section/category-general-section.tsx,posx-comet-admin;posx-demo-admin;posx-eume-admin;posx-frido-admin;posx-frido-b2b-admin;posx-frido-mobility-admin;posx-mokobara-admin;posx-ugaoo-admin
04ff584b0f926a95,8,8,src/routes/categories/category-detail/components/category-general-section/index.ts,posx-comet-admin;posx-demo-admin;posx-eume-admin;posx-frido-admin;posx-frido-b2b-admin;posx-frido-mobility-admin;posx-mokobara-admin;posx-ugaoo-admin
1d2c104e2c86c3f3,8,8,src/routes/categories/category-detail/components/category-product-section/category-product-section.tsx,posx-comet-admin;posx-demo-admin;posx-eume-admin;posx-frido-admin;posx-frido-b2b-admin;posx-frido-mobility-admin;posx-mokobara-admin;posx-ugaoo-admin
77989b07da4b3566,8,8,src/routes/categories/category-detail/components/category-product-section/index.ts,posx-comet-admin;posx-demo-admin;posx-eume-admin;posx-frido-admin;posx-frido-b2b-admin;posx-frido-mobility-admin;posx-mokobara-admin;posx-ugaoo-admin
9d2f3ef633a139be,8,8,src/routes/categories/category-create/components/create-category-form/schema.ts,posx-comet-admin;posx-demo-admin;posx-eume-admin;posx-frido-admin;posx-frido-b2b-admin;posx-frido-mobility-admin;posx-mokobara-admin;posx-ugaoo-admin
545fcd957b73a964,8,8,src/routes/categories/category-create/components/create-category-form/create-category-form.tsx,posx-comet-admin;posx-demo-admin;posx-eume-admin;posx-frido-admin;posx-frido-b2b-admin;posx-frido-mobility-admin;posx-mokobara-admin;posx-ugaoo-admin
28a9bdcd5a0dc0b1,8,8,src/routes/categories/category-create/components/create-category-form/create-category-nesting.tsx,posx-comet-admin;posx-demo-admin;posx-eume-admin;posx-frido-admin;posx-frido-b2b-admin;posx-frido-mobility-admin;posx-mokobara-admin;posx-ugaoo-admin
215753b0b8e8cc0f,8,8,src/routes/categories/category-create/components/create-category-form/index.ts,posx-comet-admin;posx-demo-admin;posx-eume-admin;posx-frido-admin;posx-frido-b2b-admin;posx-frido-mobility-admin;posx-mokobara-admin;posx-ugaoo-admin
3cbd1ebdae5a9117,8,8,src/routes/categories/category-create/components/create-category-form/create-category-details.tsx,posx-comet-admin;posx-demo-admin;posx-eume-admin;posx-frido-admin;posx-frido-b2b-admin;posx-frido-mobility-admin;posx-mokobara-admin;posx-ugaoo-admin
f242c3c6edaae41c,8,8,src/routes/collections/collection-create/collection-create.tsx,posx-comet-admin;posx-demo-admin;posx-eume-admin;posx-frido-admin;posx-frido-b2b-admin;posx-frido-mobility-admin;posx-mokobara-admin;posx-ugaoo-admin
6e02530c03f313fa,8,8,src/routes/collections/collection-create/index.ts,posx-comet-admin;posx-demo-admin;posx-eume-admin;posx-frido-admin;posx-frido-b2b-admin;posx-frido-mobility-admin;posx-mokobara-admin;posx-ugaoo-admin
be26d6a9d58ca3bd,8,8,src/routes/collections/collection-edit/index.ts,posx-comet-admin;posx-demo-admin;posx-eume-admin;posx-frido-admin;posx-frido-b2b-admin;posx-frido-mobility-admin;posx-mokobara-admin;posx-ugaoo-admin
d17ea0060dbb4880,8,8,src/routes/collections/collection-edit/collection-edit.tsx,posx-comet-admin;posx-demo-admin;posx-eume-admin;posx-frido-admin;posx-frido-b2b-admin;posx-frido-mobility-admin;posx-mokobara-admin;posx-ugaoo-admin
da50792e898fcd89,8,8,src/routes/collections/collection-metadata/collection-metadata.tsx,posx-comet-admin;posx-demo-admin;posx-eume-admin;posx-frido-admin;posx-frido-b2b-admin;posx-frido-mobility-admin;posx-mokobara-admin;posx-ugaoo-admin
c55765caa4fae30a,8,8,src/routes/collections/collection-metadata/index.ts,posx-comet-admin;posx-demo-admin;posx-eume-admin;posx-frido-admin;posx-frido-b2b-admin;posx-frido-mobility-admin;posx-mokobara-admin;posx-ugaoo-admin
931fcc0105c6cc58,8,8,src/routes/collections/collection-add-products/collection-add-products.tsx,posx-comet-admin;posx-demo-admin;posx-eume-admin;posx-frido-admin;posx-frido-b2b-admin;posx-frido-mobility-admin;posx-mokobara-admin;posx-ugaoo-admin
fae592b30262bb80,8,8,src/routes/collections/collection-add-products/index.ts,posx-comet-admin;posx-demo-admin;posx-eume-admin;posx-frido-admin;posx-frido-b2b-admin;posx-frido-mobility-admin;posx-mokobara-admin;posx-ugaoo-admin
049a174088533d7c,8,8,src/routes/collections/collection-list/collection-list.tsx,posx-comet-admin;posx-demo-admin;posx-eume-admin;posx-frido-admin;posx-frido-b2b-admin;posx-frido-mobility-admin;posx-mokobara-admin;posx-ugaoo-admin
3fce609c5674d667,8,8,src/routes/collections/collection-list/index.ts,posx-comet-admin;posx-demo-admin;posx-eume-admin;posx-frido-admin;posx-frido-b2b-admin;posx-frido-mobility-admin;posx-mokobara-admin;posx-ugaoo-admin
ab868d441abfda37,8,8,src/routes/collections/collection-detail/loader.ts,posx-comet-admin;posx-demo-admin;posx-eume-admin;posx-frido-admin;posx-frido-b2b-admin;posx-frido-mobility-admin;posx-mokobara-admin;posx-ugaoo-admin
3b57c24c5c82ecc4,8,8,src/routes/collections/collection-detail/collection-detail.tsx,posx-comet-admin;posx-demo-admin;posx-eume-admin;posx-frido-admin;posx-frido-b2b-admin;posx-frido-mobility-admin;posx-mokobara-admin;posx-ugaoo-admin
a25b4ec2d2eb342e,8,8,src/routes/collections/collection-detail/breadcrumb.tsx,posx-comet-admin;posx-demo-admin;posx-eume-admin;posx-frido-admin;posx-frido-b2b-admin;posx-frido-mobility-admin;posx-mokobara-admin;posx-ugaoo-admin
129eeff121314d9f,8,8,src/routes/collections/collection-detail/index.ts,posx-comet-admin;posx-demo-admin;posx-eume-admin;posx-frido-admin;posx-frido-b2b-admin;posx-frido-mobility-admin;posx-mokobara-admin;posx-ugaoo-admin
3a3357b14bd68891,8,8,src/routes/collections/collection-detail/components/collection-general-section/collection-general-section.tsx,posx-comet-admin;posx-demo-admin;posx-eume-admin;posx-frido-admin;posx-frido-b2b-admin;posx-frido-mobility-admin;posx-mokobara-admin;posx-ugaoo-admin
b3d5aa63a05385fd,8,8,src/routes/collections/collection-detail/components/collection-general-section/index.ts,posx-comet-admin;posx-demo-admin;posx-eume-admin;posx-frido-admin;posx-frido-b2b-admin;posx-frido-mobility-admin;posx-mokobara-admin;posx-ugaoo-admin
2fde98548c27fa2d,8,8,src/routes/collections/collection-detail/components/collection-product-section/collection-product-section.tsx,posx-comet-admin;posx-demo-admin;posx-eume-admin;posx-frido-admin;posx-frido-b2b-admin;posx-frido-mobility-admin;posx-mokobara-admin;posx-ugaoo-admin
3d4801de46eb806c,8,8,src/routes/collections/collection-detail/components/collection-product-section/index.ts,posx-comet-admin;posx-demo-admin;posx-eume-admin;posx-frido-admin;posx-frido-b2b-admin;posx-frido-mobility-admin;posx-mokobara-admin;posx-ugaoo-admin
b86a6aafddcf5ad8,8,8,src/routes/collections/collection-list/components/collection-list-table/collection-list-table.tsx,posx-comet-admin;posx-demo-admin;posx-eume-admin;posx-frido-admin;posx-frido-b2b-admin;posx-frido-mobility-admin;posx-mokobara-admin;posx-ugaoo-admin
92eae9747b5e4f16,8,8,src/routes/collections/collection-list/components/collection-list-table/index.ts,posx-comet-admin;posx-demo-admin;posx-eume-admin;posx-frido-admin;posx-frido-b2b-admin;posx-frido-mobility-admin;posx-mokobara-admin;posx-ugaoo-admin
03942fb013f433bd,8,8,src/routes/collections/collection-list/components/collection-list-table/collection-row-actions.tsx,posx-comet-admin;posx-demo-admin;posx-eume-admin;posx-frido-admin;posx-frido-b2b-admin;posx-frido-mobility-admin;posx-mokobara-admin;posx-ugaoo-admin
1e6492a8fc29ae9d,8,8,src/routes/collections/collection-add-products/components/add-products-to-collection-form/add-products-to-collection-form.tsx,posx-comet-admin;posx-demo-admin;posx-eume-admin;posx-frido-admin;posx-frido-b2b-admin;posx-frido-mobility-admin;posx-mokobara-admin;posx-ugaoo-admin
475041829c54f8b4,8,8,src/routes/collections/collection-add-products/components/add-products-to-collection-form/index.ts,posx-comet-admin;posx-demo-admin;posx-eume-admin;posx-frido-admin;posx-frido-b2b-admin;posx-frido-mobility-admin;posx-mokobara-admin;posx-ugaoo-admin
2ff6a070a9c527af,8,8,src/routes/collections/collection-edit/components/edit-collection-form/index.ts,posx-comet-admin;posx-demo-admin;posx-eume-admin;posx-frido-admin;posx-frido-b2b-admin;posx-frido-mobility-admin;posx-mokobara-admin;posx-ugaoo-admin
afb48477f8a0ed2b,8,8,src/routes/collections/collection-edit/components/edit-collection-form/edit-collection-form.tsx,posx-comet-admin;posx-demo-admin;posx-eume-admin;posx-frido-admin;posx-frido-b2b-admin;posx-frido-mobility-admin;posx-mokobara-admin;posx-ugaoo-admin
7997e9752e2de182,8,8,src/routes/collections/collection-create/components/create-collection-form/create-collection-form.tsx,posx-comet-admin;posx-demo-admin;posx-eume-admin;posx-frido-admin;posx-frido-b2b-admin;posx-frido-mobility-admin;posx-mokobara-admin;posx-ugaoo-admin
5979f1302d9054ee,8,8,src/routes/collections/collection-create/components/create-collection-form/index.ts,posx-comet-admin;posx-demo-admin;posx-eume-admin;posx-frido-admin;posx-frido-b2b-admin;posx-frido-mobility-admin;posx-mokobara-admin;posx-ugaoo-admin
b82f63d7b6de61f8,8,8,src/routes/pos-inventory/inventory-list/inventory-list.tsx,posx-comet-admin;posx-demo-admin;posx-eume-admin;posx-frido-admin;posx-frido-b2b-admin;posx-frido-mobility-admin;posx-mokobara-admin;posx-ugaoo-admin
13fbe26bdec97a56,8,8,src/routes/pos-inventory/inventory-list/index.ts,posx-comet-admin;posx-demo-admin;posx-eume-admin;posx-frido-admin;posx-frido-b2b-admin;posx-frido-mobility-admin;posx-mokobara-admin;posx-ugaoo-admin
9fa80798272048dc,8,8,src/routes/pos-inventory/inventory-list/components/inventory-list-table/index.ts,posx-comet-admin;posx-demo-admin;posx-eume-admin;posx-frido-admin;posx-frido-b2b-admin;posx-frido-mobility-admin;posx-mokobara-admin;posx-ugaoo-admin
3662cb7d46932309,8,8,src/routes/product-tags/product-tag-create/product-tag-create.tsx,posx-comet-admin;posx-demo-admin;posx-eume-admin;posx-frido-admin;posx-frido-b2b-admin;posx-frido-mobility-admin;posx-mokobara-admin;posx-ugaoo-admin
234d187fab9e2f9f,8,8,src/routes/product-tags/product-tag-create/index.ts,posx-comet-admin;posx-demo-admin;posx-eume-admin;posx-frido-admin;posx-frido-b2b-admin;posx-frido-mobility-admin;posx-mokobara-admin;posx-ugaoo-admin
443b8f555265c9d5,8,8,src/routes/product-tags/product-tag-list/product-tag-list.tsx,posx-comet-admin;posx-demo-admin;posx-eume-admin;posx-frido-admin;posx-frido-b2b-admin;posx-frido-mobility-admin;posx-mokobara-admin;posx-ugaoo-admin
9186ac94f58c19fa,8,8,src/routes/product-tags/product-tag-list/loader.ts,posx-comet-admin;posx-demo-admin;posx-eume-admin;posx-frido-admin;posx-frido-b2b-admin;posx-frido-mobility-admin;posx-mokobara-admin;posx-ugaoo-admin
e190d1300da383a2,8,8,src/routes/product-tags/product-tag-list/index.ts,posx-comet-admin;posx-demo-admin;posx-eume-admin;posx-frido-admin;posx-frido-b2b-admin;posx-frido-mobility-admin;posx-mokobara-admin;posx-ugaoo-admin
cabad54366e2eede,8,8,src/routes/product-tags/product-tag-detail/loader.ts,posx-comet-admin;posx-demo-admin;posx-eume-admin;posx-frido-admin;posx-frido-b2b-admin;posx-frido-mobility-admin;posx-mokobara-admin;posx-ugaoo-admin
3974a8922006a05d,8,8,src/routes/product-tags/product-tag-detail/product-tag-detail.tsx,posx-comet-admin;posx-demo-admin;posx-eume-admin;posx-frido-admin;posx-frido-b2b-admin;posx-frido-mobility-admin;posx-mokobara-admin;posx-ugaoo-admin
4202ef05647e6b06,8,8,src/routes/product-tags/product-tag-detail/breadcrumb.tsx,posx-comet-admin;posx-demo-admin;posx-eume-admin;posx-frido-admin;posx-frido-b2b-admin;posx-frido-mobility-admin;posx-mokobara-admin;posx-ugaoo-admin
4e859755280e29bb,8,8,src/routes/product-tags/product-tag-detail/index.ts,posx-comet-admin;posx-demo-admin;posx-eume-admin;posx-frido-admin;posx-frido-b2b-admin;posx-frido-mobility-admin;posx-mokobara-admin;posx-ugaoo-admin
f05d95e0e483cc4f,8,8,src/routes/product-tags/product-tag-edit/product-tag-edit.tsx,posx-comet-admin;posx-demo-admin;posx-eume-admin;posx-frido-admin;posx-frido-b2b-admin;posx-frido-mobility-admin;posx-mokobara-admin;posx-ugaoo-admin
c9fe90d940f7f949,8,8,src/routes/product-tags/product-tag-edit/index.ts,posx-comet-admin;posx-demo-admin;posx-eume-admin;posx-frido-admin;posx-frido-b2b-admin;posx-frido-mobility-admin;posx-mokobara-admin;posx-ugaoo-admin
fc4c953dc70377b8,8,8,src/routes/product-tags/product-tag-edit/components/product-tag-edit-form/index.ts,posx-comet-admin;posx-demo-admin;posx-eume-admin;posx-frido-admin;posx-frido-b2b-admin;posx-frido-mobility-admin;posx-mokobara-admin;posx-ugaoo-admin
39830aaaee8797d6,8,8,src/routes/product-tags/product-tag-edit/components/product-tag-edit-form/product-tag-edit-form.tsx,posx-comet-admin;posx-demo-admin;posx-eume-admin;posx-frido-admin;posx-frido-b2b-admin;posx-frido-mobility-admin;posx-mokobara-admin;posx-ugaoo-admin
3be64d81181775c3,8,8,src/routes/product-tags/product-tag-detail/components/product-tag-product-section/product-tag-product-section.tsx,posx-comet-admin;posx-demo-admin;posx-eume-admin;posx-frido-admin;posx-frido-b2b-admin;posx-frido-mobility-admin;posx-mokobara-admin;posx-ugaoo-admin
24659be2b29ad1e4,8,8,src/routes/product-tags/product-tag-detail/components/product-tag-product-section/index.ts,posx-comet-admin;posx-demo-admin;posx-eume-admin;posx-frido-admin;posx-frido-b2b-admin;posx-frido-mobility-admin;posx-mokobara-admin;posx-ugaoo-admin
6d234f1c64261152,8,8,src/routes/product-tags/product-tag-detail/components/product-tag-general-section/product-tag-general-section.tsx,posx-comet-admin;posx-demo-admin;posx-eume-admin;posx-frido-admin;posx-frido-b2b-admin;posx-frido-mobility-admin;posx-mokobara-admin;posx-ugaoo-admin
fb844d6de6edea0d,8,8,src/routes/product-tags/product-tag-detail/components/product-tag-general-section/index.ts,posx-comet-admin;posx-demo-admin;posx-eume-admin;posx-frido-admin;posx-frido-b2b-admin;posx-frido-mobility-admin;posx-mokobara-admin;posx-ugaoo-admin
0b3798164fcd704f,8,8,src/routes/product-tags/product-tag-list/components/product-tag-list-table/index.ts,posx-comet-admin;posx-demo-admin;posx-eume-admin;posx-frido-admin;posx-frido-b2b-admin;posx-frido-mobility-admin;posx-mokobara-admin;posx-ugaoo-admin
468e86100294ba05,8,8,src/routes/product-tags/product-tag-list/components/product-tag-list-table/product-tag-list-table.tsx,posx-comet-admin;posx-demo-admin;posx-eume-admin;posx-frido-admin;posx-frido-b2b-admin;posx-frido-mobility-admin;posx-mokobara-admin;posx-ugaoo-admin
0155e4905af8f98c,8,8,src/routes/product-tags/common/hooks/use-delete-product-tag-action.tsx,posx-comet-admin;posx-demo-admin;posx-eume-admin;posx-frido-admin;posx-frido-b2b-admin;posx-frido-mobility-admin;posx-mokobara-admin;posx-ugaoo-admin
408f138cb74741eb,8,8,src/routes/product-tags/product-tag-create/components/product-tag-create-form/product-tag-create-form.tsx,posx-comet-admin;posx-demo-admin;posx-eume-admin;posx-frido-admin;posx-frido-b2b-admin;posx-frido-mobility-admin;posx-mokobara-admin;posx-ugaoo-admin
40a83ea9c2fd14d6,8,8,src/routes/product-tags/product-tag-create/components/product-tag-create-form/index.ts,posx-comet-admin;posx-demo-admin;posx-eume-admin;posx-frido-admin;posx-frido-b2b-admin;posx-frido-mobility-admin;posx-mokobara-admin;posx-ugaoo-admin
078aa09200174158,8,8,src/routes/orders/order-edit-email/order-edit-email.tsx,posx-comet-admin;posx-demo-admin;posx-eume-admin;posx-frido-admin;posx-frido-b2b-admin;posx-frido-mobility-admin;posx-mokobara-admin;posx-ugaoo-admin
a02ab90fe0c0e508,8,8,src/routes/orders/order-edit-email/index.ts,posx-comet-admin;posx-demo-admin;posx-eume-admin;posx-frido-admin;posx-frido-b2b-admin;posx-frido-mobility-admin;posx-mokobara-admin;posx-ugaoo-admin
1946604cb6854cb3,8,8,src/routes/orders/order-receive-return/order-receive-return.tsx,posx-comet-admin;posx-demo-admin;posx-eume-admin;posx-frido-admin;posx-frido-b2b-admin;posx-frido-mobility-admin;posx-mokobara-admin;posx-ugaoo-admin
fdd91e627bcd5dac,8,8,src/routes/orders/order-receive-return/index.ts,posx-comet-admin;posx-demo-admin;posx-eume-admin;posx-frido-admin;posx-frido-b2b-admin;posx-frido-mobility-admin;posx-mokobara-admin;posx-ugaoo-admin
65d66f4d5aee1278,8,8,src/routes/orders/order-create-return/return-create.tsx,posx-comet-admin;posx-demo-admin;posx-eume-admin;posx-frido-admin;posx-frido-b2b-admin;posx-frido-mobility-admin;posx-mokobara-admin;posx-ugaoo-admin
c37ae28b718474e4,8,8,src/routes/orders/order-create-return/index.ts,posx-comet-admin;posx-demo-admin;posx-eume-admin;posx-frido-admin;posx-frido-b2b-admin;posx-frido-mobility-admin;posx-mokobara-admin;posx-ugaoo-admin
5d9058ad9eaa49de,8,8,src/routes/orders/order-create-edit/order-edit-create.tsx,posx-comet-admin;posx-demo-admin;posx-eume-admin;posx-frido-admin;posx-frido-b2b-admin;posx-frido-mobility-admin;posx-mokobara-admin;posx-ugaoo-admin
a181c5678a3ca728,8,8,src/routes/orders/order-create-edit/index.ts,posx-comet-admin;posx-demo-admin;posx-eume-admin;posx-frido-admin;posx-frido-b2b-admin;posx-frido-mobility-admin;posx-mokobara-admin;posx-ugaoo-admin
5f7491488556d56e,8,8,src/routes/orders/order-edit-shipping-address/index.ts,posx-comet-admin;posx-demo-admin;posx-eume-admin;posx-frido-admin;posx-frido-b2b-admin;posx-frido-mobility-admin;posx-mokobara-admin;posx-ugaoo-admin
deec898a993babc8,8,8,src/routes/orders/order-edit-shipping-address/order-edit-shipping-address.tsx,posx-comet-admin;posx-demo-admin;posx-eume-admin;posx-frido-admin;posx-frido-b2b-admin;posx-frido-mobility-admin;posx-mokobara-admin;posx-ugaoo-admin
4ba257f8f1d6e9a3,8,8,src/routes/orders/order-create-shipment/order-create-shipment.tsx,posx-comet-admin;posx-demo-admin;posx-eume-admin;posx-frido-admin;posx-frido-b2b-admin;posx-frido-mobility-admin;posx-mokobara-admin;posx-ugaoo-admin
c97dc5a2f5e6ba44,8,8,src/routes/orders/order-create-shipment/index.ts,posx-comet-admin;posx-demo-admin;posx-eume-admin;posx-frido-admin;posx-frido-b2b-admin;posx-frido-mobility-admin;posx-mokobara-admin;posx-ugaoo-admin
bb41784af01fc499,8,8,src/routes/orders/order-create-claim/claim-create.tsx,posx-comet-admin;posx-demo-admin;posx-eume-admin;posx-frido-admin;posx-frido-b2b-admin;posx-frido-mobility-admin;posx-mokobara-admin;posx-ugaoo-admin
e2f5ce802a5b47e3,8,8,src/routes/orders/order-create-claim/index.ts,posx-comet-admin;posx-demo-admin;posx-eume-admin;posx-frido-admin;posx-frido-b2b-admin;posx-frido-mobility-admin;posx-mokobara-admin;posx-ugaoo-admin
183bdf6e403c6dbd,8,8,src/routes/orders/common/placeholders.tsx,posx-comet-admin;posx-demo-admin;posx-eume-admin;posx-frido-admin;posx-frido-b2b-admin;posx-frido-mobility-admin;posx-mokobara-admin;posx-ugaoo-admin
0ac17cca1c3543bf,8,8,src/routes/orders/order-create-fulfillment/order-create-fulfillments.tsx,posx-comet-admin;posx-demo-admin;posx-eume-admin;posx-frido-admin;posx-frido-b2b-admin;posx-frido-mobility-admin;posx-mokobara-admin;posx-ugaoo-admin
4e46b515771bc2c3,8,8,src/routes/orders/order-create-fulfillment/index.ts,posx-comet-admin;posx-demo-admin;posx-eume-admin;posx-frido-admin;posx-frido-b2b-admin;posx-frido-mobility-admin;posx-mokobara-admin;posx-ugaoo-admin
41fe210055f323af,8,8,src/routes/orders/order-allocate-items/order-allocate-items.tsx,posx-comet-admin;posx-demo-admin;posx-eume-admin;posx-frido-admin;posx-frido-b2b-admin;posx-frido-mobility-admin;posx-mokobara-admin;posx-ugaoo-admin
43451195d6f755af,8,8,src/routes/orders/order-allocate-items/index.ts,posx-comet-admin;posx-demo-admin;posx-eume-admin;posx-frido-admin;posx-frido-b2b-admin;posx-frido-mobility-admin;posx-mokobara-admin;posx-ugaoo-admin
add015136df68ada,8,8,src/routes/orders/order-create-exchange/index.ts,posx-comet-admin;posx-demo-admin;posx-eume-admin;posx-frido-admin;posx-frido-b2b-admin;posx-frido-mobility-admin;posx-mokobara-admin;posx-ugaoo-admin
5f3ee63da226a29b,8,8,src/routes/orders/order-create-exchange/exchange-create.tsx,posx-comet-admin;posx-demo-admin;posx-eume-admin;posx-frido-admin;posx-frido-b2b-admin;posx-frido-mobility-admin;posx-mokobara-admin;posx-ugaoo-admin
d7aa682615d45c33,8,8,src/routes/orders/order-list/const.ts,posx-comet-admin;posx-demo-admin;posx-eume-admin;posx-frido-admin;posx-frido-b2b-admin;posx-frido-mobility-admin;posx-mokobara-admin;posx-ugaoo-admin
e143cf9ec20b2e66,8,8,src/routes/orders/order-list/order-list.tsx,posx-comet-admin;posx-demo-admin;posx-eume-admin;posx-frido-admin;posx-frido-b2b-admin;posx-frido-mobility-admin;posx-mokobara-admin;posx-ugaoo-admin
96a9d4db776c60f9,8,8,src/routes/orders/order-list/index.ts,posx-comet-admin;posx-demo-admin;posx-eume-admin;posx-frido-admin;posx-frido-b2b-admin;posx-frido-mobility-admin;posx-mokobara-admin;posx-ugaoo-admin
25b6f8821d17f5aa,8,8,src/routes/orders/order-create-refund/order-create-refund.tsx,posx-comet-admin;posx-demo-admin;posx-eume-admin;posx-frido-admin;posx-frido-b2b-admin;posx-frido-mobility-admin;posx-mokobara-admin;posx-ugaoo-admin
a2cfb8f2c690e556,8,8,src/routes/orders/order-create-refund/index.ts,posx-comet-admin;posx-demo-admin;posx-eume-admin;posx-frido-admin;posx-frido-b2b-admin;posx-frido-mobility-admin;posx-mokobara-admin;posx-ugaoo-admin
25b05527f2ac4e87,8,8,src/routes/orders/order-detail/loader.ts,posx-comet-admin;posx-demo-admin;posx-eume-admin;posx-frido-admin;posx-frido-b2b-admin;posx-frido-mobility-admin;posx-mokobara-admin;posx-ugaoo-admin
376fb9ee3de69f22,8,8,src/routes/orders/order-detail/breadcrumb.tsx,posx-comet-admin;posx-demo-admin;posx-eume-admin;posx-frido-admin;posx-frido-b2b-admin;posx-frido-mobility-admin;posx-mokobara-admin;posx-ugaoo-admin
2d4652f90dcfe22c,8,8,src/routes/orders/order-detail/index.ts,posx-comet-admin;posx-demo-admin;posx-eume-admin;posx-frido-admin;posx-frido-b2b-admin;posx-frido-mobility-admin;posx-mokobara-admin;posx-ugaoo-admin
5c1918184b9f1684,8,8,src/routes/orders/order-edit-billing-address/order-edit-billing-address.tsx,posx-comet-admin;posx-demo-admin;posx-eume-admin;posx-frido-admin;posx-frido-b2b-admin;posx-frido-mobility-admin;posx-mokobara-admin;posx-ugaoo-admin
30ea4a141a3afdfe,8,8,src/routes/orders/order-edit-billing-address/index.ts,posx-comet-admin;posx-demo-admin;posx-eume-admin;posx-frido-admin;posx-frido-b2b-admin;posx-frido-mobility-admin;posx-mokobara-admin;posx-ugaoo-admin
43ce837349def5ad,8,8,src/routes/orders/order-metadata/order-metadata.tsx,posx-comet-admin;posx-demo-admin;posx-eume-admin;posx-frido-admin;posx-frido-b2b-admin;posx-frido-mobility-admin;posx-mokobara-admin;posx-ugaoo-admin
3d5df9b88ffb4682,8,8,src/routes/orders/order-metadata/index.ts,posx-comet-admin;posx-demo-admin;posx-eume-admin;posx-frido-admin;posx-frido-b2b-admin;posx-frido-mobility-admin;posx-mokobara-admin;posx-ugaoo-admin
72b21b3272664ab6,8,8,src/routes/orders/order-request-transfer/index.ts,posx-comet-admin;posx-demo-admin;posx-eume-admin;posx-frido-admin;posx-frido-b2b-admin;posx-frido-mobility-admin;posx-mokobara-admin;posx-ugaoo-admin
f6fccead9ad929b4,8,8,src/routes/orders/order-request-transfer/order-request-transfer.tsx,posx-comet-admin;posx-demo-admin;posx-eume-admin;posx-frido-admin;posx-frido-b2b-admin;posx-frido-mobility-admin;posx-mokobara-admin;posx-ugaoo-admin
c71c598a1ed668ac,8,8,src/routes/orders/order-request-transfer/components/create-order-transfer-form/create-order-transfer-form.tsx,posx-comet-admin;posx-demo-admin;posx-eume-admin;posx-frido-admin;posx-frido-b2b-admin;posx-frido-mobility-admin;posx-mokobara-admin;posx-ugaoo-admin
2594f9c389faf87c,8,8,src/routes/orders/order-request-transfer/components/create-order-transfer-form/transfer-header.tsx,posx-comet-admin;posx-demo-admin;posx-eume-admin;posx-frido-admin;posx-frido-b2b-admin;posx-frido-mobility-admin;posx-mokobara-admin;posx-ugaoo-admin
2aa8e98ee9bd3c06,8,8,src/routes/orders/order-request-transfer/components/create-order-transfer-form/index.ts,posx-comet-admin;posx-demo-admin;posx-eume-admin;posx-frido-admin;posx-frido-b2b-admin;posx-frido-mobility-admin;posx-mokobara-admin;posx-ugaoo-admin
875bf89e82759eab,8,8,src/routes/orders/order-edit-billing-address/components/edit-order-billing-address-form/edit-order-billing-address-form.tsx,posx-comet-admin;posx-demo-admin;posx-eume-admin;posx-frido-admin;posx-frido-b2b-admin;posx-frido-mobility-admin;posx-mokobara-admin;posx-ugaoo-admin
6e7bb2c3f1406639,8,8,src/routes/orders/order-edit-billing-address/components/edit-order-billing-address-form/index.ts,posx-comet-admin;posx-demo-admin;posx-eume-admin;posx-frido-admin;posx-frido-b2b-admin;posx-frido-mobility-admin;posx-mokobara-admin;posx-ugaoo-admin
289eab63deb20862,8,8,src/routes/orders/order-detail/components/active-order-exchange-section/active-order-exchange-section.tsx,posx-comet-admin;posx-demo-admin;posx-eume-admin;posx-frido-admin;posx-frido-b2b-admin;posx-frido-mobility-admin;posx-mokobara-admin;posx-ugaoo-admin
5add488649f35e3b,8,8,src/routes/orders/order-detail/components/active-order-exchange-section/index.ts,posx-comet-admin;posx-demo-admin;posx-eume-admin;posx-frido-admin;posx-frido-b2b-admin;posx-frido-mobility-admin;posx-mokobara-admin;posx-ugaoo-admin
63716ed95f135045,8,8,src/routes/orders/order-detail/components/order-customer-section/order-customer-section.tsx,posx-comet-admin;posx-demo-admin;posx-eume-admin;posx-frido-admin;posx-frido-b2b-admin;posx-frido-mobility-admin;posx-mokobara-admin;posx-ugaoo-admin
565d673b2c70ec8c,8,8,src/routes/orders/order-detail/components/order-customer-section/index.ts,posx-comet-admin;posx-demo-admin;posx-eume-admin;posx-frido-admin;posx-frido-b2b-admin;posx-frido-mobility-admin;posx-mokobara-admin;posx-ugaoo-admin
726c454ae4f1df89,8,8,src/routes/orders/order-detail/components/copy-payment-link/index.ts,posx-comet-admin;posx-demo-admin;posx-eume-admin;posx-frido-admin;posx-frido-b2b-admin;posx-frido-mobility-admin;posx-mokobara-admin;posx-ugaoo-admin
d3346a952c0cc7e6,8,8,src/routes/orders/order-detail/components/copy-payment-link/copy-payment-link.tsx,posx-comet-admin;posx-demo-admin;posx-eume-admin;posx-frido-admin;posx-frido-b2b-admin;posx-frido-mobility-admin;posx-mokobara-admin;posx-ugaoo-admin
055f5ff021a5b77a,8,8,src/routes/orders/order-detail/components/order-fulfillment-section/index.ts,posx-comet-admin;posx-demo-admin;posx-eume-admin;posx-frido-admin;posx-frido-b2b-admin;posx-frido-mobility-admin;posx-mokobara-admin;posx-ugaoo-admin
683b306e71509f7d,8,8,src/routes/orders/order-detail/components/active-order-return-section/index.ts,posx-comet-admin;posx-demo-admin;posx-eume-admin;posx-frido-admin;posx-frido-b2b-admin;posx-frido-mobility-admin;posx-mokobara-admin;posx-ugaoo-admin
aff9e4c07d73514f,8,8,src/routes/orders/order-detail/components/active-order-return-section/active-order-return-section.tsx,posx-comet-admin;posx-demo-admin;posx-eume-admin;posx-frido-admin;posx-frido-b2b-admin;posx-frido-mobility-admin;posx-mokobara-admin;posx-ugaoo-admin
38ad012d1ae36b47,8,8,src/routes/orders/order-detail/components/order-active-edit-section/index.ts,posx-comet-admin;posx-demo-admin;posx-eume-admin;posx-frido-admin;posx-frido-b2b-admin;posx-frido-mobility-admin;posx-mokobara-admin;posx-ugaoo-admin
b477ba7b48dbf9cf,8,8,src/routes/orders/order-detail/components/order-summary-section/shipping-info-popover.tsx,posx-comet-admin;posx-demo-admin;posx-eume-admin;posx-frido-admin;posx-frido-b2b-admin;posx-frido-mobility-admin;posx-mokobara-admin;posx-ugaoo-admin
31eaf97d93b191c5,8,8,src/routes/orders/order-detail/components/order-summary-section/return-info-popover.tsx,posx-comet-admin;posx-demo-admin;posx-eume-admin;posx-frido-admin;posx-frido-b2b-admin;posx-frido-mobility-admin;posx-mokobara-admin;posx-ugaoo-admin
72a9948e256326a7,8,8,src/routes/orders/order-detail/components/order-summary-section/index.ts,posx-comet-admin;posx-demo-admin;posx-eume-admin;posx-frido-admin;posx-frido-b2b-admin;posx-frido-mobility-admin;posx-mokobara-admin;posx-ugaoo-admin
8a27c52cbb160b18,8,8,src/routes/orders/order-detail/components/active-order-claim-section/index.ts,posx-comet-admin;posx-demo-admin;posx-eume-admin;posx-frido-admin;posx-frido-b2b-admin;posx-frido-mobility-admin;posx-mokobara-admin;posx-ugaoo-admin
99c7d1b25006f7b7,8,8,src/routes/orders/order-detail/components/active-order-claim-section/active-order-claim-section.tsx,posx-comet-admin;posx-demo-admin;posx-eume-admin;posx-frido-admin;posx-frido-b2b-admin;posx-frido-mobility-admin;posx-mokobara-admin;posx-ugaoo-admin
85017ac0fe03322c,8,8,src/routes/orders/order-detail/components/order-activity-section/order-note-form.tsx,posx-comet-admin;posx-demo-admin;posx-eume-admin;posx-frido-admin;posx-frido-b2b-admin;posx-frido-mobility-admin;posx-mokobara-admin;posx-ugaoo-admin
755da7b2d06bdd09,8,8,src/routes/orders/order-detail/components/order-activity-section/activity-items.tsx,posx-comet-admin;posx-demo-admin;posx-eume-admin;posx-frido-admin;posx-frido-b2b-admin;posx-frido-mobility-admin;posx-mokobara-admin;posx-ugaoo-admin
3231e309a872eb08,8,8,src/routes/orders/order-detail/components/order-activity-section/order-timeline.tsx,posx-comet-admin;posx-demo-admin;posx-eume-admin;posx-frido-admin;posx-frido-b2b-admin;posx-frido-mobility-admin;posx-mokobara-admin;posx-ugaoo-admin
949106bffd52d4db,8,8,src/routes/orders/order-detail/components/order-activity-section/change-details-tooltip.tsx,posx-comet-admin;posx-demo-admin;posx-eume-admin;posx-frido-admin;posx-frido-b2b-admin;posx-frido-mobility-admin;posx-mokobara-admin;posx-ugaoo-admin
3e66876e96661cc3,8,8,src/routes/orders/order-detail/components/order-activity-section/index.ts,posx-comet-admin;posx-demo-admin;posx-eume-admin;posx-frido-admin;posx-frido-b2b-admin;posx-frido-mobility-admin;posx-mokobara-admin;posx-ugaoo-admin
2a07665cd6cfb313,8,8,src/routes/orders/order-detail/components/order-payment-section/order-payment-section.tsx,posx-comet-admin;posx-demo-admin;posx-eume-admin;posx-frido-admin;posx-frido-b2b-admin;posx-frido-mobility-admin;posx-mokobara-admin;posx-ugaoo-admin
54a8f9e0234ee22f,8,8,src/routes/orders/order-detail/components/order-payment-section/index.ts,posx-comet-admin;posx-demo-admin;posx-eume-admin;posx-frido-admin;posx-frido-b2b-admin;posx-frido-mobility-admin;posx-mokobara-admin;posx-ugaoo-admin
64386b7d34749feb,8,8,src/routes/orders/order-detail/components/order-general-section/order-general-section.tsx,posx-comet-admin;posx-demo-admin;posx-eume-admin;posx-frido-admin;posx-frido-b2b-admin;posx-frido-mobility-admin;posx-mokobara-admin;posx-ugaoo-admin
ca584dfabba02457,8,8,src/routes/orders/order-detail/components/order-general-section/index.ts,posx-comet-admin;posx-demo-admin;posx-eume-admin;posx-frido-admin;posx-frido-b2b-admin;posx-frido-mobility-admin;posx-mokobara-admin;posx-ugaoo-admin
d515f4066a5138df,8,8,src/routes/orders/order-create-refund/components/create-refund-form/create-refund-form.tsx,posx-comet-admin;posx-demo-admin;posx-eume-admin;posx-frido-admin;posx-frido-b2b-admin;posx-frido-mobility-admin;posx-mokobara-admin;posx-ugaoo-admin
fa9e57d191297e18,8,8,src/routes/orders/order-create-refund/components/create-refund-form/index.ts,posx-comet-admin;posx-demo-admin;posx-eume-admin;posx-frido-admin;posx-frido-b2b-admin;posx-frido-mobility-admin;posx-mokobara-admin;posx-ugaoo-admin
3c5247966e087309,8,8,src/routes/orders/order-list/components/order-list-table/order-list-table.tsx,posx-comet-admin;posx-demo-admin;posx-eume-admin;posx-frido-admin;posx-frido-b2b-admin;posx-frido-mobility-admin;posx-mokobara-admin;posx-ugaoo-admin
ad65827378aab824,8,8,src/routes/orders/order-list/components/order-list-table/index.ts,posx-comet-admin;posx-demo-admin;posx-eume-admin;posx-frido-admin;posx-frido-b2b-admin;posx-frido-mobility-admin;posx-mokobara-admin;posx-ugaoo-admin
08943391ec614c66,8,8,src/routes/orders/order-create-exchange/components/add-exchange-outbound-items-table/use-exchange-outbound-item-table-query.tsx,posx-comet-admin;posx-demo-admin;posx-eume-admin;posx-frido-admin;posx-frido-b2b-admin;posx-frido-mobility-admin;posx-mokobara-admin;posx-ugaoo-admin
15b9ce5e2f02c4f7,8,8,src/routes/orders/order-create-exchange/components/add-exchange-outbound-items-table/use-exchange-outbound-item-table-columns.tsx,posx-comet-admin;posx-demo-admin;posx-eume-admin;posx-frido-admin;posx-frido-b2b-admin;posx-frido-mobility-admin;posx-mokobara-admin;posx-ugaoo-admin
fef43afdb41f7a59,8,8,src/routes/orders/order-create-exchange/components/add-exchange-outbound-items-table/index.ts,posx-comet-admin;posx-demo-admin;posx-eume-admin;posx-frido-admin;posx-frido-b2b-admin;posx-frido-mobility-admin;posx-mokobara-admin;posx-ugaoo-admin
9b8de13deb98a55f,8,8,src/routes/orders/order-create-exchange/components/add-exchange-outbound-items-table/use-exchange-outbound-item-table-filters.tsx,posx-comet-admin;posx-demo-admin;posx-eume-admin;posx-frido-admin;posx-frido-b2b-admin;posx-frido-mobility-admin;posx-mokobara-admin;posx-ugaoo-admin
12fde6a20904736d,8,8,src/routes/orders/order-create-exchange/components/exchange-create-form/schema.ts,posx-comet-admin;posx-demo-admin;posx-eume-admin;posx-frido-admin;posx-frido-b2b-admin;posx-frido-mobility-admin;posx-mokobara-admin;posx-ugaoo-admin
e84c9dc42a5c0053,8,8,src/routes/orders/order-create-exchange/components/exchange-create-form/index.ts,posx-comet-admin;posx-demo-admin;posx-eume-admin;posx-frido-admin;posx-frido-b2b-admin;posx-frido-mobility-admin;posx-mokobara-admin;posx-ugaoo-admin
aaccb1551e925ffc,8,8,src/routes/orders/order-create-exchange/components/add-exchange-inbound-items-table/use-exchange-item-table-filters.tsx,posx-comet-admin;posx-demo-admin;posx-eume-admin;posx-frido-admin;posx-frido-b2b-admin;posx-frido-mobility-admin;posx-mokobara-admin;posx-ugaoo-admin
706a5c05df7900bd,8,8,src/routes/orders/order-create-exchange/components/add-exchange-inbound-items-table/use-exchange-item-table-query.tsx,posx-comet-admin;posx-demo-admin;posx-eume-admin;posx-frido-admin;posx-frido-b2b-admin;posx-frido-mobility-admin;posx-mokobara-admin;posx-ugaoo-admin
3750c75d2f5a012a,8,8,src/routes/orders/order-create-exchange/components/add-exchange-inbound-items-table/index.ts,posx-comet-admin;posx-demo-admin;posx-eume-admin;posx-frido-admin;posx-frido-b2b-admin;posx-frido-mobility-admin;posx-mokobara-admin;posx-ugaoo-admin
c97c4d053a699c8b,8,8,src/routes/orders/order-create-exchange/components/add-exchange-inbound-items-table/use-exchange-item-table-columns.tsx,posx-comet-admin;posx-demo-admin;posx-eume-admin;posx-frido-admin;posx-frido-b2b-admin;posx-frido-mobility-admin;posx-mokobara-admin;posx-ugaoo-admin
62332e93442b4367,8,8,src/routes/orders/order-create-exchange/components/add-exchange-inbound-items-table/add-exchange-inbound-items-table.tsx,posx-comet-admin;posx-demo-admin;posx-eume-admin;posx-frido-admin;posx-frido-b2b-admin;posx-frido-mobility-admin;posx-mokobara-admin;posx-ugaoo-admin
ca4aa9cbc6a420f7,8,8,src/routes/orders/order-allocate-items/components/order-create-fulfillment-form/order-allocate-items-item.tsx,posx-comet-admin;posx-demo-admin;posx-eume-admin;posx-frido-admin;posx-frido-b2b-admin;posx-frido-mobility-admin;posx-mokobara-admin;posx-ugaoo-admin
721df14572b9f62b,8,8,src/routes/orders/order-allocate-items/components/order-create-fulfillment-form/constants.ts,posx-comet-admin;posx-demo-admin;posx-eume-admin;posx-frido-admin;posx-frido-b2b-admin;posx-frido-mobility-admin;posx-mokobara-admin;posx-ugaoo-admin
7381436bf6d35eb9,8,8,src/routes/orders/order-allocate-items/components/order-create-fulfillment-form/index.ts,posx-comet-admin;posx-demo-admin;posx-eume-admin;posx-frido-admin;posx-frido-b2b-admin;posx-frido-mobility-admin;posx-mokobara-admin;posx-ugaoo-admin
cd7ea361c3c28fc0,8,8,src/routes/orders/order-create-fulfillment/components/order-create-fulfillment-form/constants.ts,posx-comet-admin;posx-demo-admin;posx-eume-admin;posx-frido-admin;posx-frido-b2b-admin;posx-frido-mobility-admin;posx-mokobara-admin;posx-ugaoo-admin
48c6fac03cfc0a7b,8,8,src/routes/orders/order-create-fulfillment/components/order-create-fulfillment-form/order-create-fulfillment-item.tsx,posx-comet-admin;posx-demo-admin;posx-eume-admin;posx-frido-admin;posx-frido-b2b-admin;posx-frido-mobility-admin;posx-mokobara-admin;posx-ugaoo-admin
96f0677ebe6c30a1,8,8,src/routes/orders/order-create-fulfillment/components/order-create-fulfillment-form/index.ts,posx-comet-admin;posx-demo-admin;posx-eume-admin;posx-frido-admin;posx-frido-b2b-admin;posx-frido-mobility-admin;posx-mokobara-admin;posx-ugaoo-admin
7ad4fb5bd8cf6c17,8,8,src/routes/orders/order-create-claim/components/add-claim-items-table/add-claim-items-table.tsx,posx-comet-admin;posx-demo-admin;posx-eume-admin;posx-frido-admin;posx-frido-b2b-admin;posx-frido-mobility-admin;posx-mokobara-admin;posx-ugaoo-admin
7a27753f33074f94,8,8,src/routes/orders/order-create-claim/components/add-claim-items-table/use-claim-item-table-columns.tsx,posx-comet-admin;posx-demo-admin;posx-eume-admin;posx-frido-admin;posx-frido-b2b-admin;posx-frido-mobility-admin;posx-mokobara-admin;posx-ugaoo-admin
492d3d7a86785786,8,8,src/routes/orders/order-create-claim/components/add-claim-items-table/use-claim-item-table-filters.tsx,posx-comet-admin;posx-demo-admin;posx-eume-admin;posx-frido-admin;posx-frido-b2b-admin;posx-frido-mobility-admin;posx-mokobara-admin;posx-ugaoo-admin
7e917d08dbef6d49,8,8,src/routes/orders/order-create-claim/components/add-claim-items-table/use-claim-item-table-query.tsx,posx-comet-admin;posx-demo-admin;posx-eume-admin;posx-frido-admin;posx-frido-b2b-admin;posx-frido-mobility-admin;posx-mokobara-admin;posx-ugaoo-admin
06d2cfa14e341eb9,8,8,src/routes/orders/order-create-claim/components/add-claim-items-table/index.ts,posx-comet-admin;posx-demo-admin;posx-eume-admin;posx-frido-admin;posx-frido-b2b-admin;posx-frido-mobility-admin;posx-mokobara-admin;posx-ugaoo-admin
c7dcf217e5950eab,8,8,src/routes/orders/order-create-claim/components/claim-create-form/schema.ts,posx-comet-admin;posx-demo-admin;posx-eume-admin;posx-frido-admin;posx-frido-b2b-admin;posx-frido-mobility-admin;posx-mokobara-admin;posx-ugaoo-admin
c7a941260676e801,8,8,src/routes/orders/order-create-claim/components/claim-create-form/claim-outbound-item.tsx,posx-comet-admin;posx-demo-admin;posx-eume-admin;posx-frido-admin;posx-frido-b2b-admin;posx-frido-mobility-admin;posx-mokobara-admin;posx-ugaoo-admin
90272a2e637bfb6a,8,8,src/routes/orders/order-create-claim/components/claim-create-form/claim-outbound-section.tsx,posx-comet-admin;posx-demo-admin;posx-eume-admin;posx-frido-admin;posx-frido-b2b-admin;posx-frido-mobility-admin;posx-mokobara-admin;posx-ugaoo-admin
0a7cde89bdb1eab3,8,8,src/routes/orders/order-create-claim/components/claim-create-form/claim-inbound-item.tsx,posx-comet-admin;posx-demo-admin;posx-eume-admin;posx-frido-admin;posx-frido-b2b-admin;posx-frido-mobility-admin;posx-mokobara-admin;posx-ugaoo-admin
3a056ed9d1b88e27,8,8,src/routes/orders/order-create-claim/components/claim-create-form/index.ts,posx-comet-admin;posx-demo-admin;posx-eume-admin;posx-frido-admin;posx-frido-b2b-admin;posx-frido-mobility-admin;posx-mokobara-admin;posx-ugaoo-admin
8c98e46853b3d23f,8,8,src/routes/orders/order-create-claim/components/claim-create-form/item-placeholder.tsx,posx-comet-admin;posx-demo-admin;posx-eume-admin;posx-frido-admin;posx-frido-b2b-admin;posx-frido-mobility-admin;posx-mokobara-admin;posx-ugaoo-admin
bf1b69e890e036e2,8,8,src/routes/orders/order-create-claim/components/add-claim-outbound-items-table/use-claim-outbound-item-table-columns.tsx,posx-comet-admin;posx-demo-admin;posx-eume-admin;posx-frido-admin;posx-frido-b2b-admin;posx-frido-mobility-admin;posx-mokobara-admin;posx-ugaoo-admin
d87966fb82682c80,8,8,src/routes/orders/order-create-claim/components/add-claim-outbound-items-table/index.ts,posx-comet-admin;posx-demo-admin;posx-eume-admin;posx-frido-admin;posx-frido-b2b-admin;posx-frido-mobility-admin;posx-mokobara-admin;posx-ugaoo-admin
44de0843662c8a69,8,8,src/routes/orders/order-create-claim/components/add-claim-outbound-items-table/use-claim-outbound-item-table-filters.tsx,posx-comet-admin;posx-demo-admin;posx-eume-admin;posx-frido-admin;posx-frido-b2b-admin;posx-frido-mobility-admin;posx-mokobara-admin;posx-ugaoo-admin
6ba7c91871c53c10,8,8,src/routes/orders/order-create-claim/components/add-claim-outbound-items-table/use-claim-outbound-item-table-query.tsx,posx-comet-admin;posx-demo-admin;posx-eume-admin;posx-frido-admin;posx-frido-b2b-admin;posx-frido-mobility-admin;posx-mokobara-admin;posx-ugaoo-admin
b105aa1cc8fe0710,8,8,src/routes/orders/order-create-shipment/components/order-create-shipment-form/order-create-shipment-form.tsx,posx-comet-admin;posx-demo-admin;posx-eume-admin;posx-frido-admin;posx-frido-b2b-admin;posx-frido-mobility-admin;posx-mokobara-admin;posx-ugaoo-admin
924aabb9958a41d0,8,8,src/routes/orders/order-create-shipment/components/order-create-shipment-form/index.ts,posx-comet-admin;posx-demo-admin;posx-eume-admin;posx-frido-admin;posx-frido-b2b-admin;posx-frido-mobility-admin;posx-mokobara-admin;posx-ugaoo-admin
7a0a265344cb9bcd,8,8,src/routes/orders/order-edit-shipping-address/components/edit-order-shipping-address-form/edit-order-shipping-address-form.tsx,posx-comet-admin;posx-demo-admin;posx-eume-admin;posx-frido-admin;posx-frido-b2b-admin;posx-frido-mobility-admin;posx-mokobara-admin;posx-ugaoo-admin
b0b3fd919415c297,8,8,src/routes/orders/order-edit-shipping-address/components/edit-order-shipping-address-form/index.ts,posx-comet-admin;posx-demo-admin;posx-eume-admin;posx-frido-admin;posx-frido-b2b-admin;posx-frido-mobility-admin;posx-mokobara-admin;posx-ugaoo-admin
99af9c8858d76dfe,8,8,src/routes/orders/order-create-edit/components/add-order-edit-items-table/use-order-edit-item-table-filters.tsx,posx-comet-admin;posx-demo-admin;posx-eume-admin;posx-frido-admin;posx-frido-b2b-admin;posx-frido-mobility-admin;posx-mokobara-admin;posx-ugaoo-admin
b9ecf7a2e1efc7e9,8,8,src/routes/orders/order-create-edit/components/add-order-edit-items-table/use-order-edit-item-table-query.tsx,posx-comet-admin;posx-demo-admin;posx-eume-admin;posx-frido-admin;posx-frido-b2b-admin;posx-frido-mobility-admin;posx-mokobara-admin;posx-ugaoo-admin
3318fdf561e15c5b,8,8,src/routes/orders/order-create-edit/components/add-order-edit-items-table/use-order-edit-item-table-columns.tsx,posx-comet-admin;posx-demo-admin;posx-eume-admin;posx-frido-admin;posx-frido-b2b-admin;posx-frido-mobility-admin;posx-mokobara-admin;posx-ugaoo-admin
7096310b7075e2bf,8,8,src/routes/orders/order-create-edit/components/add-order-edit-items-table/index.ts,posx-comet-admin;posx-demo-admin;posx-eume-admin;posx-frido-admin;posx-frido-b2b-admin;posx-frido-mobility-admin;posx-mokobara-admin;posx-ugaoo-admin
64030398936607e8,8,8,src/routes/orders/order-create-edit/components/order-edit-create-form/schema.ts,posx-comet-admin;posx-demo-admin;posx-eume-admin;posx-frido-admin;posx-frido-b2b-admin;posx-frido-mobility-admin;posx-mokobara-admin;posx-ugaoo-admin
7fff23f59ab3c27e,8,8,src/routes/orders/order-create-edit/components/order-edit-create-form/order-edit-items-section.tsx,posx-comet-admin;posx-demo-admin;posx-eume-admin;posx-frido-admin;posx-frido-b2b-admin;posx-frido-mobility-admin;posx-mokobara-admin;posx-ugaoo-admin
bd5d8dd548b9e147,8,8,src/routes/orders/order-create-edit/components/order-edit-create-form/index.ts,posx-comet-admin;posx-demo-admin;posx-eume-admin;posx-frido-admin;posx-frido-b2b-admin;posx-frido-mobility-admin;posx-mokobara-admin;posx-ugaoo-admin
eaf57cd4716eb23b,8,8,src/routes/orders/order-create-return/components/return-create-form/index.ts,posx-comet-admin;posx-demo-admin;posx-eume-admin;posx-frido-admin;posx-frido-b2b-admin;posx-frido-mobility-admin;posx-mokobara-admin;posx-ugaoo-admin
af3edc771ab1c922,8,8,src/routes/orders/order-create-return/components/add-return-items-table/use-return-item-table-query.tsx,posx-comet-admin;posx-demo-admin;posx-eume-admin;posx-frido-admin;posx-frido-b2b-admin;posx-frido-mobility-admin;posx-mokobara-admin;posx-ugaoo-admin
c029735d5a3a0933,8,8,src/routes/orders/order-create-return/components/add-return-items-table/add-return-items-table.tsx,posx-comet-admin;posx-demo-admin;posx-eume-admin;posx-frido-admin;posx-frido-b2b-admin;posx-frido-mobility-admin;posx-mokobara-admin;posx-ugaoo-admin
908de07af86ffe33,8,8,src/routes/orders/order-create-return/components/add-return-items-table/use-return-item-table-filters.tsx,posx-comet-admin;posx-demo-admin;posx-eume-admin;posx-frido-admin;posx-frido-b2b-admin;posx-frido-mobility-admin;posx-mokobara-admin;posx-ugaoo-admin
b092b68f69c47309,8,8,src/routes/orders/order-create-return/components/add-return-items-table/index.ts,posx-comet-admin;posx-demo-admin;posx-eume-admin;posx-frido-admin;posx-frido-b2b-admin;posx-frido-mobility-admin;posx-mokobara-admin;posx-ugaoo-admin
ff63ac42dd7961fe,8,8,src/routes/orders/order-create-return/components/add-return-items-table/use-return-item-table-columns.tsx,posx-comet-admin;posx-demo-admin;posx-eume-admin;posx-frido-admin;posx-frido-b2b-admin;posx-frido-mobility-admin;posx-mokobara-admin;posx-ugaoo-admin
46bae4c73a054537,8,8,src/routes/orders/order-receive-return/components/order-receive-return-form/dismissed-quantity.tsx,posx-comet-admin;posx-demo-admin;posx-eume-admin;posx-frido-admin;posx-frido-b2b-admin;posx-frido-mobility-admin;posx-mokobara-admin;posx-ugaoo-admin
afdca94b7a1d999a,8,8,src/routes/orders/order-receive-return/components/order-receive-return-form/constants.ts,posx-comet-admin;posx-demo-admin;posx-eume-admin;posx-frido-admin;posx-frido-b2b-admin;posx-frido-mobility-admin;posx-mokobara-admin;posx-ugaoo-admin
174407570319d4af,8,8,src/routes/orders/order-receive-return/components/order-receive-return-form/index.ts,posx-comet-admin;posx-demo-admin;posx-eume-admin;posx-frido-admin;posx-frido-b2b-admin;posx-frido-mobility-admin;posx-mokobara-admin;posx-ugaoo-admin
2ab0855cfe5717af,8,8,src/routes/orders/order-edit-email/components/edit-order-email-form/index.ts,posx-comet-admin;posx-demo-admin;posx-eume-admin;posx-frido-admin;posx-frido-b2b-admin;posx-frido-mobility-admin;posx-mokobara-admin;posx-ugaoo-admin
b71e0a8ab01d459e,8,8,src/routes/orders/order-edit-email/components/edit-order-email-form/edit-order-email-form.tsx,posx-comet-admin;posx-demo-admin;posx-eume-admin;posx-frido-admin;posx-frido-b2b-admin;posx-frido-mobility-admin;posx-mokobara-admin;posx-ugaoo-admin
0c71e5bb2dc1d60c,8,8,src/routes/campaigns/campaign-edit/campaign-edit.tsx,posx-comet-admin;posx-demo-admin;posx-eume-admin;posx-frido-admin;posx-frido-b2b-admin;posx-frido-mobility-admin;posx-mokobara-admin;posx-ugaoo-admin
5a980ef61f92c429,8,8,src/routes/campaigns/campaign-edit/index.ts,posx-comet-admin;posx-demo-admin;posx-eume-admin;posx-frido-admin;posx-frido-b2b-admin;posx-frido-mobility-admin;posx-mokobara-admin;posx-ugaoo-admin
175226c5032b62e9,8,8,src/routes/campaigns/campaign-detail/loader.ts,posx-comet-admin;posx-demo-admin;posx-eume-admin;posx-frido-admin;posx-frido-b2b-admin;posx-frido-mobility-admin;posx-mokobara-admin;posx-ugaoo-admin
eecb9172cedb0be5,8,8,src/routes/campaigns/campaign-detail/campaign-detail.tsx,posx-comet-admin;posx-demo-admin;posx-eume-admin;posx-frido-admin;posx-frido-b2b-admin;posx-frido-mobility-admin;posx-mokobara-admin;posx-ugaoo-admin
d7dc891dcdba105c,8,8,src/routes/campaigns/campaign-detail/breadcrumb.tsx,posx-comet-admin;posx-demo-admin;posx-eume-admin;posx-frido-admin;posx-frido-b2b-admin;posx-frido-mobility-admin;posx-mokobara-admin;posx-ugaoo-admin
7df1a5f0d9d208a9,8,8,src/routes/campaigns/campaign-detail/constants.ts,posx-comet-admin;posx-demo-admin;posx-eume-admin;posx-frido-admin;posx-frido-b2b-admin;posx-frido-mobility-admin;posx-mokobara-admin;posx-ugaoo-admin
d42f35840aaf773e,8,8,src/routes/campaigns/campaign-detail/index.ts,posx-comet-admin;posx-demo-admin;posx-eume-admin;posx-frido-admin;posx-frido-b2b-admin;posx-frido-mobility-admin;posx-mokobara-admin;posx-ugaoo-admin
3ccba233e968a848,8,8,src/routes/campaigns/campaign-list/campaign-list.tsx,posx-comet-admin;posx-demo-admin;posx-eume-admin;posx-frido-admin;posx-frido-b2b-admin;posx-frido-mobility-admin;posx-mokobara-admin;posx-ugaoo-admin
0d9c087e6710e21b,8,8,src/routes/campaigns/campaign-list/index.ts,posx-comet-admin;posx-demo-admin;posx-eume-admin;posx-frido-admin;posx-frido-b2b-admin;posx-frido-mobility-admin;posx-mokobara-admin;posx-ugaoo-admin
e8aebf88e161489a,8,8,src/routes/campaigns/add-campaign-promotions/add-campaign-promotions.tsx,posx-comet-admin;posx-demo-admin;posx-eume-admin;posx-frido-admin;posx-frido-b2b-admin;posx-frido-mobility-admin;posx-mokobara-admin;posx-ugaoo-admin
2df93c18aca38b2c,8,8,src/routes/campaigns/add-campaign-promotions/index.ts,posx-comet-admin;posx-demo-admin;posx-eume-admin;posx-frido-admin;posx-frido-b2b-admin;posx-frido-mobility-admin;posx-mokobara-admin;posx-ugaoo-admin
84578608722b6c16,8,8,src/routes/campaigns/campaign-create/campaign-create.tsx,posx-comet-admin;posx-demo-admin;posx-eume-admin;posx-frido-admin;posx-frido-b2b-admin;posx-frido-mobility-admin;posx-mokobara-admin;posx-ugaoo-admin
591f18c438fb507a,8,8,src/routes/campaigns/campaign-create/index.ts,posx-comet-admin;posx-demo-admin;posx-eume-admin;posx-frido-admin;posx-frido-b2b-admin;posx-frido-mobility-admin;posx-mokobara-admin;posx-ugaoo-admin
3ddcdd837e58cde2,8,8,src/routes/campaigns/common/constants.ts,posx-comet-admin;posx-demo-admin;posx-eume-admin;posx-frido-admin;posx-frido-b2b-admin;posx-frido-mobility-admin;posx-mokobara-admin;posx-ugaoo-admin
9a3cc17f0b318c05,8,8,src/routes/campaigns/campaign-budget-edit/index.ts,posx-comet-admin;posx-demo-admin;posx-eume-admin;posx-frido-admin;posx-frido-b2b-admin;posx-frido-mobility-admin;posx-mokobara-admin;posx-ugaoo-admin
c6e1415dc251aebd,8,8,src/routes/campaigns/campaign-budget-edit/campaign-budget-edit.tsx,posx-comet-admin;posx-demo-admin;posx-eume-admin;posx-frido-admin;posx-frido-b2b-admin;posx-frido-mobility-admin;posx-mokobara-admin;posx-ugaoo-admin
54600b2d34332014,8,8,src/routes/campaigns/campaign-configuration/campaign-configuration.tsx,posx-comet-admin;posx-demo-admin;posx-eume-admin;posx-frido-admin;posx-frido-b2b-admin;posx-frido-mobility-admin;posx-mokobara-admin;posx-ugaoo-admin
7ca7de17f772e0ee,8,8,src/routes/campaigns/campaign-configuration/index.ts,posx-comet-admin;posx-demo-admin;posx-eume-admin;posx-frido-admin;posx-frido-b2b-admin;posx-frido-mobility-admin;posx-mokobara-admin;posx-ugaoo-admin
ab31749550065745,8,8,src/routes/campaigns/campaign-configuration/components/campaign-configuration-form/index.ts,posx-comet-admin;posx-demo-admin;posx-eume-admin;posx-frido-admin;posx-frido-b2b-admin;posx-frido-mobility-admin;posx-mokobara-admin;posx-ugaoo-admin
1bbd0af9e81e7d5e,8,8,src/routes/campaigns/campaign-configuration/components/campaign-configuration-form/campaign-configuration-form.tsx,posx-comet-admin;posx-demo-admin;posx-eume-admin;posx-frido-admin;posx-frido-b2b-admin;posx-frido-mobility-admin;posx-mokobara-admin;posx-ugaoo-admin
8f6528440d02ca3c,8,8,src/routes/campaigns/campaign-budget-edit/components/edit-campaign-budget-form/edit-campaign-budget-form.tsx,posx-comet-admin;posx-demo-admin;posx-eume-admin;posx-frido-admin;posx-frido-b2b-admin;posx-frido-mobility-admin;posx-mokobara-admin;posx-ugaoo-admin
a8c8bb9572a7fc6c,8,8,src/routes/campaigns/campaign-budget-edit/components/edit-campaign-budget-form/index.ts,posx-comet-admin;posx-demo-admin;posx-eume-admin;posx-frido-admin;posx-frido-b2b-admin;posx-frido-mobility-admin;posx-mokobara-admin;posx-ugaoo-admin
449c57ea64640f4e,8,8,src/routes/campaigns/common/utils/campaign-status.ts,posx-comet-admin;posx-demo-admin;posx-eume-admin;posx-frido-admin;posx-frido-b2b-admin;posx-frido-mobility-admin;posx-mokobara-admin;posx-ugaoo-admin
cacfd7bc406e29b0,8,8,src/routes/campaigns/common/components/create-campaign-form-fields/create-campaign-form-fields.tsx,posx-comet-admin;posx-demo-admin;posx-eume-admin;posx-frido-admin;posx-frido-b2b-admin;posx-frido-mobility-admin;posx-mokobara-admin;posx-ugaoo-admin
8081553b4daeab12,8,8,src/routes/campaigns/common/components/create-campaign-form-fields/index.ts,posx-comet-admin;posx-demo-admin;posx-eume-admin;posx-frido-admin;posx-frido-b2b-admin;posx-frido-mobility-admin;posx-mokobara-admin;posx-ugaoo-admin
525412cd91405c9c,8,8,src/routes/campaigns/campaign-create/components/create-campaign-form/index.ts,posx-comet-admin;posx-demo-admin;posx-eume-admin;posx-frido-admin;posx-frido-b2b-admin;posx-frido-mobility-admin;posx-mokobara-admin;posx-ugaoo-admin
7145238d119e65b5,8,8,src/routes/campaigns/campaign-create/components/create-campaign-form/create-campaign-form.tsx,posx-comet-admin;posx-demo-admin;posx-eume-admin;posx-frido-admin;posx-frido-b2b-admin;posx-frido-mobility-admin;posx-mokobara-admin;posx-ugaoo-admin
c9028ef65e77d9a5,8,8,src/routes/campaigns/add-campaign-promotions/components/add-campaign-promotions-form.tsx,posx-comet-admin;posx-demo-admin;posx-eume-admin;posx-frido-admin;posx-frido-b2b-admin;posx-frido-mobility-admin;posx-mokobara-admin;posx-ugaoo-admin
eb63dbbab2da5848,8,8,src/routes/campaigns/add-campaign-promotions/components/index.ts,posx-comet-admin;posx-demo-admin;posx-eume-admin;posx-frido-admin;posx-frido-b2b-admin;posx-frido-mobility-admin;posx-mokobara-admin;posx-ugaoo-admin
d231bba3fdbe3241,8,8,src/routes/campaigns/campaign-list/components/campaign-list-table.tsx,posx-comet-admin;posx-demo-admin;posx-eume-admin;posx-frido-admin;posx-frido-b2b-admin;posx-frido-mobility-admin;posx-mokobara-admin;posx-ugaoo-admin
cda9b4b1e16bc20d,8,8,src/routes/campaigns/campaign-list/components/index.ts,posx-comet-admin;posx-demo-admin;posx-eume-admin;posx-frido-admin;posx-frido-b2b-admin;posx-frido-mobility-admin;posx-mokobara-admin;posx-ugaoo-admin
b365de79313c6ffb,8,8,src/routes/campaigns/campaign-detail/components/campaign-promotion-section/campaign-promotion-section.tsx,posx-comet-admin;posx-demo-admin;posx-eume-admin;posx-frido-admin;posx-frido-b2b-admin;posx-frido-mobility-admin;posx-mokobara-admin;posx-ugaoo-admin
ee236627886df51d,8,8,src/routes/campaigns/campaign-detail/components/campaign-promotion-section/index.ts,posx-comet-admin;posx-demo-admin;posx-eume-admin;posx-frido-admin;posx-frido-b2b-admin;posx-frido-mobility-admin;posx-mokobara-admin;posx-ugaoo-admin
a939e8bd35d98da8,8,8,src/routes/campaigns/campaign-detail/components/campaign-budget/campaign-budget.tsx,posx-comet-admin;posx-demo-admin;posx-eume-admin;posx-frido-admin;posx-frido-b2b-admin;posx-frido-mobility-admin;posx-mokobara-admin;posx-ugaoo-admin
2f3a3a2064c72f03,8,8,src/routes/campaigns/campaign-detail/components/campaign-budget/index.ts,posx-comet-admin;posx-demo-admin;posx-eume-admin;posx-frido-admin;posx-frido-b2b-admin;posx-frido-mobility-admin;posx-mokobara-admin;posx-ugaoo-admin
f7ebe1ae68552ee0,8,8,src/routes/campaigns/campaign-detail/components/campaign-spend/campaign-spend.tsx,posx-comet-admin;posx-demo-admin;posx-eume-admin;posx-frido-admin;posx-frido-b2b-admin;posx-frido-mobility-admin;posx-mokobara-admin;posx-ugaoo-admin
95d4b9b49ffcc3e9,8,8,src/routes/campaigns/campaign-detail/components/campaign-spend/index.ts,posx-comet-admin;posx-demo-admin;posx-eume-admin;posx-frido-admin;posx-frido-b2b-admin;posx-frido-mobility-admin;posx-mokobara-admin;posx-ugaoo-admin
929898931069df75,8,8,src/routes/campaigns/campaign-detail/components/campaign-general-section/campaign-general-section.tsx,posx-comet-admin;posx-demo-admin;posx-eume-admin;posx-frido-admin;posx-frido-b2b-admin;posx-frido-mobility-admin;posx-mokobara-admin;posx-ugaoo-admin
e828e26047a1fc8f,8,8,src/routes/campaigns/campaign-detail/components/campaign-general-section/index.ts,posx-comet-admin;posx-demo-admin;posx-eume-admin;posx-frido-admin;posx-frido-b2b-admin;posx-frido-mobility-admin;posx-mokobara-admin;posx-ugaoo-admin
612ad2169497e236,8,8,src/routes/campaigns/campaign-detail/components/campaign-configuration-section/campaign-configuration-section.tsx,posx-comet-admin;posx-demo-admin;posx-eume-admin;posx-frido-admin;posx-frido-b2b-admin;posx-frido-mobility-admin;posx-mokobara-admin;posx-ugaoo-admin
31531c6f41849f07,8,8,src/routes/campaigns/campaign-detail/components/campaign-configuration-section/index.ts,posx-comet-admin;posx-demo-admin;posx-eume-admin;posx-frido-admin;posx-frido-b2b-admin;posx-frido-mobility-admin;posx-mokobara-admin;posx-ugaoo-admin
e79b7af168260ee9,8,8,src/routes/campaigns/campaign-edit/components/edit-campaign-form/edit-campaign-form.tsx,posx-comet-admin;posx-demo-admin;posx-eume-admin;posx-frido-admin;posx-frido-b2b-admin;posx-frido-mobility-admin;posx-mokobara-admin;posx-ugaoo-admin
193a7306ee1a5a15,8,8,src/routes/campaigns/campaign-edit/components/edit-campaign-form/index.ts,posx-comet-admin;posx-demo-admin;posx-eume-admin;posx-frido-admin;posx-frido-b2b-admin;posx-frido-mobility-admin;posx-mokobara-admin;posx-ugaoo-admin
ccf233d5578e6ac7,8,8,src/routes/product-types/product-type-create/product-type-create.tsx,posx-comet-admin;posx-demo-admin;posx-eume-admin;posx-frido-admin;posx-frido-b2b-admin;posx-frido-mobility-admin;posx-mokobara-admin;posx-ugaoo-admin
6de13aa025f12124,8,8,src/routes/product-types/product-type-create/index.ts,posx-comet-admin;posx-demo-admin;posx-eume-admin;posx-frido-admin;posx-frido-b2b-admin;posx-frido-mobility-admin;posx-mokobara-admin;posx-ugaoo-admin
ff27f2875acff7cf,8,8,src/routes/product-types/product-type-edit/product-type-edit.tsx,posx-comet-admin;posx-demo-admin;posx-eume-admin;posx-frido-admin;posx-frido-b2b-admin;posx-frido-mobility-admin;posx-mokobara-admin;posx-ugaoo-admin
a0d6d562a24cf634,8,8,src/routes/product-types/product-type-edit/index.ts,posx-comet-admin;posx-demo-admin;posx-eume-admin;posx-frido-admin;posx-frido-b2b-admin;posx-frido-mobility-admin;posx-mokobara-admin;posx-ugaoo-admin
05099a544c2ded9d,8,8,src/routes/product-types/product-type-detail/loader.ts,posx-comet-admin;posx-demo-admin;posx-eume-admin;posx-frido-admin;posx-frido-b2b-admin;posx-frido-mobility-admin;posx-mokobara-admin;posx-ugaoo-admin
6fae2086acf3c2ef,8,8,src/routes/product-types/product-type-detail/product-type-detail.tsx,posx-comet-admin;posx-demo-admin;posx-eume-admin;posx-frido-admin;posx-frido-b2b-admin;posx-frido-mobility-admin;posx-mokobara-admin;posx-ugaoo-admin
961f2fe482c7f75d,8,8,src/routes/product-types/product-type-detail/breadcrumb.tsx,posx-comet-admin;posx-demo-admin;posx-eume-admin;posx-frido-admin;posx-frido-b2b-admin;posx-frido-mobility-admin;posx-mokobara-admin;posx-ugaoo-admin
23f1768293c3d163,8,8,src/routes/product-types/product-type-detail/index.ts,posx-comet-admin;posx-demo-admin;posx-eume-admin;posx-frido-admin;posx-frido-b2b-admin;posx-frido-mobility-admin;posx-mokobara-admin;posx-ugaoo-admin
139d249545873879,8,8,src/routes/product-types/product-type-list/index.ts,posx-comet-admin;posx-demo-admin;posx-eume-admin;posx-frido-admin;posx-frido-b2b-admin;posx-frido-mobility-admin;posx-mokobara-admin;posx-ugaoo-admin
d796d5a61ce21d16,8,8,src/routes/product-types/product-type-list/product-type-list.tsx,posx-comet-admin;posx-demo-admin;posx-eume-admin;posx-frido-admin;posx-frido-b2b-admin;posx-frido-mobility-admin;posx-mokobara-admin;posx-ugaoo-admin
598b7af4ad0de2b3,8,8,src/routes/product-types/common/hooks/use-delete-product-type-action.tsx,posx-comet-admin;posx-demo-admin;posx-eume-admin;posx-frido-admin;posx-frido-b2b-admin;posx-frido-mobility-admin;posx-mokobara-admin;posx-ugaoo-admin
dcbf82b035cbf256,8,8,src/routes/product-types/product-type-list/components/product-type-list-table/product-table-row-actions.tsx,posx-comet-admin;posx-demo-admin;posx-eume-admin;posx-frido-admin;posx-frido-b2b-admin;posx-frido-mobility-admin;posx-mokobara-admin;posx-ugaoo-admin
967b39ad2e79b56f,8,8,src/routes/product-types/product-type-list/components/product-type-list-table/product-type-list-table.tsx,posx-comet-admin;posx-demo-admin;posx-eume-admin;posx-frido-admin;posx-frido-b2b-admin;posx-frido-mobility-admin;posx-mokobara-admin;posx-ugaoo-admin
b9c7939962b3f284,8,8,src/routes/product-types/product-type-list/components/product-type-list-table/index.ts,posx-comet-admin;posx-demo-admin;posx-eume-admin;posx-frido-admin;posx-frido-b2b-admin;posx-frido-mobility-admin;posx-mokobara-admin;posx-ugaoo-admin
3cfba925f13b467c,8,8,src/routes/product-types/product-type-detail/components/product-type-general-section/index.ts,posx-comet-admin;posx-demo-admin;posx-eume-admin;posx-frido-admin;posx-frido-b2b-admin;posx-frido-mobility-admin;posx-mokobara-admin;posx-ugaoo-admin
13ff77f77b293316,8,8,src/routes/product-types/product-type-detail/components/product-type-general-section/product-type-general-section.tsx,posx-comet-admin;posx-demo-admin;posx-eume-admin;posx-frido-admin;posx-frido-b2b-admin;posx-frido-mobility-admin;posx-mokobara-admin;posx-ugaoo-admin
5803aae8011b8b05,8,8,src/routes/product-types/product-type-detail/components/product-type-product-section/product-type-product-section.tsx,posx-comet-admin;posx-demo-admin;posx-eume-admin;posx-frido-admin;posx-frido-b2b-admin;posx-frido-mobility-admin;posx-mokobara-admin;posx-ugaoo-admin
c413ef8720972607,8,8,src/routes/product-types/product-type-detail/components/product-type-product-section/index.ts,posx-comet-admin;posx-demo-admin;posx-eume-admin;posx-frido-admin;posx-frido-b2b-admin;posx-frido-mobility-admin;posx-mokobara-admin;posx-ugaoo-admin
de2a1e6c1ce5ed09,8,8,src/routes/product-types/product-type-edit/components/edit-product-type-form/edit-product-type-form.tsx,posx-comet-admin;posx-demo-admin;posx-eume-admin;posx-frido-admin;posx-frido-b2b-admin;posx-frido-mobility-admin;posx-mokobara-admin;posx-ugaoo-admin
441caeb156e29dc1,8,8,src/routes/product-types/product-type-edit/components/edit-product-type-form/index.ts,posx-comet-admin;posx-demo-admin;posx-eume-admin;posx-frido-admin;posx-frido-b2b-admin;posx-frido-mobility-admin;posx-mokobara-admin;posx-ugaoo-admin
6736d3ad553309ec,8,8,src/routes/product-types/product-type-create/components/create-product-type-form/index.ts,posx-comet-admin;posx-demo-admin;posx-eume-admin;posx-frido-admin;posx-frido-b2b-admin;posx-frido-mobility-admin;posx-mokobara-admin;posx-ugaoo-admin
e44e513275cd036b,8,8,src/routes/product-types/product-type-create/components/create-product-type-form/create-product-type-form.tsx,posx-comet-admin;posx-demo-admin;posx-eume-admin;posx-frido-admin;posx-frido-b2b-admin;posx-frido-mobility-admin;posx-mokobara-admin;posx-ugaoo-admin
9b02feacd89e87e6,8,8,src/routes/shipping-profiles/shipping-profiles-list/index.ts,posx-comet-admin;posx-demo-admin;posx-eume-admin;posx-frido-admin;posx-frido-b2b-admin;posx-frido-mobility-admin;posx-mokobara-admin;posx-ugaoo-admin
164d0548cb30101a,8,8,src/routes/shipping-profiles/shipping-profiles-list/shipping-profile-list.tsx,posx-comet-admin;posx-demo-admin;posx-eume-admin;posx-frido-admin;posx-frido-b2b-admin;posx-frido-mobility-admin;posx-mokobara-admin;posx-ugaoo-admin
b74a232aa3d9ae58,8,8,src/routes/shipping-profiles/shipping-profile-metadata/shipping-profile-metadata.tsx,posx-comet-admin;posx-demo-admin;posx-eume-admin;posx-frido-admin;posx-frido-b2b-admin;posx-frido-mobility-admin;posx-mokobara-admin;posx-ugaoo-admin
f6dae0fa5e0db835,8,8,src/routes/shipping-profiles/shipping-profile-metadata/index.ts,posx-comet-admin;posx-demo-admin;posx-eume-admin;posx-frido-admin;posx-frido-b2b-admin;posx-frido-mobility-admin;posx-mokobara-admin;posx-ugaoo-admin
071660e0de8728ea,8,8,src/routes/shipping-profiles/shipping-profile-detail/loader.ts,posx-comet-admin;posx-demo-admin;posx-eume-admin;posx-frido-admin;posx-frido-b2b-admin;posx-frido-mobility-admin;posx-mokobara-admin;posx-ugaoo-admin
1965d9ba479728ea,8,8,src/routes/shipping-profiles/shipping-profile-detail/breadcrumb.tsx,posx-comet-admin;posx-demo-admin;posx-eume-admin;posx-frido-admin;posx-frido-b2b-admin;posx-frido-mobility-admin;posx-mokobara-admin;posx-ugaoo-admin
1d5a14c650b7961c,8,8,src/routes/shipping-profiles/shipping-profile-detail/shipping-profile-detail.tsx,posx-comet-admin;posx-demo-admin;posx-eume-admin;posx-frido-admin;posx-frido-b2b-admin;posx-frido-mobility-admin;posx-mokobara-admin;posx-ugaoo-admin
8be1655e329c238d,8,8,src/routes/shipping-profiles/shipping-profile-detail/index.ts,posx-comet-admin;posx-demo-admin;posx-eume-admin;posx-frido-admin;posx-frido-b2b-admin;posx-frido-mobility-admin;posx-mokobara-admin;posx-ugaoo-admin
f87469e84ca2e126,8,8,src/routes/shipping-profiles/shipping-profile-create/shipping-profile-create.tsx,posx-comet-admin;posx-demo-admin;posx-eume-admin;posx-frido-admin;posx-frido-b2b-admin;posx-frido-mobility-admin;posx-mokobara-admin;posx-ugaoo-admin
d47b50a936ffe6df,8,8,src/routes/shipping-profiles/shipping-profile-create/index.ts,posx-comet-admin;posx-demo-admin;posx-eume-admin;posx-frido-admin;posx-frido-b2b-admin;posx-frido-mobility-admin;posx-mokobara-admin;posx-ugaoo-admin
a6ecf8d4c88543c9,8,8,src/routes/shipping-profiles/shipping-profile-create/components/create-shipping-profile-form/index.ts,posx-comet-admin;posx-demo-admin;posx-eume-admin;posx-frido-admin;posx-frido-b2b-admin;posx-frido-mobility-admin;posx-mokobara-admin;posx-ugaoo-admin
8bcac89e01b55037,8,8,src/routes/shipping-profiles/shipping-profile-create/components/create-shipping-profile-form/create-shipping-profile-form.tsx,posx-comet-admin;posx-demo-admin;posx-eume-admin;posx-frido-admin;posx-frido-b2b-admin;posx-frido-mobility-admin;posx-mokobara-admin;posx-ugaoo-admin
d4a59345411e3fb9,8,8,src/routes/shipping-profiles/shipping-profile-detail/components/shipping-profile-general-section/shipping-profile-general-section.tsx,posx-comet-admin;posx-demo-admin;posx-eume-admin;posx-frido-admin;posx-frido-b2b-admin;posx-frido-mobility-admin;posx-mokobara-admin;posx-ugaoo-admin
9c69c646e675b638,8,8,src/routes/shipping-profiles/shipping-profile-detail/components/shipping-profile-general-section/index.ts,posx-comet-admin;posx-demo-admin;posx-eume-admin;posx-frido-admin;posx-frido-b2b-admin;posx-frido-mobility-admin;posx-mokobara-admin;posx-ugaoo-admin
2e22db97232fc435,8,8,src/routes/shipping-profiles/shipping-profiles-list/components/shipping-profile-list-table/shipping-options-row-actions.tsx,posx-comet-admin;posx-demo-admin;posx-eume-admin;posx-frido-admin;posx-frido-b2b-admin;posx-frido-mobility-admin;posx-mokobara-admin;posx-ugaoo-admin
d61bade19b3083ce,8,8,src/routes/shipping-profiles/shipping-profiles-list/components/shipping-profile-list-table/use-shipping-profile-table-query.tsx,posx-comet-admin;posx-demo-admin;posx-eume-admin;posx-frido-admin;posx-frido-b2b-admin;posx-frido-mobility-admin;posx-mokobara-admin;posx-ugaoo-admin
58ec97e01319ff88,8,8,src/routes/shipping-profiles/shipping-profiles-list/components/shipping-profile-list-table/use-shipping-profile-table-filters.tsx,posx-comet-admin;posx-demo-admin;posx-eume-admin;posx-frido-admin;posx-frido-b2b-admin;posx-frido-mobility-admin;posx-mokobara-admin;posx-ugaoo-admin
fa34e61d83902628,8,8,src/routes/shipping-profiles/shipping-profiles-list/components/shipping-profile-list-table/index.ts,posx-comet-admin;posx-demo-admin;posx-eume-admin;posx-frido-admin;posx-frido-b2b-admin;posx-frido-mobility-admin;posx-mokobara-admin;posx-ugaoo-admin
7cc0fbf3ae3934c2,8,8,src/routes/shipping-profiles/shipping-profiles-list/components/shipping-profile-list-table/shipping-profile-list-table.tsx,posx-comet-admin;posx-demo-admin;posx-eume-admin;posx-frido-admin;posx-frido-b2b-admin;posx-frido-mobility-admin;posx-mokobara-admin;posx-ugaoo-admin
85367232fa8a30bd,8,8,src/routes/shipping-profiles/shipping-profiles-list/components/shipping-profile-list-table/use-shipping-profile-table-columns.tsx,posx-comet-admin;posx-demo-admin;posx-eume-admin;posx-frido-admin;posx-frido-b2b-admin;posx-frido-mobility-admin;posx-mokobara-admin;posx-ugaoo-admin
4a0f3b1de6bc07b1,8,8,src/routes/campaign-coupons/coupon-create/index.ts;src/routes/store-coupons/coupon-create/index.ts,posx-comet-admin;posx-demo-admin;posx-eume-admin;posx-frido-admin;posx-frido-b2b-admin;posx-frido-mobility-admin;posx-mokobara-admin;posx-ugaoo-admin
9cb56a2c54af9dbc,8,8,src/routes/campaign-coupons/coupon-create/components/coupon-create-form/index.ts;src/routes/store-coupons/coupon-create/components/coupon-create-form/index.ts,posx-comet-admin;posx-demo-admin;posx-eume-admin;posx-frido-admin;posx-frido-b2b-admin;posx-frido-mobility-admin;posx-mokobara-admin;posx-ugaoo-admin
446b88a527a8607a,8,8,src/routes/campaign-coupons/coupon-create/components/discount-configuration-form/index.ts;src/routes/store-coupons/coupon-create/components/discount-configuration-form/index.ts,posx-comet-admin;posx-demo-admin;posx-eume-admin;posx-frido-admin;posx-frido-b2b-admin;posx-frido-mobility-admin;posx-mokobara-admin;posx-ugaoo-admin
aac43d60e917b2a5,8,8,src/routes/campaign-coupons/coupon-create/components/store-allocation-form/index.ts;src/routes/store-coupons/coupon-create/components/store-allocation-form/index.ts,posx-comet-admin;posx-demo-admin;posx-eume-admin;posx-frido-admin;posx-frido-b2b-admin;posx-frido-mobility-admin;posx-mokobara-admin;posx-ugaoo-admin
374a22f3bd7194a4,8,8,src/routes/users/user-edit/index.ts,posx-comet-admin;posx-demo-admin;posx-eume-admin;posx-frido-admin;posx-frido-b2b-admin;posx-frido-mobility-admin;posx-mokobara-admin;posx-ugaoo-admin
a5f6efca1bbb5560,8,8,src/routes/users/user-edit/user-edit.tsx,posx-comet-admin;posx-demo-admin;posx-eume-admin;posx-frido-admin;posx-frido-b2b-admin;posx-frido-mobility-admin;posx-mokobara-admin;posx-ugaoo-admin
eb973f9f79f85247,8,8,src/routes/users/user-invite/index.ts,posx-comet-admin;posx-demo-admin;posx-eume-admin;posx-frido-admin;posx-frido-b2b-admin;posx-frido-mobility-admin;posx-mokobara-admin;posx-ugaoo-admin
ab189a583213f5c0,8,8,src/routes/users/user-invite/user-invite.tsx,posx-comet-admin;posx-demo-admin;posx-eume-admin;posx-frido-admin;posx-frido-b2b-admin;posx-frido-mobility-admin;posx-mokobara-admin;posx-ugaoo-admin
dd75efb1e727ab81,8,8,src/routes/users/user-list/user-list.tsx,posx-comet-admin;posx-demo-admin;posx-eume-admin;posx-frido-admin;posx-frido-b2b-admin;posx-frido-mobility-admin;posx-mokobara-admin;posx-ugaoo-admin
d43635312576725c,8,8,src/routes/users/user-list/index.ts,posx-comet-admin;posx-demo-admin;posx-eume-admin;posx-frido-admin;posx-frido-b2b-admin;posx-frido-mobility-admin;posx-mokobara-admin;posx-ugaoo-admin
5410c3ac39383108,8,8,src/routes/users/user-detail/user-detail.tsx,posx-comet-admin;posx-demo-admin;posx-eume-admin;posx-frido-admin;posx-frido-b2b-admin;posx-frido-mobility-admin;posx-mokobara-admin;posx-ugaoo-admin
09088bd762594872,8,8,src/routes/users/user-detail/loader.ts,posx-comet-admin;posx-demo-admin;posx-eume-admin;posx-frido-admin;posx-frido-b2b-admin;posx-frido-mobility-admin;posx-mokobara-admin;posx-ugaoo-admin
ce4e314b30399892,8,8,src/routes/users/user-detail/breadcrumb.tsx,posx-comet-admin;posx-demo-admin;posx-eume-admin;posx-frido-admin;posx-frido-b2b-admin;posx-frido-mobility-admin;posx-mokobara-admin;posx-ugaoo-admin
f6bfa5dbba2ba197,8,8,src/routes/users/user-detail/index.ts,posx-comet-admin;posx-demo-admin;posx-eume-admin;posx-frido-admin;posx-frido-b2b-admin;posx-frido-mobility-admin;posx-mokobara-admin;posx-ugaoo-admin
f17a3e6cd4abc47d,8,8,src/routes/users/user-metadata/index.ts,posx-comet-admin;posx-demo-admin;posx-eume-admin;posx-frido-admin;posx-frido-b2b-admin;posx-frido-mobility-admin;posx-mokobara-admin;posx-ugaoo-admin
4eee6686490de568,8,8,src/routes/users/user-metadata/user-metadata.tsx,posx-comet-admin;posx-demo-admin;posx-eume-admin;posx-frido-admin;posx-frido-b2b-admin;posx-frido-mobility-admin;posx-mokobara-admin;posx-ugaoo-admin
079fb752ddb849f8,8,8,src/routes/users/user-detail/components/user-general-section/user-general-section.tsx,posx-comet-admin;posx-demo-admin;posx-eume-admin;posx-frido-admin;posx-frido-b2b-admin;posx-frido-mobility-admin;posx-mokobara-admin;posx-ugaoo-admin
9fa8563b6e69c180,8,8,src/routes/users/user-detail/components/user-general-section/index.ts,posx-comet-admin;posx-demo-admin;posx-eume-admin;posx-frido-admin;posx-frido-b2b-admin;posx-frido-mobility-admin;posx-mokobara-admin;posx-ugaoo-admin
58e5498d2a770068,8,8,src/routes/users/user-list/components/user-list-table/user-list-table.tsx,posx-comet-admin;posx-demo-admin;posx-eume-admin;posx-frido-admin;posx-frido-b2b-admin;posx-frido-mobility-admin;posx-mokobara-admin;posx-ugaoo-admin
058213074c28773a,8,8,src/routes/users/user-list/components/user-list-table/index.ts,posx-comet-admin;posx-demo-admin;posx-eume-admin;posx-frido-admin;posx-frido-b2b-admin;posx-frido-mobility-admin;posx-mokobara-admin;posx-ugaoo-admin
6719448ee83041fa,8,8,src/routes/users/user-invite/components/invite-user-form/invite-user-form.tsx,posx-comet-admin;posx-demo-admin;posx-eume-admin;posx-frido-admin;posx-frido-b2b-admin;posx-frido-mobility-admin;posx-mokobara-admin;posx-ugaoo-admin
b9ec369a49d25d9b,8,8,src/routes/users/user-edit/components/edit-user-form/index.ts,posx-comet-admin;posx-demo-admin;posx-eume-admin;posx-frido-admin;posx-frido-b2b-admin;posx-frido-mobility-admin;posx-mokobara-admin;posx-ugaoo-admin
931bc329cdbc1e1c,8,8,src/routes/users/user-edit/components/edit-user-form/edit-user-form.tsx,posx-comet-admin;posx-demo-admin;posx-eume-admin;posx-frido-admin;posx-frido-b2b-admin;posx-frido-mobility-admin;posx-mokobara-admin;posx-ugaoo-admin
8ba7d95ab9c9dcfc,8,8,src/routes/inventory/inventory-metadata/index.ts,posx-comet-admin;posx-demo-admin;posx-eume-admin;posx-frido-admin;posx-frido-b2b-admin;posx-frido-mobility-admin;posx-mokobara-admin;posx-ugaoo-admin
7a9f352fefaa1d59,8,8,src/routes/inventory/inventory-metadata/inventory-metadata.tsx,posx-comet-admin;posx-demo-admin;posx-eume-admin;posx-frido-admin;posx-frido-b2b-admin;posx-frido-mobility-admin;posx-mokobara-admin;posx-ugaoo-admin
14b4e96f7e68a745,8,8,src/routes/inventory/inventory-stock/schema.ts,posx-comet-admin;posx-demo-admin;posx-eume-admin;posx-frido-admin;posx-frido-b2b-admin;posx-frido-mobility-admin;posx-mokobara-admin;posx-ugaoo-admin
a6a7152671a6dfc9,8,8,src/routes/inventory/inventory-stock/inventory-stock.tsx,posx-comet-admin;posx-demo-admin;posx-eume-admin;posx-frido-admin;posx-frido-b2b-admin;posx-frido-mobility-admin;posx-mokobara-admin;posx-ugaoo-admin
8ffdfa99a2574979,8,8,src/routes/inventory/inventory-stock/index.ts,posx-comet-admin;posx-demo-admin;posx-eume-admin;posx-frido-admin;posx-frido-b2b-admin;posx-frido-mobility-admin;posx-mokobara-admin;posx-ugaoo-admin
2dff3d1f5ab87b20,8,8,src/routes/inventory/common/constants.ts,posx-comet-admin;posx-demo-admin;posx-eume-admin;posx-frido-admin;posx-frido-b2b-admin;posx-frido-mobility-admin;posx-mokobara-admin;posx-ugaoo-admin
5827e53304b1e7fb,8,8,src/routes/inventory/inventory-create/inventory-create.tsx,posx-comet-admin;posx-demo-admin;posx-eume-admin;posx-frido-admin;posx-frido-b2b-admin;posx-frido-mobility-admin;posx-mokobara-admin;posx-ugaoo-admin
ecdc2b316045c034,8,8,src/routes/inventory/inventory-create/index.ts,posx-comet-admin;posx-demo-admin;posx-eume-admin;posx-frido-admin;posx-frido-b2b-admin;posx-frido-mobility-admin;posx-mokobara-admin;posx-ugaoo-admin
e4c0dbf09717d408,8,8,src/routes/inventory/inventory-detail/loader.ts,posx-comet-admin;posx-demo-admin;posx-eume-admin;posx-frido-admin;posx-frido-b2b-admin;posx-frido-mobility-admin;posx-mokobara-admin;posx-ugaoo-admin
634b19b1def152a7,8,8,src/routes/inventory/inventory-detail/breadcrumb.tsx,posx-comet-admin;posx-demo-admin;posx-eume-admin;posx-frido-admin;posx-frido-b2b-admin;posx-frido-mobility-admin;posx-mokobara-admin;posx-ugaoo-admin
2bd2913d07ab5b3c,8,8,src/routes/inventory/inventory-detail/constants.ts,posx-comet-admin;posx-demo-admin;posx-eume-admin;posx-frido-admin;posx-frido-b2b-admin;posx-frido-mobility-admin;posx-mokobara-admin;posx-ugaoo-admin
2c4690622229f332,8,8,src/routes/inventory/inventory-detail/index.ts,posx-comet-admin;posx-demo-admin;posx-eume-admin;posx-frido-admin;posx-frido-b2b-admin;posx-frido-mobility-admin;posx-mokobara-admin;posx-ugaoo-admin
e86a963355a5d2e6,8,8,src/routes/inventory/inventory-detail/inventory-detail.tsx,posx-comet-admin;posx-demo-admin;posx-eume-admin;posx-frido-admin;posx-frido-b2b-admin;posx-frido-mobility-admin;posx-mokobara-admin;posx-ugaoo-admin
3a6efb005f41e365,8,8,src/routes/inventory/inventory-list/inventory-list.tsx,posx-comet-admin;posx-demo-admin;posx-eume-admin;posx-frido-admin;posx-frido-b2b-admin;posx-frido-mobility-admin;posx-mokobara-admin;posx-ugaoo-admin
dc48fef8571d66cd,8,8,src/routes/inventory/inventory-list/index.ts,posx-comet-admin;posx-demo-admin;posx-eume-admin;posx-frido-admin;posx-frido-b2b-admin;posx-frido-mobility-admin;posx-mokobara-admin;posx-ugaoo-admin
9a295db942c7cad0,8,8,src/routes/inventory/inventory-list/components/use-inventory-table-columns.tsx,posx-comet-admin;posx-demo-admin;posx-eume-admin;posx-frido-admin;posx-frido-b2b-admin;posx-frido-mobility-admin;posx-mokobara-admin;posx-ugaoo-admin
88588d8bf22ced53,8,8,src/routes/inventory/inventory-list/components/use-inventory-table-query.tsx,posx-comet-admin;posx-demo-admin;posx-eume-admin;posx-frido-admin;posx-frido-b2b-admin;posx-frido-mobility-admin;posx-mokobara-admin;posx-ugaoo-admin
766ddfa08dbd85d8,8,8,src/routes/inventory/inventory-list/components/use-inventory-table-filters.tsx,posx-comet-admin;posx-demo-admin;posx-eume-admin;posx-frido-admin;posx-frido-b2b-admin;posx-frido-mobility-admin;posx-mokobara-admin;posx-ugaoo-admin
cfde5392b1a694b0,8,8,src/routes/inventory/inventory-list/components/inventory-list-table.tsx,posx-comet-admin;posx-demo-admin;posx-eume-admin;posx-frido-admin;posx-frido-b2b-admin;posx-frido-mobility-admin;posx-mokobara-admin;posx-ugaoo-admin
ebb89ecc1f0759c5,8,8,src/routes/inventory/inventory-list/components/inventory-actions.tsx,posx-comet-admin;posx-demo-admin;posx-eume-admin;posx-frido-admin;posx-frido-b2b-admin;posx-frido-mobility-admin;posx-mokobara-admin;posx-ugaoo-admin
e5e82e9be21c9b00,8,8,src/routes/inventory/inventory-detail/components/inventory-item-general-section.tsx,posx-comet-admin;posx-demo-admin;posx-eume-admin;posx-frido-admin;posx-frido-b2b-admin;posx-frido-mobility-admin;posx-mokobara-admin;posx-ugaoo-admin
2daf748358907621,8,8,src/routes/inventory/inventory-detail/components/inventory-item-reservations.tsx,posx-comet-admin;posx-demo-admin;posx-eume-admin;posx-frido-admin;posx-frido-b2b-admin;posx-frido-mobility-admin;posx-mokobara-admin;posx-ugaoo-admin
3b8dc82e443e119a,8,8,src/routes/inventory/inventory-detail/components/inventory-item-location-levels.tsx,posx-comet-admin;posx-demo-admin;posx-eume-admin;posx-frido-admin;posx-frido-b2b-admin;posx-frido-mobility-admin;posx-mokobara-admin;posx-ugaoo-admin
a385f61450f08bd2,8,8,src/routes/inventory/inventory-detail/components/inventory-item-attributes/attributes-section.tsx,posx-comet-admin;posx-demo-admin;posx-eume-admin;posx-frido-admin;posx-frido-b2b-admin;posx-frido-mobility-admin;posx-mokobara-admin;posx-ugaoo-admin
cd3db1b78671ec34,8,8,src/routes/inventory/inventory-detail/components/reservations-table/reservation-actions.tsx,posx-comet-admin;posx-demo-admin;posx-eume-admin;posx-frido-admin;posx-frido-b2b-admin;posx-frido-mobility-admin;posx-mokobara-admin;posx-ugaoo-admin
3c424f6f0fb5a2a4,8,8,src/routes/inventory/inventory-detail/components/reservations-table/reservation-list-table.tsx,posx-comet-admin;posx-demo-admin;posx-eume-admin;posx-frido-admin;posx-frido-b2b-admin;posx-frido-mobility-admin;posx-mokobara-admin;posx-ugaoo-admin
583b9226838edafb,8,8,src/routes/inventory/inventory-detail/components/reservations-table/use-reservation-list-table-columns.tsx,posx-comet-admin;posx-demo-admin;posx-eume-admin;posx-frido-admin;posx-frido-b2b-admin;posx-frido-mobility-admin;posx-mokobara-admin;posx-ugaoo-admin
b5f7c0c6b45fc99e,8,8,src/routes/inventory/inventory-detail/components/reservations-table/use-reservation-list-table-query.tsx,posx-comet-admin;posx-demo-admin;posx-eume-admin;posx-frido-admin;posx-frido-b2b-admin;posx-frido-mobility-admin;posx-mokobara-admin;posx-ugaoo-admin
ce9f0a0edadcef35,8,8,src/routes/inventory/inventory-detail/components/edit-inventory-item-attributes/edit-item-attributes-drawer.tsx,posx-comet-admin;posx-demo-admin;posx-eume-admin;posx-frido-admin;posx-frido-b2b-admin;posx-frido-mobility-admin;posx-mokobara-admin;posx-ugaoo-admin
ed3a6bbd065fcb98,8,8,src/routes/inventory/inventory-detail/components/edit-inventory-item-attributes/index.ts,posx-comet-admin;posx-demo-admin;posx-eume-admin;posx-frido-admin;posx-frido-b2b-admin;posx-frido-mobility-admin;posx-mokobara-admin;posx-ugaoo-admin
dd3430044eb3c29b,8,8,src/routes/inventory/inventory-detail/components/adjust-inventory/index.ts,posx-comet-admin;posx-demo-admin;posx-eume-admin;posx-frido-admin;posx-frido-b2b-admin;posx-frido-mobility-admin;posx-mokobara-admin;posx-ugaoo-admin
6d94c3c0eca6c23e,8,8,src/routes/inventory/inventory-detail/components/adjust-inventory/adjust-inventory-drawer.tsx,posx-comet-admin;posx-demo-admin;posx-eume-admin;posx-frido-admin;posx-frido-b2b-admin;posx-frido-mobility-admin;posx-mokobara-admin;posx-ugaoo-admin
c2d15c0e30801b2b,8,8,src/routes/inventory/inventory-detail/components/location-levels-table/location-list-table.tsx,posx-comet-admin;posx-demo-admin;posx-eume-admin;posx-frido-admin;posx-frido-b2b-admin;posx-frido-mobility-admin;posx-mokobara-admin;posx-ugaoo-admin
252834fe90889570,8,8,src/routes/inventory/inventory-detail/components/location-levels-table/use-location-list-table-query.tsx,posx-comet-admin;posx-demo-admin;posx-eume-admin;posx-frido-admin;posx-frido-b2b-admin;posx-frido-mobility-admin;posx-mokobara-admin;posx-ugaoo-admin
3ef45c06cb9e0190,8,8,src/routes/inventory/inventory-detail/components/location-levels-table/use-location-list-table-columns.tsx,posx-comet-admin;posx-demo-admin;posx-eume-admin;posx-frido-admin;posx-frido-b2b-admin;posx-frido-mobility-admin;posx-mokobara-admin;posx-ugaoo-admin
4397083d7e82eaf6,8,8,src/routes/inventory/inventory-detail/components/location-levels-table/location-actions.tsx,posx-comet-admin;posx-demo-admin;posx-eume-admin;posx-frido-admin;posx-frido-b2b-admin;posx-frido-mobility-admin;posx-mokobara-admin;posx-ugaoo-admin
32ba7684a344f6ef,8,8,src/routes/inventory/inventory-detail/components/inventory-item-variants/variants-section.tsx,posx-comet-admin;posx-demo-admin;posx-eume-admin;posx-frido-admin;posx-frido-b2b-admin;posx-frido-mobility-admin;posx-mokobara-admin;posx-ugaoo-admin
2afd23f36ac5ec75,8,8,src/routes/inventory/inventory-detail/components/manage-locations/manage-locations-drawer.tsx,posx-comet-admin;posx-demo-admin;posx-eume-admin;posx-frido-admin;posx-frido-b2b-admin;posx-frido-mobility-admin;posx-mokobara-admin;posx-ugaoo-admin
675952a0a24d0fb6,8,8,src/routes/inventory/inventory-detail/components/manage-locations/index.ts,posx-comet-admin;posx-demo-admin;posx-eume-admin;posx-frido-admin;posx-frido-b2b-admin;posx-frido-mobility-admin;posx-mokobara-admin;posx-ugaoo-admin
0bdc347d09049913,8,8,src/routes/inventory/inventory-detail/components/edit-inventory-item/edit-item-drawer.tsx,posx-comet-admin;posx-demo-admin;posx-eume-admin;posx-frido-admin;posx-frido-b2b-admin;posx-frido-mobility-admin;posx-mokobara-admin;posx-ugaoo-admin
cde7482375afec26,8,8,src/routes/inventory/inventory-detail/components/edit-inventory-item/index.ts,posx-comet-admin;posx-demo-admin;posx-eume-admin;posx-frido-admin;posx-frido-b2b-admin;posx-frido-mobility-admin;posx-mokobara-admin;posx-ugaoo-admin
a4e35dda8bc8654b,8,8,src/routes/inventory/inventory-detail/components/edit-inventory-item/components/edit-item-form.tsx,posx-comet-admin;posx-demo-admin;posx-eume-admin;posx-frido-admin;posx-frido-b2b-admin;posx-frido-mobility-admin;posx-mokobara-admin;posx-ugaoo-admin
fcb83c8be95a8473,8,8,src/routes/inventory/inventory-detail/components/manage-locations/components/location-item.tsx,posx-comet-admin;posx-demo-admin;posx-eume-admin;posx-frido-admin;posx-frido-b2b-admin;posx-frido-mobility-admin;posx-mokobara-admin;posx-ugaoo-admin
2c02a31e3ac006b7,8,8,src/routes/inventory/inventory-detail/components/adjust-inventory/components/adjust-inventory-form.tsx,posx-comet-admin;posx-demo-admin;posx-eume-admin;posx-frido-admin;posx-frido-b2b-admin;posx-frido-mobility-admin;posx-mokobara-admin;posx-ugaoo-admin
761526bbe6d1c712,8,8,src/routes/inventory/inventory-detail/components/edit-inventory-item-attributes/components/edit-item-attributes-form.tsx,posx-comet-admin;posx-demo-admin;posx-eume-admin;posx-frido-admin;posx-frido-b2b-admin;posx-frido-mobility-admin;posx-mokobara-admin;posx-ugaoo-admin
d73a6585facf6551,8,8,src/routes/inventory/inventory-create/components/inventory-create-form/schema.ts,posx-comet-admin;posx-demo-admin;posx-eume-admin;posx-frido-admin;posx-frido-b2b-admin;posx-frido-mobility-admin;posx-mokobara-admin;posx-ugaoo-admin
62a7432242417d21,8,8,src/routes/inventory/inventory-create/components/inventory-create-form/inventory-availability-form.tsx,posx-comet-admin;posx-demo-admin;posx-eume-admin;posx-frido-admin;posx-frido-b2b-admin;posx-frido-mobility-admin;posx-mokobara-admin;posx-ugaoo-admin
c56c5fc83898afb3,8,8,src/routes/inventory/inventory-create/components/inventory-create-form/index.ts,posx-comet-admin;posx-demo-admin;posx-eume-admin;posx-frido-admin;posx-frido-b2b-admin;posx-frido-mobility-admin;posx-mokobara-admin;posx-ugaoo-admin
a5be0bc7394e97fe,8,8,src/routes/inventory/inventory-stock/hooks/use-inventory-stock-columns.tsx,posx-comet-admin;posx-demo-admin;posx-eume-admin;posx-frido-admin;posx-frido-b2b-admin;posx-frido-mobility-admin;posx-mokobara-admin;posx-ugaoo-admin
898f8ea297b30d0d,8,8,src/routes/inventory/inventory-stock/components/inventory-stock-form/index.ts,posx-comet-admin;posx-demo-admin;posx-eume-admin;posx-frido-admin;posx-frido-b2b-admin;posx-frido-mobility-admin;posx-mokobara-admin;posx-ugaoo-admin
b6adac54afd57e06,8,8,src/routes/locations/location-service-zone-shipping-option-edit/index.ts,posx-comet-admin;posx-demo-admin;posx-eume-admin;posx-frido-admin;posx-frido-b2b-admin;posx-frido-mobility-admin;posx-mokobara-admin;posx-ugaoo-admin
3e3a02daaa217164,8,8,src/routes/locations/location-service-zone-shipping-option-edit/location-service-zone-shipping-option-edit.tsx,posx-comet-admin;posx-demo-admin;posx-eume-admin;posx-frido-admin;posx-frido-b2b-admin;posx-frido-mobility-admin;posx-mokobara-admin;posx-ugaoo-admin
4aed2a21b07821b7,8,8,src/routes/locations/location-service-zone-shipping-option-pricing/location-service-zone-shipping-option-pricing.tsx,posx-comet-admin;posx-demo-admin;posx-eume-admin;posx-frido-admin;posx-frido-b2b-admin;posx-frido-mobility-admin;posx-mokobara-admin;posx-ugaoo-admin
d2a073b61507a927,8,8,src/routes/locations/location-service-zone-shipping-option-pricing/index.ts,posx-comet-admin;posx-demo-admin;posx-eume-admin;posx-frido-admin;posx-frido-b2b-admin;posx-frido-mobility-admin;posx-mokobara-admin;posx-ugaoo-admin
d9615540a4664f0f,8,8,src/routes/locations/location-edit/index.ts,posx-comet-admin;posx-demo-admin;posx-eume-admin;posx-frido-admin;posx-frido-b2b-admin;posx-frido-mobility-admin;posx-mokobara-admin;posx-ugaoo-admin
ec3a7231b3401517,8,8,src/routes/locations/location-edit/location-edit.tsx,posx-comet-admin;posx-demo-admin;posx-eume-admin;posx-frido-admin;posx-frido-b2b-admin;posx-frido-mobility-admin;posx-mokobara-admin;posx-ugaoo-admin
77af89b29ec0128d,8,8,src/routes/locations/location-sales-channels/location-sales-channels.tsx,posx-comet-admin;posx-demo-admin;posx-eume-admin;posx-frido-admin;posx-frido-b2b-admin;posx-frido-mobility-admin;posx-mokobara-admin;posx-ugaoo-admin
5957652420488b2f,8,8,src/routes/locations/location-sales-channels/index.ts,posx-comet-admin;posx-demo-admin;posx-eume-admin;posx-frido-admin;posx-frido-b2b-admin;posx-frido-mobility-admin;posx-mokobara-admin;posx-ugaoo-admin
e2c8c12d7451cba4,8,8,src/routes/locations/location-service-zone-create/location-service-zone-create.tsx,posx-comet-admin;posx-demo-admin;posx-eume-admin;posx-frido-admin;posx-frido-b2b-admin;posx-frido-mobility-admin;posx-mokobara-admin;posx-ugaoo-admin
1ba60a64bf57470f,8,8,src/routes/locations/location-service-zone-create/index.ts,posx-comet-admin;posx-demo-admin;posx-eume-admin;posx-frido-admin;posx-frido-b2b-admin;posx-frido-mobility-admin;posx-mokobara-admin;posx-ugaoo-admin
a59bcf119c2fa552,8,8,src/routes/locations/location-list/loader.ts,posx-comet-admin;posx-demo-admin;posx-eume-admin;posx-frido-admin;posx-frido-b2b-admin;posx-frido-mobility-admin;posx-mokobara-admin;posx-ugaoo-admin
c0e13c55b02e9f40,8,8,src/routes/locations/location-list/location-list.tsx,posx-comet-admin;posx-demo-admin;posx-eume-admin;posx-frido-admin;posx-frido-b2b-admin;posx-frido-mobility-admin;posx-mokobara-admin;posx-ugaoo-admin
f60877d86f5680eb,8,8,src/routes/locations/location-list/constants.ts,posx-comet-admin;posx-demo-admin;posx-eume-admin;posx-frido-admin;posx-frido-b2b-admin;posx-frido-mobility-admin;posx-mokobara-admin;posx-ugaoo-admin
ec47ab1d66613160,8,8,src/routes/locations/location-list/index.ts,posx-comet-admin;posx-demo-admin;posx-eume-admin;posx-frido-admin;posx-frido-b2b-admin;posx-frido-mobility-admin;posx-mokobara-admin;posx-ugaoo-admin
f372791d033f65aa,8,8,src/routes/locations/location-fulfillment-providers/location-fulfillment-providers.tsx,posx-comet-admin;posx-demo-admin;posx-eume-admin;posx-frido-admin;posx-frido-b2b-admin;posx-frido-mobility-admin;posx-mokobara-admin;posx-ugaoo-admin
ceb8102880b1a2a8,8,8,src/routes/locations/location-fulfillment-providers/index.ts,posx-comet-admin;posx-demo-admin;posx-eume-admin;posx-frido-admin;posx-frido-b2b-admin;posx-frido-mobility-admin;posx-mokobara-admin;posx-ugaoo-admin
a8df626c962257e2,8,8,src/routes/locations/common/types.ts,posx-comet-admin;posx-demo-admin;posx-eume-admin;posx-frido-admin;posx-frido-b2b-admin;posx-frido-mobility-admin;posx-mokobara-admin;posx-ugaoo-admin
1bddf898b580d455,8,8,src/routes/locations/common/constants.ts,posx-comet-admin;posx-demo-admin;posx-eume-admin;posx-frido-admin;posx-frido-b2b-admin;posx-frido-mobility-admin;posx-mokobara-admin;posx-ugaoo-admin
fe6d8b53c51164bc,8,8,src/routes/locations/location-detail/location-detail.tsx,posx-comet-admin;posx-demo-admin;posx-eume-admin;posx-frido-admin;posx-frido-b2b-admin;posx-frido-mobility-admin;posx-mokobara-admin;posx-ugaoo-admin
19f3e849983b8593,8,8,src/routes/locations/location-detail/loader.ts,posx-comet-admin;posx-demo-admin;posx-eume-admin;posx-frido-admin;posx-frido-b2b-admin;posx-frido-mobility-admin;posx-mokobara-admin;posx-ugaoo-admin
20bf5192f7debe75,8,8,src/routes/locations/location-detail/breadcrumb.tsx,posx-comet-admin;posx-demo-admin;posx-eume-admin;posx-frido-admin;posx-frido-b2b-admin;posx-frido-mobility-admin;posx-mokobara-admin;posx-ugaoo-admin
3a5c34c2c3da7755,8,8,src/routes/locations/location-detail/constants.ts,posx-comet-admin;posx-demo-admin;posx-eume-admin;posx-frido-admin;posx-frido-b2b-admin;posx-frido-mobility-admin;posx-mokobara-admin;posx-ugaoo-admin
43dc4fa82f4ca8c5,8,8,src/routes/locations/location-detail/index.ts,posx-comet-admin;posx-demo-admin;posx-eume-admin;posx-frido-admin;posx-frido-b2b-admin;posx-frido-mobility-admin;posx-mokobara-admin;posx-ugaoo-admin
0476e1600d6f2e08,8,8,src/routes/locations/location-create/location-create.tsx,posx-comet-admin;posx-demo-admin;posx-eume-admin;posx-frido-admin;posx-frido-b2b-admin;posx-frido-mobility-admin;posx-mokobara-admin;posx-ugaoo-admin
424f4e0712f7e1ae,8,8,src/routes/locations/location-create/index.ts,posx-comet-admin;posx-demo-admin;posx-eume-admin;posx-frido-admin;posx-frido-b2b-admin;posx-frido-mobility-admin;posx-mokobara-admin;posx-ugaoo-admin
047e59284bce0b80,8,8,src/routes/locations/location-service-zone-edit/location-service-zone-edit.tsx,posx-comet-admin;posx-demo-admin;posx-eume-admin;posx-frido-admin;posx-frido-b2b-admin;posx-frido-mobility-admin;posx-mokobara-admin;posx-ugaoo-admin
1c909f509089943c,8,8,src/routes/locations/location-service-zone-edit/index.ts,posx-comet-admin;posx-demo-admin;posx-eume-admin;posx-frido-admin;posx-frido-b2b-admin;posx-frido-mobility-admin;posx-mokobara-admin;posx-ugaoo-admin
d678ae0a00d0e9fd,8,8,src/routes/locations/location-service-zone-manage-areas/location-service-zone-manage-areas.tsx,posx-comet-admin;posx-demo-admin;posx-eume-admin;posx-frido-admin;posx-frido-b2b-admin;posx-frido-mobility-admin;posx-mokobara-admin;posx-ugaoo-admin
8ff12d3c9ac2afe6,8,8,src/routes/locations/location-service-zone-manage-areas/index.ts,posx-comet-admin;posx-demo-admin;posx-eume-admin;posx-frido-admin;posx-frido-b2b-admin;posx-frido-mobility-admin;posx-mokobara-admin;posx-ugaoo-admin
dbdd472b0ca56b63,8,8,src/routes/locations/location-service-zone-shipping-option-create/constants.ts,posx-comet-admin;posx-demo-admin;posx-eume-admin;posx-frido-admin;posx-frido-b2b-admin;posx-frido-mobility-admin;posx-mokobara-admin;posx-ugaoo-admin
7f857321e0baf2c7,8,8,src/routes/locations/location-service-zone-shipping-option-create/index.ts,posx-comet-admin;posx-demo-admin;posx-eume-admin;posx-frido-admin;posx-frido-b2b-admin;posx-frido-mobility-admin;posx-mokobara-admin;posx-ugaoo-admin
51555cbea39df95c,8,8,src/routes/locations/location-service-zone-shipping-option-create/location-service-zone-shipping-option-create.tsx,posx-comet-admin;posx-demo-admin;posx-eume-admin;posx-frido-admin;posx-frido-b2b-admin;posx-frido-mobility-admin;posx-mokobara-admin;posx-ugaoo-admin
e2c8765728f3add5,8,8,src/routes/locations/location-service-zone-shipping-option-create/components/create-shipping-options-form/schema.ts,posx-comet-admin;posx-demo-admin;posx-eume-admin;posx-frido-admin;posx-frido-b2b-admin;posx-frido-mobility-admin;posx-mokobara-admin;posx-ugaoo-admin
f26549af6e18fd95,8,8,src/routes/locations/location-service-zone-shipping-option-create/components/create-shipping-options-form/create-shipping-option-details-form.tsx,posx-comet-admin;posx-demo-admin;posx-eume-admin;posx-frido-admin;posx-frido-b2b-admin;posx-frido-mobility-admin;posx-mokobara-admin;posx-ugaoo-admin
4091e406426654a5,8,8,src/routes/locations/location-service-zone-shipping-option-create/components/create-shipping-options-form/create-shipping-options-prices-form.tsx,posx-comet-admin;posx-demo-admin;posx-eume-admin;posx-frido-admin;posx-frido-b2b-admin;posx-frido-mobility-admin;posx-mokobara-admin;posx-ugaoo-admin
df15926045b4cc15,8,8,src/routes/locations/location-service-zone-shipping-option-create/components/create-shipping-options-form/index.ts,posx-comet-admin;posx-demo-admin;posx-eume-admin;posx-frido-admin;posx-frido-b2b-admin;posx-frido-mobility-admin;posx-mokobara-admin;posx-ugaoo-admin
791b209cfe59ed74,8,8,src/routes/locations/location-service-zone-shipping-option-create/components/create-shipping-options-form/create-shipping-options-form.tsx,posx-comet-admin;posx-demo-admin;posx-eume-admin;posx-frido-admin;posx-frido-b2b-admin;posx-frido-mobility-admin;posx-mokobara-admin;posx-ugaoo-admin
0ae879daada72905,8,8,src/routes/locations/location-service-zone-manage-areas/components/edit-region-areas-form/edit-service-zone-areas-form.tsx,posx-comet-admin;posx-demo-admin;posx-eume-admin;posx-frido-admin;posx-frido-b2b-admin;posx-frido-mobility-admin;posx-mokobara-admin;posx-ugaoo-admin
1d1ce5a4b555a57c,8,8,src/routes/locations/location-service-zone-manage-areas/components/edit-region-areas-form/index.ts,posx-comet-admin;posx-demo-admin;posx-eume-admin;posx-frido-admin;posx-frido-b2b-admin;posx-frido-mobility-admin;posx-mokobara-admin;posx-ugaoo-admin
d145c1c98d0c1204,8,8,src/routes/locations/location-service-zone-edit/components/edit-region-form/index.ts,posx-comet-admin;posx-demo-admin;posx-eume-admin;posx-frido-admin;posx-frido-b2b-admin;posx-frido-mobility-admin;posx-mokobara-admin;posx-ugaoo-admin
7ab604498983221e,8,8,src/routes/locations/location-service-zone-edit/components/edit-region-form/edit-service-zone-form.tsx,posx-comet-admin;posx-demo-admin;posx-eume-admin;posx-frido-admin;posx-frido-b2b-admin;posx-frido-mobility-admin;posx-mokobara-admin;posx-ugaoo-admin
b50bb26bfd920d13,8,8,src/routes/locations/location-create/components/create-location-form/create-location-form.tsx,posx-comet-admin;posx-demo-admin;posx-eume-admin;posx-frido-admin;posx-frido-b2b-admin;posx-frido-mobility-admin;posx-mokobara-admin;posx-ugaoo-admin
2020bc7866cc78a8,8,8,src/routes/locations/location-create/components/create-location-form/index.ts,posx-comet-admin;posx-demo-admin;posx-eume-admin;posx-frido-admin;posx-frido-b2b-admin;posx-frido-mobility-admin;posx-mokobara-admin;posx-ugaoo-admin
b37dadbd85941af0,8,8,src/routes/locations/location-detail/components/location-sales-channels-section/locations-sales-channels-section.tsx,posx-comet-admin;posx-demo-admin;posx-eume-admin;posx-frido-admin;posx-frido-b2b-admin;posx-frido-mobility-admin;posx-mokobara-admin;posx-ugaoo-admin
51d09af1532c9181,8,8,src/routes/locations/location-detail/components/location-sales-channels-section/index.ts,posx-comet-admin;posx-demo-admin;posx-eume-admin;posx-frido-admin;posx-frido-b2b-admin;posx-frido-mobility-admin;posx-mokobara-admin;posx-ugaoo-admin
f492fe51cfb0ccfd,8,8,src/routes/locations/location-detail/components/location-fulfillment-providers-section/index.ts,posx-comet-admin;posx-demo-admin;posx-eume-admin;posx-frido-admin;posx-frido-b2b-admin;posx-frido-mobility-admin;posx-mokobara-admin;posx-ugaoo-admin
2fd63030278074f0,8,8,src/routes/locations/location-detail/components/location-fulfillment-providers-section/location-fulfillment-providers-section.tsx,posx-comet-admin;posx-demo-admin;posx-eume-admin;posx-frido-admin;posx-frido-b2b-admin;posx-frido-mobility-admin;posx-mokobara-admin;posx-ugaoo-admin
85cb139765a9ca75,8,8,src/routes/locations/location-detail/components/location-general-section/location-general-section.tsx,posx-comet-admin;posx-demo-admin;posx-eume-admin;posx-frido-admin;posx-frido-b2b-admin;posx-frido-mobility-admin;posx-mokobara-admin;posx-ugaoo-admin
bc5096c37a4c0f63,8,8,src/routes/locations/location-detail/components/location-general-section/index.ts,posx-comet-admin;posx-demo-admin;posx-eume-admin;posx-frido-admin;posx-frido-b2b-admin;posx-frido-mobility-admin;posx-mokobara-admin;posx-ugaoo-admin
3593f1c14410ef77,8,8,src/routes/locations/common/utils/get-custom-shipping-option-price-field-info.ts,posx-comet-admin;posx-demo-admin;posx-eume-admin;posx-frido-admin;posx-frido-b2b-admin;posx-frido-mobility-admin;posx-mokobara-admin;posx-ugaoo-admin
f38d11bb3b670a9b,8,8,src/routes/locations/common/utils/price-rule-helpers.ts,posx-comet-admin;posx-demo-admin;posx-eume-admin;posx-frido-admin;posx-frido-b2b-admin;posx-frido-mobility-admin;posx-mokobara-admin;posx-ugaoo-admin
50b1c8607d635576,8,8,src/routes/locations/common/hooks/use-shipping-option-price-columns.tsx,posx-comet-admin;posx-demo-admin;posx-eume-admin;posx-frido-admin;posx-frido-b2b-admin;posx-frido-mobility-admin;posx-mokobara-admin;posx-ugaoo-admin
00ff22002b7332bb,8,8,src/routes/locations/common/components/conditional-price-form/index.ts,posx-comet-admin;posx-demo-admin;posx-eume-admin;posx-frido-admin;posx-frido-b2b-admin;posx-frido-mobility-admin;posx-mokobara-admin;posx-ugaoo-admin
73c36291ee3960bd,8,8,src/routes/locations/common/components/shipping-option-price-cell/index.ts,posx-comet-admin;posx-demo-admin;posx-eume-admin;posx-frido-admin;posx-frido-b2b-admin;posx-frido-mobility-admin;posx-mokobara-admin;posx-ugaoo-admin
caccc986cb964be4,8,8,src/routes/locations/common/components/geo-zone-form/geo-zone-form.tsx,posx-comet-admin;posx-demo-admin;posx-eume-admin;posx-frido-admin;posx-frido-b2b-admin;posx-frido-mobility-admin;posx-mokobara-admin;posx-ugaoo-admin
bad29104f7f64ddf,8,8,src/routes/locations/common/components/geo-zone-form/index.ts,posx-comet-admin;posx-demo-admin;posx-eume-admin;posx-frido-admin;posx-frido-b2b-admin;posx-frido-mobility-admin;posx-mokobara-admin;posx-ugaoo-admin
e1969cbe96090105,8,8,src/routes/locations/common/components/shipping-option-price-provider/shipping-option-price-provider.tsx,posx-comet-admin;posx-demo-admin;posx-eume-admin;posx-frido-admin;posx-frido-b2b-admin;posx-frido-mobility-admin;posx-mokobara-admin;posx-ugaoo-admin
f989a9857f248df1,8,8,src/routes/locations/common/components/shipping-option-price-provider/shipping-option-price-context.tsx,posx-comet-admin;posx-demo-admin;posx-eume-admin;posx-frido-admin;posx-frido-b2b-admin;posx-frido-mobility-admin;posx-mokobara-admin;posx-ugaoo-admin
e9446654b20a773b,8,8,src/routes/locations/common/components/shipping-option-price-provider/use-shipping-option-price.tsx,posx-comet-admin;posx-demo-admin;posx-eume-admin;posx-frido-admin;posx-frido-b2b-admin;posx-frido-mobility-admin;posx-mokobara-admin;posx-ugaoo-admin
bed12a847cfebb53,8,8,src/routes/locations/common/components/shipping-option-price-provider/index.ts,posx-comet-admin;posx-demo-admin;posx-eume-admin;posx-frido-admin;posx-frido-b2b-admin;posx-frido-mobility-admin;posx-mokobara-admin;posx-ugaoo-admin
88d9c53fce27f935,8,8,src/routes/locations/location-fulfillment-providers/components/edit-fulfillment-providers-form/edit-fulfillment-providers-form.tsx,posx-comet-admin;posx-demo-admin;posx-eume-admin;posx-frido-admin;posx-frido-b2b-admin;posx-frido-mobility-admin;posx-mokobara-admin;posx-ugaoo-admin
e9f4f820733a8983,8,8,src/routes/locations/location-fulfillment-providers/components/edit-fulfillment-providers-form/index.ts,posx-comet-admin;posx-demo-admin;posx-eume-admin;posx-frido-admin;posx-frido-b2b-admin;posx-frido-mobility-admin;posx-mokobara-admin;posx-ugaoo-admin
009bd8572cb56d64,8,8,src/routes/locations/location-list/components/location-list-header/location-list-header.tsx,posx-comet-admin;posx-demo-admin;posx-eume-admin;posx-frido-admin;posx-frido-b2b-admin;posx-frido-mobility-admin;posx-mokobara-admin;posx-ugaoo-admin
70ba091a8dd1bc95,8,8,src/routes/locations/location-list/components/location-list-header/index.ts,posx-comet-admin;posx-demo-admin;posx-eume-admin;posx-frido-admin;posx-frido-b2b-admin;posx-frido-mobility-admin;posx-mokobara-admin;posx-ugaoo-admin
86b5d84d0f276626,8,8,src/routes/locations/location-list/components/location-list-item/location-list-item.tsx,posx-comet-admin;posx-demo-admin;posx-eume-admin;posx-frido-admin;posx-frido-b2b-admin;posx-frido-mobility-admin;posx-mokobara-admin;posx-ugaoo-admin
9c44486a2ef2680a,8,8,src/routes/locations/location-list/components/location-list-item/index.ts,posx-comet-admin;posx-demo-admin;posx-eume-admin;posx-frido-admin;posx-frido-b2b-admin;posx-frido-mobility-admin;posx-mokobara-admin;posx-ugaoo-admin
f375679ae77493fa,8,8,src/routes/locations/location-service-zone-create/components/create-service-zone-form/create-service-zone-form.tsx,posx-comet-admin;posx-demo-admin;posx-eume-admin;posx-frido-admin;posx-frido-b2b-admin;posx-frido-mobility-admin;posx-mokobara-admin;posx-ugaoo-admin
c7542903ed0b4989,8,8,src/routes/locations/location-service-zone-create/components/create-service-zone-form/index.ts,posx-comet-admin;posx-demo-admin;posx-eume-admin;posx-frido-admin;posx-frido-b2b-admin;posx-frido-mobility-admin;posx-mokobara-admin;posx-ugaoo-admin
cde7b264fa6178c0,8,8,src/routes/locations/location-sales-channels/components/edit-sales-channels-form/edit-sales-channels-form.tsx,posx-comet-admin;posx-demo-admin;posx-eume-admin;posx-frido-admin;posx-frido-b2b-admin;posx-frido-mobility-admin;posx-mokobara-admin;posx-ugaoo-admin
76248a84cd4ec987,8,16,src/routes/locations/location-sales-channels/components/edit-sales-channels-form/index.ts;src/routes/products/product-sales-channels/components/edit-sales-channels-form/index.ts,posx-comet-admin;posx-demo-admin;posx-eume-admin;posx-frido-admin;posx-frido-b2b-admin;posx-frido-mobility-admin;posx-mokobara-admin;posx-ugaoo-admin
7fb7c55d702fb4da,8,8,src/routes/locations/location-edit/components/edit-location-form/index.ts,posx-comet-admin;posx-demo-admin;posx-eume-admin;posx-frido-admin;posx-frido-b2b-admin;posx-frido-mobility-admin;posx-mokobara-admin;posx-ugaoo-admin
8d1557242d2cc7c3,8,8,src/routes/locations/location-edit/components/edit-location-form/edit-location-form.tsx,posx-comet-admin;posx-demo-admin;posx-eume-admin;posx-frido-admin;posx-frido-b2b-admin;posx-frido-mobility-admin;posx-mokobara-admin;posx-ugaoo-admin
56ff93f0a2398a1c,8,8,src/routes/locations/location-service-zone-shipping-option-pricing/components/create-shipping-options-form/edit-shipping-options-pricing-form.tsx,posx-comet-admin;posx-demo-admin;posx-eume-admin;posx-frido-admin;posx-frido-b2b-admin;posx-frido-mobility-admin;posx-mokobara-admin;posx-ugaoo-admin
d685adc2cbf334c0,8,8,src/routes/locations/location-service-zone-shipping-option-pricing/components/create-shipping-options-form/index.ts,posx-comet-admin;posx-demo-admin;posx-eume-admin;posx-frido-admin;posx-frido-b2b-admin;posx-frido-mobility-admin;posx-mokobara-admin;posx-ugaoo-admin
f1a9dfca23cb09a8,8,8,src/routes/locations/location-service-zone-shipping-option-edit/components/edit-region-form/index.ts,posx-comet-admin;posx-demo-admin;posx-eume-admin;posx-frido-admin;posx-frido-b2b-admin;posx-frido-mobility-admin;posx-mokobara-admin;posx-ugaoo-admin
930a4d8c6308240e,8,8,src/routes/profile/profile-detail/profile-detail.tsx,posx-comet-admin;posx-demo-admin;posx-eume-admin;posx-frido-admin;posx-frido-b2b-admin;posx-frido-mobility-admin;posx-mokobara-admin;posx-ugaoo-admin
cdc2db046316437f,8,8,src/routes/profile/profile-detail/index.ts,posx-comet-admin;posx-demo-admin;posx-eume-admin;posx-frido-admin;posx-frido-b2b-admin;posx-frido-mobility-admin;posx-mokobara-admin;posx-ugaoo-admin
68edc221b4710992,8,8,src/routes/profile/profile-edit/profile-edit.tsx,posx-comet-admin;posx-demo-admin;posx-eume-admin;posx-frido-admin;posx-frido-b2b-admin;posx-frido-mobility-admin;posx-mokobara-admin;posx-ugaoo-admin
baca65a2ccc48b5b,8,8,src/routes/profile/profile-edit/index.ts,posx-comet-admin;posx-demo-admin;posx-eume-admin;posx-frido-admin;posx-frido-b2b-admin;posx-frido-mobility-admin;posx-mokobara-admin;posx-ugaoo-admin
3b9c00606ec53dfd,8,8,src/routes/profile/profile-detail/components/profile-general-section/profile-general-section.tsx,posx-comet-admin;posx-demo-admin;posx-eume-admin;posx-frido-admin;posx-frido-b2b-admin;posx-frido-mobility-admin;posx-mokobara-admin;posx-ugaoo-admin
a3bc3aa863f59072,8,8,src/routes/profile/profile-detail/components/profile-general-section/index.ts,posx-comet-admin;posx-demo-admin;posx-eume-admin;posx-frido-admin;posx-frido-b2b-admin;posx-frido-mobility-admin;posx-mokobara-admin;posx-ugaoo-admin
f95c59a85aed7075,8,8,src/routes/promotions/promotion-edit-details/index.ts,posx-comet-admin;posx-demo-admin;posx-eume-admin;posx-frido-admin;posx-frido-b2b-admin;posx-frido-mobility-admin;posx-mokobara-admin;posx-ugaoo-admin
3a3f486041765c1a,8,8,src/routes/promotions/promotion-edit-details/promotion-edit-details.tsx,posx-comet-admin;posx-demo-admin;posx-eume-admin;posx-frido-admin;posx-frido-b2b-admin;posx-frido-mobility-admin;posx-mokobara-admin;posx-ugaoo-admin
0877294de2d635dd,8,8,src/routes/promotions/promotion-add-campaign/promotion-add-campaign.tsx,posx-comet-admin;posx-demo-admin;posx-eume-admin;posx-frido-admin;posx-frido-b2b-admin;posx-frido-mobility-admin;posx-mokobara-admin;posx-ugaoo-admin
1194d0821347529d,8,8,src/routes/promotions/promotion-add-campaign/index.ts,posx-comet-admin;posx-demo-admin;posx-eume-admin;posx-frido-admin;posx-frido-b2b-admin;posx-frido-mobility-admin;posx-mokobara-admin;posx-ugaoo-admin
ee0acccf8cff561b,8,8,src/routes/promotions/promotion-list/loader.ts,posx-comet-admin;posx-demo-admin;posx-eume-admin;posx-frido-admin;posx-frido-b2b-admin;posx-frido-mobility-admin;posx-mokobara-admin;posx-ugaoo-admin
4d85dff42114b7c4,8,8,src/routes/promotions/promotion-list/promotions-list.tsx,posx-comet-admin;posx-demo-admin;posx-eume-admin;posx-frido-admin;posx-frido-b2b-admin;posx-frido-mobility-admin;posx-mokobara-admin;posx-ugaoo-admin
6f7f6bec8db4a545,8,8,src/routes/promotions/promotion-list/index.ts,posx-comet-admin;posx-demo-admin;posx-eume-admin;posx-frido-admin;posx-frido-b2b-admin;posx-frido-mobility-admin;posx-mokobara-admin;posx-ugaoo-admin
f99eec5737983933,8,8,src/routes/promotions/promotion-create/promotion-create.tsx,posx-comet-admin;posx-demo-admin;posx-eume-admin;posx-frido-admin;posx-frido-b2b-admin;posx-frido-mobility-admin;posx-mokobara-admin;posx-ugaoo-admin
24638cea6d5fc75a,8,8,src/routes/promotions/promotion-create/index.ts,posx-comet-admin;posx-demo-admin;posx-eume-admin;posx-frido-admin;posx-frido-b2b-admin;posx-frido-mobility-admin;posx-mokobara-admin;posx-ugaoo-admin
0da1315f6ce3a8e3,8,8,src/routes/promotions/promotion-detail/loader.ts,posx-comet-admin;posx-demo-admin;posx-eume-admin;posx-frido-admin;posx-frido-b2b-admin;posx-frido-mobility-admin;posx-mokobara-admin;posx-ugaoo-admin
6f13e884b0104445,8,8,src/routes/promotions/promotion-detail/promotion-detail.tsx,posx-comet-admin;posx-demo-admin;posx-eume-admin;posx-frido-admin;posx-frido-b2b-admin;posx-frido-mobility-admin;posx-mokobara-admin;posx-ugaoo-admin
d005a086b784a539,8,8,src/routes/promotions/promotion-detail/breadcrumb.tsx,posx-comet-admin;posx-demo-admin;posx-eume-admin;posx-frido-admin;posx-frido-b2b-admin;posx-frido-mobility-admin;posx-mokobara-admin;posx-ugaoo-admin
e1c45d377f4cd6c6,8,8,src/routes/promotions/promotion-detail/index.ts,posx-comet-admin;posx-demo-admin;posx-eume-admin;posx-frido-admin;posx-frido-b2b-admin;posx-frido-mobility-admin;posx-mokobara-admin;posx-ugaoo-admin
cd059c1a3c5f1310,8,8,src/routes/promotions/promotion-detail/components/campaign-section/campaign-section.tsx,posx-comet-admin;posx-demo-admin;posx-eume-admin;posx-frido-admin;posx-frido-b2b-admin;posx-frido-mobility-admin;posx-mokobara-admin;posx-ugaoo-admin
7cbd35ed38ddf1dd,8,8,src/routes/promotions/promotion-detail/components/campaign-section/index.ts,posx-comet-admin;posx-demo-admin;posx-eume-admin;posx-frido-admin;posx-frido-b2b-admin;posx-frido-mobility-admin;posx-mokobara-admin;posx-ugaoo-admin
02e4225da8db3971,8,8,src/routes/promotions/promotion-detail/components/promotion-general-section/promotion-general-section.tsx,posx-comet-admin;posx-demo-admin;posx-eume-admin;posx-frido-admin;posx-frido-b2b-admin;posx-frido-mobility-admin;posx-mokobara-admin;posx-ugaoo-admin
7daf434cd5b96463,8,8,src/routes/promotions/promotion-detail/components/promotion-general-section/index.ts,posx-comet-admin;posx-demo-admin;posx-eume-admin;posx-frido-admin;posx-frido-b2b-admin;posx-frido-mobility-admin;posx-mokobara-admin;posx-ugaoo-admin
76cfec5e9da737f6,8,8,src/routes/promotions/promotion-detail/components/promotion-conditions-section/promotion-conditions-section.tsx,posx-comet-admin;posx-demo-admin;posx-eume-admin;posx-frido-admin;posx-frido-b2b-admin;posx-frido-mobility-admin;posx-mokobara-admin;posx-ugaoo-admin
4c0e89ea6ff74d3b,8,8,src/routes/promotions/promotion-detail/components/promotion-conditions-section/index.ts,posx-comet-admin;posx-demo-admin;posx-eume-admin;posx-frido-admin;posx-frido-b2b-admin;posx-frido-mobility-admin;posx-mokobara-admin;posx-ugaoo-admin
af52829ed2d4da2b,8,8,src/routes/promotions/promotion-create/components/create-promotion-form/form-schema.ts,posx-comet-admin;posx-demo-admin;posx-eume-admin;posx-frido-admin;posx-frido-b2b-admin;posx-frido-mobility-admin;posx-mokobara-admin;posx-ugaoo-admin
6b96eac8e0cbbd6c,8,8,src/routes/promotions/promotion-create/components/create-promotion-form/templates.ts,posx-comet-admin;posx-demo-admin;posx-eume-admin;posx-frido-admin;posx-frido-b2b-admin;posx-frido-mobility-admin;posx-mokobara-admin;posx-ugaoo-admin
8293fc9ec77f041b,8,8,src/routes/promotions/promotion-create/components/create-promotion-form/constants.ts,posx-comet-admin;posx-demo-admin;posx-eume-admin;posx-frido-admin;posx-frido-b2b-admin;posx-frido-mobility-admin;posx-mokobara-admin;posx-ugaoo-admin
405c22822e9114c8,8,8,src/routes/promotions/promotion-create/components/create-promotion-form/index.ts,posx-comet-admin;posx-demo-admin;posx-eume-admin;posx-frido-admin;posx-frido-b2b-admin;posx-frido-mobility-admin;posx-mokobara-admin;posx-ugaoo-admin
4242d7473647bfd7,8,8,src/routes/promotions/promotion-list/components/promotion-list-table/promotion-list-table.tsx,posx-comet-admin;posx-demo-admin;posx-eume-admin;posx-frido-admin;posx-frido-b2b-admin;posx-frido-mobility-admin;posx-mokobara-admin;posx-ugaoo-admin
bab9dc59ec7f6deb,8,8,src/routes/promotions/promotion-list/components/promotion-list-table/index.ts,posx-comet-admin;posx-demo-admin;posx-eume-admin;posx-frido-admin;posx-frido-b2b-admin;posx-frido-mobility-admin;posx-mokobara-admin;posx-ugaoo-admin
70268216c39071d7,8,8,src/routes/promotions/promotion-add-campaign/components/add-campaign-promotion-form/add-campaign-promotion-form.tsx,posx-comet-admin;posx-demo-admin;posx-eume-admin;posx-frido-admin;posx-frido-b2b-admin;posx-frido-mobility-admin;posx-mokobara-admin;posx-ugaoo-admin
9ec66116cc6cf30a,8,8,src/routes/promotions/promotion-add-campaign/components/add-campaign-promotion-form/campaign-details.tsx,posx-comet-admin;posx-demo-admin;posx-eume-admin;posx-frido-admin;posx-frido-b2b-admin;posx-frido-mobility-admin;posx-mokobara-admin;posx-ugaoo-admin
3bce9ede5ff4f1cd,8,8,src/routes/promotions/promotion-add-campaign/components/add-campaign-promotion-form/index.ts,posx-comet-admin;posx-demo-admin;posx-eume-admin;posx-frido-admin;posx-frido-b2b-admin;posx-frido-mobility-admin;posx-mokobara-admin;posx-ugaoo-admin
983adbfe5ad3c498,8,8,src/routes/promotions/common/edit-rules/edit-rules.tsx,posx-comet-admin;posx-demo-admin;posx-eume-admin;posx-frido-admin;posx-frido-b2b-admin;posx-frido-mobility-admin;posx-mokobara-admin;posx-ugaoo-admin
0ea56f6105ed1167,8,8,src/routes/promotions/common/edit-rules/index.ts,posx-comet-admin;posx-demo-admin;posx-eume-admin;posx-frido-admin;posx-frido-b2b-admin;posx-frido-mobility-admin;posx-mokobara-admin;posx-ugaoo-admin
a143f6898870895a,8,8,src/routes/promotions/common/edit-rules/components/rules-form-field/rules-form-field.tsx,posx-comet-admin;posx-demo-admin;posx-eume-admin;posx-frido-admin;posx-frido-b2b-admin;posx-frido-mobility-admin;posx-mokobara-admin;posx-ugaoo-admin
364c8234585bb00f,8,8,src/routes/promotions/common/edit-rules/components/rules-form-field/constants.ts,posx-comet-admin;posx-demo-admin;posx-eume-admin;posx-frido-admin;posx-frido-b2b-admin;posx-frido-mobility-admin;posx-mokobara-admin;posx-ugaoo-admin
298eb8b349465de9,8,8,src/routes/promotions/common/edit-rules/components/rules-form-field/index.ts,posx-comet-admin;posx-demo-admin;posx-eume-admin;posx-frido-admin;posx-frido-b2b-admin;posx-frido-mobility-admin;posx-mokobara-admin;posx-ugaoo-admin
7bc0fbe280b9e452,8,8,src/routes/promotions/common/edit-rules/components/edit-rules-form/form-schema.ts,posx-comet-admin;posx-demo-admin;posx-eume-admin;posx-frido-admin;posx-frido-b2b-admin;posx-frido-mobility-admin;posx-mokobara-admin;posx-ugaoo-admin
ff7c496c1b577e06,8,8,src/routes/promotions/common/edit-rules/components/edit-rules-form/utils.ts,posx-comet-admin;posx-demo-admin;posx-eume-admin;posx-frido-admin;posx-frido-b2b-admin;posx-frido-mobility-admin;posx-mokobara-admin;posx-ugaoo-admin
1de60ec60b3a5ea5,8,8,src/routes/promotions/common/edit-rules/components/edit-rules-form/edit-rules-form.tsx,posx-comet-admin;posx-demo-admin;posx-eume-admin;posx-frido-admin;posx-frido-b2b-admin;posx-frido-mobility-admin;posx-mokobara-admin;posx-ugaoo-admin
4a026fc22e071631,8,8,src/routes/promotions/common/edit-rules/components/edit-rules-form/index.ts,posx-comet-admin;posx-demo-admin;posx-eume-admin;posx-frido-admin;posx-frido-b2b-admin;posx-frido-mobility-admin;posx-mokobara-admin;posx-ugaoo-admin
1587298fdde89529,8,8,src/routes/promotions/common/edit-rules/components/edit-rules-wrapper/edit-rules-wrapper.tsx,posx-comet-admin;posx-demo-admin;posx-eume-admin;posx-frido-admin;posx-frido-b2b-admin;posx-frido-mobility-admin;posx-mokobara-admin;posx-ugaoo-admin
c55e27b1b0db5ffd,8,8,src/routes/promotions/common/edit-rules/components/edit-rules-wrapper/utils.ts,posx-comet-admin;posx-demo-admin;posx-eume-admin;posx-frido-admin;posx-frido-b2b-admin;posx-frido-mobility-admin;posx-mokobara-admin;posx-ugaoo-admin
7d1782755093211a,8,8,src/routes/promotions/common/edit-rules/components/edit-rules-wrapper/index.ts,posx-comet-admin;posx-demo-admin;posx-eume-admin;posx-frido-admin;posx-frido-b2b-admin;posx-frido-mobility-admin;posx-mokobara-admin;posx-ugaoo-admin
7a987ad71606c601,8,8,src/routes/promotions/common/edit-rules/components/rule-value-form-field/rule-value-form-field.tsx,posx-comet-admin;posx-demo-admin;posx-eume-admin;posx-frido-admin;posx-frido-b2b-admin;posx-frido-mobility-admin;posx-mokobara-admin;posx-ugaoo-admin
92bc631ba1eeab4f,8,8,src/routes/promotions/common/edit-rules/components/rule-value-form-field/index.ts,posx-comet-admin;posx-demo-admin;posx-eume-admin;posx-frido-admin;posx-frido-b2b-admin;posx-frido-mobility-admin;posx-mokobara-admin;posx-ugaoo-admin
0b75b41e570dcb13,8,8,src/routes/promotions/promotion-edit-details/components/edit-promotion-form/edit-promotion-details-form.tsx,posx-comet-admin;posx-demo-admin;posx-eume-admin;posx-frido-admin;posx-frido-b2b-admin;posx-frido-mobility-admin;posx-mokobara-admin;posx-ugaoo-admin
c57b4dbd59433a47,8,8,src/routes/promotions/promotion-edit-details/components/edit-promotion-form/index.ts,posx-comet-admin;posx-demo-admin;posx-eume-admin;posx-frido-admin;posx-frido-b2b-admin;posx-frido-mobility-admin;posx-mokobara-admin;posx-ugaoo-admin
78b7eb9e3af6ac84,8,8,src/routes/global-config/global-config-create/index.ts,posx-comet-admin;posx-demo-admin;posx-eume-admin;posx-frido-admin;posx-frido-b2b-admin;posx-frido-mobility-admin;posx-mokobara-admin;posx-ugaoo-admin
1520123d154eb798,8,8,src/routes/global-config/global-config-list/global-config-list.tsx,posx-comet-admin;posx-demo-admin;posx-eume-admin;posx-frido-admin;posx-frido-b2b-admin;posx-frido-mobility-admin;posx-mokobara-admin;posx-ugaoo-admin
a42d4adde0dfd419,8,8,src/routes/global-config/global-config-list/index.ts,posx-comet-admin;posx-demo-admin;posx-eume-admin;posx-frido-admin;posx-frido-b2b-admin;posx-frido-mobility-admin;posx-mokobara-admin;posx-ugaoo-admin
fc7efad2d8be3eb6,8,8,src/routes/global-config/global-config-detail/loader.ts,posx-comet-admin;posx-demo-admin;posx-eume-admin;posx-frido-admin;posx-frido-b2b-admin;posx-frido-mobility-admin;posx-mokobara-admin;posx-ugaoo-admin
28c0fc80b939a514,8,8,src/routes/global-config/global-config-detail/breadcrumb.tsx,posx-comet-admin;posx-demo-admin;posx-eume-admin;posx-frido-admin;posx-frido-b2b-admin;posx-frido-mobility-admin;posx-mokobara-admin;posx-ugaoo-admin
dfbe4f8a270e1580,8,8,src/routes/global-config/global-config-detail/global-config-detail.tsx,posx-comet-admin;posx-demo-admin;posx-eume-admin;posx-frido-admin;posx-frido-b2b-admin;posx-frido-mobility-admin;posx-mokobara-admin;posx-ugaoo-admin
2596f3c27ff27388,8,8,src/routes/global-config/global-config-detail/index.ts,posx-comet-admin;posx-demo-admin;posx-eume-admin;posx-frido-admin;posx-frido-b2b-admin;posx-frido-mobility-admin;posx-mokobara-admin;posx-ugaoo-admin
1e04bab379338656,8,8,src/routes/global-config/global-config-edit/index.ts,posx-comet-admin;posx-demo-admin;posx-eume-admin;posx-frido-admin;posx-frido-b2b-admin;posx-frido-mobility-admin;posx-mokobara-admin;posx-ugaoo-admin
157ce9ae6693b009,8,8,src/routes/global-config/global-config-edit/global-config-edit.tsx,posx-comet-admin;posx-demo-admin;posx-eume-admin;posx-frido-admin;posx-frido-b2b-admin;posx-frido-mobility-admin;posx-mokobara-admin;posx-ugaoo-admin
bcd94121fd43e652,8,8,src/routes/global-config/global-config-edit/components/edit-global-config-form/index.ts,posx-comet-admin;posx-demo-admin;posx-eume-admin;posx-frido-admin;posx-frido-b2b-admin;posx-frido-mobility-admin;posx-mokobara-admin;posx-ugaoo-admin
ea49cc6ffbc26f8b,8,8,src/routes/global-config/global-config-detail/components/global-config-info-section.tsx,posx-comet-admin;posx-demo-admin;posx-eume-admin;posx-frido-admin;posx-frido-b2b-admin;posx-frido-mobility-admin;posx-mokobara-admin;posx-ugaoo-admin
840ba9cbab20edcb,8,8,src/routes/global-config/global-config-list/components/use-global-config-table-query.tsx,posx-comet-admin;posx-demo-admin;posx-eume-admin;posx-frido-admin;posx-frido-b2b-admin;posx-frido-mobility-admin;posx-mokobara-admin;posx-ugaoo-admin
26abf4cec5e840c8,8,8,src/routes/global-config/global-config-list/components/global-config-list-table/index.ts,posx-comet-admin;posx-demo-admin;posx-eume-admin;posx-frido-admin;posx-frido-b2b-admin;posx-frido-mobility-admin;posx-mokobara-admin;posx-ugaoo-admin
935b708c708aa759,8,8,src/routes/return-reasons/return-reason-create/return-reason-create.tsx,posx-comet-admin;posx-demo-admin;posx-eume-admin;posx-frido-admin;posx-frido-b2b-admin;posx-frido-mobility-admin;posx-mokobara-admin;posx-ugaoo-admin
f4631c07be555bad,8,8,src/routes/return-reasons/return-reason-create/index.ts,posx-comet-admin;posx-demo-admin;posx-eume-admin;posx-frido-admin;posx-frido-b2b-admin;posx-frido-mobility-admin;posx-mokobara-admin;posx-ugaoo-admin
34e10bb63d0a4584,8,8,src/routes/return-reasons/return-reason-edit/return-reason-edit.tsx,posx-comet-admin;posx-demo-admin;posx-eume-admin;posx-frido-admin;posx-frido-b2b-admin;posx-frido-mobility-admin;posx-mokobara-admin;posx-ugaoo-admin
0adfee63c78cd34a,8,8,src/routes/return-reasons/return-reason-edit/index.ts,posx-comet-admin;posx-demo-admin;posx-eume-admin;posx-frido-admin;posx-frido-b2b-admin;posx-frido-mobility-admin;posx-mokobara-admin;posx-ugaoo-admin
74d538b16f1a9a13,8,8,src/routes/return-reasons/return-reason-list/return-reason-list.tsx,posx-comet-admin;posx-demo-admin;posx-eume-admin;posx-frido-admin;posx-frido-b2b-admin;posx-frido-mobility-admin;posx-mokobara-admin;posx-ugaoo-admin
410837a9f4c177f4,8,8,src/routes/return-reasons/return-reason-list/loader.ts,posx-comet-admin;posx-demo-admin;posx-eume-admin;posx-frido-admin;posx-frido-b2b-admin;posx-frido-mobility-admin;posx-mokobara-admin;posx-ugaoo-admin
b8b5384bf814f6ff,8,8,src/routes/return-reasons/return-reason-list/index.ts,posx-comet-admin;posx-demo-admin;posx-eume-admin;posx-frido-admin;posx-frido-b2b-admin;posx-frido-mobility-admin;posx-mokobara-admin;posx-ugaoo-admin
7ab66162d8bee4d9,8,8,src/routes/return-reasons/return-reason-list/components/return-reason-list-table/return-reason-list-table.tsx,posx-comet-admin;posx-demo-admin;posx-eume-admin;posx-frido-admin;posx-frido-b2b-admin;posx-frido-mobility-admin;posx-mokobara-admin;posx-ugaoo-admin
b1336c7bb913af97,8,8,src/routes/return-reasons/return-reason-list/components/return-reason-list-table/index.ts,posx-comet-admin;posx-demo-admin;posx-eume-admin;posx-frido-admin;posx-frido-b2b-admin;posx-frido-mobility-admin;posx-mokobara-admin;posx-ugaoo-admin
0afd0a4ee7601fa0,8,8,src/routes/return-reasons/return-reason-edit/components/return-reason-edit-form/return-reason-edit-form.tsx,posx-comet-admin;posx-demo-admin;posx-eume-admin;posx-frido-admin;posx-frido-b2b-admin;posx-frido-mobility-admin;posx-mokobara-admin;posx-ugaoo-admin
e83f71cbf308c128,8,8,src/routes/return-reasons/return-reason-edit/components/return-reason-edit-form/index.ts,posx-comet-admin;posx-demo-admin;posx-eume-admin;posx-frido-admin;posx-frido-b2b-admin;posx-frido-mobility-admin;posx-mokobara-admin;posx-ugaoo-admin
6efddbadb08b0ea0,8,8,src/routes/return-reasons/common/hooks/use-delete-return-reason-action.tsx,posx-comet-admin;posx-demo-admin;posx-eume-admin;posx-frido-admin;posx-frido-b2b-admin;posx-frido-mobility-admin;posx-mokobara-admin;posx-ugaoo-admin
66b6e1c75b663ae5,8,8,src/routes/return-reasons/return-reason-create/components/return-reason-create-form/index.ts,posx-comet-admin;posx-demo-admin;posx-eume-admin;posx-frido-admin;posx-frido-b2b-admin;posx-frido-mobility-admin;posx-mokobara-admin;posx-ugaoo-admin
79843b37d14a0a6d,8,8,src/routes/return-reasons/return-reason-create/components/return-reason-create-form/return-reason-create-form.tsx,posx-comet-admin;posx-demo-admin;posx-eume-admin;posx-frido-admin;posx-frido-b2b-admin;posx-frido-mobility-admin;posx-mokobara-admin;posx-ugaoo-admin
2b580c8ed5ccaeca,8,8,src/routes/customer-groups/customer-group-create/customer-group-create.tsx,posx-comet-admin;posx-demo-admin;posx-eume-admin;posx-frido-admin;posx-frido-b2b-admin;posx-frido-mobility-admin;posx-mokobara-admin;posx-ugaoo-admin
70500727f973f98c,8,8,src/routes/customer-groups/customer-group-create/index.ts,posx-comet-admin;posx-demo-admin;posx-eume-admin;posx-frido-admin;posx-frido-b2b-admin;posx-frido-mobility-admin;posx-mokobara-admin;posx-ugaoo-admin
86f2366ce1803faa,8,8,src/routes/customer-groups/customer-group-edit/index.ts,posx-comet-admin;posx-demo-admin;posx-eume-admin;posx-frido-admin;posx-frido-b2b-admin;posx-frido-mobility-admin;posx-mokobara-admin;posx-ugaoo-admin
d422cb160425b409,8,8,src/routes/customer-groups/customer-group-edit/customer-group-edit.tsx,posx-comet-admin;posx-demo-admin;posx-eume-admin;posx-frido-admin;posx-frido-b2b-admin;posx-frido-mobility-admin;posx-mokobara-admin;posx-ugaoo-admin
2004c2ab37e93b0c,8,8,src/routes/customer-groups/customer-group-list/customer-group-list.tsx,posx-comet-admin;posx-demo-admin;posx-eume-admin;posx-frido-admin;posx-frido-b2b-admin;posx-frido-mobility-admin;posx-mokobara-admin;posx-ugaoo-admin
a12d974ee5796747,8,8,src/routes/customer-groups/customer-group-list/index.ts,posx-comet-admin;posx-demo-admin;posx-eume-admin;posx-frido-admin;posx-frido-b2b-admin;posx-frido-mobility-admin;posx-mokobara-admin;posx-ugaoo-admin
64b18d233b7967e6,8,8,src/routes/customer-groups/customer-group-detail/customer-group-detail.tsx,posx-comet-admin;posx-demo-admin;posx-eume-admin;posx-frido-admin;posx-frido-b2b-admin;posx-frido-mobility-admin;posx-mokobara-admin;posx-ugaoo-admin
2060ecc685aa56e8,8,8,src/routes/customer-groups/customer-group-detail/loader.ts,posx-comet-admin;posx-demo-admin;posx-eume-admin;posx-frido-admin;posx-frido-b2b-admin;posx-frido-mobility-admin;posx-mokobara-admin;posx-ugaoo-admin
add09922e57ab000,8,8,src/routes/customer-groups/customer-group-detail/breadcrumb.tsx,posx-comet-admin;posx-demo-admin;posx-eume-admin;posx-frido-admin;posx-frido-b2b-admin;posx-frido-mobility-admin;posx-mokobara-admin;posx-ugaoo-admin
e7d1263d237783cc,8,8,src/routes/customer-groups/customer-group-detail/constants.ts,posx-comet-admin;posx-demo-admin;posx-eume-admin;posx-frido-admin;posx-frido-b2b-admin;posx-frido-mobility-admin;posx-mokobara-admin;posx-ugaoo-admin
9f5545026b35e39c,8,8,src/routes/customer-groups/customer-group-detail/index.ts,posx-comet-admin;posx-demo-admin;posx-eume-admin;posx-frido-admin;posx-frido-b2b-admin;posx-frido-mobility-admin;posx-mokobara-admin;posx-ugaoo-admin
a8ac61db525c0505,8,8,src/routes/customer-groups/customer-group-metadata/customer-metadata.tsx,posx-comet-admin;posx-demo-admin;posx-eume-admin;posx-frido-admin;posx-frido-b2b-admin;posx-frido-mobility-admin;posx-mokobara-admin;posx-ugaoo-admin
b0abe5d8b47eae37,8,8,src/routes/customer-groups/customer-group-metadata/index.ts,posx-comet-admin;posx-demo-admin;posx-eume-admin;posx-frido-admin;posx-frido-b2b-admin;posx-frido-mobility-admin;posx-mokobara-admin;posx-ugaoo-admin
8a6f339597f2f151,8,8,src/routes/customer-groups/customer-group-add-customers/customer-group-add-customers.tsx,posx-comet-admin;posx-demo-admin;posx-eume-admin;posx-frido-admin;posx-frido-b2b-admin;posx-frido-mobility-admin;posx-mokobara-admin;posx-ugaoo-admin
a00dac8502a8b7ef,8,8,src/routes/customer-groups/customer-group-add-customers/index.ts,posx-comet-admin;posx-demo-admin;posx-eume-admin;posx-frido-admin;posx-frido-b2b-admin;posx-frido-mobility-admin;posx-mokobara-admin;posx-ugaoo-admin
a83bfbbf518d1bd0,8,8,src/routes/customer-groups/customer-group-add-customers/components/add-customers-form/index.ts,posx-comet-admin;posx-demo-admin;posx-eume-admin;posx-frido-admin;posx-frido-b2b-admin;posx-frido-mobility-admin;posx-mokobara-admin;posx-ugaoo-admin
9f6a6ac5f7e70c5e,8,8,src/routes/customer-groups/customer-group-add-customers/components/add-customers-form/add-customers-form.tsx,posx-comet-admin;posx-demo-admin;posx-eume-admin;posx-frido-admin;posx-frido-b2b-admin;posx-frido-mobility-admin;posx-mokobara-admin;posx-ugaoo-admin
6fde9e4b3c23f5a4,8,8,src/routes/customer-groups/customer-group-detail/components/customer-group-customer-section/index.ts,posx-comet-admin;posx-demo-admin;posx-eume-admin;posx-frido-admin;posx-frido-b2b-admin;posx-frido-mobility-admin;posx-mokobara-admin;posx-ugaoo-admin
0ae027293dfb9a9d,8,8,src/routes/customer-groups/customer-group-detail/components/customer-group-customer-section/customer-group-customer-section.tsx,posx-comet-admin;posx-demo-admin;posx-eume-admin;posx-frido-admin;posx-frido-b2b-admin;posx-frido-mobility-admin;posx-mokobara-admin;posx-ugaoo-admin
ad232063fe81a492,8,8,src/routes/customer-groups/customer-group-detail/components/customer-group-general-section/index.ts,posx-comet-admin;posx-demo-admin;posx-eume-admin;posx-frido-admin;posx-frido-b2b-admin;posx-frido-mobility-admin;posx-mokobara-admin;posx-ugaoo-admin
e4b9ab5909bee60d,8,8,src/routes/customer-groups/customer-group-detail/components/customer-group-general-section/customer-group-general-section.tsx,posx-comet-admin;posx-demo-admin;posx-eume-admin;posx-frido-admin;posx-frido-b2b-admin;posx-frido-mobility-admin;posx-mokobara-admin;posx-ugaoo-admin
65443e6e61e725f2,8,8,src/routes/customer-groups/customer-group-list/components/customer-group-list-table/index.ts,posx-comet-admin;posx-demo-admin;posx-eume-admin;posx-frido-admin;posx-frido-b2b-admin;posx-frido-mobility-admin;posx-mokobara-admin;posx-ugaoo-admin
b63fc57905c93682,8,8,src/routes/customer-groups/customer-group-list/components/customer-group-list-table/customer-group-list-table.tsx,posx-comet-admin;posx-demo-admin;posx-eume-admin;posx-frido-admin;posx-frido-b2b-admin;posx-frido-mobility-admin;posx-mokobara-admin;posx-ugaoo-admin
195b731c7921e315,8,8,src/routes/customer-groups/customer-group-edit/components/edit-customer-group-form/edit-customer-group-form.tsx,posx-comet-admin;posx-demo-admin;posx-eume-admin;posx-frido-admin;posx-frido-b2b-admin;posx-frido-mobility-admin;posx-mokobara-admin;posx-ugaoo-admin
aabe9a1e1722ced9,8,8,src/routes/customer-groups/customer-group-edit/components/edit-customer-group-form/index.ts,posx-comet-admin;posx-demo-admin;posx-eume-admin;posx-frido-admin;posx-frido-b2b-admin;posx-frido-mobility-admin;posx-mokobara-admin;posx-ugaoo-admin
3e4b228f8a3928e5,8,8,src/routes/customer-groups/customer-group-create/components/create-customer-group-form/create-customer-group-form.tsx,posx-comet-admin;posx-demo-admin;posx-eume-admin;posx-frido-admin;posx-frido-b2b-admin;posx-frido-mobility-admin;posx-mokobara-admin;posx-ugaoo-admin
e3c354cc63d34b68,8,8,src/routes/customer-groups/customer-group-create/components/create-customer-group-form/index.ts,posx-comet-admin;posx-demo-admin;posx-eume-admin;posx-frido-admin;posx-frido-b2b-admin;posx-frido-mobility-admin;posx-mokobara-admin;posx-ugaoo-admin
feb06c0429685513,8,8,src/routes/store-details/store-list/store-list.tsx,posx-comet-admin;posx-demo-admin;posx-eume-admin;posx-frido-admin;posx-frido-b2b-admin;posx-frido-mobility-admin;posx-mokobara-admin;posx-ugaoo-admin
9ae3fa603fba386c,8,8,src/routes/store-details/store-list/index.ts,posx-comet-admin;posx-demo-admin;posx-eume-admin;posx-frido-admin;posx-frido-b2b-admin;posx-frido-mobility-admin;posx-mokobara-admin;posx-ugaoo-admin
339ad0eef18a376d,8,8,src/routes/store-details/store-edit/index.ts,posx-comet-admin;posx-demo-admin;posx-eume-admin;posx-frido-admin;posx-frido-b2b-admin;posx-frido-mobility-admin;posx-mokobara-admin;posx-ugaoo-admin
b1dc03108ff37964,8,8,src/routes/store-details/store-detail/loader.ts,posx-comet-admin;posx-demo-admin;posx-eume-admin;posx-frido-admin;posx-frido-b2b-admin;posx-frido-mobility-admin;posx-mokobara-admin;posx-ugaoo-admin
7959327bbd9e9f07,8,8,src/routes/store-details/store-detail/index.ts,posx-comet-admin;posx-demo-admin;posx-eume-admin;posx-frido-admin;posx-frido-b2b-admin;posx-frido-mobility-admin;posx-mokobara-admin;posx-ugaoo-admin
fb7b32edb4c9787b,8,8,src/routes/store-details/store-details-create/store-details-create.tsx,posx-comet-admin;posx-demo-admin;posx-eume-admin;posx-frido-admin;posx-frido-b2b-admin;posx-frido-mobility-admin;posx-mokobara-admin;posx-ugaoo-admin
20625c7c42b9d62d,8,8,src/routes/store-details/store-details-create/index.ts,posx-comet-admin;posx-demo-admin;posx-eume-admin;posx-frido-admin;posx-frido-b2b-admin;posx-frido-mobility-admin;posx-mokobara-admin;posx-ugaoo-admin
78d78a7ee56a2e1c,8,8,src/routes/store-details/store-details-create/components/store-details-create-form/index.ts,posx-comet-admin;posx-demo-admin;posx-eume-admin;posx-frido-admin;posx-frido-b2b-admin;posx-frido-mobility-admin;posx-mokobara-admin;posx-ugaoo-admin
a33b4ff875c2efa3,8,8,src/routes/store-details/store-details-create/components/billing-address-create-form/index.ts,posx-comet-admin;posx-demo-admin;posx-eume-admin;posx-frido-admin;posx-frido-b2b-admin;posx-frido-mobility-admin;posx-mokobara-admin;posx-ugaoo-admin
712d6f17c26d8a59,8,8,src/routes/store-details/store-details-create/components/tax-create-form/index.ts,posx-comet-admin;posx-demo-admin;posx-eume-admin;posx-frido-admin;posx-frido-b2b-admin;posx-frido-mobility-admin;posx-mokobara-admin;posx-ugaoo-admin
eb4cdf2e88b90951,8,8,src/routes/store-details/store-details-create/components/store-code-create-form/index.ts,posx-comet-admin;posx-demo-admin;posx-eume-admin;posx-frido-admin;posx-frido-b2b-admin;posx-frido-mobility-admin;posx-mokobara-admin;posx-ugaoo-admin
f0af1bb33cf3bb7f,8,8,src/routes/store-details/store-details-create/components/basic-info-create-form/index.ts,posx-comet-admin;posx-demo-admin;posx-eume-admin;posx-frido-admin;posx-frido-b2b-admin;posx-frido-mobility-admin;posx-mokobara-admin;posx-ugaoo-admin
0146c85f8c336a6d,8,8,src/routes/store-details/store-details-create/components/address-create-form/index.ts,posx-comet-admin;posx-demo-admin;posx-eume-admin;posx-frido-admin;posx-frido-b2b-admin;posx-frido-mobility-admin;posx-mokobara-admin;posx-ugaoo-admin
b96d64c0d4541bb3,8,8,src/routes/store-details/store-details-create/components/payment-create-form/index.ts,posx-comet-admin;posx-demo-admin;posx-eume-admin;posx-frido-admin;posx-frido-b2b-admin;posx-frido-mobility-admin;posx-mokobara-admin;posx-ugaoo-admin
56e880cbda772e04,8,8,src/routes/store-details/store-detail/components/tax-info-section.tsx,posx-comet-admin;posx-demo-admin;posx-eume-admin;posx-frido-admin;posx-frido-b2b-admin;posx-frido-mobility-admin;posx-mokobara-admin;posx-ugaoo-admin
43030ffaffdde723,8,8,src/routes/store-details/store-detail/components/address-section/index.ts,posx-comet-admin;posx-demo-admin;posx-eume-admin;posx-frido-admin;posx-frido-b2b-admin;posx-frido-mobility-admin;posx-mokobara-admin;posx-ugaoo-admin
1d7f2ed6c06b95cb,8,8,src/routes/store-details/store-detail/components/address-section/address-section.tsx,posx-comet-admin;posx-demo-admin;posx-eume-admin;posx-frido-admin;posx-frido-b2b-admin;posx-frido-mobility-admin;posx-mokobara-admin;posx-ugaoo-admin
ed9188e66da03439,8,8,src/routes/store-details/store-list/components/store-list-table/index.ts,posx-comet-admin;posx-demo-admin;posx-eume-admin;posx-frido-admin;posx-frido-b2b-admin;posx-frido-mobility-admin;posx-mokobara-admin;posx-ugaoo-admin
fb4a5e9000aae22b,8,8,src/routes/product-variants/product-variant-detail/loader.ts,posx-comet-admin;posx-demo-admin;posx-eume-admin;posx-frido-admin;posx-frido-b2b-admin;posx-frido-mobility-admin;posx-mokobara-admin;posx-ugaoo-admin
966e2053f3f4770e,8,8,src/routes/product-variants/product-variant-detail/breadcrumb.tsx,posx-comet-admin;posx-demo-admin;posx-eume-admin;posx-frido-admin;posx-frido-b2b-admin;posx-frido-mobility-admin;posx-mokobara-admin;posx-ugaoo-admin
42aa7e7a2a824c5b,8,8,src/routes/product-variants/product-variant-detail/constants.ts,posx-comet-admin;posx-demo-admin;posx-eume-admin;posx-frido-admin;posx-frido-b2b-admin;posx-frido-mobility-admin;posx-mokobara-admin;posx-ugaoo-admin
7cae11f56c3b8dd6,8,8,src/routes/product-variants/product-variant-detail/index.ts,posx-comet-admin;posx-demo-admin;posx-eume-admin;posx-frido-admin;posx-frido-b2b-admin;posx-frido-mobility-admin;posx-mokobara-admin;posx-ugaoo-admin
7c01188281cbff18,8,8,src/routes/product-variants/product-variant-manage-inventory-items/product-variant-manage-inventory-items.tsx,posx-comet-admin;posx-demo-admin;posx-eume-admin;posx-frido-admin;posx-frido-b2b-admin;posx-frido-mobility-admin;posx-mokobara-admin;posx-ugaoo-admin
1ebc361e3d552ac0,8,8,src/routes/product-variants/product-variant-manage-inventory-items/index.ts,posx-comet-admin;posx-demo-admin;posx-eume-admin;posx-frido-admin;posx-frido-b2b-admin;posx-frido-mobility-admin;posx-mokobara-admin;posx-ugaoo-admin
6d6319ce4c0afeb0,8,8,src/routes/product-variants/product-variant-metadata/index.ts,posx-comet-admin;posx-demo-admin;posx-eume-admin;posx-frido-admin;posx-frido-b2b-admin;posx-frido-mobility-admin;posx-mokobara-admin;posx-ugaoo-admin
e98080bf98bcd229,8,8,src/routes/product-variants/product-variant-metadata/product-variant-metadata.tsx,posx-comet-admin;posx-demo-admin;posx-eume-admin;posx-frido-admin;posx-frido-b2b-admin;posx-frido-mobility-admin;posx-mokobara-admin;posx-ugaoo-admin
40bb43bbbcd5d6d6,8,8,src/routes/product-variants/product-variant-edit/index.ts,posx-comet-admin;posx-demo-admin;posx-eume-admin;posx-frido-admin;posx-frido-b2b-admin;posx-frido-mobility-admin;posx-mokobara-admin;posx-ugaoo-admin
b236d5eb13858fbc,8,8,src/routes/product-variants/product-variant-edit/components/product-edit-variant-form/index.ts,posx-comet-admin;posx-demo-admin;posx-eume-admin;posx-frido-admin;posx-frido-b2b-admin;posx-frido-mobility-admin;posx-mokobara-admin;posx-ugaoo-admin
bed81d9d36e1ecdc,8,8,src/routes/product-variants/product-variant-manage-inventory-items/components/manage-variant-inventory-items-form/index.ts,posx-comet-admin;posx-demo-admin;posx-eume-admin;posx-frido-admin;posx-frido-b2b-admin;posx-frido-mobility-admin;posx-mokobara-admin;posx-ugaoo-admin
7c016e5aafd278af,8,8,src/routes/product-variants/product-variant-manage-inventory-items/components/manage-variant-inventory-items-form/manage-variant-inventory-items-form.tsx,posx-comet-admin;posx-demo-admin;posx-eume-admin;posx-frido-admin;posx-frido-b2b-admin;posx-frido-mobility-admin;posx-mokobara-admin;posx-ugaoo-admin
e43ac593294f336a,8,8,src/routes/product-variants/product-variant-detail/components/variant-general-section/index.ts,posx-comet-admin;posx-demo-admin;posx-eume-admin;posx-frido-admin;posx-frido-b2b-admin;posx-frido-mobility-admin;posx-mokobara-admin;posx-ugaoo-admin
a12e76ffc93b67fa,8,8,src/routes/product-variants/product-variant-detail/components/variant-inventory-section/use-inventory-table-columns.tsx,posx-comet-admin;posx-demo-admin;posx-eume-admin;posx-frido-admin;posx-frido-b2b-admin;posx-frido-mobility-admin;posx-mokobara-admin;posx-ugaoo-admin
31afb54cf42a78bb,8,8,src/routes/product-variants/product-variant-detail/components/variant-inventory-section/variant-inventory-section.tsx,posx-comet-admin;posx-demo-admin;posx-eume-admin;posx-frido-admin;posx-frido-b2b-admin;posx-frido-mobility-admin;posx-mokobara-admin;posx-ugaoo-admin
ae771e88006343bb,8,8,src/routes/product-variants/product-variant-detail/components/variant-inventory-section/index.ts,posx-comet-admin;posx-demo-admin;posx-eume-admin;posx-frido-admin;posx-frido-b2b-admin;posx-frido-mobility-admin;posx-mokobara-admin;posx-ugaoo-admin
3cb177ea382fdab6,8,8,src/routes/product-variants/product-variant-detail/components/variant-inventory-section/inventory-actions.tsx,posx-comet-admin;posx-demo-admin;posx-eume-admin;posx-frido-admin;posx-frido-b2b-admin;posx-frido-mobility-admin;posx-mokobara-admin;posx-ugaoo-admin
5ecd3d68921c9cd6,8,8,src/routes/product-variants/product-variant-detail/components/variant-prices-section/index.ts,posx-comet-admin;posx-demo-admin;posx-eume-admin;posx-frido-admin;posx-frido-b2b-admin;posx-frido-mobility-admin;posx-mokobara-admin;posx-ugaoo-admin
099acc9d707e4bae,8,8,src/routes/api-key-management/api-key-management-detail/loader.ts,posx-comet-admin;posx-demo-admin;posx-eume-admin;posx-frido-admin;posx-frido-b2b-admin;posx-frido-mobility-admin;posx-mokobara-admin;posx-ugaoo-admin
cb9fcfecd9b116c4,8,8,src/routes/api-key-management/api-key-management-detail/breadcrumb.tsx,posx-comet-admin;posx-demo-admin;posx-eume-admin;posx-frido-admin;posx-frido-b2b-admin;posx-frido-mobility-admin;posx-mokobara-admin;posx-ugaoo-admin
f966e568c55984cf,8,8,src/routes/api-key-management/api-key-management-detail/api-key-management-detail.tsx,posx-comet-admin;posx-demo-admin;posx-eume-admin;posx-frido-admin;posx-frido-b2b-admin;posx-frido-mobility-admin;posx-mokobara-admin;posx-ugaoo-admin
08460905aa1f5066,8,8,src/routes/api-key-management/api-key-management-detail/index.ts,posx-comet-admin;posx-demo-admin;posx-eume-admin;posx-frido-admin;posx-frido-b2b-admin;posx-frido-mobility-admin;posx-mokobara-admin;posx-ugaoo-admin
bd08c52596affefa,8,8,src/routes/api-key-management/api-key-management-create/api-key-management-create.tsx,posx-comet-admin;posx-demo-admin;posx-eume-admin;posx-frido-admin;posx-frido-b2b-admin;posx-frido-mobility-admin;posx-mokobara-admin;posx-ugaoo-admin
c62ab4aaec107fd5,8,8,src/routes/api-key-management/api-key-management-create/index.ts,posx-comet-admin;posx-demo-admin;posx-eume-admin;posx-frido-admin;posx-frido-b2b-admin;posx-frido-mobility-admin;posx-mokobara-admin;posx-ugaoo-admin
733f4d2d692099ce,8,8,src/routes/api-key-management/api-key-management-sales-channels/api-key-management-sales-channels.tsx,posx-comet-admin;posx-demo-admin;posx-eume-admin;posx-frido-admin;posx-frido-b2b-admin;posx-frido-mobility-admin;posx-mokobara-admin;posx-ugaoo-admin
5d9192d1511a091c,8,8,src/routes/api-key-management/api-key-management-sales-channels/index.ts,posx-comet-admin;posx-demo-admin;posx-eume-admin;posx-frido-admin;posx-frido-b2b-admin;posx-frido-mobility-admin;posx-mokobara-admin;posx-ugaoo-admin
1eb5074f8d1b27a6,8,8,src/routes/api-key-management/common/utils.ts,posx-comet-admin;posx-demo-admin;posx-eume-admin;posx-frido-admin;posx-frido-b2b-admin;posx-frido-mobility-admin;posx-mokobara-admin;posx-ugaoo-admin
584236fb4648b2c4,8,8,src/routes/api-key-management/common/constants.ts,posx-comet-admin;posx-demo-admin;posx-eume-admin;posx-frido-admin;posx-frido-b2b-admin;posx-frido-mobility-admin;posx-mokobara-admin;posx-ugaoo-admin
4d55d566eb56bd57,8,8,src/routes/api-key-management/api-key-management-edit/api-key-management-edit.tsx,posx-comet-admin;posx-demo-admin;posx-eume-admin;posx-frido-admin;posx-frido-b2b-admin;posx-frido-mobility-admin;posx-mokobara-admin;posx-ugaoo-admin
8832a7cef6d8ae92,8,8,src/routes/api-key-management/api-key-management-edit/index.ts,posx-comet-admin;posx-demo-admin;posx-eume-admin;posx-frido-admin;posx-frido-b2b-admin;posx-frido-mobility-admin;posx-mokobara-admin;posx-ugaoo-admin
c3791b23965d5b32,8,8,src/routes/api-key-management/api-key-management-list/api-key-management-list.tsx,posx-comet-admin;posx-demo-admin;posx-eume-admin;posx-frido-admin;posx-frido-b2b-admin;posx-frido-mobility-admin;posx-mokobara-admin;posx-ugaoo-admin
cef25f7bacc4b41c,8,8,src/routes/api-key-management/api-key-management-list/index.ts,posx-comet-admin;posx-demo-admin;posx-eume-admin;posx-frido-admin;posx-frido-b2b-admin;posx-frido-mobility-admin;posx-mokobara-admin;posx-ugaoo-admin
be061bb42ea07210,8,8,src/routes/api-key-management/api-key-management-list/components/api-key-management-list-table/use-api-key-management-table-filters.tsx,posx-comet-admin;posx-demo-admin;posx-eume-admin;posx-frido-admin;posx-frido-b2b-admin;posx-frido-mobility-admin;posx-mokobara-admin;posx-ugaoo-admin
0853eb05122317e6,8,8,src/routes/api-key-management/api-key-management-list/components/api-key-management-list-table/api-key-management-list-table.tsx,posx-comet-admin;posx-demo-admin;posx-eume-admin;posx-frido-admin;posx-frido-b2b-admin;posx-frido-mobility-admin;posx-mokobara-admin;posx-ugaoo-admin
ab44a37b17d1a37e,8,8,src/routes/api-key-management/api-key-management-list/components/api-key-management-list-table/use-api-key-management-table-columns.tsx,posx-comet-admin;posx-demo-admin;posx-eume-admin;posx-frido-admin;posx-frido-b2b-admin;posx-frido-mobility-admin;posx-mokobara-admin;posx-ugaoo-admin
aa7cccd25873d75a,8,8,src/routes/api-key-management/api-key-management-list/components/api-key-management-list-table/api-key-row-actions.tsx,posx-comet-admin;posx-demo-admin;posx-eume-admin;posx-frido-admin;posx-frido-b2b-admin;posx-frido-mobility-admin;posx-mokobara-admin;posx-ugaoo-admin
9360ecf1164bca33,8,8,src/routes/api-key-management/api-key-management-list/components/api-key-management-list-table/use-api-key-management-table-query.tsx,posx-comet-admin;posx-demo-admin;posx-eume-admin;posx-frido-admin;posx-frido-b2b-admin;posx-frido-mobility-admin;posx-mokobara-admin;posx-ugaoo-admin
3f2cc6c849a5e6ed,8,8,src/routes/api-key-management/api-key-management-list/components/api-key-management-list-table/index.ts,posx-comet-admin;posx-demo-admin;posx-eume-admin;posx-frido-admin;posx-frido-b2b-admin;posx-frido-mobility-admin;posx-mokobara-admin;posx-ugaoo-admin
fa6fe47808253a59,8,8,src/routes/api-key-management/api-key-management-edit/components/edit-api-key-form/edit-api-key-form.tsx,posx-comet-admin;posx-demo-admin;posx-eume-admin;posx-frido-admin;posx-frido-b2b-admin;posx-frido-mobility-admin;posx-mokobara-admin;posx-ugaoo-admin
78a79166985d1567,8,8,src/routes/api-key-management/api-key-management-edit/components/edit-api-key-form/index.ts,posx-comet-admin;posx-demo-admin;posx-eume-admin;posx-frido-admin;posx-frido-b2b-admin;posx-frido-mobility-admin;posx-mokobara-admin;posx-ugaoo-admin
d34b79d995572fa0,8,8,src/routes/api-key-management/api-key-management-sales-channels/components/api-key-sales-channels-form/api-key-sales-channels-form.tsx,posx-comet-admin;posx-demo-admin;posx-eume-admin;posx-frido-admin;posx-frido-b2b-admin;posx-frido-mobility-admin;posx-mokobara-admin;posx-ugaoo-admin
6cf3b2e100693e7d,8,8,src/routes/api-key-management/api-key-management-sales-channels/components/api-key-sales-channels-form/index.ts,posx-comet-admin;posx-demo-admin;posx-eume-admin;posx-frido-admin;posx-frido-b2b-admin;posx-frido-mobility-admin;posx-mokobara-admin;posx-ugaoo-admin
5a95298de3486f47,8,8,src/routes/api-key-management/api-key-management-create/components/api-key-create-form/index.ts,posx-comet-admin;posx-demo-admin;posx-eume-admin;posx-frido-admin;posx-frido-b2b-admin;posx-frido-mobility-admin;posx-mokobara-admin;posx-ugaoo-admin
30e3bd2f546db957,8,8,src/routes/api-key-management/api-key-management-detail/components/api-key-general-section/api-key-general-section.tsx,posx-comet-admin;posx-demo-admin;posx-eume-admin;posx-frido-admin;posx-frido-b2b-admin;posx-frido-mobility-admin;posx-mokobara-admin;posx-ugaoo-admin
a40aa7544d560297,8,8,src/routes/api-key-management/api-key-management-detail/components/api-key-general-section/index.ts,posx-comet-admin;posx-demo-admin;posx-eume-admin;posx-frido-admin;posx-frido-b2b-admin;posx-frido-mobility-admin;posx-mokobara-admin;posx-ugaoo-admin
a77c26658a459b04,8,8,src/routes/api-key-management/api-key-management-detail/components/api-key-sales-channel-section/api-key-sales-channel-section.tsx,posx-comet-admin;posx-demo-admin;posx-eume-admin;posx-frido-admin;posx-frido-b2b-admin;posx-frido-mobility-admin;posx-mokobara-admin;posx-ugaoo-admin
3c2a866d867af1d4,8,8,src/routes/api-key-management/api-key-management-detail/components/api-key-sales-channel-section/index.ts,posx-comet-admin;posx-demo-admin;posx-eume-admin;posx-frido-admin;posx-frido-b2b-admin;posx-frido-mobility-admin;posx-mokobara-admin;posx-ugaoo-admin
edcaf79c0e624d30,8,8,src/routes/reservations/reservation-detail/loader.ts,posx-comet-admin;posx-demo-admin;posx-eume-admin;posx-frido-admin;posx-frido-b2b-admin;posx-frido-mobility-admin;posx-mokobara-admin;posx-ugaoo-admin
17c95f421ef70d90,8,8,src/routes/reservations/reservation-detail/breadcrumb.tsx,posx-comet-admin;posx-demo-admin;posx-eume-admin;posx-frido-admin;posx-frido-b2b-admin;posx-frido-mobility-admin;posx-mokobara-admin;posx-ugaoo-admin
d72f1624ce34a6a9,8,8,src/routes/reservations/reservation-detail/index.ts,posx-comet-admin;posx-demo-admin;posx-eume-admin;posx-frido-admin;posx-frido-b2b-admin;posx-frido-mobility-admin;posx-mokobara-admin;posx-ugaoo-admin
27580db8f0b4df98,8,8,src/routes/reservations/reservation-metadata/reservation-metadata.tsx,posx-comet-admin;posx-demo-admin;posx-eume-admin;posx-frido-admin;posx-frido-b2b-admin;posx-frido-mobility-admin;posx-mokobara-admin;posx-ugaoo-admin
795582f168e3e070,8,8,src/routes/reservations/reservation-metadata/index.ts,posx-comet-admin;posx-demo-admin;posx-eume-admin;posx-frido-admin;posx-frido-b2b-admin;posx-frido-mobility-admin;posx-mokobara-admin;posx-ugaoo-admin
88d0f10e4ed51e76,8,8,src/routes/reservations/reservation-create/reservation-create.tsx,posx-comet-admin;posx-demo-admin;posx-eume-admin;posx-frido-admin;posx-frido-b2b-admin;posx-frido-mobility-admin;posx-mokobara-admin;posx-ugaoo-admin
8633c080ac4482cf,8,8,src/routes/reservations/reservation-create/index.ts,posx-comet-admin;posx-demo-admin;posx-eume-admin;posx-frido-admin;posx-frido-b2b-admin;posx-frido-mobility-admin;posx-mokobara-admin;posx-ugaoo-admin
9b25980fb888741d,8,8,src/routes/reservations/reservation-list/constants.ts,posx-comet-admin;posx-demo-admin;posx-eume-admin;posx-frido-admin;posx-frido-b2b-admin;posx-frido-mobility-admin;posx-mokobara-admin;posx-ugaoo-admin
b6c6f4dce856642b,8,8,src/routes/reservations/reservation-list/index.ts,posx-comet-admin;posx-demo-admin;posx-eume-admin;posx-frido-admin;posx-frido-b2b-admin;posx-frido-mobility-admin;posx-mokobara-admin;posx-ugaoo-admin
6744710b3223ea1d,8,8,src/routes/reservations/reservation-list/reservation-list.tsx,posx-comet-admin;posx-demo-admin;posx-eume-admin;posx-frido-admin;posx-frido-b2b-admin;posx-frido-mobility-admin;posx-mokobara-admin;posx-ugaoo-admin
308260b1b939dd34,8,8,src/routes/reservations/reservation-list/components/reservation-list-table/reservation-actions.tsx,posx-comet-admin;posx-demo-admin;posx-eume-admin;posx-frido-admin;posx-frido-b2b-admin;posx-frido-mobility-admin;posx-mokobara-admin;posx-ugaoo-admin
f76b58b9723a582f,8,8,src/routes/reservations/reservation-list/components/reservation-list-table/reservation-list-table.tsx,posx-comet-admin;posx-demo-admin;posx-eume-admin;posx-frido-admin;posx-frido-b2b-admin;posx-frido-mobility-admin;posx-mokobara-admin;posx-ugaoo-admin
381ed666079c1729,8,8,src/routes/reservations/reservation-list/components/reservation-list-table/use-reservation-table-filters.tsx,posx-comet-admin;posx-demo-admin;posx-eume-admin;posx-frido-admin;posx-frido-b2b-admin;posx-frido-mobility-admin;posx-mokobara-admin;posx-ugaoo-admin
6bdd76ad72c011d6,8,8,src/routes/reservations/reservation-list/components/reservation-list-table/use-reservation-table-columns.tsx,posx-comet-admin;posx-demo-admin;posx-eume-admin;posx-frido-admin;posx-frido-b2b-admin;posx-frido-mobility-admin;posx-mokobara-admin;posx-ugaoo-admin
47da5edc2080767f,8,8,src/routes/reservations/reservation-list/components/reservation-list-table/use-reservation-table-query.tsx,posx-comet-admin;posx-demo-admin;posx-eume-admin;posx-frido-admin;posx-frido-b2b-admin;posx-frido-mobility-admin;posx-mokobara-admin;posx-ugaoo-admin
31520086e0b1c161,8,8,src/routes/reservations/reservation-list/components/reservation-list-table/index.ts,posx-comet-admin;posx-demo-admin;posx-eume-admin;posx-frido-admin;posx-frido-b2b-admin;posx-frido-mobility-admin;posx-mokobara-admin;posx-ugaoo-admin
77f9024770d4b2f6,8,8,src/routes/reservations/reservation-create/components/reservation-create-from/reservation-create-from.tsx,posx-comet-admin;posx-demo-admin;posx-eume-admin;posx-frido-admin;posx-frido-b2b-admin;posx-frido-mobility-admin;posx-mokobara-admin;posx-ugaoo-admin
b052effe8b82e2bf,8,8,src/routes/reservations/reservation-create/components/reservation-create-from/index.ts,posx-comet-admin;posx-demo-admin;posx-eume-admin;posx-frido-admin;posx-frido-b2b-admin;posx-frido-mobility-admin;posx-mokobara-admin;posx-ugaoo-admin
d5054feb3f43dd01,8,8,src/routes/reservations/reservation-detail/components/edit-reservation/edit-reservation-modal.tsx,posx-comet-admin;posx-demo-admin;posx-eume-admin;posx-frido-admin;posx-frido-b2b-admin;posx-frido-mobility-admin;posx-mokobara-admin;posx-ugaoo-admin
a9256e3bb49e41de,8,8,src/routes/reservations/reservation-detail/components/edit-reservation/index.ts,posx-comet-admin;posx-demo-admin;posx-eume-admin;posx-frido-admin;posx-frido-b2b-admin;posx-frido-mobility-admin;posx-mokobara-admin;posx-ugaoo-admin
367d543f4f8ac1d0,8,8,src/routes/reservations/reservation-detail/components/reservation-general-section/reservation-general-section.tsx,posx-comet-admin;posx-demo-admin;posx-eume-admin;posx-frido-admin;posx-frido-b2b-admin;posx-frido-mobility-admin;posx-mokobara-admin;posx-ugaoo-admin
e0fe6ac4ee6adf6a,8,8,src/routes/reservations/reservation-detail/components/reservation-general-section/index.ts,posx-comet-admin;posx-demo-admin;posx-eume-admin;posx-frido-admin;posx-frido-b2b-admin;posx-frido-mobility-admin;posx-mokobara-admin;posx-ugaoo-admin
8543b6f87bd92279,8,8,src/routes/reservations/reservation-detail/components/edit-reservation/components/index.tsx,posx-comet-admin;posx-demo-admin;posx-eume-admin;posx-frido-admin;posx-frido-b2b-admin;posx-frido-mobility-admin;posx-mokobara-admin;posx-ugaoo-admin
904e69bacafa2ba2,8,8,src/routes/reservations/reservation-detail/components/edit-reservation/components/edit-reservation-form.tsx,posx-comet-admin;posx-demo-admin;posx-eume-admin;posx-frido-admin;posx-frido-b2b-admin;posx-frido-mobility-admin;posx-mokobara-admin;posx-ugaoo-admin
125e6de691af8482,8,8,src/routes/workflow-executions/workflow-execution-detail/loader.ts,posx-comet-admin;posx-demo-admin;posx-eume-admin;posx-frido-admin;posx-frido-b2b-admin;posx-frido-mobility-admin;posx-mokobara-admin;posx-ugaoo-admin
2d99da605e7e484b,8,8,src/routes/workflow-executions/workflow-execution-detail/workflow-detail.tsx,posx-comet-admin;posx-demo-admin;posx-eume-admin;posx-frido-admin;posx-frido-b2b-admin;posx-frido-mobility-admin;posx-mokobara-admin;posx-ugaoo-admin
334fbba193d24795,8,8,src/routes/workflow-executions/workflow-execution-detail/breadcrumb.tsx,posx-comet-admin;posx-demo-admin;posx-eume-admin;posx-frido-admin;posx-frido-b2b-admin;posx-frido-mobility-admin;posx-mokobara-admin;posx-ugaoo-admin
87af59e0cbbf974d,8,8,src/routes/workflow-executions/workflow-execution-detail/index.ts,posx-comet-admin;posx-demo-admin;posx-eume-admin;posx-frido-admin;posx-frido-b2b-admin;posx-frido-mobility-admin;posx-mokobara-admin;posx-ugaoo-admin
f3ad72be5d53decd,8,8,src/routes/workflow-executions/workflow-execution-list/workflow-execution-list.tsx,posx-comet-admin;posx-demo-admin;posx-eume-admin;posx-frido-admin;posx-frido-b2b-admin;posx-frido-mobility-admin;posx-mokobara-admin;posx-ugaoo-admin
fc4b88e9d4b41a2c,8,8,src/routes/workflow-executions/workflow-execution-list/index.ts,posx-comet-admin;posx-demo-admin;posx-eume-admin;posx-frido-admin;posx-frido-b2b-admin;posx-frido-mobility-admin;posx-mokobara-admin;posx-ugaoo-admin
2a7b414611bbd558,8,8,src/routes/workflow-executions/workflow-execution-list/components/workflow-execution-list-table/workflow-execution-list-table.tsx,posx-comet-admin;posx-demo-admin;posx-eume-admin;posx-frido-admin;posx-frido-b2b-admin;posx-frido-mobility-admin;posx-mokobara-admin;posx-ugaoo-admin
ebdb4dde1a84cebf,8,8,src/routes/workflow-executions/workflow-execution-list/components/workflow-execution-list-table/use-workflow-execution-table-query.tsx,posx-comet-admin;posx-demo-admin;posx-eume-admin;posx-frido-admin;posx-frido-b2b-admin;posx-frido-mobility-admin;posx-mokobara-admin;posx-ugaoo-admin
6111fa1e24bd8a8a,8,8,src/routes/workflow-executions/workflow-execution-list/components/workflow-execution-list-table/use-workflow-execution-table-columns.tsx,posx-comet-admin;posx-demo-admin;posx-eume-admin;posx-frido-admin;posx-frido-b2b-admin;posx-frido-mobility-admin;posx-mokobara-admin;posx-ugaoo-admin
f4d2285246618c5b,8,8,src/routes/workflow-executions/workflow-execution-list/components/workflow-execution-list-table/index.ts,posx-comet-admin;posx-demo-admin;posx-eume-admin;posx-frido-admin;posx-frido-b2b-admin;posx-frido-mobility-admin;posx-mokobara-admin;posx-ugaoo-admin
dd54bea9ecb1d6cb,8,8,src/routes/workflow-executions/workflow-execution-detail/components/workflow-execution-general-section/workflow-execution-general-section.tsx,posx-comet-admin;posx-demo-admin;posx-eume-admin;posx-frido-admin;posx-frido-b2b-admin;posx-frido-mobility-admin;posx-mokobara-admin;posx-ugaoo-admin
62e2d0a1a23afe13,8,8,src/routes/workflow-executions/workflow-execution-detail/components/workflow-execution-general-section/index.ts,posx-comet-admin;posx-demo-admin;posx-eume-admin;posx-frido-admin;posx-frido-b2b-admin;posx-frido-mobility-admin;posx-mokobara-admin;posx-ugaoo-admin
3f4effb92a0ef669,8,8,src/routes/workflow-executions/workflow-execution-detail/components/workflow-execution-timeline-section/workflow-execution-timeline-section.tsx,posx-comet-admin;posx-demo-admin;posx-eume-admin;posx-frido-admin;posx-frido-b2b-admin;posx-frido-mobility-admin;posx-mokobara-admin;posx-ugaoo-admin
ebcef3f64776b7ce,8,8,src/routes/workflow-executions/workflow-execution-detail/components/workflow-execution-timeline-section/index.ts,posx-comet-admin;posx-demo-admin;posx-eume-admin;posx-frido-admin;posx-frido-b2b-admin;posx-frido-mobility-admin;posx-mokobara-admin;posx-ugaoo-admin
0c88512a03d920e5,8,8,src/routes/workflow-executions/workflow-execution-detail/components/workflow-execution-history-section/workflow-execution-history-section.tsx,posx-comet-admin;posx-demo-admin;posx-eume-admin;posx-frido-admin;posx-frido-b2b-admin;posx-frido-mobility-admin;posx-mokobara-admin;posx-ugaoo-admin
313993ddb3655d2c,8,8,src/routes/workflow-executions/workflow-execution-detail/components/workflow-execution-history-section/index.ts,posx-comet-admin;posx-demo-admin;posx-eume-admin;posx-frido-admin;posx-frido-b2b-admin;posx-frido-mobility-admin;posx-mokobara-admin;posx-ugaoo-admin
652d0488f72612fd,8,8,src/routes/workflow-executions/workflow-execution-detail/components/workflow-execution-payload-section/workflow-execution-payload-section.tsx,posx-comet-admin;posx-demo-admin;posx-eume-admin;posx-frido-admin;posx-frido-b2b-admin;posx-frido-mobility-admin;posx-mokobara-admin;posx-ugaoo-admin
4df519aa848e6d60,8,8,src/routes/workflow-executions/workflow-execution-detail/components/workflow-execution-payload-section/index.ts,posx-comet-admin;posx-demo-admin;posx-eume-admin;posx-frido-admin;posx-frido-b2b-admin;posx-frido-mobility-admin;posx-mokobara-admin;posx-ugaoo-admin
f333a3b565b73ebc,8,8,src/routes/order-details/order-list/index.ts,posx-comet-admin;posx-demo-admin;posx-eume-admin;posx-frido-admin;posx-frido-b2b-admin;posx-frido-mobility-admin;posx-mokobara-admin;posx-ugaoo-admin
403497b4520a9dab,8,8,src/routes/order-details/order-detail/loader.ts,posx-comet-admin;posx-demo-admin;posx-eume-admin;posx-frido-admin;posx-frido-b2b-admin;posx-frido-mobility-admin;posx-mokobara-admin;posx-ugaoo-admin
a0ca210f1a9887c2,8,8,src/routes/order-details/order-detail/breadcrumb.tsx,posx-comet-admin;posx-demo-admin;posx-eume-admin;posx-frido-admin;posx-frido-b2b-admin;posx-frido-mobility-admin;posx-mokobara-admin;posx-ugaoo-admin
5777a83acdfa17ca,8,8,src/routes/order-details/order-detail/index.ts,posx-comet-admin;posx-demo-admin;posx-eume-admin;posx-frido-admin;posx-frido-b2b-admin;posx-frido-mobility-admin;posx-mokobara-admin;posx-ugaoo-admin
ad5392606995c98a,8,8,src/routes/order-details/order-list/components/order-list-table/index.ts,posx-comet-admin;posx-demo-admin;posx-eume-admin;posx-frido-admin;posx-frido-b2b-admin;posx-frido-mobility-admin;posx-mokobara-admin;posx-ugaoo-admin
1c2af1fdf4d3b218,8,8,src/routes/sales-channels/sales-channel-edit/sales-channel-edit.tsx,posx-comet-admin;posx-demo-admin;posx-eume-admin;posx-frido-admin;posx-frido-b2b-admin;posx-frido-mobility-admin;posx-mokobara-admin;posx-ugaoo-admin
3e355beca2383343,8,8,src/routes/sales-channels/sales-channel-edit/index.ts,posx-comet-admin;posx-demo-admin;posx-eume-admin;posx-frido-admin;posx-frido-b2b-admin;posx-frido-mobility-admin;posx-mokobara-admin;posx-ugaoo-admin
fa8e826bc6694db6,8,8,src/routes/sales-channels/sales-channel-add-products/sales-channel-add-products.tsx,posx-comet-admin;posx-demo-admin;posx-eume-admin;posx-frido-admin;posx-frido-b2b-admin;posx-frido-mobility-admin;posx-mokobara-admin;posx-ugaoo-admin
d639849a1eedbe52,8,8,src/routes/sales-channels/sales-channel-add-products/index.ts,posx-comet-admin;posx-demo-admin;posx-eume-admin;posx-frido-admin;posx-frido-b2b-admin;posx-frido-mobility-admin;posx-mokobara-admin;posx-ugaoo-admin
789d8b00839d1212,8,8,src/routes/sales-channels/sales-channel-list/index.ts,posx-comet-admin;posx-demo-admin;posx-eume-admin;posx-frido-admin;posx-frido-b2b-admin;posx-frido-mobility-admin;posx-mokobara-admin;posx-ugaoo-admin
8fc23ab31450a9ee,8,8,src/routes/sales-channels/sales-channel-list/sales-channel-list.tsx,posx-comet-admin;posx-demo-admin;posx-eume-admin;posx-frido-admin;posx-frido-b2b-admin;posx-frido-mobility-admin;posx-mokobara-admin;posx-ugaoo-admin
fc657d1ffd715892,8,8,src/routes/sales-channels/sales-channel-metadata/sales-channel-metadata.tsx,posx-comet-admin;posx-demo-admin;posx-eume-admin;posx-frido-admin;posx-frido-b2b-admin;posx-frido-mobility-admin;posx-mokobara-admin;posx-ugaoo-admin
02927e3550728b41,8,8,src/routes/sales-channels/sales-channel-metadata/index.ts,posx-comet-admin;posx-demo-admin;posx-eume-admin;posx-frido-admin;posx-frido-b2b-admin;posx-frido-mobility-admin;posx-mokobara-admin;posx-ugaoo-admin
a08adc8c401b24f4,8,8,src/routes/sales-channels/sales-channel-create/sales-channel-create.tsx,posx-comet-admin;posx-demo-admin;posx-eume-admin;posx-frido-admin;posx-frido-b2b-admin;posx-frido-mobility-admin;posx-mokobara-admin;posx-ugaoo-admin
b385022e36cdad39,8,8,src/routes/sales-channels/sales-channel-create/index.ts,posx-comet-admin;posx-demo-admin;posx-eume-admin;posx-frido-admin;posx-frido-b2b-admin;posx-frido-mobility-admin;posx-mokobara-admin;posx-ugaoo-admin
67ebc62b4888ef05,8,8,src/routes/sales-channels/sales-channel-detail/sales-channel-detail.tsx,posx-comet-admin;posx-demo-admin;posx-eume-admin;posx-frido-admin;posx-frido-b2b-admin;posx-frido-mobility-admin;posx-mokobara-admin;posx-ugaoo-admin
2db8d294e67e3206,8,8,src/routes/sales-channels/sales-channel-detail/loader.ts,posx-comet-admin;posx-demo-admin;posx-eume-admin;posx-frido-admin;posx-frido-b2b-admin;posx-frido-mobility-admin;posx-mokobara-admin;posx-ugaoo-admin
d73c7364d1679cb7,8,8,src/routes/sales-channels/sales-channel-detail/breadcrumb.tsx,posx-comet-admin;posx-demo-admin;posx-eume-admin;posx-frido-admin;posx-frido-b2b-admin;posx-frido-mobility-admin;posx-mokobara-admin;posx-ugaoo-admin
2efd5ebac82f5889,8,8,src/routes/sales-channels/sales-channel-detail/index.ts,posx-comet-admin;posx-demo-admin;posx-eume-admin;posx-frido-admin;posx-frido-b2b-admin;posx-frido-mobility-admin;posx-mokobara-admin;posx-ugaoo-admin
c49e8850ff1fb14a,8,8,src/routes/sales-channels/sales-channel-detail/components/sales-channel-general-section/sales-channel-general-section.tsx,posx-comet-admin;posx-demo-admin;posx-eume-admin;posx-frido-admin;posx-frido-b2b-admin;posx-frido-mobility-admin;posx-mokobara-admin;posx-ugaoo-admin
1be848e29595d630,8,8,src/routes/sales-channels/sales-channel-detail/components/sales-channel-general-section/index.ts,posx-comet-admin;posx-demo-admin;posx-eume-admin;posx-frido-admin;posx-frido-b2b-admin;posx-frido-mobility-admin;posx-mokobara-admin;posx-ugaoo-admin
90ff4db88eba5cd2,8,8,src/routes/sales-channels/sales-channel-detail/components/sales-channel-product-section/index.ts,posx-comet-admin;posx-demo-admin;posx-eume-admin;posx-frido-admin;posx-frido-b2b-admin;posx-frido-mobility-admin;posx-mokobara-admin;posx-ugaoo-admin
bcd1db5c7e69090d,8,8,src/routes/sales-channels/sales-channel-detail/components/sales-channel-product-section/sales-channel-product-section.tsx,posx-comet-admin;posx-demo-admin;posx-eume-admin;posx-frido-admin;posx-frido-b2b-admin;posx-frido-mobility-admin;posx-mokobara-admin;posx-ugaoo-admin
0e6a52051ee4a2af,8,8,src/routes/sales-channels/sales-channel-create/components/create-sales-channel-form/create-sales-channel-form.tsx,posx-comet-admin;posx-demo-admin;posx-eume-admin;posx-frido-admin;posx-frido-b2b-admin;posx-frido-mobility-admin;posx-mokobara-admin;posx-ugaoo-admin
13c1529a3bf5a3ff,8,8,src/routes/sales-channels/sales-channel-create/components/create-sales-channel-form/index.ts,posx-comet-admin;posx-demo-admin;posx-eume-admin;posx-frido-admin;posx-frido-b2b-admin;posx-frido-mobility-admin;posx-mokobara-admin;posx-ugaoo-admin
888f8f1b64277d65,8,8,src/routes/sales-channels/sales-channel-list/components/index.ts,posx-comet-admin;posx-demo-admin;posx-eume-admin;posx-frido-admin;posx-frido-b2b-admin;posx-frido-mobility-admin;posx-mokobara-admin;posx-ugaoo-admin
892b05f66c7cda28,8,8,src/routes/sales-channels/sales-channel-list/components/sales-channel-list-table.tsx,posx-comet-admin;posx-demo-admin;posx-eume-admin;posx-frido-admin;posx-frido-b2b-admin;posx-frido-mobility-admin;posx-mokobara-admin;posx-ugaoo-admin
dce9fbee2b43db0d,8,8,src/routes/sales-channels/sales-channel-add-products/components/add-products-to-sales-channel-form.tsx,posx-comet-admin;posx-demo-admin;posx-eume-admin;posx-frido-admin;posx-frido-b2b-admin;posx-frido-mobility-admin;posx-mokobara-admin;posx-ugaoo-admin
c3821cf9c3684772,8,8,src/routes/sales-channels/sales-channel-add-products/components/index.ts,posx-comet-admin;posx-demo-admin;posx-eume-admin;posx-frido-admin;posx-frido-b2b-admin;posx-frido-mobility-admin;posx-mokobara-admin;posx-ugaoo-admin
be3c4193445544d9,8,8,src/routes/sales-channels/sales-channel-edit/components/edit-sales-channel-form/index.ts,posx-comet-admin;posx-demo-admin;posx-eume-admin;posx-frido-admin;posx-frido-b2b-admin;posx-frido-mobility-admin;posx-mokobara-admin;posx-ugaoo-admin
fbcb3ac9b22924af,8,8,src/routes/sales-channels/sales-channel-edit/components/edit-sales-channel-form/edit-sales-channel-form.tsx,posx-comet-admin;posx-demo-admin;posx-eume-admin;posx-frido-admin;posx-frido-b2b-admin;posx-frido-mobility-admin;posx-mokobara-admin;posx-ugaoo-admin
8ec12fe7d3442619,8,8,src/routes/price-lists/price-list-prices-add/index.ts,posx-comet-admin;posx-demo-admin;posx-eume-admin;posx-frido-admin;posx-frido-b2b-admin;posx-frido-mobility-admin;posx-mokobara-admin;posx-ugaoo-admin
29eb467d7e597472,8,8,src/routes/price-lists/price-list-prices-add/price-list-prices-add.tsx,posx-comet-admin;posx-demo-admin;posx-eume-admin;posx-frido-admin;posx-frido-b2b-admin;posx-frido-mobility-admin;posx-mokobara-admin;posx-ugaoo-admin
94aa9526b62be2fe,8,8,src/routes/price-lists/price-list-list/price-list-list.tsx,posx-comet-admin;posx-demo-admin;posx-eume-admin;posx-frido-admin;posx-frido-b2b-admin;posx-frido-mobility-admin;posx-mokobara-admin;posx-ugaoo-admin
9a26d05ba29f9571,8,8,src/routes/price-lists/price-list-list/index.ts,posx-comet-admin;posx-demo-admin;posx-eume-admin;posx-frido-admin;posx-frido-b2b-admin;posx-frido-mobility-admin;posx-mokobara-admin;posx-ugaoo-admin
8b58dc513fa30352,8,8,src/routes/price-lists/price-list-edit/price-list-edit.tsx,posx-comet-admin;posx-demo-admin;posx-eume-admin;posx-frido-admin;posx-frido-b2b-admin;posx-frido-mobility-admin;posx-mokobara-admin;posx-ugaoo-admin
459ad9362e0c4d90,8,8,src/routes/price-lists/price-list-edit/index.ts,posx-comet-admin;posx-demo-admin;posx-eume-admin;posx-frido-admin;posx-frido-b2b-admin;posx-frido-mobility-admin;posx-mokobara-admin;posx-ugaoo-admin
92945304bbfde942,8,8,src/routes/price-lists/price-list-configuration/price-list-configuration.tsx,posx-comet-admin;posx-demo-admin;posx-eume-admin;posx-frido-admin;posx-frido-b2b-admin;posx-frido-mobility-admin;posx-mokobara-admin;posx-ugaoo-admin
d3db6943afff7769,8,8,src/routes/price-lists/price-list-configuration/index.ts,posx-comet-admin;posx-demo-admin;posx-eume-admin;posx-frido-admin;posx-frido-b2b-admin;posx-frido-mobility-admin;posx-mokobara-admin;posx-ugaoo-admin
75e8f47e31b5a9a3,8,8,src/routes/price-lists/price-list-prices-edit/index.ts,posx-comet-admin;posx-demo-admin;posx-eume-admin;posx-frido-admin;posx-frido-b2b-admin;posx-frido-mobility-admin;posx-mokobara-admin;posx-ugaoo-admin
dfa99f39c9300307,8,8,src/routes/price-lists/price-list-prices-edit/price-list-prices-edit.tsx,posx-comet-admin;posx-demo-admin;posx-eume-admin;posx-frido-admin;posx-frido-b2b-admin;posx-frido-mobility-admin;posx-mokobara-admin;posx-ugaoo-admin
18bd8edd7dbb632d,8,8,src/routes/price-lists/common/schemas.ts,posx-comet-admin;posx-demo-admin;posx-eume-admin;posx-frido-admin;posx-frido-b2b-admin;posx-frido-mobility-admin;posx-mokobara-admin;posx-ugaoo-admin
871ab3ceb65539aa,8,8,src/routes/price-lists/common/utils.ts,posx-comet-admin;posx-demo-admin;posx-eume-admin;posx-frido-admin;posx-frido-b2b-admin;posx-frido-mobility-admin;posx-mokobara-admin;posx-ugaoo-admin
6c932cdb9da052a5,8,8,src/routes/price-lists/common/constants.ts,posx-comet-admin;posx-demo-admin;posx-eume-admin;posx-frido-admin;posx-frido-b2b-admin;posx-frido-mobility-admin;posx-mokobara-admin;posx-ugaoo-admin
0e0d6bbc71ac1f73,8,8,src/routes/price-lists/price-list-create/index.ts,posx-comet-admin;posx-demo-admin;posx-eume-admin;posx-frido-admin;posx-frido-b2b-admin;posx-frido-mobility-admin;posx-mokobara-admin;posx-ugaoo-admin
dad5cfc453a74633,8,8,src/routes/price-lists/price-list-create/price-list-create.tsx,posx-comet-admin;posx-demo-admin;posx-eume-admin;posx-frido-admin;posx-frido-b2b-admin;posx-frido-mobility-admin;posx-mokobara-admin;posx-ugaoo-admin
2448c2eca6eb66b7,8,8,src/routes/price-lists/price-list-detail/loader.ts,posx-comet-admin;posx-demo-admin;posx-eume-admin;posx-frido-admin;posx-frido-b2b-admin;posx-frido-mobility-admin;posx-mokobara-admin;posx-ugaoo-admin
15b652e94308f423,8,8,src/routes/price-lists/price-list-detail/price-list-detail.tsx,posx-comet-admin;posx-demo-admin;posx-eume-admin;posx-frido-admin;posx-frido-b2b-admin;posx-frido-mobility-admin;posx-mokobara-admin;posx-ugaoo-admin
c8426b7777659cee,8,8,src/routes/price-lists/price-list-detail/breadcrumb.tsx,posx-comet-admin;posx-demo-admin;posx-eume-admin;posx-frido-admin;posx-frido-b2b-admin;posx-frido-mobility-admin;posx-mokobara-admin;posx-ugaoo-admin
0b72af4efa04f2ce,8,8,src/routes/price-lists/price-list-detail/index.ts,posx-comet-admin;posx-demo-admin;posx-eume-admin;posx-frido-admin;posx-frido-b2b-admin;posx-frido-mobility-admin;posx-mokobara-admin;posx-ugaoo-admin
3669b04709444253,8,8,src/routes/price-lists/price-list-detail/components/price-list-product-section/price-list-product-section.tsx,posx-comet-admin;posx-demo-admin;posx-eume-admin;posx-frido-admin;posx-frido-b2b-admin;posx-frido-mobility-admin;posx-mokobara-admin;posx-ugaoo-admin
b989fb965479b6ab,8,8,src/routes/price-lists/price-list-detail/components/price-list-product-section/index.ts,posx-comet-admin;posx-demo-admin;posx-eume-admin;posx-frido-admin;posx-frido-b2b-admin;posx-frido-mobility-admin;posx-mokobara-admin;posx-ugaoo-admin
57c5af3f12cded81,8,8,src/routes/price-lists/price-list-detail/components/price-list-configuration-section/price-list-configuration-section.tsx,posx-comet-admin;posx-demo-admin;posx-eume-admin;posx-frido-admin;posx-frido-b2b-admin;posx-frido-mobility-admin;posx-mokobara-admin;posx-ugaoo-admin
43bc9d1cd47becaf,8,8,src/routes/price-lists/price-list-detail/components/price-list-configuration-section/index.ts,posx-comet-admin;posx-demo-admin;posx-eume-admin;posx-frido-admin;posx-frido-b2b-admin;posx-frido-mobility-admin;posx-mokobara-admin;posx-ugaoo-admin
921667bdea97d396,8,8,src/routes/price-lists/price-list-detail/components/price-list-general-section/price-list-general-section.tsx,posx-comet-admin;posx-demo-admin;posx-eume-admin;posx-frido-admin;posx-frido-b2b-admin;posx-frido-mobility-admin;posx-mokobara-admin;posx-ugaoo-admin
00dcc32df4ec3039,8,8,src/routes/price-lists/price-list-detail/components/price-list-general-section/index.ts,posx-comet-admin;posx-demo-admin;posx-eume-admin;posx-frido-admin;posx-frido-b2b-admin;posx-frido-mobility-admin;posx-mokobara-admin;posx-ugaoo-admin
c1a5aca560515037,8,8,src/routes/price-lists/price-list-create/components/price-list-create-form/schema.ts,posx-comet-admin;posx-demo-admin;posx-eume-admin;posx-frido-admin;posx-frido-b2b-admin;posx-frido-mobility-admin;posx-mokobara-admin;posx-ugaoo-admin
ef408bb98c4d29a5,8,8,src/routes/price-lists/price-list-create/components/price-list-create-form/price-list-create-form.tsx,posx-comet-admin;posx-demo-admin;posx-eume-admin;posx-frido-admin;posx-frido-b2b-admin;posx-frido-mobility-admin;posx-mokobara-admin;posx-ugaoo-admin
93cca2c62a04cc8d,8,8,src/routes/price-lists/price-list-create/components/price-list-create-form/index.ts,posx-comet-admin;posx-demo-admin;posx-eume-admin;posx-frido-admin;posx-frido-b2b-admin;posx-frido-mobility-admin;posx-mokobara-admin;posx-ugaoo-admin
9a7c3f3ab2201724,8,8,src/routes/price-lists/price-list-create/components/price-list-create-form/price-list-details-form.tsx,posx-comet-admin;posx-demo-admin;posx-eume-admin;posx-frido-admin;posx-frido-b2b-admin;posx-frido-mobility-admin;posx-mokobara-admin;posx-ugaoo-admin
f9bd11a8511fa90a,8,8,src/routes/price-lists/price-list-create/components/price-list-create-form/price-list-products-form.tsx,posx-comet-admin;posx-demo-admin;posx-eume-admin;posx-frido-admin;posx-frido-b2b-admin;posx-frido-mobility-admin;posx-mokobara-admin;posx-ugaoo-admin
95d8fa4e84440e98,8,8,src/routes/price-lists/price-list-create/components/price-list-create-form/price-list-prices-form.tsx,posx-comet-admin;posx-demo-admin;posx-eume-admin;posx-frido-admin;posx-frido-b2b-admin;posx-frido-mobility-admin;posx-mokobara-admin;posx-ugaoo-admin
891b09410f77ce09,8,8,src/routes/price-lists/common/hooks/use-price-list-currency-data.tsx,posx-comet-admin;posx-demo-admin;posx-eume-admin;posx-frido-admin;posx-frido-b2b-admin;posx-frido-mobility-admin;posx-mokobara-admin;posx-ugaoo-admin
785adc3351f5fe50,8,8,src/routes/price-lists/common/hooks/use-delete-price-list-action.tsx,posx-comet-admin;posx-demo-admin;posx-eume-admin;posx-frido-admin;posx-frido-b2b-admin;posx-frido-mobility-admin;posx-mokobara-admin;posx-ugaoo-admin
22a110657ebef818,8,8,src/routes/price-lists/common/hooks/use-price-list-grid-columns.tsx,posx-comet-admin;posx-demo-admin;posx-eume-admin;posx-frido-admin;posx-frido-b2b-admin;posx-frido-mobility-admin;posx-mokobara-admin;posx-ugaoo-admin
8dcbc63f6e91df96,8,8,src/routes/price-lists/common/components/price-list-customer-group-rule-form/price-list-customer-group-rule-form.tsx,posx-comet-admin;posx-demo-admin;posx-eume-admin;posx-frido-admin;posx-frido-b2b-admin;posx-frido-mobility-admin;posx-mokobara-admin;posx-ugaoo-admin
cd9d7536d93c6f7c,8,8,src/routes/price-lists/common/components/price-list-customer-group-rule-form/index.ts,posx-comet-admin;posx-demo-admin;posx-eume-admin;posx-frido-admin;posx-frido-b2b-admin;posx-frido-mobility-admin;posx-mokobara-admin;posx-ugaoo-admin
8ffcd943f0299cab,8,8,src/routes/price-lists/price-list-prices-edit/components/price-list-prices-edit-form/price-list-prices-edit-form.tsx,posx-comet-admin;posx-demo-admin;posx-eume-admin;posx-frido-admin;posx-frido-b2b-admin;posx-frido-mobility-admin;posx-mokobara-admin;posx-ugaoo-admin
4eabe1775b39e652,8,8,src/routes/price-lists/price-list-prices-edit/components/price-list-prices-edit-form/index.ts,posx-comet-admin;posx-demo-admin;posx-eume-admin;posx-frido-admin;posx-frido-b2b-admin;posx-frido-mobility-admin;posx-mokobara-admin;posx-ugaoo-admin
2d4a9f9779be8870,8,8,src/routes/price-lists/price-list-configuration/components/price-list-configuration-form/price-list-configuration-form.tsx,posx-comet-admin;posx-demo-admin;posx-eume-admin;posx-frido-admin;posx-frido-b2b-admin;posx-frido-mobility-admin;posx-mokobara-admin;posx-ugaoo-admin
a811ded289ab1c6a,8,8,src/routes/price-lists/price-list-configuration/components/price-list-configuration-form/index.ts,posx-comet-admin;posx-demo-admin;posx-eume-admin;posx-frido-admin;posx-frido-b2b-admin;posx-frido-mobility-admin;posx-mokobara-admin;posx-ugaoo-admin
a6b6b3f86cde5471,8,8,src/routes/price-lists/price-list-edit/components/price-list-edit-form/edit-price-list-form.tsx,posx-comet-admin;posx-demo-admin;posx-eume-admin;posx-frido-admin;posx-frido-b2b-admin;posx-frido-mobility-admin;posx-mokobara-admin;posx-ugaoo-admin
3a0b45f784da9902,8,8,src/routes/price-lists/price-list-edit/components/price-list-edit-form/index.ts,posx-comet-admin;posx-demo-admin;posx-eume-admin;posx-frido-admin;posx-frido-b2b-admin;posx-frido-mobility-admin;posx-mokobara-admin;posx-ugaoo-admin
90ffbd9cf8104278,8,8,src/routes/price-lists/price-list-list/components/price-list-list-table/price-list-list-table.tsx,posx-comet-admin;posx-demo-admin;posx-eume-admin;posx-frido-admin;posx-frido-b2b-admin;posx-frido-mobility-admin;posx-mokobara-admin;posx-ugaoo-admin
9e32a18c129d2d0b,8,8,src/routes/price-lists/price-list-list/components/price-list-list-table/use-pricing-table-query.tsx,posx-comet-admin;posx-demo-admin;posx-eume-admin;posx-frido-admin;posx-frido-b2b-admin;posx-frido-mobility-admin;posx-mokobara-admin;posx-ugaoo-admin
2e1a0d911a559278,8,8,src/routes/price-lists/price-list-list/components/price-list-list-table/use-pricing-table-columns.tsx,posx-comet-admin;posx-demo-admin;posx-eume-admin;posx-frido-admin;posx-frido-b2b-admin;posx-frido-mobility-admin;posx-mokobara-admin;posx-ugaoo-admin
8bbcb80d013f6bba,8,8,src/routes/price-lists/price-list-list/components/price-list-list-table/price-list-list-table-actions.tsx,posx-comet-admin;posx-demo-admin;posx-eume-admin;posx-frido-admin;posx-frido-b2b-admin;posx-frido-mobility-admin;posx-mokobara-admin;posx-ugaoo-admin
c58e530b7303a91c,8,8,src/routes/price-lists/price-list-list/components/price-list-list-table/index.ts,posx-comet-admin;posx-demo-admin;posx-eume-admin;posx-frido-admin;posx-frido-b2b-admin;posx-frido-mobility-admin;posx-mokobara-admin;posx-ugaoo-admin
edd77dbf97855662,8,8,src/routes/price-lists/price-list-list/components/price-list-list-table/use-pricing-table-filters.tsx,posx-comet-admin;posx-demo-admin;posx-eume-admin;posx-frido-admin;posx-frido-b2b-admin;posx-frido-mobility-admin;posx-mokobara-admin;posx-ugaoo-admin
b255a5fbf4eed8b8,8,8,src/routes/price-lists/price-list-prices-add/components/price-list-prices-add-form/schema.ts,posx-comet-admin;posx-demo-admin;posx-eume-admin;posx-frido-admin;posx-frido-b2b-admin;posx-frido-mobility-admin;posx-mokobara-admin;posx-ugaoo-admin
e6e98102b5f79350,8,8,src/routes/price-lists/price-list-prices-add/components/price-list-prices-add-form/price-list-prices-add-form.tsx,posx-comet-admin;posx-demo-admin;posx-eume-admin;posx-frido-admin;posx-frido-b2b-admin;posx-frido-mobility-admin;posx-mokobara-admin;posx-ugaoo-admin
e02392372c6340fc,8,8,src/routes/price-lists/price-list-prices-add/components/price-list-prices-add-form/price-list-prices-add-prices-form.tsx,posx-comet-admin;posx-demo-admin;posx-eume-admin;posx-frido-admin;posx-frido-b2b-admin;posx-frido-mobility-admin;posx-mokobara-admin;posx-ugaoo-admin
10e95503d5d97e10,8,8,src/routes/price-lists/price-list-prices-add/components/price-list-prices-add-form/price-list-prices-add-product-ids-form.tsx,posx-comet-admin;posx-demo-admin;posx-eume-admin;posx-frido-admin;posx-frido-b2b-admin;posx-frido-mobility-admin;posx-mokobara-admin;posx-ugaoo-admin
e11aa571f021b586,8,8,src/routes/price-lists/price-list-prices-add/components/price-list-prices-add-form/index.ts,posx-comet-admin;posx-demo-admin;posx-eume-admin;posx-frido-admin;posx-frido-b2b-admin;posx-frido-mobility-admin;posx-mokobara-admin;posx-ugaoo-admin
fe63854cc2eb5faa,8,8,src/routes/products/product-media/product-media.tsx,posx-comet-admin;posx-demo-admin;posx-eume-admin;posx-frido-admin;posx-frido-b2b-admin;posx-frido-mobility-admin;posx-mokobara-admin;posx-ugaoo-admin
fedb88a21744f052,8,8,src/routes/products/product-media/index.ts,posx-comet-admin;posx-demo-admin;posx-eume-admin;posx-frido-admin;posx-frido-b2b-admin;posx-frido-mobility-admin;posx-mokobara-admin;posx-ugaoo-admin
17e7e74f7cbc2a21,8,8,src/routes/products/product-organization/product-organization.tsx,posx-comet-admin;posx-demo-admin;posx-eume-admin;posx-frido-admin;posx-frido-b2b-admin;posx-frido-mobility-admin;posx-mokobara-admin;posx-ugaoo-admin
633f03ae3124672d,8,8,src/routes/products/product-organization/index.ts,posx-comet-admin;posx-demo-admin;posx-eume-admin;posx-frido-admin;posx-frido-b2b-admin;posx-frido-mobility-admin;posx-mokobara-admin;posx-ugaoo-admin
5825902081f0b61f,8,8,src/routes/products/product-detail/loader.ts,posx-comet-admin;posx-demo-admin;posx-eume-admin;posx-frido-admin;posx-frido-b2b-admin;posx-frido-mobility-admin;posx-mokobara-admin;posx-ugaoo-admin
c5fa438c5d1f9c59,8,8,src/routes/products/product-detail/breadcrumb.tsx,posx-comet-admin;posx-demo-admin;posx-eume-admin;posx-frido-admin;posx-frido-b2b-admin;posx-frido-mobility-admin;posx-mokobara-admin;posx-ugaoo-admin
595f28f8e05b39a9,8,8,src/routes/products/product-detail/constants.ts,posx-comet-admin;posx-demo-admin;posx-eume-admin;posx-frido-admin;posx-frido-b2b-admin;posx-frido-mobility-admin;posx-mokobara-admin;posx-ugaoo-admin
4fc7f19f5276491e,8,8,src/routes/products/product-detail/index.ts,posx-comet-admin;posx-demo-admin;posx-eume-admin;posx-frido-admin;posx-frido-b2b-admin;posx-frido-mobility-admin;posx-mokobara-admin;posx-ugaoo-admin
caea2591b5401be5,8,8,src/routes/products/product-sales-channels/product-sales-channels.tsx,posx-comet-admin;posx-demo-admin;posx-eume-admin;posx-frido-admin;posx-frido-b2b-admin;posx-frido-mobility-admin;posx-mokobara-admin;posx-ugaoo-admin
2cc9f5b69434b5f4,8,8,src/routes/products/product-sales-channels/index.ts,posx-comet-admin;posx-demo-admin;posx-eume-admin;posx-frido-admin;posx-frido-b2b-admin;posx-frido-mobility-admin;posx-mokobara-admin;posx-ugaoo-admin
22d8e9fe90294b94,8,8,src/routes/products/product-stock/schema.ts,posx-comet-admin;posx-demo-admin;posx-eume-admin;posx-frido-admin;posx-frido-b2b-admin;posx-frido-mobility-admin;posx-mokobara-admin;posx-ugaoo-admin
460a93d7b27b7b73,8,8,src/routes/products/product-stock/loader.ts,posx-comet-admin;posx-demo-admin;posx-eume-admin;posx-frido-admin;posx-frido-b2b-admin;posx-frido-mobility-admin;posx-mokobara-admin;posx-ugaoo-admin
2ee4ea0d8608c6c7,8,8,src/routes/products/product-stock/utils.ts,posx-comet-admin;posx-demo-admin;posx-eume-admin;posx-frido-admin;posx-frido-b2b-admin;posx-frido-mobility-admin;posx-mokobara-admin;posx-ugaoo-admin
3bdec5bd10e263cc,8,8,src/routes/products/product-stock/index.ts,posx-comet-admin;posx-demo-admin;posx-eume-admin;posx-frido-admin;posx-frido-b2b-admin;posx-frido-mobility-admin;posx-mokobara-admin;posx-ugaoo-admin
04e78203149952d3,8,8,src/routes/products/product-stock/product-stock.tsx,posx-comet-admin;posx-demo-admin;posx-eume-admin;posx-frido-admin;posx-frido-b2b-admin;posx-frido-mobility-admin;posx-mokobara-admin;posx-ugaoo-admin
d67086b05118800f,8,8,src/routes/products/product-attributes/product-attributes.tsx,posx-comet-admin;posx-demo-admin;posx-eume-admin;posx-frido-admin;posx-frido-b2b-admin;posx-frido-mobility-admin;posx-mokobara-admin;posx-ugaoo-admin
2da495a8b39151e8,8,8,src/routes/products/product-attributes/index.ts,posx-comet-admin;posx-demo-admin;posx-eume-admin;posx-frido-admin;posx-frido-b2b-admin;posx-frido-mobility-admin;posx-mokobara-admin;posx-ugaoo-admin
af4ca20955e6f689,8,8,src/routes/products/product-create/utils.ts,posx-comet-admin;posx-demo-admin;posx-eume-admin;posx-frido-admin;posx-frido-b2b-admin;posx-frido-mobility-admin;posx-mokobara-admin;posx-ugaoo-admin
eb20dceee5808868,8,8,src/routes/products/product-create/types.ts,posx-comet-admin;posx-demo-admin;posx-eume-admin;posx-frido-admin;posx-frido-b2b-admin;posx-frido-mobility-admin;posx-mokobara-admin;posx-ugaoo-admin
668beac6cbb0eccc,8,8,src/routes/products/product-create/product-create.tsx,posx-comet-admin;posx-demo-admin;posx-eume-admin;posx-frido-admin;posx-frido-b2b-admin;posx-frido-mobility-admin;posx-mokobara-admin;posx-ugaoo-admin
83ef29c4a421dbff,8,8,src/routes/products/product-create/constants.ts,posx-comet-admin;posx-demo-admin;posx-eume-admin;posx-frido-admin;posx-frido-b2b-admin;posx-frido-mobility-admin;posx-mokobara-admin;posx-ugaoo-admin
1c3e2c75bec0fda7,8,8,src/routes/products/product-create/index.ts,posx-comet-admin;posx-demo-admin;posx-eume-admin;posx-frido-admin;posx-frido-b2b-admin;posx-frido-mobility-admin;posx-mokobara-admin;posx-ugaoo-admin
6f81a2a19dda2b3e,8,8,src/routes/products/product-import/index.ts,posx-comet-admin;posx-demo-admin;posx-eume-admin;posx-frido-admin;posx-frido-b2b-admin;posx-frido-mobility-admin;posx-mokobara-admin;posx-ugaoo-admin
16d3396baeb7ea9e,8,8,src/routes/products/common/constants.ts,posx-comet-admin;posx-demo-admin;posx-eume-admin;posx-frido-admin;posx-frido-b2b-admin;posx-frido-mobility-admin;posx-mokobara-admin;posx-ugaoo-admin
098535390125cc93,8,8,src/routes/products/common/variant-pricing-form.tsx,posx-comet-admin;posx-demo-admin;posx-eume-admin;posx-frido-admin;posx-frido-b2b-admin;posx-frido-mobility-admin;posx-mokobara-admin;posx-ugaoo-admin
cf84ed7342ff5153,8,8,src/routes/products/product-create-option/product-create-option.tsx,posx-comet-admin;posx-demo-admin;posx-eume-admin;posx-frido-admin;posx-frido-b2b-admin;posx-frido-mobility-admin;posx-mokobara-admin;posx-ugaoo-admin
03eb5f4226e4d31a,8,8,src/routes/products/product-create-option/index.ts,posx-comet-admin;posx-demo-admin;posx-eume-admin;posx-frido-admin;posx-frido-b2b-admin;posx-frido-mobility-admin;posx-mokobara-admin;posx-ugaoo-admin
dcb0e5a52c2a5465,8,8,src/routes/products/product-prices/product-prices.tsx,posx-comet-admin;posx-demo-admin;posx-eume-admin;posx-frido-admin;posx-frido-b2b-admin;posx-frido-mobility-admin;posx-mokobara-admin;posx-ugaoo-admin
46d1c42eabf08fc9,8,8,src/routes/products/product-prices/pricing-edit.tsx,posx-comet-admin;posx-demo-admin;posx-eume-admin;posx-frido-admin;posx-frido-b2b-admin;posx-frido-mobility-admin;posx-mokobara-admin;posx-ugaoo-admin
d252c388e12f4855,8,8,src/routes/products/product-prices/index.ts,posx-comet-admin;posx-demo-admin;posx-eume-admin;posx-frido-admin;posx-frido-b2b-admin;posx-frido-mobility-admin;posx-mokobara-admin;posx-ugaoo-admin
1264a4238881ccf3,8,8,src/routes/products/product-shipping-profile/product-shipping-profile.tsx,posx-comet-admin;posx-demo-admin;posx-eume-admin;posx-frido-admin;posx-frido-b2b-admin;posx-frido-mobility-admin;posx-mokobara-admin;posx-ugaoo-admin
3c4435657dc89e2a,8,8,src/routes/products/product-shipping-profile/index.ts,posx-comet-admin;posx-demo-admin;posx-eume-admin;posx-frido-admin;posx-frido-b2b-admin;posx-frido-mobility-admin;posx-mokobara-admin;posx-ugaoo-admin
b0e63e9282b90b37,8,8,src/routes/products/product-metadata/product-metadata.tsx,posx-comet-admin;posx-demo-admin;posx-eume-admin;posx-frido-admin;posx-frido-b2b-admin;posx-frido-mobility-admin;posx-mokobara-admin;posx-ugaoo-admin
7df8cdc1515fa542,8,8,src/routes/products/product-metadata/index.ts,posx-comet-admin;posx-demo-admin;posx-eume-admin;posx-frido-admin;posx-frido-b2b-admin;posx-frido-mobility-admin;posx-mokobara-admin;posx-ugaoo-admin
78d236272b130081,8,8,src/routes/products/product-edit-option/index.ts,posx-comet-admin;posx-demo-admin;posx-eume-admin;posx-frido-admin;posx-frido-b2b-admin;posx-frido-mobility-admin;posx-mokobara-admin;posx-ugaoo-admin
0ac8e1276c01170a,8,8,src/routes/products/product-edit-option/product-edit-option.tsx,posx-comet-admin;posx-demo-admin;posx-eume-admin;posx-frido-admin;posx-frido-b2b-admin;posx-frido-mobility-admin;posx-mokobara-admin;posx-ugaoo-admin
cf1e4013c196d8c1,8,8,src/routes/products/product-create-variant/product-create-variant.tsx,posx-comet-admin;posx-demo-admin;posx-eume-admin;posx-frido-admin;posx-frido-b2b-admin;posx-frido-mobility-admin;posx-mokobara-admin;posx-ugaoo-admin
0709f62ac1d79829,8,8,src/routes/products/product-create-variant/index.ts,posx-comet-admin;posx-demo-admin;posx-eume-admin;posx-frido-admin;posx-frido-b2b-admin;posx-frido-mobility-admin;posx-mokobara-admin;posx-ugaoo-admin
06a87bdace07d3ed,8,8,src/routes/products/product-edit/product-edit.tsx,posx-comet-admin;posx-demo-admin;posx-eume-admin;posx-frido-admin;posx-frido-b2b-admin;posx-frido-mobility-admin;posx-mokobara-admin;posx-ugaoo-admin
0ce02e49b897cd57,8,8,src/routes/products/product-edit/index.ts,posx-comet-admin;posx-demo-admin;posx-eume-admin;posx-frido-admin;posx-frido-b2b-admin;posx-frido-mobility-admin;posx-mokobara-admin;posx-ugaoo-admin
88377e0a8d6ad59d,8,8,src/routes/products/product-list/product-list.tsx,posx-comet-admin;posx-demo-admin;posx-eume-admin;posx-frido-admin;posx-frido-b2b-admin;posx-frido-mobility-admin;posx-mokobara-admin;posx-ugaoo-admin
7132c600dc50bd08,8,8,src/routes/products/product-list/loader.ts,posx-comet-admin;posx-demo-admin;posx-eume-admin;posx-frido-admin;posx-frido-b2b-admin;posx-frido-mobility-admin;posx-mokobara-admin;posx-ugaoo-admin
debc943656ca31a2,8,8,src/routes/products/product-list/index.ts,posx-comet-admin;posx-demo-admin;posx-eume-admin;posx-frido-admin;posx-frido-b2b-admin;posx-frido-mobility-admin;posx-mokobara-admin;posx-ugaoo-admin
62c8c27c998b0497,8,8,src/routes/products/product-list/components/product-list-table/index.ts,posx-comet-admin;posx-demo-admin;posx-eume-admin;posx-frido-admin;posx-frido-b2b-admin;posx-frido-mobility-admin;posx-mokobara-admin;posx-ugaoo-admin
e9a37ceabebbd6fb,8,8,src/routes/products/product-edit/components/edit-product-form/edit-product-form.tsx,posx-comet-admin;posx-demo-admin;posx-eume-admin;posx-frido-admin;posx-frido-b2b-admin;posx-frido-mobility-admin;posx-mokobara-admin;posx-ugaoo-admin
e8c2b0a696c8ac63,8,8,src/routes/products/product-edit/components/edit-product-form/index.ts,posx-comet-admin;posx-demo-admin;posx-eume-admin;posx-frido-admin;posx-frido-b2b-admin;posx-frido-mobility-admin;posx-mokobara-admin;posx-ugaoo-admin
859d05e9458871b6,8,8,src/routes/products/product-create-variant/components/create-product-variant-form/inventory-kit-tab.tsx,posx-comet-admin;posx-demo-admin;posx-eume-admin;posx-frido-admin;posx-frido-b2b-admin;posx-frido-mobility-admin;posx-mokobara-admin;posx-ugaoo-admin
1dfe432fc759cc07,8,8,src/routes/products/product-create-variant/components/create-product-variant-form/create-product-variant-form.tsx,posx-comet-admin;posx-demo-admin;posx-eume-admin;posx-frido-admin;posx-frido-b2b-admin;posx-frido-mobility-admin;posx-mokobara-admin;posx-ugaoo-admin
25009b615387dc53,8,8,src/routes/products/product-create-variant/components/create-product-variant-form/constants.ts,posx-comet-admin;posx-demo-admin;posx-eume-admin;posx-frido-admin;posx-frido-b2b-admin;posx-frido-mobility-admin;posx-mokobara-admin;posx-ugaoo-admin
f364e5f0693c3ff5,8,8,src/routes/products/product-create-variant/components/create-product-variant-form/details-tab.tsx,posx-comet-admin;posx-demo-admin;posx-eume-admin;posx-frido-admin;posx-frido-b2b-admin;posx-frido-mobility-admin;posx-mokobara-admin;posx-ugaoo-admin
186ed71a3d82b605,8,8,src/routes/products/product-create-variant/components/create-product-variant-form/pricing-tab.tsx,posx-comet-admin;posx-demo-admin;posx-eume-admin;posx-frido-admin;posx-frido-b2b-admin;posx-frido-mobility-admin;posx-mokobara-admin;posx-ugaoo-admin
70dbbe3ae312304a,8,8,src/routes/products/product-create-variant/components/create-product-variant-form/index.ts,posx-comet-admin;posx-demo-admin;posx-eume-admin;posx-frido-admin;posx-frido-b2b-admin;posx-frido-mobility-admin;posx-mokobara-admin;posx-ugaoo-admin
4811b206f98cee56,8,8,src/routes/products/product-edit-option/components/edit-product-option-form/edit-product-option-form.tsx,posx-comet-admin;posx-demo-admin;posx-eume-admin;posx-frido-admin;posx-frido-b2b-admin;posx-frido-mobility-admin;posx-mokobara-admin;posx-ugaoo-admin
b1ebba1664292a1b,8,8,src/routes/products/product-edit-option/components/edit-product-option-form/index.ts,posx-comet-admin;posx-demo-admin;posx-eume-admin;posx-frido-admin;posx-frido-b2b-admin;posx-frido-mobility-admin;posx-mokobara-admin;posx-ugaoo-admin
b1c4e761fe0c2285,8,8,src/routes/products/product-shipping-profile/components/product-organization-form/index.ts,posx-comet-admin;posx-demo-admin;posx-eume-admin;posx-frido-admin;posx-frido-b2b-admin;posx-frido-mobility-admin;posx-mokobara-admin;posx-ugaoo-admin
c62490aae5f41da2,8,8,src/routes/products/product-shipping-profile/components/product-organization-form/product-shipping-profile-form.tsx,posx-comet-admin;posx-demo-admin;posx-eume-admin;posx-frido-admin;posx-frido-b2b-admin;posx-frido-mobility-admin;posx-mokobara-admin;posx-ugaoo-admin
d4a1ea2ddeb97b3c,8,8,src/routes/products/product-create-option/components/create-product-option-form/create-product-option-form.tsx,posx-comet-admin;posx-demo-admin;posx-eume-admin;posx-frido-admin;posx-frido-b2b-admin;posx-frido-mobility-admin;posx-mokobara-admin;posx-ugaoo-admin
7602c2e8e0a45fdf,8,8,src/routes/products/product-create-option/components/create-product-option-form/index.ts,posx-comet-admin;posx-demo-admin;posx-eume-admin;posx-frido-admin;posx-frido-b2b-admin;posx-frido-mobility-admin;posx-mokobara-admin;posx-ugaoo-admin
4d62c31b132f48bb,8,8,src/routes/products/common/components/category-combobox/index.ts,posx-comet-admin;posx-demo-admin;posx-eume-admin;posx-frido-admin;posx-frido-b2b-admin;posx-frido-mobility-admin;posx-mokobara-admin;posx-ugaoo-admin
3e3e1e7482dc7cef,8,8,src/routes/products/common/components/category-combobox/category-combobox.tsx,posx-comet-admin;posx-demo-admin;posx-eume-admin;posx-frido-admin;posx-frido-b2b-admin;posx-frido-mobility-admin;posx-mokobara-admin;posx-ugaoo-admin
35cd6e9b8edc73cd,8,8,src/routes/products/common/components/upload-media-form-item/upload-media-form-item.tsx,posx-comet-admin;posx-demo-admin;posx-eume-admin;posx-frido-admin;posx-frido-b2b-admin;posx-frido-mobility-admin;posx-mokobara-admin;posx-ugaoo-admin
239eaae1e4dccda2,8,8,src/routes/products/common/components/upload-media-form-item/index.ts,posx-comet-admin;posx-demo-admin;posx-eume-admin;posx-frido-admin;posx-frido-b2b-admin;posx-frido-mobility-admin;posx-mokobara-admin;posx-ugaoo-admin
a2f82c600a24b26b,8,8,src/routes/products/product-export/components/export-filters.tsx,posx-comet-admin;posx-demo-admin;posx-eume-admin;posx-frido-admin;posx-frido-b2b-admin;posx-frido-mobility-admin;posx-mokobara-admin;posx-ugaoo-admin
b6ff1be1c4af044a,8,8,src/routes/products/product-import/components/import-summary.tsx,posx-comet-admin;posx-demo-admin;posx-eume-admin;posx-frido-admin;posx-frido-b2b-admin;posx-frido-mobility-admin;posx-mokobara-admin;posx-ugaoo-admin
6689b42fc7a9883f,8,8,src/routes/products/product-import/components/upload-import.tsx,posx-comet-admin;posx-demo-admin;posx-eume-admin;posx-frido-admin;posx-frido-b2b-admin;posx-frido-mobility-admin;posx-mokobara-admin;posx-ugaoo-admin
3822cd26d6aaf8ca,8,8,src/routes/products/product-import/helpers/import-template.ts,posx-comet-admin;posx-demo-admin;posx-eume-admin;posx-frido-admin;posx-frido-b2b-admin;posx-frido-mobility-admin;posx-mokobara-admin;posx-ugaoo-admin
447f64d2e2c4ce5c,8,8,src/routes/products/product-create/components/product-create-inventory-kit-form/product-create-inventory-kit-form.tsx,posx-comet-admin;posx-demo-admin;posx-eume-admin;posx-frido-admin;posx-frido-b2b-admin;posx-frido-mobility-admin;posx-mokobara-admin;posx-ugaoo-admin
49f12f86bad1d866,8,8,src/routes/products/product-create/components/product-create-inventory-kit-form/index.ts,posx-comet-admin;posx-demo-admin;posx-eume-admin;posx-frido-admin;posx-frido-b2b-admin;posx-frido-mobility-admin;posx-mokobara-admin;posx-ugaoo-admin
4422004f1ca19373,8,8,src/routes/products/product-create/components/product-create-details-form/product-create-details-form.tsx,posx-comet-admin;posx-demo-admin;posx-eume-admin;posx-frido-admin;posx-frido-b2b-admin;posx-frido-mobility-admin;posx-mokobara-admin;posx-ugaoo-admin
cdb00ae1e39c7d06,8,8,src/routes/products/product-create/components/product-create-details-form/index.ts,posx-comet-admin;posx-demo-admin;posx-eume-admin;posx-frido-admin;posx-frido-b2b-admin;posx-frido-mobility-admin;posx-mokobara-admin;posx-ugaoo-admin
b16e223344f40aa1,8,8,src/routes/products/product-create/components/product-create-variants-form/product-create-variants-form.tsx,posx-comet-admin;posx-demo-admin;posx-eume-admin;posx-frido-admin;posx-frido-b2b-admin;posx-frido-mobility-admin;posx-mokobara-admin;posx-ugaoo-admin
b886ecf8372a504f,8,8,src/routes/products/product-create/components/product-create-variants-form/index.ts,posx-comet-admin;posx-demo-admin;posx-eume-admin;posx-frido-admin;posx-frido-b2b-admin;posx-frido-mobility-admin;posx-mokobara-admin;posx-ugaoo-admin
e9c0c22b2de84154,8,8,src/routes/products/product-create/components/product-create-form/product-create-form.tsx,posx-comet-admin;posx-demo-admin;posx-eume-admin;posx-frido-admin;posx-frido-b2b-admin;posx-frido-mobility-admin;posx-mokobara-admin;posx-ugaoo-admin
3e8cdc78a9c7ae57,8,8,src/routes/products/product-create/components/product-create-form/index.ts,posx-comet-admin;posx-demo-admin;posx-eume-admin;posx-frido-admin;posx-frido-b2b-admin;posx-frido-mobility-admin;posx-mokobara-admin;posx-ugaoo-admin
423429b66bdd0a6a,8,8,src/routes/products/product-create/components/product-create-organize-form/product-create-organize-form.tsx,posx-comet-admin;posx-demo-admin;posx-eume-admin;posx-frido-admin;posx-frido-b2b-admin;posx-frido-mobility-admin;posx-mokobara-admin;posx-ugaoo-admin
408adf6dbeee2ac1,8,8,src/routes/products/product-create/components/product-create-organize-form/constants.ts,posx-comet-admin;posx-demo-admin;posx-eume-admin;posx-frido-admin;posx-frido-b2b-admin;posx-frido-mobility-admin;posx-mokobara-admin;posx-ugaoo-admin
f7a8160901f14407,8,8,src/routes/products/product-create/components/product-create-organize-form/index.ts,posx-comet-admin;posx-demo-admin;posx-eume-admin;posx-frido-admin;posx-frido-b2b-admin;posx-frido-mobility-admin;posx-mokobara-admin;posx-ugaoo-admin
b4b6229af64a73ec,8,8,src/routes/products/product-create/components/product-create-organize-form/components/product-create-organize-attribute-section/product-create-details-attribute-section.tsx,posx-comet-admin;posx-demo-admin;posx-eume-admin;posx-frido-admin;posx-frido-b2b-admin;posx-frido-mobility-admin;posx-mokobara-admin;posx-ugaoo-admin
b04a7fc65489342d,8,8,src/routes/products/product-create/components/product-create-organize-form/components/product-create-organize-attribute-section/index.ts,posx-comet-admin;posx-demo-admin;posx-eume-admin;posx-frido-admin;posx-frido-b2b-admin;posx-frido-mobility-admin;posx-mokobara-admin;posx-ugaoo-admin
31418bd3f90ee1ca,8,8,src/routes/products/product-create/components/product-create-organize-form/components/product-create-sales-channel-stacked-modal/index.ts,posx-comet-admin;posx-demo-admin;posx-eume-admin;posx-frido-admin;posx-frido-b2b-admin;posx-frido-mobility-admin;posx-mokobara-admin;posx-ugaoo-admin
53b5a969e7ac21fe,8,8,src/routes/products/product-create/components/product-create-organize-form/components/product-create-sales-channel-stacked-modal/product-create-sales-channel-drawer.tsx,posx-comet-admin;posx-demo-admin;posx-eume-admin;posx-frido-admin;posx-frido-b2b-admin;posx-frido-mobility-admin;posx-mokobara-admin;posx-ugaoo-admin
9940d92c118dcf8d,8,8,src/routes/products/product-create/components/product-create-organize-form/components/product-create-organize-section/product-create-details-organize-section.tsx,posx-comet-admin;posx-demo-admin;posx-eume-admin;posx-frido-admin;posx-frido-b2b-admin;posx-frido-mobility-admin;posx-mokobara-admin;posx-ugaoo-admin
c7099de1008b8e55,8,8,src/routes/products/product-create/components/product-create-organize-form/components/product-create-organize-section/index.ts,posx-comet-admin;posx-demo-admin;posx-eume-admin;posx-frido-admin;posx-frido-b2b-admin;posx-frido-mobility-admin;posx-mokobara-admin;posx-ugaoo-admin
7edf38ad9a44f9cf,8,8,src/routes/products/product-create/components/product-create-details-form/components/product-create-details-variant-section/index.ts,posx-comet-admin;posx-demo-admin;posx-eume-admin;posx-frido-admin;posx-frido-b2b-admin;posx-frido-mobility-admin;posx-mokobara-admin;posx-ugaoo-admin
e60e3bf3efb20090,8,8,src/routes/products/product-create/components/product-create-details-form/components/product-create-details-variant-section/product-create-details-variant-section.tsx,posx-comet-admin;posx-demo-admin;posx-eume-admin;posx-frido-admin;posx-frido-b2b-admin;posx-frido-mobility-admin;posx-mokobara-admin;posx-ugaoo-admin
ad7b0a33ecf5f2a2,8,8,src/routes/products/product-create/components/product-create-details-form/components/product-create-details-media-section/index.ts,posx-comet-admin;posx-demo-admin;posx-eume-admin;posx-frido-admin;posx-frido-b2b-admin;posx-frido-mobility-admin;posx-mokobara-admin;posx-ugaoo-admin
866e6d343a897125,8,8,src/routes/products/product-create/components/product-create-details-form/components/product-create-details-media-section/product-create-details-media-section.tsx,posx-comet-admin;posx-demo-admin;posx-eume-admin;posx-frido-admin;posx-frido-b2b-admin;posx-frido-mobility-admin;posx-mokobara-admin;posx-ugaoo-admin
a36b9ea818269604,8,8,src/routes/products/product-create/components/product-create-details-form/components/product-create-details-general-section/product-create-general-section.tsx,posx-comet-admin;posx-demo-admin;posx-eume-admin;posx-frido-admin;posx-frido-b2b-admin;posx-frido-mobility-admin;posx-mokobara-admin;posx-ugaoo-admin
10d78aed654b6ba6,8,8,src/routes/products/product-create/components/product-create-details-form/components/product-create-details-general-section/index.ts,posx-comet-admin;posx-demo-admin;posx-eume-admin;posx-frido-admin;posx-frido-b2b-admin;posx-frido-mobility-admin;posx-mokobara-admin;posx-ugaoo-admin
06189988f83d42d0,8,8,src/routes/products/product-create/components/product-create-inventory-kit-form/components/product-create-inventory-kit-section/product-create-inventory-kit-section.tsx,posx-comet-admin;posx-demo-admin;posx-eume-admin;posx-frido-admin;posx-frido-b2b-admin;posx-frido-mobility-admin;posx-mokobara-admin;posx-ugaoo-admin
3c7508985e8a5f62,8,8,src/routes/products/product-create/components/product-create-inventory-kit-form/components/product-create-inventory-kit-section/index.ts,posx-comet-admin;posx-demo-admin;posx-eume-admin;posx-frido-admin;posx-frido-b2b-admin;posx-frido-mobility-admin;posx-mokobara-admin;posx-ugaoo-admin
d2012c280e52d7d7,8,8,src/routes/products/product-attributes/components/product-attributes-form/product-attributes-form.tsx,posx-comet-admin;posx-demo-admin;posx-eume-admin;posx-frido-admin;posx-frido-b2b-admin;posx-frido-mobility-admin;posx-mokobara-admin;posx-ugaoo-admin
2795a2df79e3bebd,8,8,src/routes/products/product-attributes/components/product-attributes-form/index.ts,posx-comet-admin;posx-demo-admin;posx-eume-admin;posx-frido-admin;posx-frido-b2b-admin;posx-frido-mobility-admin;posx-mokobara-admin;posx-ugaoo-admin
6ea6b399f0118708,8,8,src/routes/products/product-stock/hooks/use-product-stock-columns.tsx,posx-comet-admin;posx-demo-admin;posx-eume-admin;posx-frido-admin;posx-frido-b2b-admin;posx-frido-mobility-admin;posx-mokobara-admin;posx-ugaoo-admin
78b8f8e4eafb3fdc,8,8,src/routes/products/product-stock/components/product-stock-form/index.ts,posx-comet-admin;posx-demo-admin;posx-eume-admin;posx-frido-admin;posx-frido-b2b-admin;posx-frido-mobility-admin;posx-mokobara-admin;posx-ugaoo-admin
481e8eb765fdb19f,8,8,src/routes/products/product-stock/components/product-stock-form/product-stock-form.tsx,posx-comet-admin;posx-demo-admin;posx-eume-admin;posx-frido-admin;posx-frido-b2b-admin;posx-frido-mobility-admin;posx-mokobara-admin;posx-ugaoo-admin
a33f4e96d956aa00,8,8,src/routes/products/product-sales-channels/components/edit-sales-channels-form/edit-sales-channels-form.tsx,posx-comet-admin;posx-demo-admin;posx-eume-admin;posx-frido-admin;posx-frido-b2b-admin;posx-frido-mobility-admin;posx-mokobara-admin;posx-ugaoo-admin
ef419734b05dfd19,8,8,src/routes/products/product-detail/components/product-general-section/index.ts,posx-comet-admin;posx-demo-admin;posx-eume-admin;posx-frido-admin;posx-frido-b2b-admin;posx-frido-mobility-admin;posx-mokobara-admin;posx-ugaoo-admin
31dc095bb60eb497,8,8,src/routes/products/product-detail/components/product-media-section/index.ts,posx-comet-admin;posx-demo-admin;posx-eume-admin;posx-frido-admin;posx-frido-b2b-admin;posx-frido-mobility-admin;posx-mokobara-admin;posx-ugaoo-admin
1dd7607500bfe2c0,8,8,src/routes/products/product-detail/components/product-media-section/product-media-section.tsx,posx-comet-admin;posx-demo-admin;posx-eume-admin;posx-frido-admin;posx-frido-b2b-admin;posx-frido-mobility-admin;posx-mokobara-admin;posx-ugaoo-admin
f08e73ab9f6c8b5a,8,8,src/routes/products/product-detail/components/product-variant-section/index.ts,posx-comet-admin;posx-demo-admin;posx-eume-admin;posx-frido-admin;posx-frido-b2b-admin;posx-frido-mobility-admin;posx-mokobara-admin;posx-ugaoo-admin
4120253ae24d5d30,8,8,src/routes/products/product-detail/components/product-shipping-profile-section/product-shipping-profile-section.tsx,posx-comet-admin;posx-demo-admin;posx-eume-admin;posx-frido-admin;posx-frido-b2b-admin;posx-frido-mobility-admin;posx-mokobara-admin;posx-ugaoo-admin
1673e4c524444630,8,8,src/routes/products/product-detail/components/product-shipping-profile-section/index.ts,posx-comet-admin;posx-demo-admin;posx-eume-admin;posx-frido-admin;posx-frido-b2b-admin;posx-frido-mobility-admin;posx-mokobara-admin;posx-ugaoo-admin
1f9b6e78aa9b19a0,8,8,src/routes/products/product-detail/components/product-organization-section/product-organization-section.tsx,posx-comet-admin;posx-demo-admin;posx-eume-admin;posx-frido-admin;posx-frido-b2b-admin;posx-frido-mobility-admin;posx-mokobara-admin;posx-ugaoo-admin
3009060ecb438ac2,8,8,src/routes/products/product-detail/components/product-organization-section/index.ts,posx-comet-admin;posx-demo-admin;posx-eume-admin;posx-frido-admin;posx-frido-b2b-admin;posx-frido-mobility-admin;posx-mokobara-admin;posx-ugaoo-admin
1de0f26c4ecdba86,8,8,src/routes/products/product-detail/components/product-shopify-section/index.ts,posx-comet-admin;posx-demo-admin;posx-eume-admin;posx-frido-admin;posx-frido-b2b-admin;posx-frido-mobility-admin;posx-mokobara-admin;posx-ugaoo-admin
56f2fe6c27f8da61,8,8,src/routes/products/product-detail/components/product-sales-channel-section/index.ts,posx-comet-admin;posx-demo-admin;posx-eume-admin;posx-frido-admin;posx-frido-b2b-admin;posx-frido-mobility-admin;posx-mokobara-admin;posx-ugaoo-admin
e23e36cdd0ac1b56,8,8,src/routes/products/product-detail/components/product-attribute-section/product-attribute-section.tsx,posx-comet-admin;posx-demo-admin;posx-eume-admin;posx-frido-admin;posx-frido-b2b-admin;posx-frido-mobility-admin;posx-mokobara-admin;posx-ugaoo-admin
66e60d91a78a4391,8,8,src/routes/products/product-detail/components/product-attribute-section/index.ts,posx-comet-admin;posx-demo-admin;posx-eume-admin;posx-frido-admin;posx-frido-b2b-admin;posx-frido-mobility-admin;posx-mokobara-admin;posx-ugaoo-admin
f2ea16e1101e8f4f,8,8,src/routes/products/product-detail/components/product-option-section/index.ts,posx-comet-admin;posx-demo-admin;posx-eume-admin;posx-frido-admin;posx-frido-b2b-admin;posx-frido-mobility-admin;posx-mokobara-admin;posx-ugaoo-admin
5cea1c5ebc92311d,8,8,src/routes/products/product-organization/components/product-organization-form/product-organization-form.tsx,posx-comet-admin;posx-demo-admin;posx-eume-admin;posx-frido-admin;posx-frido-b2b-admin;posx-frido-mobility-admin;posx-mokobara-admin;posx-ugaoo-admin
031045b44958a991,8,8,src/routes/products/product-organization/components/product-organization-form/index.ts,posx-comet-admin;posx-demo-admin;posx-eume-admin;posx-frido-admin;posx-frido-b2b-admin;posx-frido-mobility-admin;posx-mokobara-admin;posx-ugaoo-admin
1fa7662456910892,8,8,src/routes/products/product-media/components/edit-product-media-form/edit-product-media-form.tsx,posx-comet-admin;posx-demo-admin;posx-eume-admin;posx-frido-admin;posx-frido-b2b-admin;posx-frido-mobility-admin;posx-mokobara-admin;posx-ugaoo-admin
7b8d5fd6e36e09c9,8,8,src/routes/products/product-media/components/edit-product-media-form/index.ts,posx-comet-admin;posx-demo-admin;posx-eume-admin;posx-frido-admin;posx-frido-b2b-admin;posx-frido-mobility-admin;posx-mokobara-admin;posx-ugaoo-admin
4ff3dfc16f5d890b,8,8,src/routes/products/product-media/components/product-media-view/product-media-view-context.tsx,posx-comet-admin;posx-demo-admin;posx-eume-admin;posx-frido-admin;posx-frido-b2b-admin;posx-frido-mobility-admin;posx-mokobara-admin;posx-ugaoo-admin
0295d538acfefc3c,8,8,src/routes/products/product-media/components/product-media-view/use-product-media-view.tsx,posx-comet-admin;posx-demo-admin;posx-eume-admin;posx-frido-admin;posx-frido-b2b-admin;posx-frido-mobility-admin;posx-mokobara-admin;posx-ugaoo-admin
56070ab81e160040,8,8,src/routes/products/product-media/components/product-media-view/index.ts,posx-comet-admin;posx-demo-admin;posx-eume-admin;posx-frido-admin;posx-frido-b2b-admin;posx-frido-mobility-admin;posx-mokobara-admin;posx-ugaoo-admin
3d9c9d4ef91d923d,8,8,src/routes/products/product-media/components/product-media-view/product-media-view.tsx,posx-comet-admin;posx-demo-admin;posx-eume-admin;posx-frido-admin;posx-frido-b2b-admin;posx-frido-mobility-admin;posx-mokobara-admin;posx-ugaoo-admin
681dc1922a9e0f5c,8,8,src/routes/products/product-media/components/product-media-gallery/product-media-gallery.tsx,posx-comet-admin;posx-demo-admin;posx-eume-admin;posx-frido-admin;posx-frido-b2b-admin;posx-frido-mobility-admin;posx-mokobara-admin;posx-ugaoo-admin
b64c965b5a203f27,8,8,src/routes/products/product-media/components/product-media-gallery/index.ts,posx-comet-admin;posx-demo-admin;posx-eume-admin;posx-frido-admin;posx-frido-b2b-admin;posx-frido-mobility-admin;posx-mokobara-admin;posx-ugaoo-admin
1671792c09ff9b7a,8,8,src/routes/regions/region-detail/loader.ts,posx-comet-admin;posx-demo-admin;posx-eume-admin;posx-frido-admin;posx-frido-b2b-admin;posx-frido-mobility-admin;posx-mokobara-admin;posx-ugaoo-admin
768a5747a58dd26d,8,8,src/routes/regions/region-detail/breadcrumb.tsx,posx-comet-admin;posx-demo-admin;posx-eume-admin;posx-frido-admin;posx-frido-b2b-admin;posx-frido-mobility-admin;posx-mokobara-admin;posx-ugaoo-admin
169f83c9e1b51816,8,8,src/routes/regions/region-detail/constants.ts,posx-comet-admin;posx-demo-admin;posx-eume-admin;posx-frido-admin;posx-frido-b2b-admin;posx-frido-mobility-admin;posx-mokobara-admin;posx-ugaoo-admin
cc4db92c5cafa07e,8,8,src/routes/regions/region-detail/index.ts,posx-comet-admin;posx-demo-admin;posx-eume-admin;posx-frido-admin;posx-frido-b2b-admin;posx-frido-mobility-admin;posx-mokobara-admin;posx-ugaoo-admin
98ff7e4c1aa33156,8,8,src/routes/regions/region-detail/region-detail.tsx,posx-comet-admin;posx-demo-admin;posx-eume-admin;posx-frido-admin;posx-frido-b2b-admin;posx-frido-mobility-admin;posx-mokobara-admin;posx-ugaoo-admin
a4e20ff18efae9f1,8,8,src/routes/regions/common/constants.ts,posx-comet-admin;posx-demo-admin;posx-eume-admin;posx-frido-admin;posx-frido-b2b-admin;posx-frido-mobility-admin;posx-mokobara-admin;posx-ugaoo-admin
143bd6c9fb603fc3,8,8,src/routes/regions/region-metadata/region-metadata.tsx,posx-comet-admin;posx-demo-admin;posx-eume-admin;posx-frido-admin;posx-frido-b2b-admin;posx-frido-mobility-admin;posx-mokobara-admin;posx-ugaoo-admin
bbecdd77165ec7f7,8,8,src/routes/regions/region-metadata/index.ts,posx-comet-admin;posx-demo-admin;posx-eume-admin;posx-frido-admin;posx-frido-b2b-admin;posx-frido-mobility-admin;posx-mokobara-admin;posx-ugaoo-admin
602e4057b695592f,8,8,src/routes/regions/region-edit/region-edit.tsx,posx-comet-admin;posx-demo-admin;posx-eume-admin;posx-frido-admin;posx-frido-b2b-admin;posx-frido-mobility-admin;posx-mokobara-admin;posx-ugaoo-admin
f93dfd92968372c0,8,8,src/routes/regions/region-edit/index.ts,posx-comet-admin;posx-demo-admin;posx-eume-admin;posx-frido-admin;posx-frido-b2b-admin;posx-frido-mobility-admin;posx-mokobara-admin;posx-ugaoo-admin
04112818bffba0ed,8,8,src/routes/regions/region-add-countries/region-add-countries.tsx,posx-comet-admin;posx-demo-admin;posx-eume-admin;posx-frido-admin;posx-frido-b2b-admin;posx-frido-mobility-admin;posx-mokobara-admin;posx-ugaoo-admin
ca842d99e51b6e04,8,8,src/routes/regions/region-add-countries/index.ts,posx-comet-admin;posx-demo-admin;posx-eume-admin;posx-frido-admin;posx-frido-b2b-admin;posx-frido-mobility-admin;posx-mokobara-admin;posx-ugaoo-admin
d11e083ee0afb74c,8,8,src/routes/regions/region-list/region-list.tsx,posx-comet-admin;posx-demo-admin;posx-eume-admin;posx-frido-admin;posx-frido-b2b-admin;posx-frido-mobility-admin;posx-mokobara-admin;posx-ugaoo-admin
ad088c1d31b2635e,8,8,src/routes/regions/region-list/index.ts,posx-comet-admin;posx-demo-admin;posx-eume-admin;posx-frido-admin;posx-frido-b2b-admin;posx-frido-mobility-admin;posx-mokobara-admin;posx-ugaoo-admin
a7525a629d6c7804,8,8,src/routes/regions/region-create/region-create.tsx,posx-comet-admin;posx-demo-admin;posx-eume-admin;posx-frido-admin;posx-frido-b2b-admin;posx-frido-mobility-admin;posx-mokobara-admin;posx-ugaoo-admin
62308cd59a3dfce5,8,8,src/routes/regions/region-create/index.ts,posx-comet-admin;posx-demo-admin;posx-eume-admin;posx-frido-admin;posx-frido-b2b-admin;posx-frido-mobility-admin;posx-mokobara-admin;posx-ugaoo-admin
dce209e42a7c3cff,8,8,src/routes/regions/region-create/components/create-region-form/create-region-form.tsx,posx-comet-admin;posx-demo-admin;posx-eume-admin;posx-frido-admin;posx-frido-b2b-admin;posx-frido-mobility-admin;posx-mokobara-admin;posx-ugaoo-admin
fa861731c8aee65c,8,8,src/routes/regions/region-create/components/create-region-form/index.ts,posx-comet-admin;posx-demo-admin;posx-eume-admin;posx-frido-admin;posx-frido-b2b-admin;posx-frido-mobility-admin;posx-mokobara-admin;posx-ugaoo-admin
fb2f13587bd8855f,8,8,src/routes/regions/region-list/components/region-list-table/region-list-table.tsx,posx-comet-admin;posx-demo-admin;posx-eume-admin;posx-frido-admin;posx-frido-b2b-admin;posx-frido-mobility-admin;posx-mokobara-admin;posx-ugaoo-admin
dca7613baa477b9b,8,8,src/routes/regions/region-list/components/region-list-table/index.ts,posx-comet-admin;posx-demo-admin;posx-eume-admin;posx-frido-admin;posx-frido-b2b-admin;posx-frido-mobility-admin;posx-mokobara-admin;posx-ugaoo-admin
7d99e7e035c01adc,8,8,src/routes/regions/region-add-countries/components/add-countries-form/add-countries-form.tsx,posx-comet-admin;posx-demo-admin;posx-eume-admin;posx-frido-admin;posx-frido-b2b-admin;posx-frido-mobility-admin;posx-mokobara-admin;posx-ugaoo-admin
928f6c9aca862d4c,8,8,src/routes/regions/region-add-countries/components/add-countries-form/index.ts,posx-comet-admin;posx-demo-admin;posx-eume-admin;posx-frido-admin;posx-frido-b2b-admin;posx-frido-mobility-admin;posx-mokobara-admin;posx-ugaoo-admin
d880c099d804873c,8,8,src/routes/regions/region-edit/components/edit-region-form/index.ts,posx-comet-admin;posx-demo-admin;posx-eume-admin;posx-frido-admin;posx-frido-b2b-admin;posx-frido-mobility-admin;posx-mokobara-admin;posx-ugaoo-admin
5efb14aec64fc8c2,8,8,src/routes/regions/region-edit/components/edit-region-form/edit-region-form.tsx,posx-comet-admin;posx-demo-admin;posx-eume-admin;posx-frido-admin;posx-frido-b2b-admin;posx-frido-mobility-admin;posx-mokobara-admin;posx-ugaoo-admin
f47e1786935ddea6,8,8,src/routes/regions/common/hooks/use-country-table-columns.tsx,posx-comet-admin;posx-demo-admin;posx-eume-admin;posx-frido-admin;posx-frido-b2b-admin;posx-frido-mobility-admin;posx-mokobara-admin;posx-ugaoo-admin
85b641d651a1b734,8,8,src/routes/regions/common/hooks/use-country-table-query.tsx,posx-comet-admin;posx-demo-admin;posx-eume-admin;posx-frido-admin;posx-frido-b2b-admin;posx-frido-mobility-admin;posx-mokobara-admin;posx-ugaoo-admin
6a73d8f2698b7b17,8,8,src/routes/regions/region-detail/components/region-general-section/region-general-section.tsx,posx-comet-admin;posx-demo-admin;posx-eume-admin;posx-frido-admin;posx-frido-b2b-admin;posx-frido-mobility-admin;posx-mokobara-admin;posx-ugaoo-admin
c62cee69893eb022,8,8,src/routes/regions/region-detail/components/region-general-section/index.ts,posx-comet-admin;posx-demo-admin;posx-eume-admin;posx-frido-admin;posx-frido-b2b-admin;posx-frido-mobility-admin;posx-mokobara-admin;posx-ugaoo-admin
3e04eaae705b4ac9,8,8,src/routes/regions/region-detail/components/region-country-section/index.ts,posx-comet-admin;posx-demo-admin;posx-eume-admin;posx-frido-admin;posx-frido-b2b-admin;posx-frido-mobility-admin;posx-mokobara-admin;posx-ugaoo-admin
8c59bc8dd58c2026,8,8,src/routes/regions/region-detail/components/region-country-section/region-country-section.tsx,posx-comet-admin;posx-demo-admin;posx-eume-admin;posx-frido-admin;posx-frido-b2b-admin;posx-frido-mobility-admin;posx-mokobara-admin;posx-ugaoo-admin
71cf714e2009b016,8,8,src/routes/customers/customer-create/index.ts,posx-comet-admin;posx-demo-admin;posx-eume-admin;posx-frido-admin;posx-frido-b2b-admin;posx-frido-mobility-admin;posx-mokobara-admin;posx-ugaoo-admin
e053792ad743984c,8,8,src/routes/customers/customer-create/customer-create.tsx,posx-comet-admin;posx-demo-admin;posx-eume-admin;posx-frido-admin;posx-frido-b2b-admin;posx-frido-mobility-admin;posx-mokobara-admin;posx-ugaoo-admin
21d0d6772bdffd94,8,8,src/routes/customers/customer-detail/loader.ts,posx-comet-admin;posx-demo-admin;posx-eume-admin;posx-frido-admin;posx-frido-b2b-admin;posx-frido-mobility-admin;posx-mokobara-admin;posx-ugaoo-admin
8b38aa0009399e8d,8,8,src/routes/customers/customer-detail/customer-detail.tsx,posx-comet-admin;posx-demo-admin;posx-eume-admin;posx-frido-admin;posx-frido-b2b-admin;posx-frido-mobility-admin;posx-mokobara-admin;posx-ugaoo-admin
6bdf4070a325249f,8,8,src/routes/customers/customer-detail/breadcrumb.tsx,posx-comet-admin;posx-demo-admin;posx-eume-admin;posx-frido-admin;posx-frido-b2b-admin;posx-frido-mobility-admin;posx-mokobara-admin;posx-ugaoo-admin
1a584728b4352cb7,8,8,src/routes/customers/customer-detail/index.ts,posx-comet-admin;posx-demo-admin;posx-eume-admin;posx-frido-admin;posx-frido-b2b-admin;posx-frido-mobility-admin;posx-mokobara-admin;posx-ugaoo-admin
fc9867095c44005e,8,8,src/routes/customers/customers-add-customer-group/customer-add-customer-groups.tsx,posx-comet-admin;posx-demo-admin;posx-eume-admin;posx-frido-admin;posx-frido-b2b-admin;posx-frido-mobility-admin;posx-mokobara-admin;posx-ugaoo-admin
5cf99e34641869f3,8,8,src/routes/customers/customers-add-customer-group/index.ts,posx-comet-admin;posx-demo-admin;posx-eume-admin;posx-frido-admin;posx-frido-b2b-admin;posx-frido-mobility-admin;posx-mokobara-admin;posx-ugaoo-admin
c7470098c09a62fe,8,8,src/routes/customers/customer-metadata/customer-metadata.tsx,posx-comet-admin;posx-demo-admin;posx-eume-admin;posx-frido-admin;posx-frido-b2b-admin;posx-frido-mobility-admin;posx-mokobara-admin;posx-ugaoo-admin
5f38b14da23b3bc0,8,8,src/routes/customers/customer-metadata/index.ts,posx-comet-admin;posx-demo-admin;posx-eume-admin;posx-frido-admin;posx-frido-b2b-admin;posx-frido-mobility-admin;posx-mokobara-admin;posx-ugaoo-admin
f3d9beca61d5be4c,8,8,src/routes/customers/customer-edit/customer-edit.tsx,posx-comet-admin;posx-demo-admin;posx-eume-admin;posx-frido-admin;posx-frido-b2b-admin;posx-frido-mobility-admin;posx-mokobara-admin;posx-ugaoo-admin
eb63af8ac864285b,8,8,src/routes/customers/customer-edit/index.ts,posx-comet-admin;posx-demo-admin;posx-eume-admin;posx-frido-admin;posx-frido-b2b-admin;posx-frido-mobility-admin;posx-mokobara-admin;posx-ugaoo-admin
5b7e331ae751ec67,8,8,src/routes/customers/customer-list/customer-list.tsx,posx-comet-admin;posx-demo-admin;posx-eume-admin;posx-frido-admin;posx-frido-b2b-admin;posx-frido-mobility-admin;posx-mokobara-admin;posx-ugaoo-admin
44283b373a7625fb,8,8,src/routes/customers/customer-list/index.ts,posx-comet-admin;posx-demo-admin;posx-eume-admin;posx-frido-admin;posx-frido-b2b-admin;posx-frido-mobility-admin;posx-mokobara-admin;posx-ugaoo-admin
e490736e6895258e,8,8,src/routes/customers/customer-list/components/customer-list-table/customer-list-table.tsx,posx-comet-admin;posx-demo-admin;posx-eume-admin;posx-frido-admin;posx-frido-b2b-admin;posx-frido-mobility-admin;posx-mokobara-admin;posx-ugaoo-admin
5723452dc8678946,8,8,src/routes/customers/customer-list/components/customer-list-table/index.ts,posx-comet-admin;posx-demo-admin;posx-eume-admin;posx-frido-admin;posx-frido-b2b-admin;posx-frido-mobility-admin;posx-mokobara-admin;posx-ugaoo-admin
72315412f00fe5da,8,8,src/routes/customers/customer-edit/components/edit-customer-form/edit-customer-form.tsx,posx-comet-admin;posx-demo-admin;posx-eume-admin;posx-frido-admin;posx-frido-b2b-admin;posx-frido-mobility-admin;posx-mokobara-admin;posx-ugaoo-admin
d7485f30eeccb788,8,8,src/routes/customers/customer-edit/components/edit-customer-form/index.ts,posx-comet-admin;posx-demo-admin;posx-eume-admin;posx-frido-admin;posx-frido-b2b-admin;posx-frido-mobility-admin;posx-mokobara-admin;posx-ugaoo-admin
277986e198497354,8,8,src/routes/customers/customers-add-customer-group/components/add-customers-form/index.ts,posx-comet-admin;posx-demo-admin;posx-eume-admin;posx-frido-admin;posx-frido-b2b-admin;posx-frido-mobility-admin;posx-mokobara-admin;posx-ugaoo-admin
fd845866fe36d457,8,8,src/routes/customers/customers-add-customer-group/components/add-customers-form/add-customer-groups-form.tsx,posx-comet-admin;posx-demo-admin;posx-eume-admin;posx-frido-admin;posx-frido-b2b-admin;posx-frido-mobility-admin;posx-mokobara-admin;posx-ugaoo-admin
f97a9bf3acfdf946,8,8,src/routes/customers/customer-detail/components/customer-general-section/customer-general-section.tsx,posx-comet-admin;posx-demo-admin;posx-eume-admin;posx-frido-admin;posx-frido-b2b-admin;posx-frido-mobility-admin;posx-mokobara-admin;posx-ugaoo-admin
9601bf57c7ebda55,8,8,src/routes/customers/customer-detail/components/customer-general-section/index.ts,posx-comet-admin;posx-demo-admin;posx-eume-admin;posx-frido-admin;posx-frido-b2b-admin;posx-frido-mobility-admin;posx-mokobara-admin;posx-ugaoo-admin
672a0790fd657ed6,8,8,src/routes/customers/customer-detail/components/customer-order-section/customer-order-section.tsx,posx-comet-admin;posx-demo-admin;posx-eume-admin;posx-frido-admin;posx-frido-b2b-admin;posx-frido-mobility-admin;posx-mokobara-admin;posx-ugaoo-admin
55efc78e40fc363c,8,8,src/routes/customers/customer-detail/components/customer-order-section/index.ts,posx-comet-admin;posx-demo-admin;posx-eume-admin;posx-frido-admin;posx-frido-b2b-admin;posx-frido-mobility-admin;posx-mokobara-admin;posx-ugaoo-admin
3113e3ac84b9771c,8,8,src/routes/customers/customer-detail/components/customer-group-section/customer-group-section.tsx,posx-comet-admin;posx-demo-admin;posx-eume-admin;posx-frido-admin;posx-frido-b2b-admin;posx-frido-mobility-admin;posx-mokobara-admin;posx-ugaoo-admin
eb69e4fd55bcf7a5,8,8,src/routes/customers/customer-detail/components/customer-group-section/index.ts,posx-comet-admin;posx-demo-admin;posx-eume-admin;posx-frido-admin;posx-frido-b2b-admin;posx-frido-mobility-admin;posx-mokobara-admin;posx-ugaoo-admin
e1f4d346485b1bdf,8,8,src/routes/customers/customer-create/components/create-customer-form/create-customer-form.tsx,posx-comet-admin;posx-demo-admin;posx-eume-admin;posx-frido-admin;posx-frido-b2b-admin;posx-frido-mobility-admin;posx-mokobara-admin;posx-ugaoo-admin
2c5c537c8a43d894,8,8,src/routes/customers/customer-create/components/create-customer-form/index.ts,posx-comet-admin;posx-demo-admin;posx-eume-admin;posx-frido-admin;posx-frido-b2b-admin;posx-frido-mobility-admin;posx-mokobara-admin;posx-ugaoo-admin
54fd1c9ce90f62a9,8,8,src/i18n/translations/tr.json,posx-comet-admin;posx-demo-admin;posx-eume-admin;posx-frido-admin;posx-frido-b2b-admin;posx-frido-mobility-admin;posx-mokobara-admin;posx-ugaoo-admin
8d5a111e8d345418,8,8,src/i18n/translations/mk.json,posx-comet-admin;posx-demo-admin;posx-eume-admin;posx-frido-admin;posx-frido-b2b-admin;posx-frido-mobility-admin;posx-mokobara-admin;posx-ugaoo-admin
4bf53ef0a8f29d64,8,8,src/i18n/translations/zhCN.json,posx-comet-admin;posx-demo-admin;posx-eume-admin;posx-frido-admin;posx-frido-b2b-admin;posx-frido-mobility-admin;posx-mokobara-admin;posx-ugaoo-admin
79c9f071c66225fb,8,8,src/i18n/translations/ja.json,posx-comet-admin;posx-demo-admin;posx-eume-admin;posx-frido-admin;posx-frido-b2b-admin;posx-frido-mobility-admin;posx-mokobara-admin;posx-ugaoo-admin
2e5624920bbfa97d,8,8,src/i18n/translations/de.json,posx-comet-admin;posx-demo-admin;posx-eume-admin;posx-frido-admin;posx-frido-b2b-admin;posx-frido-mobility-admin;posx-mokobara-admin;posx-ugaoo-admin
5e25bad36f54f7f0,8,8,src/i18n/translations/ru.json,posx-comet-admin;posx-demo-admin;posx-eume-admin;posx-frido-admin;posx-frido-b2b-admin;posx-frido-mobility-admin;posx-mokobara-admin;posx-ugaoo-admin
67083a2a8f3d026f,8,8,src/i18n/translations/pl.json,posx-comet-admin;posx-demo-admin;posx-eume-admin;posx-frido-admin;posx-frido-b2b-admin;posx-frido-mobility-admin;posx-mokobara-admin;posx-ugaoo-admin
8a99cee6181203c9,8,8,src/i18n/translations/uk.json,posx-comet-admin;posx-demo-admin;posx-eume-admin;posx-frido-admin;posx-frido-b2b-admin;posx-frido-mobility-admin;posx-mokobara-admin;posx-ugaoo-admin
32522fffd3799bb8,8,8,src/i18n/translations/it.json,posx-comet-admin;posx-demo-admin;posx-eume-admin;posx-frido-admin;posx-frido-b2b-admin;posx-frido-mobility-admin;posx-mokobara-admin;posx-ugaoo-admin
bf8d7aea6bcabd09,8,8,src/i18n/translations/fr.json,posx-comet-admin;posx-demo-admin;posx-eume-admin;posx-frido-admin;posx-frido-b2b-admin;posx-frido-mobility-admin;posx-mokobara-admin;posx-ugaoo-admin
66f9c15914d9d8b4,8,8,src/i18n/translations/el.json,posx-comet-admin;posx-demo-admin;posx-eume-admin;posx-frido-admin;posx-frido-b2b-admin;posx-frido-mobility-admin;posx-mokobara-admin;posx-ugaoo-admin
99cc58d0b5650986,8,8,src/i18n/translations/bg.json,posx-comet-admin;posx-demo-admin;posx-eume-admin;posx-frido-admin;posx-frido-b2b-admin;posx-frido-mobility-admin;posx-mokobara-admin;posx-ugaoo-admin
0f9aaa5badb40ec7,8,8,src/i18n/translations/ro.json,posx-comet-admin;posx-demo-admin;posx-eume-admin;posx-frido-admin;posx-frido-b2b-admin;posx-frido-mobility-admin;posx-mokobara-admin;posx-ugaoo-admin
c172886716a43f28,8,8,src/i18n/translations/mn.json,posx-comet-admin;posx-demo-admin;posx-eume-admin;posx-frido-admin;posx-frido-b2b-admin;posx-frido-mobility-admin;posx-mokobara-admin;posx-ugaoo-admin
063703f0a037d9f8,8,8,src/i18n/translations/fa.json,posx-comet-admin;posx-demo-admin;posx-eume-admin;posx-frido-admin;posx-frido-b2b-admin;posx-frido-mobility-admin;posx-mokobara-admin;posx-ugaoo-admin
0a0c70b8f519ca9a,8,8,src/i18n/translations/index.ts,posx-comet-admin;posx-demo-admin;posx-eume-admin;posx-frido-admin;posx-frido-b2b-admin;posx-frido-mobility-admin;posx-mokobara-admin;posx-ugaoo-admin
9ecfce1aa759e8fb,8,8,src/i18n/translations/cs.json,posx-comet-admin;posx-demo-admin;posx-eume-admin;posx-frido-admin;posx-frido-b2b-admin;posx-frido-mobility-admin;posx-mokobara-admin;posx-ugaoo-admin
b332a2e932143976,8,8,src/i18n/translations/ptBR.json,posx-comet-admin;posx-demo-admin;posx-eume-admin;posx-frido-admin;posx-frido-b2b-admin;posx-frido-mobility-admin;posx-mokobara-admin;posx-ugaoo-admin
72c7d89f13ae1db6,8,8,src/i18n/translations/th.json,posx-comet-admin;posx-demo-admin;posx-eume-admin;posx-frido-admin;posx-frido-b2b-admin;posx-frido-mobility-admin;posx-mokobara-admin;posx-ugaoo-admin
b2f9452ab53ab150,8,8,src/i18n/translations/es.json,posx-comet-admin;posx-demo-admin;posx-eume-admin;posx-frido-admin;posx-frido-b2b-admin;posx-frido-mobility-admin;posx-mokobara-admin;posx-ugaoo-admin
a65a773537d330f9,8,8,src/i18n/translations/ar.json,posx-comet-admin;posx-demo-admin;posx-eume-admin;posx-frido-admin;posx-frido-b2b-admin;posx-frido-mobility-admin;posx-mokobara-admin;posx-ugaoo-admin
9a01c4cbfc43db85,8,8,src/i18n/translations/__tests__/validate-translations.spec.ts,posx-comet-admin;posx-demo-admin;posx-eume-admin;posx-frido-admin;posx-frido-b2b-admin;posx-frido-mobility-admin;posx-mokobara-admin;posx-ugaoo-admin
80e5525f4008d64d,8,8,src/lib/data/country-states.ts,posx-comet-admin;posx-demo-admin;posx-eume-admin;posx-frido-admin;posx-frido-b2b-admin;posx-frido-mobility-admin;posx-mokobara-admin;posx-ugaoo-admin
a9b080a0be6fd5b4,8,8,src/lib/data/currencies.ts,posx-comet-admin;posx-demo-admin;posx-eume-admin;posx-frido-admin;posx-frido-b2b-admin;posx-frido-mobility-admin;posx-mokobara-admin;posx-ugaoo-admin
6e912050bc3ed251,8,8,src/lib/data/countries.ts,posx-comet-admin;posx-demo-admin;posx-eume-admin;posx-frido-admin;posx-frido-b2b-admin;posx-frido-mobility-admin;posx-mokobara-admin;posx-ugaoo-admin
80385d658f3e09e7,8,8,src/lib/client/index.ts,posx-comet-admin;posx-demo-admin;posx-eume-admin;posx-frido-admin;posx-frido-b2b-admin;posx-frido-mobility-admin;posx-mokobara-admin;posx-ugaoo-admin
5d6e43fac6fa01c9,8,8,src/hooks/api/currencies.tsx,posx-comet-admin;posx-demo-admin;posx-eume-admin;posx-frido-admin;posx-frido-b2b-admin;posx-frido-mobility-admin;posx-mokobara-admin;posx-ugaoo-admin
90a0499c2d8102ac,8,8,src/hooks/api/returns.tsx,posx-comet-admin;posx-demo-admin;posx-eume-admin;posx-frido-admin;posx-frido-b2b-admin;posx-frido-mobility-admin;posx-mokobara-admin;posx-ugaoo-admin
1d6082d3b39d1c79,8,8,src/hooks/api/price-lists.tsx,posx-comet-admin;posx-demo-admin;posx-eume-admin;posx-frido-admin;posx-frido-b2b-admin;posx-frido-mobility-admin;posx-mokobara-admin;posx-ugaoo-admin
28a6b16e1d166c37,8,8,src/hooks/api/inventory.tsx,posx-comet-admin;posx-demo-admin;posx-eume-admin;posx-frido-admin;posx-frido-b2b-admin;posx-frido-mobility-admin;posx-mokobara-admin;posx-ugaoo-admin
38b0f57d3990c98b,8,8,src/hooks/api/store.tsx,posx-comet-admin;posx-demo-admin;posx-eume-admin;posx-frido-admin;posx-frido-b2b-admin;posx-frido-mobility-admin;posx-mokobara-admin;posx-ugaoo-admin
ad9956e7851dc168,8,8,src/hooks/api/workflow-executions.tsx,posx-comet-admin;posx-demo-admin;posx-eume-admin;posx-frido-admin;posx-frido-b2b-admin;posx-frido-mobility-admin;posx-mokobara-admin;posx-ugaoo-admin
0c7a3e9714a5617a,8,8,src/hooks/api/sales-channels.tsx,posx-comet-admin;posx-demo-admin;posx-eume-admin;posx-frido-admin;posx-frido-b2b-admin;posx-frido-mobility-admin;posx-mokobara-admin;posx-ugaoo-admin
cb8fd3f6147e4d2f,8,8,src/hooks/api/campaigns.tsx,posx-comet-admin;posx-demo-admin;posx-eume-admin;posx-frido-admin;posx-frido-b2b-admin;posx-frido-mobility-admin;posx-mokobara-admin;posx-ugaoo-admin
2b99dca592f727ab,8,8,src/hooks/api/exchanges.tsx,posx-comet-admin;posx-demo-admin;posx-eume-admin;posx-frido-admin;posx-frido-b2b-admin;posx-frido-mobility-admin;posx-mokobara-admin;posx-ugaoo-admin
ac4fe698d8b91896,8,8,src/hooks/api/payment-collections.tsx,posx-comet-admin;posx-demo-admin;posx-eume-admin;posx-frido-admin;posx-frido-b2b-admin;posx-frido-mobility-admin;posx-mokobara-admin;posx-ugaoo-admin
defb7d1e1c021ddf,8,8,src/hooks/api/tax-rates.tsx,posx-comet-admin;posx-demo-admin;posx-eume-admin;posx-frido-admin;posx-frido-b2b-admin;posx-frido-mobility-admin;posx-mokobara-admin;posx-ugaoo-admin
2288195e58be68d0,8,8,src/hooks/api/shipping-profiles.tsx,posx-comet-admin;posx-demo-admin;posx-eume-admin;posx-frido-admin;posx-frido-b2b-admin;posx-frido-mobility-admin;posx-mokobara-admin;posx-ugaoo-admin
46ae9fdd4b9799bc,8,8,src/hooks/api/fulfillment.tsx,posx-comet-admin;posx-demo-admin;posx-eume-admin;posx-frido-admin;posx-frido-b2b-admin;posx-frido-mobility-admin;posx-mokobara-admin;posx-ugaoo-admin
a0d517a5b299d2c8,8,8,src/hooks/api/price-preferences.tsx,posx-comet-admin;posx-demo-admin;posx-eume-admin;posx-frido-admin;posx-frido-b2b-admin;posx-frido-mobility-admin;posx-mokobara-admin;posx-ugaoo-admin
e959ecd5f88cdfc0,8,8,src/hooks/api/fulfillment-providers.tsx,posx-comet-admin;posx-demo-admin;posx-eume-admin;posx-frido-admin;posx-frido-b2b-admin;posx-frido-mobility-admin;posx-mokobara-admin;posx-ugaoo-admin
298110bc816174a9,8,8,src/hooks/api/product-types.tsx,posx-comet-admin;posx-demo-admin;posx-eume-admin;posx-frido-admin;posx-frido-b2b-admin;posx-frido-mobility-admin;posx-mokobara-admin;posx-ugaoo-admin
8109b5b932b3a884,8,8,src/hooks/api/order-edits.tsx,posx-comet-admin;posx-demo-admin;posx-eume-admin;posx-frido-admin;posx-frido-b2b-admin;posx-frido-mobility-admin;posx-mokobara-admin;posx-ugaoo-admin
1155267a8a0dec14,8,8,src/hooks/api/customer-groups.tsx,posx-comet-admin;posx-demo-admin;posx-eume-admin;posx-frido-admin;posx-frido-b2b-admin;posx-frido-mobility-admin;posx-mokobara-admin;posx-ugaoo-admin
1f8b76ddb04ac046,8,8,src/hooks/api/tags.tsx,posx-comet-admin;posx-demo-admin;posx-eume-admin;posx-frido-admin;posx-frido-b2b-admin;posx-frido-mobility-admin;posx-mokobara-admin;posx-ugaoo-admin
05346c65e07ac98c,8,8,src/hooks/api/payments.tsx,posx-comet-admin;posx-demo-admin;posx-eume-admin;posx-frido-admin;posx-frido-b2b-admin;posx-frido-mobility-admin;posx-mokobara-admin;posx-ugaoo-admin
7277f36a81a75e11,8,8,src/hooks/api/refund-reasons.tsx,posx-comet-admin;posx-demo-admin;posx-eume-admin;posx-frido-admin;posx-frido-b2b-admin;posx-frido-mobility-admin;posx-mokobara-admin;posx-ugaoo-admin
65d5eecae31dbc64,8,8,src/hooks/api/claims.tsx,posx-comet-admin;posx-demo-admin;posx-eume-admin;posx-frido-admin;posx-frido-b2b-admin;posx-frido-mobility-admin;posx-mokobara-admin;posx-ugaoo-admin
101c9dd01c641f47,8,8,src/hooks/api/stock-locations.tsx,posx-comet-admin;posx-demo-admin;posx-eume-admin;posx-frido-admin;posx-frido-b2b-admin;posx-frido-mobility-admin;posx-mokobara-admin;posx-ugaoo-admin
29ca07b9ecb21a29,8,8,src/hooks/api/product-variants.tsx,posx-comet-admin;posx-demo-admin;posx-eume-admin;posx-frido-admin;posx-frido-b2b-admin;posx-frido-mobility-admin;posx-mokobara-admin;posx-ugaoo-admin
ceab49c77fd7c991,8,8,src/hooks/api/notification.tsx,posx-comet-admin;posx-demo-admin;posx-eume-admin;posx-frido-admin;posx-frido-b2b-admin;posx-frido-mobility-admin;posx-mokobara-admin;posx-ugaoo-admin
2cce032103ea670f,8,8,src/hooks/api/orders.tsx,posx-comet-admin;posx-demo-admin;posx-eume-admin;posx-frido-admin;posx-frido-b2b-admin;posx-frido-mobility-admin;posx-mokobara-admin;posx-ugaoo-admin
729755736314f627,8,8,src/hooks/api/shipping-options.tsx,posx-comet-admin;posx-demo-admin;posx-eume-admin;posx-frido-admin;posx-frido-b2b-admin;posx-frido-mobility-admin;posx-mokobara-admin;posx-ugaoo-admin
b24dde39cc39216c,8,8,src/hooks/api/regions.tsx,posx-comet-admin;posx-demo-admin;posx-eume-admin;posx-frido-admin;posx-frido-b2b-admin;posx-frido-mobility-admin;posx-mokobara-admin;posx-ugaoo-admin
9c9d732b9e0584bf,8,8,src/hooks/api/return-reasons.tsx,posx-comet-admin;posx-demo-admin;posx-eume-admin;posx-frido-admin;posx-frido-b2b-admin;posx-frido-mobility-admin;posx-mokobara-admin;posx-ugaoo-admin
4a1f2567f74fad17,8,8,src/hooks/api/api-keys.tsx,posx-comet-admin;posx-demo-admin;posx-eume-admin;posx-frido-admin;posx-frido-b2b-admin;posx-frido-mobility-admin;posx-mokobara-admin;posx-ugaoo-admin
c8c65b445d616ff6,8,8,src/hooks/api/customers.tsx,posx-comet-admin;posx-demo-admin;posx-eume-admin;posx-frido-admin;posx-frido-b2b-admin;posx-frido-mobility-admin;posx-mokobara-admin;posx-ugaoo-admin
ec24494492eeade3,8,8,src/hooks/api/categories.tsx,posx-comet-admin;posx-demo-admin;posx-eume-admin;posx-frido-admin;posx-frido-b2b-admin;posx-frido-mobility-admin;posx-mokobara-admin;posx-ugaoo-admin
5218ef29611f6730,8,8,src/hooks/api/reservations.tsx,posx-comet-admin;posx-demo-admin;posx-eume-admin;posx-frido-admin;posx-frido-b2b-admin;posx-frido-mobility-admin;posx-mokobara-admin;posx-ugaoo-admin
d597f2cb78c3c800,8,8,src/hooks/api/collections.tsx,posx-comet-admin;posx-demo-admin;posx-eume-admin;posx-frido-admin;posx-frido-b2b-admin;posx-frido-mobility-admin;posx-mokobara-admin;posx-ugaoo-admin
21212a5814f79aa0,8,8,src/hooks/table/filters/use-collection-table-filters.tsx,posx-comet-admin;posx-demo-admin;posx-eume-admin;posx-frido-admin;posx-frido-b2b-admin;posx-frido-mobility-admin;posx-mokobara-admin;posx-ugaoo-admin
17b5c3256b4dd1d5,8,8,src/hooks/table/filters/use-order-table-filters.tsx,posx-comet-admin;posx-demo-admin;posx-eume-admin;posx-frido-admin;posx-frido-b2b-admin;posx-frido-mobility-admin;posx-mokobara-admin;posx-ugaoo-admin
26418abbbd57fffe,8,8,src/hooks/table/filters/use-shipping-option-table-filters.tsx,posx-comet-admin;posx-demo-admin;posx-eume-admin;posx-frido-admin;posx-frido-b2b-admin;posx-frido-mobility-admin;posx-mokobara-admin;posx-ugaoo-admin
6e4b52464bf69c5f,8,8,src/hooks/table/filters/use-customer-group-table-filters.tsx,posx-comet-admin;posx-demo-admin;posx-eume-admin;posx-frido-admin;posx-frido-b2b-admin;posx-frido-mobility-admin;posx-mokobara-admin;posx-ugaoo-admin
a190624c996ca84e,8,8,src/hooks/table/filters/use-product-tag-table-filters.tsx,posx-comet-admin;posx-demo-admin;posx-eume-admin;posx-frido-admin;posx-frido-b2b-admin;posx-frido-mobility-admin;posx-mokobara-admin;posx-ugaoo-admin
1dc55416de8a8a31,8,8,src/hooks/table/filters/use-tax-rate-table-filters.tsx,posx-comet-admin;posx-demo-admin;posx-eume-admin;posx-frido-admin;posx-frido-b2b-admin;posx-frido-mobility-admin;posx-mokobara-admin;posx-ugaoo-admin
ea5ef68930d38c41,8,8,src/hooks/table/filters/use-customer-table-filters.tsx,posx-comet-admin;posx-demo-admin;posx-eume-admin;posx-frido-admin;posx-frido-b2b-admin;posx-frido-mobility-admin;posx-mokobara-admin;posx-ugaoo-admin
2bdc9ee6031ac234,8,8,src/hooks/table/filters/use-region-table-filters.tsx,posx-comet-admin;posx-demo-admin;posx-eume-admin;posx-frido-admin;posx-frido-b2b-admin;posx-frido-mobility-admin;posx-mokobara-admin;posx-ugaoo-admin
4dd5a4915801ca2d,8,8,src/hooks/table/filters/use-date-table-filters.tsx,posx-comet-admin;posx-demo-admin;posx-eume-admin;posx-frido-admin;posx-frido-b2b-admin;posx-frido-mobility-admin;posx-mokobara-admin;posx-ugaoo-admin
1220ae333badc7d3,8,8,src/hooks/table/filters/use-product-table-filters.tsx,posx-comet-admin;posx-demo-admin;posx-eume-admin;posx-frido-admin;posx-frido-b2b-admin;posx-frido-mobility-admin;posx-mokobara-admin;posx-ugaoo-admin
84f6585b2553c585,8,8,src/hooks/table/filters/use-product-type-table-filters.tsx,posx-comet-admin;posx-demo-admin;posx-eume-admin;posx-frido-admin;posx-frido-b2b-admin;posx-frido-mobility-admin;posx-mokobara-admin;posx-ugaoo-admin
6e2e9dfc6455e1eb,8,8,src/hooks/table/filters/index.ts,posx-comet-admin;posx-demo-admin;posx-eume-admin;posx-frido-admin;posx-frido-b2b-admin;posx-frido-mobility-admin;posx-mokobara-admin;posx-ugaoo-admin
adf43d9a5717ac5f,8,8,src/hooks/table/filters/use-promotion-table-filters.tsx,posx-comet-admin;posx-demo-admin;posx-eume-admin;posx-frido-admin;posx-frido-b2b-admin;posx-frido-mobility-admin;posx-mokobara-admin;posx-ugaoo-admin
49b46b3757bdc87d,8,8,src/hooks/table/columns/use-customer-table-columns.tsx,posx-comet-admin;posx-demo-admin;posx-eume-admin;posx-frido-admin;posx-frido-b2b-admin;posx-frido-mobility-admin;posx-mokobara-admin;posx-ugaoo-admin
64fe527ace33221c,8,8,src/hooks/table/columns/use-region-table-columns.tsx,posx-comet-admin;posx-demo-admin;posx-eume-admin;posx-frido-admin;posx-frido-b2b-admin;posx-frido-mobility-admin;posx-mokobara-admin;posx-ugaoo-admin
1d7480a03b8d67df,8,8,src/hooks/table/columns/use-tax-rates-table-columns.tsx,posx-comet-admin;posx-demo-admin;posx-eume-admin;posx-frido-admin;posx-frido-b2b-admin;posx-frido-mobility-admin;posx-mokobara-admin;posx-ugaoo-admin
f446902b5ef8bb0f,8,8,src/hooks/table/columns/use-customer-group-table-columns.tsx,posx-comet-admin;posx-demo-admin;posx-eume-admin;posx-frido-admin;posx-frido-b2b-admin;posx-frido-mobility-admin;posx-mokobara-admin;posx-ugaoo-admin
47a34a760e70b359,8,8,src/hooks/table/columns/use-product-tag-table-columns.tsx,posx-comet-admin;posx-demo-admin;posx-eume-admin;posx-frido-admin;posx-frido-b2b-admin;posx-frido-mobility-admin;posx-mokobara-admin;posx-ugaoo-admin
564e4f1208c5756e,8,8,src/hooks/table/columns/use-return-reason-table-columns.tsx,posx-comet-admin;posx-demo-admin;posx-eume-admin;posx-frido-admin;posx-frido-b2b-admin;posx-frido-mobility-admin;posx-mokobara-admin;posx-ugaoo-admin
5b6fa3c83ff97e77,8,8,src/hooks/table/columns/use-collection-table-columns.tsx,posx-comet-admin;posx-demo-admin;posx-eume-admin;posx-frido-admin;posx-frido-b2b-admin;posx-frido-mobility-admin;posx-mokobara-admin;posx-ugaoo-admin
97d232d7f6c82227,8,8,src/hooks/table/columns/use-promotion-table-columns.tsx,posx-comet-admin;posx-demo-admin;posx-eume-admin;posx-frido-admin;posx-frido-b2b-admin;posx-frido-mobility-admin;posx-mokobara-admin;posx-ugaoo-admin
030266759697d599,8,8,src/hooks/table/columns/use-campaign-table-columns.tsx,posx-comet-admin;posx-demo-admin;posx-eume-admin;posx-frido-admin;posx-frido-b2b-admin;posx-frido-mobility-admin;posx-mokobara-admin;posx-ugaoo-admin
468fc7eab66ecb63,8,8,src/hooks/table/columns/use-product-type-table-columns.tsx,posx-comet-admin;posx-demo-admin;posx-eume-admin;posx-frido-admin;posx-frido-b2b-admin;posx-frido-mobility-admin;posx-mokobara-admin;posx-ugaoo-admin
8616ed1af9cf7387,8,8,src/hooks/table/columns/index.ts,posx-comet-admin;posx-demo-admin;posx-eume-admin;posx-frido-admin;posx-frido-b2b-admin;posx-frido-mobility-admin;posx-mokobara-admin;posx-ugaoo-admin
f6c8754314bf8133,8,8,src/hooks/table/columns/use-product-table-columns.tsx,posx-comet-admin;posx-demo-admin;posx-eume-admin;posx-frido-admin;posx-frido-b2b-admin;posx-frido-mobility-admin;posx-mokobara-admin;posx-ugaoo-admin
a8693a1317eb8e1b,8,8,src/hooks/table/columns/use-fulfillment-provider-table-columns.tsx,posx-comet-admin;posx-demo-admin;posx-eume-admin;posx-frido-admin;posx-frido-b2b-admin;posx-frido-mobility-admin;posx-mokobara-admin;posx-ugaoo-admin
f977d437a92ca68a,8,8,src/hooks/table/query/use-return-reason-table-query.tsx,posx-comet-admin;posx-demo-admin;posx-eume-admin;posx-frido-admin;posx-frido-b2b-admin;posx-frido-mobility-admin;posx-mokobara-admin;posx-ugaoo-admin
c0b0de161d7a0f35,8,8,src/hooks/table/query/use-product-tag-table-query.tsx,posx-comet-admin;posx-demo-admin;posx-eume-admin;posx-frido-admin;posx-frido-b2b-admin;posx-frido-mobility-admin;posx-mokobara-admin;posx-ugaoo-admin
d3c0b88b4a819d4e,8,8,src/hooks/table/query/use-collection-table-query.tsx,posx-comet-admin;posx-demo-admin;posx-eume-admin;posx-frido-admin;posx-frido-b2b-admin;posx-frido-mobility-admin;posx-mokobara-admin;posx-ugaoo-admin
27eb53ca7bdf7e20,8,8,src/hooks/table/query/use-order-table-query.tsx,posx-comet-admin;posx-demo-admin;posx-eume-admin;posx-frido-admin;posx-frido-b2b-admin;posx-frido-mobility-admin;posx-mokobara-admin;posx-ugaoo-admin
07356e0fc9f09a70,8,8,src/hooks/table/query/use-tax-region-table-query.tsx,posx-comet-admin;posx-demo-admin;posx-eume-admin;posx-frido-admin;posx-frido-b2b-admin;posx-frido-mobility-admin;posx-mokobara-admin;posx-ugaoo-admin
9c3c9669935143a1,8,8,src/hooks/table/query/use-campaign-table-query.tsx,posx-comet-admin;posx-demo-admin;posx-eume-admin;posx-frido-admin;posx-frido-b2b-admin;posx-frido-mobility-admin;posx-mokobara-admin;posx-ugaoo-admin
452368be4b9dcdd6,8,8,src/hooks/table/query/use-customer-table-query.tsx,posx-comet-admin;posx-demo-admin;posx-eume-admin;posx-frido-admin;posx-frido-b2b-admin;posx-frido-mobility-admin;posx-mokobara-admin;posx-ugaoo-admin
e93adfa1ae7dc199,8,8,src/hooks/table/query/use-product-type-table-query.tsx,posx-comet-admin;posx-demo-admin;posx-eume-admin;posx-frido-admin;posx-frido-b2b-admin;posx-frido-mobility-admin;posx-mokobara-admin;posx-ugaoo-admin
a89842881d1ac00f,8,8,src/hooks/table/query/use-fulfillment-providers-table-query.tsx,posx-comet-admin;posx-demo-admin;posx-eume-admin;posx-frido-admin;posx-frido-b2b-admin;posx-frido-mobility-admin;posx-mokobara-admin;posx-ugaoo-admin
77f9b4d531c8fed3,8,8,src/hooks/table/query/use-tax-rate-table-query.tsx,posx-comet-admin;posx-demo-admin;posx-eume-admin;posx-frido-admin;posx-frido-b2b-admin;posx-frido-mobility-admin;posx-mokobara-admin;posx-ugaoo-admin
42450b918ff464ef,8,8,src/hooks/table/query/use-promotion-table-query.tsx,posx-comet-admin;posx-demo-admin;posx-eume-admin;posx-frido-admin;posx-frido-b2b-admin;posx-frido-mobility-admin;posx-mokobara-admin;posx-ugaoo-admin
ee884e3bce4846c6,8,8,src/hooks/table/query/use-region-table-query.tsx,posx-comet-admin;posx-demo-admin;posx-eume-admin;posx-frido-admin;posx-frido-b2b-admin;posx-frido-mobility-admin;posx-mokobara-admin;posx-ugaoo-admin
6eb3f80764340f65,8,8,src/hooks/table/query/use-customer-group-table-query.tsx,posx-comet-admin;posx-demo-admin;posx-eume-admin;posx-frido-admin;posx-frido-b2b-admin;posx-frido-mobility-admin;posx-mokobara-admin;posx-ugaoo-admin
c80ae3f5cfcc6bd0,8,8,src/hooks/table/query/use-shipping-option-table-query.tsx,posx-comet-admin;posx-demo-admin;posx-eume-admin;posx-frido-admin;posx-frido-b2b-admin;posx-frido-mobility-admin;posx-mokobara-admin;posx-ugaoo-admin
d347e86b0b28c100,8,8,src/hooks/table/query/use-user-invite-table-query.tsx,posx-comet-admin;posx-demo-admin;posx-eume-admin;posx-frido-admin;posx-frido-b2b-admin;posx-frido-mobility-admin;posx-mokobara-admin;posx-ugaoo-admin
6c99d46d8a40b2a2,8,8,src/hooks/table/query/index.ts,posx-comet-admin;posx-demo-admin;posx-eume-admin;posx-frido-admin;posx-frido-b2b-admin;posx-frido-mobility-admin;posx-mokobara-admin;posx-ugaoo-admin
d4d72156edb83637,8,8,src/components/custom-sort/types.ts,posx-comet-admin;posx-demo-admin;posx-eume-admin;posx-frido-admin;posx-frido-b2b-admin;posx-frido-mobility-admin;posx-mokobara-admin;posx-ugaoo-admin
68cacebc5a432555,8,8,src/components/custom-sort/index.ts,posx-comet-admin;posx-demo-admin;posx-eume-admin;posx-frido-admin;posx-frido-b2b-admin;posx-frido-mobility-admin;posx-mokobara-admin;posx-ugaoo-admin
849c174e19e1b81c,8,8,src/components/search/search.tsx,posx-comet-admin;posx-demo-admin;posx-eume-admin;posx-frido-admin;posx-frido-b2b-admin;posx-frido-mobility-admin;posx-mokobara-admin;posx-ugaoo-admin
0623a796f511edcc,8,8,src/components/search/types.ts,posx-comet-admin;posx-demo-admin;posx-eume-admin;posx-frido-admin;posx-frido-b2b-admin;posx-frido-mobility-admin;posx-mokobara-admin;posx-ugaoo-admin
b1b16853c003472b,8,8,src/components/search/constants.ts,posx-comet-admin;posx-demo-admin;posx-eume-admin;posx-frido-admin;posx-frido-b2b-admin;posx-frido-mobility-admin;posx-mokobara-admin;posx-ugaoo-admin
53389d04a3e56154,8,8,src/components/search/index.ts,posx-comet-admin;posx-demo-admin;posx-eume-admin;posx-frido-admin;posx-frido-b2b-admin;posx-frido-mobility-admin;posx-mokobara-admin;posx-ugaoo-admin
b13f092078642009,8,8,src/components/custom-filter/index.ts,posx-comet-admin;posx-demo-admin;posx-eume-admin;posx-frido-admin;posx-frido-b2b-admin;posx-frido-mobility-admin;posx-mokobara-admin;posx-ugaoo-admin
b4b20b8c732c69cb,8,8,src/components/custom-search/index.ts,posx-comet-admin;posx-demo-admin;posx-eume-admin;posx-frido-admin;posx-frido-b2b-admin;posx-frido-mobility-admin;posx-mokobara-admin;posx-ugaoo-admin
c191c00696e8c62d,8,8,src/components/data-grid/utils.ts,posx-comet-admin;posx-demo-admin;posx-eume-admin;posx-frido-admin;posx-frido-b2b-admin;posx-frido-mobility-admin;posx-mokobara-admin;posx-ugaoo-admin
ec3a2526eca373aa,8,8,src/components/data-grid/types.ts,posx-comet-admin;posx-demo-admin;posx-eume-admin;posx-frido-admin;posx-frido-b2b-admin;posx-frido-mobility-admin;posx-mokobara-admin;posx-ugaoo-admin
302652624843bfe6,8,8,src/components/data-grid/index.ts,posx-comet-admin;posx-demo-admin;posx-eume-admin;posx-frido-admin;posx-frido-b2b-admin;posx-frido-mobility-admin;posx-mokobara-admin;posx-ugaoo-admin
cc1e057629b792f4,8,8,src/components/data-grid/data-grid.tsx,posx-comet-admin;posx-demo-admin;posx-eume-admin;posx-frido-admin;posx-frido-b2b-admin;posx-frido-mobility-admin;posx-mokobara-admin;posx-ugaoo-admin
de368592f5fa4eb6,8,8,src/components/data-table/data-table.tsx,posx-comet-admin;posx-demo-admin;posx-eume-admin;posx-frido-admin;posx-frido-b2b-admin;posx-frido-mobility-admin;posx-mokobara-admin;posx-ugaoo-admin
c5bc72d5edeeca34,8,8,src/components/data-table/index.ts,posx-comet-admin;posx-demo-admin;posx-eume-admin;posx-frido-admin;posx-frido-b2b-admin;posx-frido-mobility-admin;posx-mokobara-admin;posx-ugaoo-admin
7be09aeb72d8a0be,8,8,src/components/data-table/helpers/sales-channels/use-sales-channel-table-empty-state.tsx,posx-comet-admin;posx-demo-admin;posx-eume-admin;posx-frido-admin;posx-frido-b2b-admin;posx-frido-mobility-admin;posx-mokobara-admin;posx-ugaoo-admin
373a04cf2af4a48e,8,8,src/components/data-table/helpers/sales-channels/use-sales-channel-table-query.tsx,posx-comet-admin;posx-demo-admin;posx-eume-admin;posx-frido-admin;posx-frido-b2b-admin;posx-frido-mobility-admin;posx-mokobara-admin;posx-ugaoo-admin
a8e05192a63adbbb,8,8,src/components/data-table/helpers/sales-channels/use-sales-channel-table-filters.tsx,posx-comet-admin;posx-demo-admin;posx-eume-admin;posx-frido-admin;posx-frido-b2b-admin;posx-frido-mobility-admin;posx-mokobara-admin;posx-ugaoo-admin
167d318423de1cf1,8,8,src/components/data-table/helpers/sales-channels/index.ts,posx-comet-admin;posx-demo-admin;posx-eume-admin;posx-frido-admin;posx-frido-b2b-admin;posx-frido-mobility-admin;posx-mokobara-admin;posx-ugaoo-admin
b932fb717564925b,8,8,src/components/data-table/helpers/sales-channels/use-sales-channel-table-columns.tsx,posx-comet-admin;posx-demo-admin;posx-eume-admin;posx-frido-admin;posx-frido-b2b-admin;posx-frido-mobility-admin;posx-mokobara-admin;posx-ugaoo-admin
078a30753f1d2d18,8,8,src/components/data-table/helpers/general/use-data-table-date-columns.tsx,posx-comet-admin;posx-demo-admin;posx-eume-admin;posx-frido-admin;posx-frido-b2b-admin;posx-frido-mobility-admin;posx-mokobara-admin;posx-ugaoo-admin
2117c6750f1ffefc,8,8,src/components/data-table/helpers/general/use-data-table-date-filters.tsx,posx-comet-admin;posx-demo-admin;posx-eume-admin;posx-frido-admin;posx-frido-b2b-admin;posx-frido-mobility-admin;posx-mokobara-admin;posx-ugaoo-admin
0e7a944aa9066a20,8,8,src/components/data-table/components/data-table-status-cell/data-table-status-cell.tsx,posx-comet-admin;posx-demo-admin;posx-eume-admin;posx-frido-admin;posx-frido-b2b-admin;posx-frido-mobility-admin;posx-mokobara-admin;posx-ugaoo-admin
6434d9263e024b58,8,8,src/components/data-grid/context/use-data-grid-context.tsx,posx-comet-admin;posx-demo-admin;posx-eume-admin;posx-frido-admin;posx-frido-b2b-admin;posx-frido-mobility-admin;posx-mokobara-admin;posx-ugaoo-admin
7a4c7935c27d3e28,8,8,src/components/data-grid/context/index.ts,posx-comet-admin;posx-demo-admin;posx-eume-admin;posx-frido-admin;posx-frido-b2b-admin;posx-frido-mobility-admin;posx-mokobara-admin;posx-ugaoo-admin
5e27134b3cfe196b,8,8,src/components/data-grid/models/data-grid-query-tool.ts,posx-comet-admin;posx-demo-admin;posx-eume-admin;posx-frido-admin;posx-frido-b2b-admin;posx-frido-mobility-admin;posx-mokobara-admin;posx-ugaoo-admin
267fa9d24425ac99,8,8,src/components/data-grid/models/data-grid-bulk-update-command.ts,posx-comet-admin;posx-demo-admin;posx-eume-admin;posx-frido-admin;posx-frido-b2b-admin;posx-frido-mobility-admin;posx-mokobara-admin;posx-ugaoo-admin
0f6ad6141be2b316,8,8,src/components/data-grid/models/data-grid-update-command.ts,posx-comet-admin;posx-demo-admin;posx-eume-admin;posx-frido-admin;posx-frido-b2b-admin;posx-frido-mobility-admin;posx-mokobara-admin;posx-ugaoo-admin
87b378fa9b1dc6c6,8,8,src/components/data-grid/models/index.ts,posx-comet-admin;posx-demo-admin;posx-eume-admin;posx-frido-admin;posx-frido-b2b-admin;posx-frido-mobility-admin;posx-mokobara-admin;posx-ugaoo-admin
a3c055bb78e996c5,8,8,src/components/data-grid/components/data-grid-boolean-cell.tsx,posx-comet-admin;posx-demo-admin;posx-eume-admin;posx-frido-admin;posx-frido-b2b-admin;posx-frido-mobility-admin;posx-mokobara-admin;posx-ugaoo-admin
8189f85a54c0099d,8,8,src/components/data-grid/components/data-grid-keyboard-shortcut-modal.tsx,posx-comet-admin;posx-demo-admin;posx-eume-admin;posx-frido-admin;posx-frido-b2b-admin;posx-frido-mobility-admin;posx-mokobara-admin;posx-ugaoo-admin
a4f1f32d58767787,8,8,src/components/data-grid/components/data-grid-skeleton.tsx,posx-comet-admin;posx-demo-admin;posx-eume-admin;posx-frido-admin;posx-frido-b2b-admin;posx-frido-mobility-admin;posx-mokobara-admin;posx-ugaoo-admin
3a64d4ae5e310dca,8,8,src/components/data-grid/components/data-grid-readonly-cell.tsx,posx-comet-admin;posx-demo-admin;posx-eume-admin;posx-frido-admin;posx-frido-b2b-admin;posx-frido-mobility-admin;posx-mokobara-admin;posx-ugaoo-admin
12dd82a13ebd9b10,8,8,src/components/data-grid/components/data-grid-duplicate-cell.tsx,posx-comet-admin;posx-demo-admin;posx-eume-admin;posx-frido-admin;posx-frido-b2b-admin;posx-frido-mobility-admin;posx-mokobara-admin;posx-ugaoo-admin
1c84c3b8708efb17,8,8,src/components/data-grid/components/data-grid-toggleable-number-cell.tsx,posx-comet-admin;posx-demo-admin;posx-eume-admin;posx-frido-admin;posx-frido-b2b-admin;posx-frido-mobility-admin;posx-mokobara-admin;posx-ugaoo-admin
39bcd345f3f97dd6,8,8,src/components/data-grid/components/data-grid-country-select-cell.tsx,posx-comet-admin;posx-demo-admin;posx-eume-admin;posx-frido-admin;posx-frido-b2b-admin;posx-frido-mobility-admin;posx-mokobara-admin;posx-ugaoo-admin
1daeb180c7b18c4e,8,8,src/components/data-grid/components/data-grid-cell-container.tsx,posx-comet-admin;posx-demo-admin;posx-eume-admin;posx-frido-admin;posx-frido-b2b-admin;posx-frido-mobility-admin;posx-mokobara-admin;posx-ugaoo-admin
b30a6d856be28dee,8,8,src/components/data-grid/components/data-grid-select-cell.tsx,posx-comet-admin;posx-demo-admin;posx-eume-admin;posx-frido-admin;posx-frido-b2b-admin;posx-frido-mobility-admin;posx-mokobara-admin;posx-ugaoo-admin
bc9e1172e03d7356,8,8,src/components/data-grid/components/index.ts,posx-comet-admin;posx-demo-admin;posx-eume-admin;posx-frido-admin;posx-frido-b2b-admin;posx-frido-mobility-admin;posx-mokobara-admin;posx-ugaoo-admin
13f3db3af7a19046,8,8,src/components/data-grid/components/data-grid-row-error-indicator.tsx,posx-comet-admin;posx-demo-admin;posx-eume-admin;posx-frido-admin;posx-frido-b2b-admin;posx-frido-mobility-admin;posx-mokobara-admin;posx-ugaoo-admin
1bd0c349bf29d3a2,8,8,src/components/data-grid/hooks/use-data-grid-duplicate-cell.tsx,posx-comet-admin;posx-demo-admin;posx-eume-admin;posx-frido-admin;posx-frido-b2b-admin;posx-frido-mobility-admin;posx-mokobara-admin;posx-ugaoo-admin
ecc67e28e70927d2,8,8,src/components/data-grid/hooks/use-data-grid-clipboard-events.tsx,posx-comet-admin;posx-demo-admin;posx-eume-admin;posx-frido-admin;posx-frido-b2b-admin;posx-frido-mobility-admin;posx-mokobara-admin;posx-ugaoo-admin
5c505a7a2028cf71,8,8,src/components/data-grid/hooks/use-data-grid-column-visibility.tsx,posx-comet-admin;posx-demo-admin;posx-eume-admin;posx-frido-admin;posx-frido-b2b-admin;posx-frido-mobility-admin;posx-mokobara-admin;posx-ugaoo-admin
af310dc943c3051d,8,8,src/components/data-grid/hooks/use-data-grid-form-handlers.tsx,posx-comet-admin;posx-demo-admin;posx-eume-admin;posx-frido-admin;posx-frido-b2b-admin;posx-frido-mobility-admin;posx-mokobara-admin;posx-ugaoo-admin
d664a00cfef5c805,8,8,src/components/data-grid/hooks/use-data-grid-query-tool.tsx,posx-comet-admin;posx-demo-admin;posx-eume-admin;posx-frido-admin;posx-frido-b2b-admin;posx-frido-mobility-admin;posx-mokobara-admin;posx-ugaoo-admin
8d4d2d21ca97fe2c,8,8,src/components/data-grid/hooks/use-data-grid-cell-metadata.tsx,posx-comet-admin;posx-demo-admin;posx-eume-admin;posx-frido-admin;posx-frido-b2b-admin;posx-frido-mobility-admin;posx-mokobara-admin;posx-ugaoo-admin
81da221c7da5c9da,8,8,src/components/data-grid/hooks/index.ts,posx-comet-admin;posx-demo-admin;posx-eume-admin;posx-frido-admin;posx-frido-b2b-admin;posx-frido-mobility-admin;posx-mokobara-admin;posx-ugaoo-admin
b0e7645916186b4b,8,8,src/components/data-grid/hooks/use-data-grid-cell-snapshot.tsx,posx-comet-admin;posx-demo-admin;posx-eume-admin;posx-frido-admin;posx-frido-b2b-admin;posx-frido-mobility-admin;posx-mokobara-admin;posx-ugaoo-admin
feda424bfe6d8054,8,8,src/components/data-grid/hooks/use-data-grid-mouse-up-event.tsx,posx-comet-admin;posx-demo-admin;posx-eume-admin;posx-frido-admin;posx-frido-b2b-admin;posx-frido-mobility-admin;posx-mokobara-admin;posx-ugaoo-admin
a8cb6fd9a8243f96,8,8,src/components/data-grid/helpers/create-data-grid-column-helper.ts,posx-comet-admin;posx-demo-admin;posx-eume-admin;posx-frido-admin;posx-frido-b2b-admin;posx-frido-mobility-admin;posx-mokobara-admin;posx-ugaoo-admin
41652c563672b207,8,8,src/components/data-grid/helpers/index.ts,posx-comet-admin;posx-demo-admin;posx-eume-admin;posx-frido-admin;posx-frido-b2b-admin;posx-frido-mobility-admin;posx-mokobara-admin;posx-ugaoo-admin
da2817c7876a8679,8,8,src/components/data-grid/helpers/create-data-grid-price-columns.tsx,posx-comet-admin;posx-demo-admin;posx-eume-admin;posx-frido-admin;posx-frido-b2b-admin;posx-frido-mobility-admin;posx-mokobara-admin;posx-ugaoo-admin
3eec5c738e37980b,8,8,src/components/inputs/percentage-input/percentage-input.tsx,posx-comet-admin;posx-demo-admin;posx-eume-admin;posx-frido-admin;posx-frido-b2b-admin;posx-frido-mobility-admin;posx-mokobara-admin;posx-ugaoo-admin
a808080a4b5c3bed,8,8,src/components/inputs/percentage-input/index.ts,posx-comet-admin;posx-demo-admin;posx-eume-admin;posx-frido-admin;posx-frido-b2b-admin;posx-frido-mobility-admin;posx-mokobara-admin;posx-ugaoo-admin
f5b5f96a7bee5c98,8,8,src/components/inputs/country-select/index.ts,posx-comet-admin;posx-demo-admin;posx-eume-admin;posx-frido-admin;posx-frido-b2b-admin;posx-frido-mobility-admin;posx-mokobara-admin;posx-ugaoo-admin
384fd72830a17dca,8,8,src/components/inputs/province-select/index.ts,posx-comet-admin;posx-demo-admin;posx-eume-admin;posx-frido-admin;posx-frido-b2b-admin;posx-frido-mobility-admin;posx-mokobara-admin;posx-ugaoo-admin
0c0b00f2bc72984a,8,8,src/components/inputs/chip-input/chip-input.tsx,posx-comet-admin;posx-demo-admin;posx-eume-admin;posx-frido-admin;posx-frido-b2b-admin;posx-frido-mobility-admin;posx-mokobara-admin;posx-ugaoo-admin
f78ee48a1d2d4f5a,8,8,src/components/inputs/chip-input/index.ts,posx-comet-admin;posx-demo-admin;posx-eume-admin;posx-frido-admin;posx-frido-b2b-admin;posx-frido-mobility-admin;posx-mokobara-admin;posx-ugaoo-admin
4c4a0a127167fcf0,8,8,src/components/inputs/combobox/index.ts,posx-comet-admin;posx-demo-admin;posx-eume-admin;posx-frido-admin;posx-frido-b2b-admin;posx-frido-mobility-admin;posx-mokobara-admin;posx-ugaoo-admin
2959b4cbf1c7dedb,8,8,src/components/inputs/handle-input/handle-input.tsx,posx-comet-admin;posx-demo-admin;posx-eume-admin;posx-frido-admin;posx-frido-b2b-admin;posx-frido-mobility-admin;posx-mokobara-admin;posx-ugaoo-admin
c708a3dd4e27fb0b,8,8,src/components/inputs/handle-input/index.ts,posx-comet-admin;posx-demo-admin;posx-eume-admin;posx-frido-admin;posx-frido-b2b-admin;posx-frido-mobility-admin;posx-mokobara-admin;posx-ugaoo-admin
f4981ab3c96df08f,8,8,src/components/localization/localized-table-pagination/localized-table-pagination.tsx,posx-comet-admin;posx-demo-admin;posx-eume-admin;posx-frido-admin;posx-frido-b2b-admin;posx-frido-mobility-admin;posx-mokobara-admin;posx-ugaoo-admin
71af3d04ee1143d2,8,8,src/components/localization/localized-table-pagination/index.ts,posx-comet-admin;posx-demo-admin;posx-eume-admin;posx-frido-admin;posx-frido-b2b-admin;posx-frido-mobility-admin;posx-mokobara-admin;posx-ugaoo-admin
cb7c2c3a2ac9ad1c,8,8,src/components/authentication/protected-route/index.ts,posx-comet-admin;posx-demo-admin;posx-eume-admin;posx-frido-admin;posx-frido-b2b-admin;posx-frido-mobility-admin;posx-mokobara-admin;posx-ugaoo-admin
9391b8a163631187,8,8,src/components/table/data-table/hooks.tsx,posx-comet-admin;posx-demo-admin;posx-eume-admin;posx-frido-admin;posx-frido-b2b-admin;posx-frido-mobility-admin;posx-mokobara-admin;posx-ugaoo-admin
6fece82c3dd9e9aa,8,8,src/components/table/data-table/index.ts,posx-comet-admin;posx-demo-admin;posx-eume-admin;posx-frido-admin;posx-frido-b2b-admin;posx-frido-mobility-admin;posx-mokobara-admin;posx-ugaoo-admin
4e2095df7215db0a,8,8,src/components/table/data-table/data-table-search/data-table-search.tsx,posx-comet-admin;posx-demo-admin;posx-eume-admin;posx-frido-admin;posx-frido-b2b-admin;posx-frido-mobility-admin;posx-mokobara-admin;posx-ugaoo-admin
8e502b0361c13fa3,8,8,src/components/table/data-table/data-table-search/index.ts,posx-comet-admin;posx-demo-admin;posx-eume-admin;posx-frido-admin;posx-frido-b2b-admin;posx-frido-mobility-admin;posx-mokobara-admin;posx-ugaoo-admin
5b326ffc55392b1c,8,8,src/components/table/data-table/data-table-order-by/index.ts,posx-comet-admin;posx-demo-admin;posx-eume-admin;posx-frido-admin;posx-frido-b2b-admin;posx-frido-mobility-admin;posx-mokobara-admin;posx-ugaoo-admin
31a2a9d6888cf709,8,8,src/components/table/data-table/data-table-query/data-table-query.tsx,posx-comet-admin;posx-demo-admin;posx-eume-admin;posx-frido-admin;posx-frido-b2b-admin;posx-frido-mobility-admin;posx-mokobara-admin;posx-ugaoo-admin
b7a80db3d86111b1,8,8,src/components/table/data-table/data-table-query/index.ts,posx-comet-admin;posx-demo-admin;posx-eume-admin;posx-frido-admin;posx-frido-b2b-admin;posx-frido-mobility-admin;posx-mokobara-admin;posx-ugaoo-admin
a63b2f3661ffa124,8,8,src/components/table/data-table/data-table-root/data-table-root.tsx,posx-comet-admin;posx-demo-admin;posx-eume-admin;posx-frido-admin;posx-frido-b2b-admin;posx-frido-mobility-admin;posx-mokobara-admin;posx-ugaoo-admin
2b6b1eefbde87694,8,8,src/components/table/data-table/data-table-root/index.ts,posx-comet-admin;posx-demo-admin;posx-eume-admin;posx-frido-admin;posx-frido-b2b-admin;posx-frido-mobility-admin;posx-mokobara-admin;posx-ugaoo-admin
abe43a43681c75a2,8,8,src/components/table/data-table/data-table-filter/filter-chip.tsx,posx-comet-admin;posx-demo-admin;posx-eume-admin;posx-frido-admin;posx-frido-b2b-admin;posx-frido-mobility-admin;posx-mokobara-admin;posx-ugaoo-admin
dea68d3d73254730,8,8,src/components/table/data-table/data-table-filter/number-filter.tsx,posx-comet-admin;posx-demo-admin;posx-eume-admin;posx-frido-admin;posx-frido-b2b-admin;posx-frido-mobility-admin;posx-mokobara-admin;posx-ugaoo-admin
c39047ff9944315a,8,8,src/components/table/data-table/data-table-filter/string-filter.tsx,posx-comet-admin;posx-demo-admin;posx-eume-admin;posx-frido-admin;posx-frido-b2b-admin;posx-frido-mobility-admin;posx-mokobara-admin;posx-ugaoo-admin
48cc27252d6a9d66,8,8,src/components/table/data-table/data-table-filter/types.ts,posx-comet-admin;posx-demo-admin;posx-eume-admin;posx-frido-admin;posx-frido-b2b-admin;posx-frido-mobility-admin;posx-mokobara-admin;posx-ugaoo-admin
c5d060d171688438,8,8,src/components/table/data-table/data-table-filter/data-table-filter.tsx,posx-comet-admin;posx-demo-admin;posx-eume-admin;posx-frido-admin;posx-frido-b2b-admin;posx-frido-mobility-admin;posx-mokobara-admin;posx-ugaoo-admin
60ef4f2b09ef0268,8,8,src/components/table/data-table/data-table-filter/select-filter.tsx,posx-comet-admin;posx-demo-admin;posx-eume-admin;posx-frido-admin;posx-frido-b2b-admin;posx-frido-mobility-admin;posx-mokobara-admin;posx-ugaoo-admin
9bcc84ddc8f1f104,8,8,src/components/table/data-table/data-table-filter/context.tsx,posx-comet-admin;posx-demo-admin;posx-eume-admin;posx-frido-admin;posx-frido-b2b-admin;posx-frido-mobility-admin;posx-mokobara-admin;posx-ugaoo-admin
6093824ba962a256,8,8,src/components/table/data-table/data-table-filter/index.ts,posx-comet-admin;posx-demo-admin;posx-eume-admin;posx-frido-admin;posx-frido-b2b-admin;posx-frido-mobility-admin;posx-mokobara-admin;posx-ugaoo-admin
ae74838bdc9d3211,8,8,src/components/table/table-cells/customer/first-seen-cell/first-seen-cell.tsx,posx-comet-admin;posx-demo-admin;posx-eume-admin;posx-frido-admin;posx-frido-b2b-admin;posx-frido-mobility-admin;posx-mokobara-admin;posx-ugaoo-admin
648ea79ce6ad52bd,8,8,src/components/table/table-cells/customer/first-seen-cell/index.ts,posx-comet-admin;posx-demo-admin;posx-eume-admin;posx-frido-admin;posx-frido-b2b-admin;posx-frido-mobility-admin;posx-mokobara-admin;posx-ugaoo-admin
1c94e2b9f23b978b,8,8,src/components/table/table-cells/customer/account-cell/account-cell.tsx,posx-comet-admin;posx-demo-admin;posx-eume-admin;posx-frido-admin;posx-frido-b2b-admin;posx-frido-mobility-admin;posx-mokobara-admin;posx-ugaoo-admin
5655ab194a5ca7e9,8,8,src/components/table/table-cells/taxes/type-cell/type-cell.tsx,posx-comet-admin;posx-demo-admin;posx-eume-admin;posx-frido-admin;posx-frido-b2b-admin;posx-frido-mobility-admin;posx-mokobara-admin;posx-ugaoo-admin
c39c915a385aba0d,8,8,src/components/table/table-cells/taxes/type-cell/index.ts,posx-comet-admin;posx-demo-admin;posx-eume-admin;posx-frido-admin;posx-frido-b2b-admin;posx-frido-mobility-admin;posx-mokobara-admin;posx-ugaoo-admin
080c2cd25f7c3cdf,8,8,src/components/table/table-cells/region/countries-cell/countries-cell.tsx,posx-comet-admin;posx-demo-admin;posx-eume-admin;posx-frido-admin;posx-frido-b2b-admin;posx-frido-mobility-admin;posx-mokobara-admin;posx-ugaoo-admin
97ce769e608e0720,8,8,src/components/table/table-cells/region/countries-cell/index.ts,posx-comet-admin;posx-demo-admin;posx-eume-admin;posx-frido-admin;posx-frido-b2b-admin;posx-frido-mobility-admin;posx-mokobara-admin;posx-ugaoo-admin
fcd8bb5c609a4bd3,8,8,src/components/table/table-cells/region/fulfillment-providers-cell/index.ts,posx-comet-admin;posx-demo-admin;posx-eume-admin;posx-frido-admin;posx-frido-b2b-admin;posx-frido-mobility-admin;posx-mokobara-admin;posx-ugaoo-admin
9ebb2c348a9c7b93,8,8,src/components/table/table-cells/region/fulfillment-providers-cell/fulfillment-providers-cell.tsx,posx-comet-admin;posx-demo-admin;posx-eume-admin;posx-frido-admin;posx-frido-b2b-admin;posx-frido-mobility-admin;posx-mokobara-admin;posx-ugaoo-admin
8b04698aa06d85b9,8,8,src/components/table/table-cells/region/payment-providers-cell/index.ts,posx-comet-admin;posx-demo-admin;posx-eume-admin;posx-frido-admin;posx-frido-b2b-admin;posx-frido-mobility-admin;posx-mokobara-admin;posx-ugaoo-admin
e25a61919a7fe4f9,8,8,src/components/table/table-cells/region/payment-providers-cell/payment-providers-cell.tsx,posx-comet-admin;posx-demo-admin;posx-eume-admin;posx-frido-admin;posx-frido-b2b-admin;posx-frido-mobility-admin;posx-mokobara-admin;posx-ugaoo-admin
8935264f8fc089ea,8,8,src/components/table/table-cells/region/region-cell/index.ts,posx-comet-admin;posx-demo-admin;posx-eume-admin;posx-frido-admin;posx-frido-b2b-admin;posx-frido-mobility-admin;posx-mokobara-admin;posx-ugaoo-admin
23f4e68f1d2314a9,8,8,src/components/table/table-cells/region/region-cell/region-cell.tsx,posx-comet-admin;posx-demo-admin;posx-eume-admin;posx-frido-admin;posx-frido-b2b-admin;posx-frido-mobility-admin;posx-mokobara-admin;posx-ugaoo-admin
b8e7ede75157a23a,8,8,src/components/table/table-cells/common/date-cell/index.ts,posx-comet-admin;posx-demo-admin;posx-eume-admin;posx-frido-admin;posx-frido-b2b-admin;posx-frido-mobility-admin;posx-mokobara-admin;posx-ugaoo-admin
471a6968f34b6b34,8,8,src/components/table/table-cells/common/date-cell/date-cell.tsx,posx-comet-admin;posx-demo-admin;posx-eume-admin;posx-frido-admin;posx-frido-b2b-admin;posx-frido-mobility-admin;posx-mokobara-admin;posx-ugaoo-admin
7fd37294c69128eb,8,8,src/components/table/table-cells/common/created-at-cell/index.ts,posx-comet-admin;posx-demo-admin;posx-eume-admin;posx-frido-admin;posx-frido-b2b-admin;posx-frido-mobility-admin;posx-mokobara-admin;posx-ugaoo-admin
d7e63f38142a7953,8,8,src/components/table/table-cells/common/created-at-cell/created-at-cell.tsx,posx-comet-admin;posx-demo-admin;posx-eume-admin;posx-frido-admin;posx-frido-b2b-admin;posx-frido-mobility-admin;posx-mokobara-admin;posx-ugaoo-admin
dbc24a2c7bf358e5,8,8,src/components/table/table-cells/common/code-cell/code-cell.tsx,posx-comet-admin;posx-demo-admin;posx-eume-admin;posx-frido-admin;posx-frido-b2b-admin;posx-frido-mobility-admin;posx-mokobara-admin;posx-ugaoo-admin
048c7ad1c9795e61,8,8,src/components/table/table-cells/common/code-cell/index.ts,posx-comet-admin;posx-demo-admin;posx-eume-admin;posx-frido-admin;posx-frido-b2b-admin;posx-frido-mobility-admin;posx-mokobara-admin;posx-ugaoo-admin
18465f179c3cb35d,8,16,src/components/table/table-cells/common/name-cell/index.ts;src/components/table/table-cells/sales-channel/name-cell/index.ts,posx-comet-admin;posx-demo-admin;posx-eume-admin;posx-frido-admin;posx-frido-b2b-admin;posx-frido-mobility-admin;posx-mokobara-admin;posx-ugaoo-admin
a5debe79868cba13,8,8,src/components/table/table-cells/common/name-cell/name-cell.tsx,posx-comet-admin;posx-demo-admin;posx-eume-admin;posx-frido-admin;posx-frido-b2b-admin;posx-frido-mobility-admin;posx-mokobara-admin;posx-ugaoo-admin
8fec6b15615c79fe,8,8,src/components/table/table-cells/common/placeholder-cell/placeholder-cell.tsx,posx-comet-admin;posx-demo-admin;posx-eume-admin;posx-frido-admin;posx-frido-b2b-admin;posx-frido-mobility-admin;posx-mokobara-admin;posx-ugaoo-admin
d7d0abd3de719152,8,8,src/components/table/table-cells/common/placeholder-cell/index.ts,posx-comet-admin;posx-demo-admin;posx-eume-admin;posx-frido-admin;posx-frido-b2b-admin;posx-frido-mobility-admin;posx-mokobara-admin;posx-ugaoo-admin
40a6d299f8049a71,8,8,src/components/table/table-cells/common/email-cell/email-cell.tsx,posx-comet-admin;posx-demo-admin;posx-eume-admin;posx-frido-admin;posx-frido-b2b-admin;posx-frido-mobility-admin;posx-mokobara-admin;posx-ugaoo-admin
cf4c4871b8017e20,8,8,src/components/table/table-cells/common/email-cell/index.ts,posx-comet-admin;posx-demo-admin;posx-eume-admin;posx-frido-admin;posx-frido-b2b-admin;posx-frido-mobility-admin;posx-mokobara-admin;posx-ugaoo-admin
7ca63c9b3ea528f7,8,8,src/components/table/table-cells/common/status-cell/status-cell.tsx,posx-comet-admin;posx-demo-admin;posx-eume-admin;posx-frido-admin;posx-frido-b2b-admin;posx-frido-mobility-admin;posx-mokobara-admin;posx-ugaoo-admin
1255ec04373e200f,8,16,src/components/table/table-cells/common/status-cell/index.ts;src/components/table/table-cells/promotion/status-cell/index.ts,posx-comet-admin;posx-demo-admin;posx-eume-admin;posx-frido-admin;posx-frido-b2b-admin;posx-frido-mobility-admin;posx-mokobara-admin;posx-ugaoo-admin
ea68d2eea99a4cec,8,8,src/components/table/table-cells/common/text-cell/text-cell.tsx,posx-comet-admin;posx-demo-admin;posx-eume-admin;posx-frido-admin;posx-frido-b2b-admin;posx-frido-mobility-admin;posx-mokobara-admin;posx-ugaoo-admin
79dc42cb04d83ddd,8,8,src/components/table/table-cells/common/text-cell/index.ts,posx-comet-admin;posx-demo-admin;posx-eume-admin;posx-frido-admin;posx-frido-b2b-admin;posx-frido-mobility-admin;posx-mokobara-admin;posx-ugaoo-admin
efb7a7568521ad69,8,8,src/components/table/table-cells/common/money-amount-cell/money-amount-cell.tsx,posx-comet-admin;posx-demo-admin;posx-eume-admin;posx-frido-admin;posx-frido-b2b-admin;posx-frido-mobility-admin;posx-mokobara-admin;posx-ugaoo-admin
ed652ef7b0f7925c,8,8,src/components/table/table-cells/common/money-amount-cell/index.ts,posx-comet-admin;posx-demo-admin;posx-eume-admin;posx-frido-admin;posx-frido-b2b-admin;posx-frido-mobility-admin;posx-mokobara-admin;posx-ugaoo-admin
3903f73d0486213d,8,8,src/components/table/table-cells/product/sales-channels-cell/index.ts,posx-comet-admin;posx-demo-admin;posx-eume-admin;posx-frido-admin;posx-frido-b2b-admin;posx-frido-mobility-admin;posx-mokobara-admin;posx-ugaoo-admin
87fdb9a52c96e0c5,8,8,src/components/table/table-cells/product/sales-channels-cell/sales-channels-cell.tsx,posx-comet-admin;posx-demo-admin;posx-eume-admin;posx-frido-admin;posx-frido-b2b-admin;posx-frido-mobility-admin;posx-mokobara-admin;posx-ugaoo-admin
58605222eb81cc57,8,8,src/components/table/table-cells/product/product-status-cell/index.ts,posx-comet-admin;posx-demo-admin;posx-eume-admin;posx-frido-admin;posx-frido-b2b-admin;posx-frido-mobility-admin;posx-mokobara-admin;posx-ugaoo-admin
008f966e3dd0fa98,8,8,src/components/table/table-cells/product/collection-cell/collection-cell.tsx,posx-comet-admin;posx-demo-admin;posx-eume-admin;posx-frido-admin;posx-frido-b2b-admin;posx-frido-mobility-admin;posx-mokobara-admin;posx-ugaoo-admin
c619c08dd89d1ca3,8,8,src/components/table/table-cells/product/collection-cell/index.ts,posx-comet-admin;posx-demo-admin;posx-eume-admin;posx-frido-admin;posx-frido-b2b-admin;posx-frido-mobility-admin;posx-mokobara-admin;posx-ugaoo-admin
8b36a5815e7ce112,8,8,src/components/table/table-cells/product/variant-cell/variant-cell.tsx,posx-comet-admin;posx-demo-admin;posx-eume-admin;posx-frido-admin;posx-frido-b2b-admin;posx-frido-mobility-admin;posx-mokobara-admin;posx-ugaoo-admin
d9d91d19446caedb,8,8,src/components/table/table-cells/product/variant-cell/index.ts,posx-comet-admin;posx-demo-admin;posx-eume-admin;posx-frido-admin;posx-frido-b2b-admin;posx-frido-mobility-admin;posx-mokobara-admin;posx-ugaoo-admin
b0aecc1b84a01059,8,8,src/components/table/table-cells/product/product-cell/index.ts,posx-comet-admin;posx-demo-admin;posx-eume-admin;posx-frido-admin;posx-frido-b2b-admin;posx-frido-mobility-admin;posx-mokobara-admin;posx-ugaoo-admin
25c29f963a313e2b,8,8,src/components/table/table-cells/sales-channel/name-cell/name-cell.tsx,posx-comet-admin;posx-demo-admin;posx-eume-admin;posx-frido-admin;posx-frido-b2b-admin;posx-frido-mobility-admin;posx-mokobara-admin;posx-ugaoo-admin
9a8f985b2e7c8de0,8,8,src/components/table/table-cells/sales-channel/description-cell/description-cell.tsx,posx-comet-admin;posx-demo-admin;posx-eume-admin;posx-frido-admin;posx-frido-b2b-admin;posx-frido-mobility-admin;posx-mokobara-admin;posx-ugaoo-admin
9409859af538bb3b,8,8,src/components/table/table-cells/sales-channel/description-cell/index.ts,posx-comet-admin;posx-demo-admin;posx-eume-admin;posx-frido-admin;posx-frido-b2b-admin;posx-frido-mobility-admin;posx-mokobara-admin;posx-ugaoo-admin
4918b4e44d92602a,8,8,src/components/table/table-cells/shipping-option/price-type-cell/index.ts,posx-comet-admin;posx-demo-admin;posx-eume-admin;posx-frido-admin;posx-frido-b2b-admin;posx-frido-mobility-admin;posx-mokobara-admin;posx-ugaoo-admin
17e0ebd871ac23c6,8,8,src/components/table/table-cells/shipping-option/price-type-cell/price-type-cell.tsx,posx-comet-admin;posx-demo-admin;posx-eume-admin;posx-frido-admin;posx-frido-b2b-admin;posx-frido-mobility-admin;posx-mokobara-admin;posx-ugaoo-admin
2e485eb232958087,8,8,src/components/table/table-cells/shipping-option/is-return-cell/is-return-cell.tsx,posx-comet-admin;posx-demo-admin;posx-eume-admin;posx-frido-admin;posx-frido-b2b-admin;posx-frido-mobility-admin;posx-mokobara-admin;posx-ugaoo-admin
96dedca844778ee7,8,8,src/components/table/table-cells/shipping-option/is-return-cell/index.ts,posx-comet-admin;posx-demo-admin;posx-eume-admin;posx-frido-admin;posx-frido-b2b-admin;posx-frido-mobility-admin;posx-mokobara-admin;posx-ugaoo-admin
ec98227cb5140001,8,8,src/components/table/table-cells/shipping-option/admin-only-cell/admin-only-cell.tsx,posx-comet-admin;posx-demo-admin;posx-eume-admin;posx-frido-admin;posx-frido-b2b-admin;posx-frido-mobility-admin;posx-mokobara-admin;posx-ugaoo-admin
fc0a7b42af9bcd4c,8,8,src/components/table/table-cells/shipping-option/admin-only-cell/index.ts,posx-comet-admin;posx-demo-admin;posx-eume-admin;posx-frido-admin;posx-frido-b2b-admin;posx-frido-mobility-admin;posx-mokobara-admin;posx-ugaoo-admin
c0f58aafb1158701,8,8,src/components/table/table-cells/shipping-option/shipping-option-cell/index.ts,posx-comet-admin;posx-demo-admin;posx-eume-admin;posx-frido-admin;posx-frido-b2b-admin;posx-frido-mobility-admin;posx-mokobara-admin;posx-ugaoo-admin
1b01df7b44debf37,8,8,src/components/table/table-cells/shipping-option/shipping-option-cell/shipping-option-cell.tsx,posx-comet-admin;posx-demo-admin;posx-eume-admin;posx-frido-admin;posx-frido-b2b-admin;posx-frido-mobility-admin;posx-mokobara-admin;posx-ugaoo-admin
28ddd973309339fb,8,8,src/components/table/table-cells/shipping-option/shipping-price-cell/shipping-price-cell.tsx,posx-comet-admin;posx-demo-admin;posx-eume-admin;posx-frido-admin;posx-frido-b2b-admin;posx-frido-mobility-admin;posx-mokobara-admin;posx-ugaoo-admin
25c27c6f4a30186e,8,8,src/components/table/table-cells/order/total-cell/index.ts,posx-comet-admin;posx-demo-admin;posx-eume-admin;posx-frido-admin;posx-frido-b2b-admin;posx-frido-mobility-admin;posx-mokobara-admin;posx-ugaoo-admin
59a0c58d926546a2,8,8,src/components/table/table-cells/order/total-cell/total-cell.tsx,posx-comet-admin;posx-demo-admin;posx-eume-admin;posx-frido-admin;posx-frido-b2b-admin;posx-frido-mobility-admin;posx-mokobara-admin;posx-ugaoo-admin
061c2965c598e8f6,8,8,src/components/table/table-cells/order/display-id-cell/index.ts,posx-comet-admin;posx-demo-admin;posx-eume-admin;posx-frido-admin;posx-frido-b2b-admin;posx-frido-mobility-admin;posx-mokobara-admin;posx-ugaoo-admin
ffa9db54b0942644,8,8,src/components/table/table-cells/order/display-id-cell/display-id-cell.tsx,posx-comet-admin;posx-demo-admin;posx-eume-admin;posx-frido-admin;posx-frido-b2b-admin;posx-frido-mobility-admin;posx-mokobara-admin;posx-ugaoo-admin
80785a5ea3ef5f0f,8,8,src/components/table/table-cells/order/sales-channel-cell/sales-channel-cell.tsx,posx-comet-admin;posx-demo-admin;posx-eume-admin;posx-frido-admin;posx-frido-b2b-admin;posx-frido-mobility-admin;posx-mokobara-admin;posx-ugaoo-admin
0286cf3b85d36f7a,8,8,src/components/table/table-cells/order/sales-channel-cell/index.ts,posx-comet-admin;posx-demo-admin;posx-eume-admin;posx-frido-admin;posx-frido-b2b-admin;posx-frido-mobility-admin;posx-mokobara-admin;posx-ugaoo-admin
940b8f5f92af5ebe,8,8,src/components/table/table-cells/order/payment-status-cell/payment-status-cell.tsx,posx-comet-admin;posx-demo-admin;posx-eume-admin;posx-frido-admin;posx-frido-b2b-admin;posx-frido-mobility-admin;posx-mokobara-admin;posx-ugaoo-admin
6f9479007e4f0608,8,8,src/components/table/table-cells/order/payment-status-cell/index.ts,posx-comet-admin;posx-demo-admin;posx-eume-admin;posx-frido-admin;posx-frido-b2b-admin;posx-frido-mobility-admin;posx-mokobara-admin;posx-ugaoo-admin
e2506f25ce1eed30,8,8,src/components/table/table-cells/order/fulfillment-status-cell/index.ts,posx-comet-admin;posx-demo-admin;posx-eume-admin;posx-frido-admin;posx-frido-b2b-admin;posx-frido-mobility-admin;posx-mokobara-admin;posx-ugaoo-admin
b268afe5f5b9cdac,8,8,src/components/table/table-cells/order/customer-cell/customer-cell.tsx,posx-comet-admin;posx-demo-admin;posx-eume-admin;posx-frido-admin;posx-frido-b2b-admin;posx-frido-mobility-admin;posx-mokobara-admin;posx-ugaoo-admin
0a332ee28bdf795e,8,8,src/components/table/table-cells/order/customer-cell/index.ts,posx-comet-admin;posx-demo-admin;posx-eume-admin;posx-frido-admin;posx-frido-b2b-admin;posx-frido-mobility-admin;posx-mokobara-admin;posx-ugaoo-admin
031b8e4a96ad5b68,8,8,src/components/table/table-cells/order/country-cell/country-cell.tsx,posx-comet-admin;posx-demo-admin;posx-eume-admin;posx-frido-admin;posx-frido-b2b-admin;posx-frido-mobility-admin;posx-mokobara-admin;posx-ugaoo-admin
6f22d0d7c2456182,8,8,src/components/table/table-cells/order/country-cell/index.ts,posx-comet-admin;posx-demo-admin;posx-eume-admin;posx-frido-admin;posx-frido-b2b-admin;posx-frido-mobility-admin;posx-mokobara-admin;posx-ugaoo-admin
07e034d76b5aa281,8,8,src/components/table/table-cells/promotion/status-cell/status-cell.tsx,posx-comet-admin;posx-demo-admin;posx-eume-admin;posx-frido-admin;posx-frido-b2b-admin;posx-frido-mobility-admin;posx-mokobara-admin;posx-ugaoo-admin
b58b6af766a9208b,8,8,src/components/common/thumbnail/thumbnail.tsx,posx-comet-admin;posx-demo-admin;posx-eume-admin;posx-frido-admin;posx-frido-b2b-admin;posx-frido-mobility-admin;posx-mokobara-admin;posx-ugaoo-admin
87b21010ee46701e,8,8,src/components/common/thumbnail/index.ts,posx-comet-admin;posx-demo-admin;posx-eume-admin;posx-frido-admin;posx-frido-b2b-admin;posx-frido-mobility-admin;posx-mokobara-admin;posx-ugaoo-admin
9451936077859ef3,8,8,src/components/common/sortable-list/sortable-list.tsx,posx-comet-admin;posx-demo-admin;posx-eume-admin;posx-frido-admin;posx-frido-b2b-admin;posx-frido-mobility-admin;posx-mokobara-admin;posx-ugaoo-admin
1f49a81b21649047,8,8,src/components/common/sortable-list/index.ts,posx-comet-admin;posx-demo-admin;posx-eume-admin;posx-frido-admin;posx-frido-b2b-admin;posx-frido-mobility-admin;posx-mokobara-admin;posx-ugaoo-admin
c92313e0bdec8326,8,8,src/components/common/switch-box/index.ts,posx-comet-admin;posx-demo-admin;posx-eume-admin;posx-frido-admin;posx-frido-b2b-admin;posx-frido-mobility-admin;posx-mokobara-admin;posx-ugaoo-admin
6ecdc2de5c412fa5,8,8,src/components/common/switch-box/switch-box.tsx,posx-comet-admin;posx-demo-admin;posx-eume-admin;posx-frido-admin;posx-frido-b2b-admin;posx-frido-mobility-admin;posx-mokobara-admin;posx-ugaoo-admin
edf26dd0d08dbe82,8,8,src/components/common/conditional-tooltip/index.ts,posx-comet-admin;posx-demo-admin;posx-eume-admin;posx-frido-admin;posx-frido-b2b-admin;posx-frido-mobility-admin;posx-mokobara-admin;posx-ugaoo-admin
ffe15fcc7e6a6844,8,8,src/components/common/conditional-tooltip/conditional-tooltip.tsx,posx-comet-admin;posx-demo-admin;posx-eume-admin;posx-frido-admin;posx-frido-b2b-admin;posx-frido-mobility-admin;posx-mokobara-admin;posx-ugaoo-admin
2f01ce985079c923,8,8,src/components/common/action-menu/action-menu.tsx,posx-comet-admin;posx-demo-admin;posx-eume-admin;posx-frido-admin;posx-frido-b2b-admin;posx-frido-mobility-admin;posx-mokobara-admin;posx-ugaoo-admin
630897df2f7b6fda,8,8,src/components/common/action-menu/index.ts,posx-comet-admin;posx-demo-admin;posx-eume-admin;posx-frido-admin;posx-frido-b2b-admin;posx-frido-mobility-admin;posx-mokobara-admin;posx-ugaoo-admin
ac9acc5f20a15215,8,8,src/components/common/form/index.ts,posx-comet-admin;posx-demo-admin;posx-eume-admin;posx-frido-admin;posx-frido-b2b-admin;posx-frido-mobility-admin;posx-mokobara-admin;posx-ugaoo-admin
35eed96f46d1db14,8,8,src/components/common/form/form.tsx,posx-comet-admin;posx-demo-admin;posx-eume-admin;posx-frido-admin;posx-frido-b2b-admin;posx-frido-mobility-admin;posx-mokobara-admin;posx-ugaoo-admin
b8fea7d5df64fb75,8,8,src/components/common/section/section-row.tsx,posx-comet-admin;posx-demo-admin;posx-eume-admin;posx-frido-admin;posx-frido-b2b-admin;posx-frido-mobility-admin;posx-mokobara-admin;posx-ugaoo-admin
b09d17896a51d6bb,8,8,src/components/common/section/index.ts,posx-comet-admin;posx-demo-admin;posx-eume-admin;posx-frido-admin;posx-frido-b2b-admin;posx-frido-mobility-admin;posx-mokobara-admin;posx-ugaoo-admin
6c7d06446813183d,8,8,src/components/common/logo-box/logo-box.tsx,posx-comet-admin;posx-demo-admin;posx-eume-admin;posx-frido-admin;posx-frido-b2b-admin;posx-frido-mobility-admin;posx-mokobara-admin;posx-ugaoo-admin
7269e1326eb54c0b,8,8,src/components/common/logo-box/index.ts,posx-comet-admin;posx-demo-admin;posx-eume-admin;posx-frido-admin;posx-frido-b2b-admin;posx-frido-mobility-admin;posx-mokobara-admin;posx-ugaoo-admin
370a88e5421b5ea2,8,8,src/components/common/list-summary/list-summary.tsx,posx-comet-admin;posx-demo-admin;posx-eume-admin;posx-frido-admin;posx-frido-b2b-admin;posx-frido-mobility-admin;posx-mokobara-admin;posx-ugaoo-admin
2f63e45d851212a9,8,8,src/components/common/list-summary/index.ts,posx-comet-admin;posx-demo-admin;posx-eume-admin;posx-frido-admin;posx-frido-b2b-admin;posx-frido-mobility-admin;posx-mokobara-admin;posx-ugaoo-admin
76df74149e9a226d,8,8,src/components/common/sidebar-link/indext.ts,posx-comet-admin;posx-demo-admin;posx-eume-admin;posx-frido-admin;posx-frido-b2b-admin;posx-frido-mobility-admin;posx-mokobara-admin;posx-ugaoo-admin
299b6fd6a73618f7,8,8,src/components/common/sidebar-link/sidebar-link.tsx,posx-comet-admin;posx-demo-admin;posx-eume-admin;posx-frido-admin;posx-frido-b2b-admin;posx-frido-mobility-admin;posx-mokobara-admin;posx-ugaoo-admin
e17f13b83cee4f1f,8,8,src/components/common/badge-list-summary/index.ts,posx-comet-admin;posx-demo-admin;posx-eume-admin;posx-frido-admin;posx-frido-b2b-admin;posx-frido-mobility-admin;posx-mokobara-admin;posx-ugaoo-admin
8b11f5d107d5178e,8,8,src/components/common/badge-list-summary/badge-list-summary.tsx,posx-comet-admin;posx-demo-admin;posx-eume-admin;posx-frido-admin;posx-frido-b2b-admin;posx-frido-mobility-admin;posx-mokobara-admin;posx-ugaoo-admin
5dfcd9a3782d9690,8,8,src/components/common/skeleton/index.ts,posx-comet-admin;posx-demo-admin;posx-eume-admin;posx-frido-admin;posx-frido-b2b-admin;posx-frido-mobility-admin;posx-mokobara-admin;posx-ugaoo-admin
a43b468c3336b6fb,8,8,src/components/common/tax-badge/tax-badge.tsx,posx-comet-admin;posx-demo-admin;posx-eume-admin;posx-frido-admin;posx-frido-b2b-admin;posx-frido-mobility-admin;posx-mokobara-admin;posx-ugaoo-admin
212a17fdbb20b7b3,8,8,src/components/common/progress-bar/progress-bar.tsx,posx-comet-admin;posx-demo-admin;posx-eume-admin;posx-frido-admin;posx-frido-b2b-admin;posx-frido-mobility-admin;posx-mokobara-admin;posx-ugaoo-admin
fdf9b02b76820930,8,8,src/components/common/progress-bar/index.ts,posx-comet-admin;posx-demo-admin;posx-eume-admin;posx-frido-admin;posx-frido-b2b-admin;posx-frido-mobility-admin;posx-mokobara-admin;posx-ugaoo-admin
c7669851d16f19be,8,8,src/components/common/chip-group/chip-group.tsx,posx-comet-admin;posx-demo-admin;posx-eume-admin;posx-frido-admin;posx-frido-b2b-admin;posx-frido-mobility-admin;posx-mokobara-admin;posx-ugaoo-admin
2f0a4a06210d3e43,8,8,src/components/common/chip-group/index.ts,posx-comet-admin;posx-demo-admin;posx-eume-admin;posx-frido-admin;posx-frido-b2b-admin;posx-frido-mobility-admin;posx-mokobara-admin;posx-ugaoo-admin
d05287e0dec85fe1,8,8,src/components/common/json-view-section/json-view-section.tsx,posx-comet-admin;posx-demo-admin;posx-eume-admin;posx-frido-admin;posx-frido-b2b-admin;posx-frido-mobility-admin;posx-mokobara-admin;posx-ugaoo-admin
361944c13f02aca3,8,8,src/components/common/json-view-section/index.ts,posx-comet-admin;posx-demo-admin;posx-eume-admin;posx-frido-admin;posx-frido-b2b-admin;posx-frido-mobility-admin;posx-mokobara-admin;posx-ugaoo-admin
d343286ef779f0d4,8,8,src/components/common/infinite-list/index.ts,posx-comet-admin;posx-demo-admin;posx-eume-admin;posx-frido-admin;posx-frido-b2b-admin;posx-frido-mobility-admin;posx-mokobara-admin;posx-ugaoo-admin
ed85cc2f00f02c30,8,8,src/components/common/user-link/user-link.tsx,posx-comet-admin;posx-demo-admin;posx-eume-admin;posx-frido-admin;posx-frido-b2b-admin;posx-frido-mobility-admin;posx-mokobara-admin;posx-ugaoo-admin
e7150ffa4baac197,8,8,src/components/common/user-link/index.ts,posx-comet-admin;posx-demo-admin;posx-eume-admin;posx-frido-admin;posx-frido-b2b-admin;posx-frido-mobility-admin;posx-mokobara-admin;posx-ugaoo-admin
c58b9236b3cd5587,8,8,src/components/common/file-preview/file-preview.tsx,posx-comet-admin;posx-demo-admin;posx-eume-admin;posx-frido-admin;posx-frido-b2b-admin;posx-frido-mobility-admin;posx-mokobara-admin;posx-ugaoo-admin
989b00350c9be4b7,8,8,src/components/common/file-preview/index.ts,posx-comet-admin;posx-demo-admin;posx-eume-admin;posx-frido-admin;posx-frido-b2b-admin;posx-frido-mobility-admin;posx-mokobara-admin;posx-ugaoo-admin
c7e6a25b56f2cab2,8,8,src/components/common/empty-table-content/empty-table-content.tsx,posx-comet-admin;posx-demo-admin;posx-eume-admin;posx-frido-admin;posx-frido-b2b-admin;posx-frido-mobility-admin;posx-mokobara-admin;posx-ugaoo-admin
12c2b29e48d23f45,8,8,src/components/common/empty-table-content/index.ts,posx-comet-admin;posx-demo-admin;posx-eume-admin;posx-frido-admin;posx-frido-b2b-admin;posx-frido-mobility-admin;posx-mokobara-admin;posx-ugaoo-admin
ad1522ee0ae97060,8,8,src/components/common/file-upload/file-upload.tsx,posx-comet-admin;posx-demo-admin;posx-eume-admin;posx-frido-admin;posx-frido-b2b-admin;posx-frido-mobility-admin;posx-mokobara-admin;posx-ugaoo-admin
6b3efce1eb5e9044,8,8,src/components/common/file-upload/index.ts,posx-comet-admin;posx-demo-admin;posx-eume-admin;posx-frido-admin;posx-frido-b2b-admin;posx-frido-mobility-admin;posx-mokobara-admin;posx-ugaoo-admin
b37e29c48044112b,8,8,src/components/common/date-range-display/index.ts,posx-comet-admin;posx-demo-admin;posx-eume-admin;posx-frido-admin;posx-frido-b2b-admin;posx-frido-mobility-admin;posx-mokobara-admin;posx-ugaoo-admin
47aa605f44b2d78b,8,8,src/components/common/date-range-display/date-range-display.tsx,posx-comet-admin;posx-demo-admin;posx-eume-admin;posx-frido-admin;posx-frido-b2b-admin;posx-frido-mobility-admin;posx-mokobara-admin;posx-ugaoo-admin
a2f9d4d542e737d3,8,8,src/components/common/sortable-tree/tree-item.tsx,posx-comet-admin;posx-demo-admin;posx-eume-admin;posx-frido-admin;posx-frido-b2b-admin;posx-frido-mobility-admin;posx-mokobara-admin;posx-ugaoo-admin
80ec252ed77da7de,8,8,src/components/common/sortable-tree/sortable-tree.tsx,posx-comet-admin;posx-demo-admin;posx-eume-admin;posx-frido-admin;posx-frido-b2b-admin;posx-frido-mobility-admin;posx-mokobara-admin;posx-ugaoo-admin
88a530897b4f0746,8,8,src/components/common/sortable-tree/keyboard-coordinates.ts,posx-comet-admin;posx-demo-admin;posx-eume-admin;posx-frido-admin;posx-frido-b2b-admin;posx-frido-mobility-admin;posx-mokobara-admin;posx-ugaoo-admin
f8be21533707f669,8,8,src/components/common/sortable-tree/utils.ts,posx-comet-admin;posx-demo-admin;posx-eume-admin;posx-frido-admin;posx-frido-b2b-admin;posx-frido-mobility-admin;posx-mokobara-admin;posx-ugaoo-admin
801170e37bf8c038,8,8,src/components/common/sortable-tree/types.ts,posx-comet-admin;posx-demo-admin;posx-eume-admin;posx-frido-admin;posx-frido-b2b-admin;posx-frido-mobility-admin;posx-mokobara-admin;posx-ugaoo-admin
65a115c543dccda3,8,8,src/components/common/sortable-tree/index.ts,posx-comet-admin;posx-demo-admin;posx-eume-admin;posx-frido-admin;posx-frido-b2b-admin;posx-frido-mobility-admin;posx-mokobara-admin;posx-ugaoo-admin
06bb6bc23f0500d5,8,8,src/components/common/sortable-tree/sortable-tree-item.tsx,posx-comet-admin;posx-demo-admin;posx-eume-admin;posx-frido-admin;posx-frido-b2b-admin;posx-frido-mobility-admin;posx-mokobara-admin;posx-ugaoo-admin
b5d91fd11b13e4c6,8,8,src/components/common/customer-info/customer-info.tsx,posx-comet-admin;posx-demo-admin;posx-eume-admin;posx-frido-admin;posx-frido-b2b-admin;posx-frido-mobility-admin;posx-mokobara-admin;posx-ugaoo-admin
48be3866cbe30780,8,8,src/components/common/customer-info/index.ts,posx-comet-admin;posx-demo-admin;posx-eume-admin;posx-frido-admin;posx-frido-b2b-admin;posx-frido-mobility-admin;posx-mokobara-admin;posx-ugaoo-admin
ed7e3e0c6b230d6e,8,8,src/components/common/metadata-section/metadata-section.tsx,posx-comet-admin;posx-demo-admin;posx-eume-admin;posx-frido-admin;posx-frido-b2b-admin;posx-frido-mobility-admin;posx-mokobara-admin;posx-ugaoo-admin
b7a588ad9ecffb73,8,8,src/components/common/metadata-section/index.ts,posx-comet-admin;posx-demo-admin;posx-eume-admin;posx-frido-admin;posx-frido-b2b-admin;posx-frido-mobility-admin;posx-mokobara-admin;posx-ugaoo-admin
90c019cf3e14d949,8,8,src/components/common/display-id/display-id.tsx,posx-comet-admin;posx-demo-admin;posx-eume-admin;posx-frido-admin;posx-frido-b2b-admin;posx-frido-mobility-admin;posx-mokobara-admin;posx-ugaoo-admin
f5a941c7d20aaad4,8,8,src/components/common/display-id/index.ts,posx-comet-admin;posx-demo-admin;posx-eume-admin;posx-frido-admin;posx-frido-b2b-admin;posx-frido-mobility-admin;posx-mokobara-admin;posx-ugaoo-admin
637201838d04387c,8,8,src/components/common/link-button/link-button.tsx,posx-comet-admin;posx-demo-admin;posx-eume-admin;posx-frido-admin;posx-frido-b2b-admin;posx-frido-mobility-admin;posx-mokobara-admin;posx-ugaoo-admin
55b03af111063a7a,8,8,src/components/common/link-button/index.ts,posx-comet-admin;posx-demo-admin;posx-eume-admin;posx-frido-admin;posx-frido-b2b-admin;posx-frido-mobility-admin;posx-mokobara-admin;posx-ugaoo-admin
22ffa43867b2f40f,8,8,src/components/common/icon-avatar/index.ts,posx-comet-admin;posx-demo-admin;posx-eume-admin;posx-frido-admin;posx-frido-b2b-admin;posx-frido-mobility-admin;posx-mokobara-admin;posx-ugaoo-admin
66f2211ad63d1413,8,8,src/components/common/icon-avatar/icon-avatar.tsx,posx-comet-admin;posx-demo-admin;posx-eume-admin;posx-frido-admin;posx-frido-b2b-admin;posx-frido-mobility-admin;posx-mokobara-admin;posx-ugaoo-admin
d3d5082435cf5a41,8,8,src/components/utilities/error-boundary/index.ts,posx-comet-admin;posx-demo-admin;posx-eume-admin;posx-frido-admin;posx-frido-b2b-admin;posx-frido-mobility-admin;posx-mokobara-admin;posx-ugaoo-admin
02a158dca3e329d7,8,8,src/components/utilities/keybound-form/keybound-form.tsx,posx-comet-admin;posx-demo-admin;posx-eume-admin;posx-frido-admin;posx-frido-b2b-admin;posx-frido-mobility-admin;posx-mokobara-admin;posx-ugaoo-admin
8f13dd31deb9b1ca,8,8,src/components/utilities/keybound-form/index.ts,posx-comet-admin;posx-demo-admin;posx-eume-admin;posx-frido-admin;posx-frido-b2b-admin;posx-frido-mobility-admin;posx-mokobara-admin;posx-ugaoo-admin
597aaa79b3dcc0d9,8,8,src/components/utilities/generic-forward-ref/generic-forward-ref.tsx,posx-comet-admin;posx-demo-admin;posx-eume-admin;posx-frido-admin;posx-frido-b2b-admin;posx-frido-mobility-admin;posx-mokobara-admin;posx-ugaoo-admin
ee633f5c12d46fd6,8,8,src/components/utilities/generic-forward-ref/index.ts,posx-comet-admin;posx-demo-admin;posx-eume-admin;posx-frido-admin;posx-frido-b2b-admin;posx-frido-mobility-admin;posx-mokobara-admin;posx-ugaoo-admin
6b818651a54d837d,8,8,src/components/utilities/visually-hidden/visually-hidden.tsx,posx-comet-admin;posx-demo-admin;posx-eume-admin;posx-frido-admin;posx-frido-b2b-admin;posx-frido-mobility-admin;posx-mokobara-admin;posx-ugaoo-admin
5ac5ab8a5d6671ff,8,8,src/components/utilities/visually-hidden/index.ts,posx-comet-admin;posx-demo-admin;posx-eume-admin;posx-frido-admin;posx-frido-b2b-admin;posx-frido-mobility-admin;posx-mokobara-admin;posx-ugaoo-admin
8ad2bff2003207f6,8,8,src/components/utilities/i18n/i18n.tsx,posx-comet-admin;posx-demo-admin;posx-eume-admin;posx-frido-admin;posx-frido-b2b-admin;posx-frido-mobility-admin;posx-mokobara-admin;posx-ugaoo-admin
54f72924fd538b64,8,8,src/components/utilities/i18n/index.ts,posx-comet-admin;posx-demo-admin;posx-eume-admin;posx-frido-admin;posx-frido-b2b-admin;posx-frido-mobility-admin;posx-mokobara-admin;posx-ugaoo-admin
d8edf349b3d81d10,8,8,src/components/modals/stacked-focus-modal/stacked-focus-modal.tsx,posx-comet-admin;posx-demo-admin;posx-eume-admin;posx-frido-admin;posx-frido-b2b-admin;posx-frido-mobility-admin;posx-mokobara-admin;posx-ugaoo-admin
251f607fd7c7c324,8,8,src/components/modals/stacked-focus-modal/index.ts,posx-comet-admin;posx-demo-admin;posx-eume-admin;posx-frido-admin;posx-frido-b2b-admin;posx-frido-mobility-admin;posx-mokobara-admin;posx-ugaoo-admin
6e802e49bf2ca70d,8,8,src/components/modals/route-modal-form/index.ts,posx-comet-admin;posx-demo-admin;posx-eume-admin;posx-frido-admin;posx-frido-b2b-admin;posx-frido-mobility-admin;posx-mokobara-admin;posx-ugaoo-admin
26da2f238eed6bed,8,8,src/components/modals/route-modal-form/route-modal-form.tsx,posx-comet-admin;posx-demo-admin;posx-eume-admin;posx-frido-admin;posx-frido-b2b-admin;posx-frido-mobility-admin;posx-mokobara-admin;posx-ugaoo-admin
9fa9b11613ddb712,8,8,src/components/modals/stacked-drawer/stacked-drawer.tsx,posx-comet-admin;posx-demo-admin;posx-eume-admin;posx-frido-admin;posx-frido-b2b-admin;posx-frido-mobility-admin;posx-mokobara-admin;posx-ugaoo-admin
b5e1e54f51db15ea,8,8,src/components/modals/stacked-drawer/index.ts,posx-comet-admin;posx-demo-admin;posx-eume-admin;posx-frido-admin;posx-frido-b2b-admin;posx-frido-mobility-admin;posx-mokobara-admin;posx-ugaoo-admin
3a4bc0a75ff3db16,8,8,src/components/modals/route-modal-provider/use-route-modal.tsx,posx-comet-admin;posx-demo-admin;posx-eume-admin;posx-frido-admin;posx-frido-b2b-admin;posx-frido-mobility-admin;posx-mokobara-admin;posx-ugaoo-admin
a6169b690afbb81b,8,8,src/components/modals/route-modal-provider/route-provider.tsx,posx-comet-admin;posx-demo-admin;posx-eume-admin;posx-frido-admin;posx-frido-b2b-admin;posx-frido-mobility-admin;posx-mokobara-admin;posx-ugaoo-admin
132f77117ce8be92,8,8,src/components/modals/route-modal-provider/index.ts,posx-comet-admin;posx-demo-admin;posx-eume-admin;posx-frido-admin;posx-frido-b2b-admin;posx-frido-mobility-admin;posx-mokobara-admin;posx-ugaoo-admin
3f38693b1b754433,8,8,src/components/modals/route-modal-provider/route-modal-context.tsx,posx-comet-admin;posx-demo-admin;posx-eume-admin;posx-frido-admin;posx-frido-b2b-admin;posx-frido-mobility-admin;posx-mokobara-admin;posx-ugaoo-admin
474eb801dfb9289b,8,8,src/components/modals/route-focus-modal/index.ts,posx-comet-admin;posx-demo-admin;posx-eume-admin;posx-frido-admin;posx-frido-b2b-admin;posx-frido-mobility-admin;posx-mokobara-admin;posx-ugaoo-admin
527c269bd62fceca,8,8,src/components/modals/hooks/use-state-aware-to.tsx,posx-comet-admin;posx-demo-admin;posx-eume-admin;posx-frido-admin;posx-frido-b2b-admin;posx-frido-mobility-admin;posx-mokobara-admin;posx-ugaoo-admin
b6f497908668bddf,8,8,src/components/modals/stacked-modal-provider/stacked-modal-context.tsx,posx-comet-admin;posx-demo-admin;posx-eume-admin;posx-frido-admin;posx-frido-b2b-admin;posx-frido-mobility-admin;posx-mokobara-admin;posx-ugaoo-admin
f3ca0c79c4473fa2,8,8,src/components/modals/stacked-modal-provider/stacked-modal-provider.tsx,posx-comet-admin;posx-demo-admin;posx-eume-admin;posx-frido-admin;posx-frido-b2b-admin;posx-frido-mobility-admin;posx-mokobara-admin;posx-ugaoo-admin
dae7c971104ff93f,8,8,src/components/modals/stacked-modal-provider/use-stacked-modal.ts,posx-comet-admin;posx-demo-admin;posx-eume-admin;posx-frido-admin;posx-frido-b2b-admin;posx-frido-mobility-admin;posx-mokobara-admin;posx-ugaoo-admin
4908ec9e80d8b6bb,8,8,src/components/modals/stacked-modal-provider/index.ts,posx-comet-admin;posx-demo-admin;posx-eume-admin;posx-frido-admin;posx-frido-b2b-admin;posx-frido-mobility-admin;posx-mokobara-admin;posx-ugaoo-admin
168d1bec75c4be59,8,8,src/components/modals/route-drawer/route-drawer.tsx,posx-comet-admin;posx-demo-admin;posx-eume-admin;posx-frido-admin;posx-frido-b2b-admin;posx-frido-mobility-admin;posx-mokobara-admin;posx-ugaoo-admin
f4119a95acf3b95e,8,8,src/components/modals/route-drawer/index.ts,posx-comet-admin;posx-demo-admin;posx-eume-admin;posx-frido-admin;posx-frido-b2b-admin;posx-frido-mobility-admin;posx-mokobara-admin;posx-ugaoo-admin
d8f667f3d35e3a6d,8,8,src/components/layout/nav-item/index.ts,posx-comet-admin;posx-demo-admin;posx-eume-admin;posx-frido-admin;posx-frido-b2b-admin;posx-frido-mobility-admin;posx-mokobara-admin;posx-ugaoo-admin
35cc7c73008b6ea8,8,8,src/components/layout/shell/index.ts,posx-comet-admin;posx-demo-admin;posx-eume-admin;posx-frido-admin;posx-frido-b2b-admin;posx-frido-mobility-admin;posx-mokobara-admin;posx-ugaoo-admin
72d87d95ef2f3823,8,8,src/components/layout/settings-layout/index.ts,posx-comet-admin;posx-demo-admin;posx-eume-admin;posx-frido-admin;posx-frido-b2b-admin;posx-frido-mobility-admin;posx-mokobara-admin;posx-ugaoo-admin
9005ebf012b105eb,8,8,src/components/layout/settings-layout/settings-layout.tsx,posx-comet-admin;posx-demo-admin;posx-eume-admin;posx-frido-admin;posx-frido-b2b-admin;posx-frido-mobility-admin;posx-mokobara-admin;posx-ugaoo-admin
a9e09d5cd020f98a,8,8,src/components/layout/public-layout/public-layout.tsx,posx-comet-admin;posx-demo-admin;posx-eume-admin;posx-frido-admin;posx-frido-b2b-admin;posx-frido-mobility-admin;posx-mokobara-admin;posx-ugaoo-admin
317602e0406a3abc,8,8,src/components/layout/public-layout/index.ts,posx-comet-admin;posx-demo-admin;posx-eume-admin;posx-frido-admin;posx-frido-b2b-admin;posx-frido-mobility-admin;posx-mokobara-admin;posx-ugaoo-admin
fc3a77dff432691c,8,8,src/components/layout/main-layout/index.ts,posx-comet-admin;posx-demo-admin;posx-eume-admin;posx-frido-admin;posx-frido-b2b-admin;posx-frido-mobility-admin;posx-mokobara-admin;posx-ugaoo-admin
a96b7f6fa4a5bb0a,8,8,src/components/layout/user-menu/user-menu.tsx,posx-comet-admin;posx-demo-admin;posx-eume-admin;posx-frido-admin;posx-frido-b2b-admin;posx-frido-mobility-admin;posx-mokobara-admin;posx-ugaoo-admin
8f1cce7f8f166ba9,8,8,src/components/layout/user-menu/index.ts,posx-comet-admin;posx-demo-admin;posx-eume-admin;posx-frido-admin;posx-frido-b2b-admin;posx-frido-mobility-admin;posx-mokobara-admin;posx-ugaoo-admin
a5af170a1a63b722,8,8,src/components/layout/pages/types.ts,posx-comet-admin;posx-demo-admin;posx-eume-admin;posx-frido-admin;posx-frido-b2b-admin;posx-frido-mobility-admin;posx-mokobara-admin;posx-ugaoo-admin
039a20844f749c98,8,8,src/components/layout/pages/index.ts,posx-comet-admin;posx-demo-admin;posx-eume-admin;posx-frido-admin;posx-frido-b2b-admin;posx-frido-mobility-admin;posx-mokobara-admin;posx-ugaoo-admin
1c50a74891f3b62b,8,8,src/components/layout/notifications/index.ts,posx-comet-admin;posx-demo-admin;posx-eume-admin;posx-frido-admin;posx-frido-b2b-admin;posx-frido-mobility-admin;posx-mokobara-admin;posx-ugaoo-admin
ba792bc9cb87c162,8,8,src/components/layout/pages/single-column-page/index.ts,posx-comet-admin;posx-demo-admin;posx-eume-admin;posx-frido-admin;posx-frido-b2b-admin;posx-frido-mobility-admin;posx-mokobara-admin;posx-ugaoo-admin
986200fa635096ab,8,8,src/components/layout/pages/two-column-page/index.ts,posx-comet-admin;posx-demo-admin;posx-eume-admin;posx-frido-admin;posx-frido-b2b-admin;posx-frido-mobility-admin;posx-mokobara-admin;posx-ugaoo-admin
e1e7c075dcca2cbc,8,8,src/components/filtering/order-by/order-by.tsx,posx-comet-admin;posx-demo-admin;posx-eume-admin;posx-frido-admin;posx-frido-b2b-admin;posx-frido-mobility-admin;posx-mokobara-admin;posx-ugaoo-admin
81e890e26af1c59d,8,8,src/components/filtering/order-by/index.ts,posx-comet-admin;posx-demo-admin;posx-eume-admin;posx-frido-admin;posx-frido-b2b-admin;posx-frido-mobility-admin;posx-mokobara-admin;posx-ugaoo-admin
c3cf291dd523169c,8,8,src/components/filtering/filter-group/index.ts,posx-comet-admin;posx-demo-admin;posx-eume-admin;posx-frido-admin;posx-frido-b2b-admin;posx-frido-mobility-admin;posx-mokobara-admin;posx-ugaoo-admin
b1d16a3a9664ebce,8,8,src/components/filtering/filter-group/filter-group.tsx,posx-comet-admin;posx-demo-admin;posx-eume-admin;posx-frido-admin;posx-frido-b2b-admin;posx-frido-mobility-admin;posx-mokobara-admin;posx-ugaoo-admin
51b7b7f7734ef3a8,8,8,src/components/filtering/query/index.ts,posx-comet-admin;posx-demo-admin;posx-eume-admin;posx-frido-admin;posx-frido-b2b-admin;posx-frido-mobility-admin;posx-mokobara-admin;posx-ugaoo-admin
0c1943dccfc01fc9,8,8,src/components/filtering/query/query.tsx,posx-comet-admin;posx-demo-admin;posx-eume-admin;posx-frido-admin;posx-frido-b2b-admin;posx-frido-mobility-admin;posx-mokobara-admin;posx-ugaoo-admin
e23a5e064807fc3d,8,8,src/components/forms/address-form/address-form.tsx,posx-comet-admin;posx-demo-admin;posx-eume-admin;posx-frido-admin;posx-frido-b2b-admin;posx-frido-mobility-admin;posx-mokobara-admin;posx-ugaoo-admin
d23fff55b27505ba,8,8,src/components/forms/address-form/index.ts,posx-comet-admin;posx-demo-admin;posx-eume-admin;posx-frido-admin;posx-frido-b2b-admin;posx-frido-mobility-admin;posx-mokobara-admin;posx-ugaoo-admin
294f7bb9a7ca1dd8,8,8,src/components/forms/email-form/index.ts,posx-comet-admin;posx-demo-admin;posx-eume-admin;posx-frido-admin;posx-frido-b2b-admin;posx-frido-mobility-admin;posx-mokobara-admin;posx-ugaoo-admin
d26ba834358c7732,8,8,src/components/forms/email-form/email-form.tsx,posx-comet-admin;posx-demo-admin;posx-eume-admin;posx-frido-admin;posx-frido-b2b-admin;posx-frido-mobility-admin;posx-mokobara-admin;posx-ugaoo-admin
43f90dccea0ee771,8,8,src/components/forms/metadata-form/metadata-form.tsx,posx-comet-admin;posx-demo-admin;posx-eume-admin;posx-frido-admin;posx-frido-b2b-admin;posx-frido-mobility-admin;posx-mokobara-admin;posx-ugaoo-admin
c3c071be1f5336cc,8,8,src/components/forms/metadata-form/index.ts,posx-comet-admin;posx-demo-admin;posx-eume-admin;posx-frido-admin;posx-frido-b2b-admin;posx-frido-mobility-admin;posx-mokobara-admin;posx-ugaoo-admin
33178fe5d26e2187,8,8,src/extensions/forms/hooks.tsx,posx-comet-admin;posx-demo-admin;posx-eume-admin;posx-frido-admin;posx-frido-b2b-admin;posx-frido-mobility-admin;posx-mokobara-admin;posx-ugaoo-admin
a52c5a12ad260926,8,8,src/extensions/forms/index.ts,posx-comet-admin;posx-demo-admin;posx-eume-admin;posx-frido-admin;posx-frido-b2b-admin;posx-frido-mobility-admin;posx-mokobara-admin;posx-ugaoo-admin
ff1ca6c81d06ae24,8,8,src/extensions/links/utils.ts,posx-comet-admin;posx-demo-admin;posx-eume-admin;posx-frido-admin;posx-frido-b2b-admin;posx-frido-mobility-admin;posx-mokobara-admin;posx-ugaoo-admin
9f614d4440ccf447,8,8,src/extensions/dashboard-extension-provider/dashboard-extension-provider.tsx,posx-comet-admin;posx-demo-admin;posx-eume-admin;posx-frido-admin;posx-frido-b2b-admin;posx-frido-mobility-admin;posx-mokobara-admin;posx-ugaoo-admin
ee779f6a0e473136,8,8,src/extensions/dashboard-extension-provider/dashboard-extension-context.tsx,posx-comet-admin;posx-demo-admin;posx-eume-admin;posx-frido-admin;posx-frido-b2b-admin;posx-frido-mobility-admin;posx-mokobara-admin;posx-ugaoo-admin
e008a9dff5891edf,8,8,src/extensions/dashboard-extension-provider/use-dashboard-extension.tsx,posx-comet-admin;posx-demo-admin;posx-eume-admin;posx-frido-admin;posx-frido-b2b-admin;posx-frido-mobility-admin;posx-mokobara-admin;posx-ugaoo-admin
7f7a7c0066e6f383,8,8,src/extensions/dashboard-extension-provider/index.ts,posx-comet-admin;posx-demo-admin;posx-eume-admin;posx-frido-admin;posx-frido-b2b-admin;posx-frido-mobility-admin;posx-mokobara-admin;posx-ugaoo-admin
ab3c9430471f1394,8,8,src/extensions/dashboard-extension-manager/index.ts,posx-comet-admin;posx-demo-admin;posx-eume-admin;posx-frido-admin;posx-frido-b2b-admin;posx-frido-mobility-admin;posx-mokobara-admin;posx-ugaoo-admin
43e8473a7050fc00,8,8,src/extensions/forms/form-extension-zone/form-extension-zone.tsx,posx-comet-admin;posx-demo-admin;posx-eume-admin;posx-frido-admin;posx-frido-b2b-admin;posx-frido-mobility-admin;posx-mokobara-admin;posx-ugaoo-admin
47f227624468c79f,8,8,src/extensions/forms/form-extension-zone/utils.ts,posx-comet-admin;posx-demo-admin;posx-eume-admin;posx-frido-admin;posx-frido-b2b-admin;posx-frido-mobility-admin;posx-mokobara-admin;posx-ugaoo-admin
faf18fee4154e3e2,8,8,src/extensions/forms/form-extension-zone/types.ts,posx-comet-admin;posx-demo-admin;posx-eume-admin;posx-frido-admin;posx-frido-b2b-admin;posx-frido-mobility-admin;posx-mokobara-admin;posx-ugaoo-admin
b6b1ed23ba017fb9,8,8,src/extensions/forms/form-extension-zone/index.ts,posx-comet-admin;posx-demo-admin;posx-eume-admin;posx-frido-admin;posx-frido-b2b-admin;posx-frido-mobility-admin;posx-mokobara-admin;posx-ugaoo-admin
48e2036fec94a800,8,8,src/providers/keybind-provider/hooks.tsx,posx-comet-admin;posx-demo-admin;posx-eume-admin;posx-frido-admin;posx-frido-b2b-admin;posx-frido-mobility-admin;posx-mokobara-admin;posx-ugaoo-admin
d8170cf2377fc085,8,8,src/providers/keybind-provider/keybind-provider.tsx,posx-comet-admin;posx-demo-admin;posx-eume-admin;posx-frido-admin;posx-frido-b2b-admin;posx-frido-mobility-admin;posx-mokobara-admin;posx-ugaoo-admin
3266a5d78f4dfcb0,8,8,src/providers/keybind-provider/utils.ts,posx-comet-admin;posx-demo-admin;posx-eume-admin;posx-frido-admin;posx-frido-b2b-admin;posx-frido-mobility-admin;posx-mokobara-admin;posx-ugaoo-admin
5c210b715067c1c9,8,8,src/providers/keybind-provider/types.ts,posx-comet-admin;posx-demo-admin;posx-eume-admin;posx-frido-admin;posx-frido-b2b-admin;posx-frido-mobility-admin;posx-mokobara-admin;posx-ugaoo-admin
ee115c728f18314e,8,8,src/providers/keybind-provider/keybind-context.tsx,posx-comet-admin;posx-demo-admin;posx-eume-admin;posx-frido-admin;posx-frido-b2b-admin;posx-frido-mobility-admin;posx-mokobara-admin;posx-ugaoo-admin
7dd4ccb4ffca6a8c,8,8,src/providers/keybind-provider/index.ts,posx-comet-admin;posx-demo-admin;posx-eume-admin;posx-frido-admin;posx-frido-b2b-admin;posx-frido-mobility-admin;posx-mokobara-admin;posx-ugaoo-admin
140031878d75e843,8,8,src/providers/theme-provider/theme-context.tsx,posx-comet-admin;posx-demo-admin;posx-eume-admin;posx-frido-admin;posx-frido-b2b-admin;posx-frido-mobility-admin;posx-mokobara-admin;posx-ugaoo-admin
6e4a5ae9ee10a1cc,8,8,src/providers/theme-provider/use-theme.tsx,posx-comet-admin;posx-demo-admin;posx-eume-admin;posx-frido-admin;posx-frido-b2b-admin;posx-frido-mobility-admin;posx-mokobara-admin;posx-ugaoo-admin
a2bbfe3fcf95c136,8,8,src/providers/theme-provider/index.ts,posx-comet-admin;posx-demo-admin;posx-eume-admin;posx-frido-admin;posx-frido-b2b-admin;posx-frido-mobility-admin;posx-mokobara-admin;posx-ugaoo-admin
5d0cdc7194df0d4e,8,8,src/providers/search-provider/search-context.tsx,posx-comet-admin;posx-demo-admin;posx-eume-admin;posx-frido-admin;posx-frido-b2b-admin;posx-frido-mobility-admin;posx-mokobara-admin;posx-ugaoo-admin
4a2ea09a0bc77cd8,8,8,src/providers/search-provider/search-provider.tsx,posx-comet-admin;posx-demo-admin;posx-eume-admin;posx-frido-admin;posx-frido-b2b-admin;posx-frido-mobility-admin;posx-mokobara-admin;posx-ugaoo-admin
d2ddb8f1a160be26,8,8,src/providers/search-provider/index.ts,posx-comet-admin;posx-demo-admin;posx-eume-admin;posx-frido-admin;posx-frido-b2b-admin;posx-frido-mobility-admin;posx-mokobara-admin;posx-ugaoo-admin
a83fa40720f800b2,8,8,src/providers/search-provider/use-search.tsx,posx-comet-admin;posx-demo-admin;posx-eume-admin;posx-frido-admin;posx-frido-b2b-admin;posx-frido-mobility-admin;posx-mokobara-admin;posx-ugaoo-admin
d36ca48c8fc85b44,8,8,src/providers/sidebar-provider/sidebar-context.tsx,posx-comet-admin;posx-demo-admin;posx-eume-admin;posx-frido-admin;posx-frido-b2b-admin;posx-frido-mobility-admin;posx-mokobara-admin;posx-ugaoo-admin
4e54d9d23b00666b,8,8,src/providers/sidebar-provider/index.ts,posx-comet-admin;posx-demo-admin;posx-eume-admin;posx-frido-admin;posx-frido-b2b-admin;posx-frido-mobility-admin;posx-mokobara-admin;posx-ugaoo-admin
dfc32687cc66f441,8,8,src/providers/sidebar-provider/use-sidebar.tsx,posx-comet-admin;posx-demo-admin;posx-eume-admin;posx-frido-admin;posx-frido-b2b-admin;posx-frido-mobility-admin;posx-mokobara-admin;posx-ugaoo-admin
cc84881a9e6012f5,8,8,src/providers/i18n-provider/i18n-provider.tsx,posx-comet-admin;posx-demo-admin;posx-eume-admin;posx-frido-admin;posx-frido-b2b-admin;posx-frido-mobility-admin;posx-mokobara-admin;posx-ugaoo-admin
6c2b5b1f8c8b3c09,8,8,src/providers/i18n-provider/index.ts,posx-comet-admin;posx-demo-admin;posx-eume-admin;posx-frido-admin;posx-frido-b2b-admin;posx-frido-mobility-admin;posx-mokobara-admin;posx-ugaoo-admin
c8a994e456c7b425,8,8,src/providers/router-provider/settings-extensions.tsx,posx-comet-admin;posx-demo-admin;posx-eume-admin;posx-frido-admin;posx-frido-b2b-admin;posx-frido-mobility-admin;posx-mokobara-admin;posx-ugaoo-admin
b71d929fde2f3a95,8,8,src/providers/router-provider/router-provider.tsx,posx-comet-admin;posx-demo-admin;posx-eume-admin;posx-frido-admin;posx-frido-b2b-admin;posx-frido-mobility-admin;posx-mokobara-admin;posx-ugaoo-admin
3c2016b81aa59f40,8,8,src/providers/router-provider/index.ts,posx-comet-admin;posx-demo-admin;posx-eume-admin;posx-frido-admin;posx-frido-b2b-admin;posx-frido-mobility-admin;posx-mokobara-admin;posx-ugaoo-admin
ec04884f6071deb9,8,8,scripts/i18n/validate-translation.js,posx-comet-admin;posx-demo-admin;posx-eume-admin;posx-frido-admin;posx-frido-b2b-admin;posx-frido-mobility-admin;posx-mokobara-admin;posx-ugaoo-admin
6a8b634cae04d625,8,8,scripts/i18n/generate-schema.js,posx-comet-admin;posx-demo-admin;posx-eume-admin;posx-frido-admin;posx-frido-b2b-admin;posx-frido-mobility-admin;posx-mokobara-admin;posx-ugaoo-admin
f8c58db62c4b3355,8,8,src/scripts/seed.ts,posx-comet-backend;posx-demo-backend;posx-eume-backend;posx-frido-b2b-backend;posx-frido-backend;posx-frido-mobility-backend;posx-mokobara-clearance-backend;posx-ugaoo-backend
b212d117527fad34,8,8,src/modules/unicommerce/index.ts,posx-comet-backend;posx-demo-backend;posx-eume-backend;posx-frido-b2b-backend;posx-frido-backend;posx-frido-mobility-backend;posx-mokobara-backend;posx-ugaoo-backend
204c50ae29ed8dbd,8,8,src/modules/store-details/service.ts,posx-comet-backend;posx-demo-backend;posx-eume-backend;posx-frido-b2b-backend;posx-frido-backend;posx-frido-mobility-backend;posx-mokobara-clearance-backend;posx-ugaoo-backend
6a1949cf5a316bb3,8,8,src/modules/cms/index.ts,posx-comet-backend;posx-demo-backend;posx-eume-backend;posx-frido-b2b-backend;posx-frido-backend;posx-frido-mobility-backend;posx-mokobara-backend;posx-mokobara-clearance-backend
32ae10858b5cd4b9,8,8,src/modules/system-config/service.ts,posx-comet-backend;posx-demo-backend;posx-eume-backend;posx-frido-b2b-backend;posx-frido-backend;posx-frido-mobility-backend;posx-mokobara-clearance-backend;posx-ugaoo-backend
7041b78bd0f21eab,8,8,src/modules/system-config/migrations/.snapshot-medusa-pos-backend.json;src/modules/system-config/migrations/.snapshot-posx_frido_b2b_dev.json;src/modules/system-config/migrations/.snapshot-system-config.json,posx-comet-backend;posx-demo-backend;posx-eume-backend;posx-frido-b2b-backend;posx-frido-backend;posx-frido-mobility-backend;posx-mokobara-backend;posx-mokobara-clearance-backend
5ee6679f06b31fa0,8,8,src/modules/pos-inventory/models/gst-info.ts,posx-comet-backend;posx-demo-backend;posx-eume-backend;posx-frido-b2b-backend;posx-frido-backend;posx-frido-mobility-backend;posx-mokobara-backend;posx-mokobara-clearance-backend
4b1dc3cf703acc8a,8,8,src/modules/global-config/migrations/.snapshot-comet-poc.json;src/modules/global-config/migrations/.snapshot-global-config.json;src/modules/global-config/migrations/.snapshot-posx_frido_b2b_dev.json,posx-comet-backend;posx-demo-backend;posx-eume-backend;posx-frido-b2b-backend;posx-frido-backend;posx-frido-mobility-backend;posx-mokobara-backend;posx-mokobara-clearance-backend
6b44e36eaf0de904,8,8,src/modules/pincode/migrations/.snapshot-comet-pos.json;src/modules/pincode/migrations/.snapshot-pincode.json;src/modules/pincode/migrations/.snapshot-posx_frido_b2b_dev.json,posx-comet-backend;posx-demo-backend;posx-eume-backend;posx-frido-b2b-backend;posx-frido-backend;posx-frido-mobility-backend;posx-mokobara-backend;posx-mokobara-clearance-backend
6477987b811de8c7,8,8,src/modules/shopify-collection/migrations/.snapshot-medusa-pos-backend.json;src/modules/shopify-collection/migrations/.snapshot-posx_frido_b2b_dev.json;src/modules/shopify-collection/migrations/.snapshot-shopify-collection.json,posx-comet-backend;posx-demo-backend;posx-eume-backend;posx-frido-b2b-backend;posx-frido-backend;posx-frido-mobility-backend;posx-mokobara-backend;posx-mokobara-clearance-backend
59f041d4155f5817,8,8,src/api/admin/global-config/route.ts,posx-comet-backend;posx-demo-backend;posx-eume-backend;posx-frido-b2b-backend;posx-frido-backend;posx-frido-mobility-backend;posx-mokobara-clearance-backend;posx-ugaoo-backend
fe9c66bfb17c8a31,8,8,src/api/admin/system-config/route.ts,posx-comet-backend;posx-demo-backend;posx-eume-backend;posx-frido-b2b-backend;posx-frido-backend;posx-frido-mobility-backend;posx-mokobara-clearance-backend;posx-ugaoo-backend
b5202d95363ebe5b,8,8,src/api/admin/system-config/[key]/route.ts,posx-comet-backend;posx-demo-backend;posx-eume-backend;posx-frido-b2b-backend;posx-frido-backend;posx-frido-mobility-backend;posx-mokobara-clearance-backend;posx-ugaoo-backend
7c382d5b81aaca50,8,8,src/lib/helpers/get-cart-count.ts,posx-comet-backend;posx-demo-backend;posx-eume-backend;posx-frido-b2b-backend;posx-frido-backend;posx-frido-mobility-backend;posx-mokobara-clearance-backend;posx-ugaoo-backend
322d0fea8c1c6306,8,8,src/workflows/steps/throw-error-step.ts,posx-comet-backend;posx-demo-backend;posx-eume-backend;posx-frido-b2b-backend;posx-frido-backend;posx-frido-mobility-backend;posx-mokobara-backend;posx-ugaoo-backend
a264d82588aee2c2,8,8,src/workflows/featured-collections/workflows/get-all-featured-collections.ts,posx-comet-backend;posx-demo-backend;posx-eume-backend;posx-frido-b2b-backend;posx-frido-backend;posx-frido-mobility-backend;posx-mokobara-backend;posx-ugaoo-backend
bb1408a5d92e34d0,8,8,src/workflows/system-config/workflows/delete-system-config.ts,posx-comet-backend;posx-demo-backend;posx-eume-backend;posx-frido-b2b-backend;posx-frido-backend;posx-frido-mobility-backend;posx-mokobara-clearance-backend;posx-ugaoo-backend
b19a38a661e26f09,8,8,src/workflows/system-config/workflows/update-system-config.ts,posx-comet-backend;posx-demo-backend;posx-eume-backend;posx-frido-b2b-backend;posx-frido-backend;posx-frido-mobility-backend;posx-mokobara-clearance-backend;posx-ugaoo-backend
242cafbd6f4fb9b5,8,8,src/workflows/system-config/workflows/create-system-config.ts,posx-comet-backend;posx-demo-backend;posx-eume-backend;posx-frido-b2b-backend;posx-frido-backend;posx-frido-mobility-backend;posx-mokobara-clearance-backend;posx-ugaoo-backend
27a21cf059c35f16,8,8,src/workflows/pos-inventory/steps/send-mail-of-not-generated-item-codes.ts,posx-comet-backend;posx-demo-backend;posx-eume-backend;posx-frido-b2b-backend;posx-frido-backend;posx-frido-mobility-backend;posx-mokobara-backend;posx-mokobara-clearance-backend
5c43d3c913c6832c,8,8,src/workflows/employee/workflows/delete-employee.ts,posx-comet-backend;posx-demo-backend;posx-eume-backend;posx-frido-b2b-backend;posx-frido-backend;posx-frido-mobility-backend;posx-mokobara-clearance-backend;posx-ugaoo-backend
81bb4dea45b1e5f9,8,8,src/workflows/employee/workflows/create-employee.ts,posx-comet-backend;posx-demo-backend;posx-eume-backend;posx-frido-b2b-backend;posx-frido-backend;posx-frido-mobility-backend;posx-mokobara-clearance-backend;posx-ugaoo-backend
8cb3875c3ce5063b,8,8,src/workflows/order-detail/workflows/delete-order-detail-workflow.ts,posx-comet-backend;posx-demo-backend;posx-eume-backend;posx-frido-b2b-backend;posx-frido-backend;posx-frido-mobility-backend;posx-mokobara-backend;posx-mokobara-clearance-backend
5db9335efeda1864,8,8,src/workflows/payment-detail/workflows/cancel-payment-detail.ts,posx-comet-backend;posx-demo-backend;posx-eume-backend;posx-frido-b2b-backend;posx-frido-backend;posx-frido-mobility-backend;posx-mokobara-clearance-backend;posx-ugaoo-backend
e8ff77f48b76cc99,8,8,src/workflows/global-config/workflows/create-global-config.ts,posx-comet-backend;posx-demo-backend;posx-eume-backend;posx-frido-b2b-backend;posx-frido-backend;posx-frido-mobility-backend;posx-mokobara-clearance-backend;posx-ugaoo-backend
e723f9ac30757886,8,8,src/workflows/global-config/workflows/update-global-config.ts,posx-comet-backend;posx-demo-backend;posx-eume-backend;posx-frido-b2b-backend;posx-frido-backend;posx-frido-mobility-backend;posx-mokobara-clearance-backend;posx-ugaoo-backend
7f381f43ebbcc3aa,8,8,src/workflows/global-config/workflows/delete-global-config.ts,posx-comet-backend;posx-demo-backend;posx-eume-backend;posx-frido-b2b-backend;posx-frido-backend;posx-frido-mobility-backend;posx-mokobara-clearance-backend;posx-ugaoo-backend
661074e0236e9db2,8,8,src/workflows/user/workflow/deactivate-user.ts,posx-comet-backend;posx-demo-backend;posx-eume-backend;posx-frido-b2b-backend;posx-frido-backend;posx-frido-mobility-backend;posx-mokobara-clearance-backend;posx-ugaoo-backend
62326c3d8bb0fc4d,8,8,src/workflows/store-details/workflows/delete-store-details.ts,posx-comet-backend;posx-demo-backend;posx-eume-backend;posx-frido-b2b-backend;posx-frido-backend;posx-frido-mobility-backend;posx-mokobara-clearance-backend;posx-ugaoo-backend
ff5dc08d95d203b8,8,8,src/workflows/store-details/workflows/create-store-details.ts,posx-comet-backend;posx-demo-backend;posx-eume-backend;posx-frido-b2b-backend;posx-frido-backend;posx-frido-mobility-backend;posx-mokobara-clearance-backend;posx-ugaoo-backend
9d35e4d34d3d6536,8,8,src/workflows/footfall/workflows/create-footfall.ts,posx-comet-backend;posx-demo-backend;posx-eume-backend;posx-frido-b2b-backend;posx-frido-backend;posx-frido-mobility-backend;posx-mokobara-clearance-backend;posx-ugaoo-backend
d87ac15867d1d84b,8,8,src/workflows/unicommerce/workflows/discard-if-items-not-in-gatepass.ts,posx-comet-backend;posx-demo-backend;posx-eume-backend;posx-frido-b2b-backend;posx-frido-backend;posx-frido-mobility-backend;posx-mokobara-backend;posx-ugaoo-backend
c45730a8656da0b2,8,8,src/types/validators/discard-gatepass.ts,posx-comet-backend;posx-demo-backend;posx-eume-backend;posx-frido-b2b-backend;posx-frido-backend;posx-frido-mobility-backend;posx-mokobara-backend;posx-ugaoo-backend
7f144b6c7a8f7f36,8,8,src/types/validators/shopify-product.ts,posx-comet-backend;posx-demo-backend;posx-eume-backend;posx-frido-backend;posx-frido-mobility-backend;posx-mokobara-backend;posx-mokobara-clearance-backend;posx-ugaoo-backend
85a270e41918ddc6,8,8,integration-tests/http/health.spec.ts,posx-comet-backend;posx-demo-backend;posx-eume-backend;posx-frido-backend;posx-frido-mobility-backend;posx-mokobara-backend;posx-mokobara-clearance-backend;posx-ugaoo-backend
d417b0be3b2264c2,8,8,tsconfig.node.json,posx-comet-store;posx-demo-store;posx-eume-store;posx-frido-b2b-store;posx-frido-mobility-store;posx-frido-store;posx-mokobara-store;posx-ugaoo-store
6e8134c0203c1c73,8,8,tsconfig.app.json,posx-comet-store;posx-demo-store;posx-eume-store;posx-frido-b2b-store;posx-frido-mobility-store;posx-frido-store;posx-mokobara-store;posx-ugaoo-store
fe7332ab45d89a7e,8,8,components.json,posx-comet-store;posx-demo-store;posx-eume-store;posx-frido-b2b-store;posx-frido-mobility-store;posx-frido-store;posx-mokobara-store;posx-ugaoo-store
b3ff28e241f4eb55,8,8,tsconfig.json,posx-comet-store;posx-demo-store;posx-eume-store;posx-frido-b2b-store;posx-frido-mobility-store;posx-frido-store;posx-mokobara-store;posx-ugaoo-store
30981ad58495125f,8,8,eslint.config.js,posx-comet-store;posx-demo-store;posx-eume-store;posx-frido-b2b-store;posx-frido-mobility-store;posx-frido-store;posx-mokobara-store;posx-ugaoo-store
1cc2142adc6cb617,8,8,src/main.tsx,posx-comet-store;posx-demo-store;posx-eume-store;posx-frido-b2b-store;posx-frido-mobility-store;posx-frido-store;posx-mokobara-store;posx-ugaoo-store
65996936fbb04291,8,8,src/vite-env.d.ts,posx-comet-store;posx-demo-store;posx-eume-store;posx-frido-b2b-store;posx-frido-mobility-store;posx-frido-store;posx-mokobara-store;posx-ugaoo-store
e69ea42afba88ebf,8,8,src/types/pincode.ts,posx-comet-store;posx-demo-store;posx-eume-store;posx-frido-b2b-store;posx-frido-mobility-store;posx-frido-store;posx-mokobara-store;posx-ugaoo-store
7fde05c6598aff07,8,8,src/types/footfall.ts,posx-comet-store;posx-demo-store;posx-eume-store;posx-frido-b2b-store;posx-frido-mobility-store;posx-frido-store;posx-mokobara-store;posx-ugaoo-store
36e6cd447c79109e,8,8,src/types/configuration.ts,posx-comet-store;posx-demo-store;posx-eume-store;posx-frido-b2b-store;posx-frido-mobility-store;posx-frido-store;posx-mokobara-store;posx-ugaoo-store
51a39b35ac8f32b6,8,8,src/providers/redux-provider.tsx,posx-comet-store;posx-demo-store;posx-eume-store;posx-frido-b2b-store;posx-frido-mobility-store;posx-frido-store;posx-mokobara-store;posx-ugaoo-store
9bfc37338e07273d,8,8,src/libs/format-amount.ts,posx-comet-store;posx-demo-store;posx-eume-store;posx-frido-b2b-store;posx-frido-mobility-store;posx-frido-store;posx-mokobara-store;posx-ugaoo-store
6243628131db187e,8,8,src/libs/s3.ts,posx-comet-store;posx-demo-store;posx-eume-store;posx-frido-b2b-store;posx-frido-mobility-store;posx-frido-store;posx-mokobara-store;posx-ugaoo-store
9304a861c8673bee,8,8,src/libs/cn.ts,posx-comet-store;posx-demo-store;posx-eume-store;posx-frido-b2b-store;posx-frido-mobility-store;posx-frido-store;posx-mokobara-store;posx-ugaoo-store
faedd0386bce4b71,8,8,src/libs/session.ts,posx-comet-store;posx-demo-store;posx-eume-store;posx-frido-b2b-store;posx-frido-mobility-store;posx-frido-store;posx-mokobara-store;posx-ugaoo-store
00915219f759248e,8,8,src/components/image.tsx,posx-comet-store;posx-demo-store;posx-eume-store;posx-frido-b2b-store;posx-frido-mobility-store;posx-frido-store;posx-mokobara-store;posx-ugaoo-store
0dd921870efd08c7,8,8,src/components/spinner.tsx,posx-comet-store;posx-demo-store;posx-eume-store;posx-frido-b2b-store;posx-frido-mobility-store;posx-frido-store;posx-mokobara-store;posx-ugaoo-store
c183fb7050c70b5b,8,8,src/hooks/useRedux.ts,posx-comet-store;posx-demo-store;posx-eume-store;posx-frido-b2b-store;posx-frido-mobility-store;posx-frido-store;posx-mokobara-store;posx-ugaoo-store
2de76990b248c33c,8,8,src/hooks/useDebounce.ts,posx-comet-store;posx-demo-store;posx-eume-store;posx-frido-b2b-store;posx-frido-mobility-store;posx-frido-store;posx-mokobara-store;posx-ugaoo-store
a1c2516bac5a5654,8,8,src/store/apis/collection.request.ts,posx-comet-store;posx-demo-store;posx-eume-store;posx-frido-b2b-store;posx-frido-mobility-store;posx-frido-store;posx-mokobara-store;posx-ugaoo-store
a766b14b50ba9476,8,8,src/store/apis/footfall.request.ts,posx-comet-store;posx-demo-store;posx-eume-store;posx-frido-b2b-store;posx-frido-mobility-store;posx-frido-store;posx-mokobara-store;posx-ugaoo-store
69ac132efceb3209,8,8,src/store/apis/past-order.request.ts,posx-comet-store;posx-demo-store;posx-eume-store;posx-frido-b2b-store;posx-frido-mobility-store;posx-frido-store;posx-mokobara-store;posx-ugaoo-store
455ea8877c60fec3,8,8,src/store/middlewares/employee.middleware.ts,posx-comet-store;posx-demo-store;posx-eume-store;posx-frido-b2b-store;posx-frido-mobility-store;posx-frido-store;posx-mokobara-store;posx-ugaoo-store
eba5f1f9e8b9824e,8,8,src/store/middlewares/past-order.middleware.ts,posx-comet-store;posx-demo-store;posx-eume-store;posx-frido-b2b-store;posx-frido-mobility-store;posx-frido-store;posx-mokobara-store;posx-ugaoo-store
407cb58787d66152,8,8,src/store/middlewares/configuration.middleware.ts,posx-comet-store;posx-demo-store;posx-eume-store;posx-frido-b2b-store;posx-frido-mobility-store;posx-frido-store;posx-mokobara-store;posx-ugaoo-store
3852a367ac900762,8,8,src/store/middlewares/footfall.middleware.ts,posx-comet-store;posx-demo-store;posx-eume-store;posx-frido-b2b-store;posx-frido-mobility-store;posx-frido-store;posx-mokobara-store;posx-ugaoo-store
aa926870ff553836,8,8,src/store/actions/configuration.action.ts,posx-comet-store;posx-demo-store;posx-eume-store;posx-frido-b2b-store;posx-frido-mobility-store;posx-frido-store;posx-mokobara-store;posx-ugaoo-store
3bc36ab87a4fbadd,8,8,src/store/actions/init.action.ts,posx-comet-store;posx-demo-store;posx-eume-store;posx-frido-b2b-store;posx-frido-mobility-store;posx-frido-store;posx-mokobara-store;posx-ugaoo-store
f413eba06206a8c5,8,8,src/store/actions/employee.action.ts,posx-comet-store;posx-demo-store;posx-eume-store;posx-frido-b2b-store;posx-frido-mobility-store;posx-frido-store;posx-mokobara-store;posx-ugaoo-store
f87177c2be734799,8,8,src/store/actions/pincode.action.ts,posx-comet-store;posx-demo-store;posx-eume-store;posx-frido-b2b-store;posx-frido-mobility-store;posx-frido-store;posx-mokobara-store;posx-ugaoo-store
23ec24e6609e35dd,8,8,src/store/actions/auth.action.ts,posx-comet-store;posx-demo-store;posx-eume-store;posx-frido-b2b-store;posx-frido-mobility-store;posx-frido-store;posx-mokobara-store;posx-ugaoo-store
0d35de681f4d5c35,8,8,src/store/actions/report.action.ts,posx-comet-store;posx-demo-store;posx-eume-store;posx-frido-b2b-store;posx-frido-mobility-store;posx-frido-store;posx-mokobara-store;posx-ugaoo-store
62a51a910e63d887,8,8,src/store/actions/past-order.action.ts,posx-comet-store;posx-demo-store;posx-eume-store;posx-frido-b2b-store;posx-frido-mobility-store;posx-frido-store;posx-mokobara-store;posx-ugaoo-store
ad70ff25a8f6cee0,8,8,src/store/reducers/configuration.reducer.ts,posx-comet-store;posx-demo-store;posx-eume-store;posx-frido-b2b-store;posx-frido-mobility-store;posx-frido-store;posx-mokobara-store;posx-ugaoo-store
085ac4fb0c290705,8,8,src/store/reducers/pincode.reducer.ts,posx-comet-store;posx-demo-store;posx-eume-store;posx-frido-b2b-store;posx-frido-mobility-store;posx-frido-store;posx-mokobara-store;posx-ugaoo-store
cab054c17ebcbb0a,8,8,src/store/reducers/past-order.reducer.ts,posx-comet-store;posx-demo-store;posx-eume-store;posx-frido-b2b-store;posx-frido-mobility-store;posx-frido-store;posx-mokobara-store;posx-ugaoo-store
8623f260831ff67e,8,8,src/pages/auth/sign-in.tsx,posx-comet-store;posx-demo-store;posx-eume-store;posx-frido-b2b-store;posx-frido-mobility-store;posx-frido-store;posx-mokobara-store;posx-ugaoo-store
4c20687c25deca4c,8,8,src/pages/cms/add.tsx,posx-comet-store;posx-demo-store;posx-eume-store;posx-frido-b2b-store;posx-frido-mobility-store;posx-frido-store;posx-mokobara-store;posx-ugaoo-store
fbe24408cdc32edb,8,8,src/pages/customer/orders/_layout.tsx,posx-comet-store;posx-demo-store;posx-eume-store;posx-frido-b2b-store;posx-frido-mobility-store;posx-frido-store;posx-mokobara-store;posx-ugaoo-store
1607db417f7c340d,8,8,src/pages/exchanges/payment-details/index.tsx,posx-comet-store;posx-demo-store;posx-eume-store;posx-frido-b2b-store;posx-frido-mobility-store;posx-frido-store;posx-mokobara-store;posx-ugaoo-store
db8c5f1abe3e8158,8,8,src/components/primitives/label.tsx,posx-comet-store;posx-demo-store;posx-eume-store;posx-frido-b2b-store;posx-frido-mobility-store;posx-frido-store;posx-mokobara-store;posx-ugaoo-store
228059429df5af61,8,8,src/components/primitives/breadcrumb.tsx,posx-comet-store;posx-demo-store;posx-eume-store;posx-frido-b2b-store;posx-frido-mobility-store;posx-frido-store;posx-mokobara-store;posx-ugaoo-store
24cdd585732895f4,8,8,src/components/primitives/textarea.tsx,posx-comet-store;posx-demo-store;posx-eume-store;posx-frido-b2b-store;posx-frido-mobility-store;posx-frido-store;posx-mokobara-store;posx-ugaoo-store
2ac393d159d6b011,8,8,src/components/auth/reset-password-form/schema.ts,posx-comet-store;posx-demo-store;posx-eume-store;posx-frido-b2b-store;posx-frido-mobility-store;posx-frido-store;posx-mokobara-store;posx-ugaoo-store
139779273be9d830,8,8,src/components/auth/forgot-password-form/schema.ts,posx-comet-store;posx-demo-store;posx-eume-store;posx-frido-b2b-store;posx-frido-mobility-store;posx-frido-store;posx-mokobara-store;posx-ugaoo-store
1614ac1e033f0c4b,8,8,src/components/auth/sign-in-form/schema.ts,posx-comet-store;posx-demo-store;posx-eume-store;posx-frido-b2b-store;posx-frido-mobility-store;posx-frido-store;posx-mokobara-store;posx-ugaoo-store
8b6269a607fa40bd,8,8,src/components/app/past-orders/past-orders-table.tsx,posx-comet-store;posx-demo-store;posx-eume-store;posx-frido-b2b-store;posx-frido-mobility-store;posx-frido-store;posx-mokobara-store;posx-ugaoo-store
71d4f5058ed2d681,8,8,src/components/app/coupons/coupons-sort.tsx,posx-comet-store;posx-demo-store;posx-eume-store;posx-frido-b2b-store;posx-frido-mobility-store;posx-frido-store;posx-mokobara-store;posx-ugaoo-store
fd3c05b4fe847fc1,8,8,src/components/app/employees/employees-sort.tsx,posx-comet-store;posx-demo-store;posx-eume-store;posx-frido-b2b-store;posx-frido-mobility-store;posx-frido-store;posx-mokobara-store;posx-ugaoo-store
fc98e67d51a8f4bd,8,14,src/components/app/online-orders/payments/razorpay-form/schema.ts;src/components/app/order/steps/payment-details/razorpay-form/schema.ts,posx-comet-store;posx-demo-store;posx-eume-store;posx-frido-b2b-store;posx-frido-mobility-store;posx-frido-store;posx-mokobara-store;posx-ugaoo-store
8aca2bb5576adf36,8,14,src/components/app/online-orders/payments/razorpay-pos-form/schema.ts;src/components/app/order/steps/payment-details/razorpay-pos-form/schema.ts,posx-comet-store;posx-demo-store;posx-eume-store;posx-frido-b2b-store;posx-frido-mobility-store;posx-frido-store;posx-mokobara-store;posx-ugaoo-store
9c4310b0587561ae,8,8,src/libs/configs/auth-routes.ts,posx-comet-store;posx-demo-store;posx-eume-store;posx-frido-b2b-store;posx-frido-mobility-store;posx-frido-store;posx-mokobara-store;posx-ugaoo-store
b7eda9de7a4d96c3,8,8,src/lib/helpers/hash-generator.ts,posx-demo-backend;posx-eume-backend;posx-frido-b2b-backend;posx-frido-backend;posx-frido-mobility-backend;posx-mokobara-backend;posx-mokobara-clearance-backend;posx-ugaoo-backend
2a6d183c02159ed0,8,8,src/workflows/shopify-product/steps/generate-product-variant-operation-step.ts,posx-demo-backend;posx-eume-backend;posx-frido-b2b-backend;posx-frido-backend;posx-frido-mobility-backend;posx-mokobara-backend;posx-mokobara-clearance-backend;posx-ugaoo-backend
2fc6fd1dca01aedb,8,8,src/workflows/footfall/steps/check-for-footfall-existence-step.ts,posx-demo-backend;posx-eume-backend;posx-frido-b2b-backend;posx-frido-backend;posx-frido-mobility-backend;posx-mokobara-backend;posx-mokobara-clearance-backend;posx-ugaoo-backend
2d1f1e77475b2274,8,8,src/workflows/shopify-collection/steps/check-shopify-collection-existance-step.ts,posx-demo-backend;posx-eume-backend;posx-frido-b2b-backend;posx-frido-backend;posx-frido-mobility-backend;posx-mokobara-backend;posx-mokobara-clearance-backend;posx-ugaoo-backend
2aa60d01f94d63d0,8,8,src/types/validators/footfall.ts,posx-demo-backend;posx-eume-backend;posx-frido-b2b-backend;posx-frido-backend;posx-frido-mobility-backend;posx-mokobara-backend;posx-mokobara-clearance-backend;posx-ugaoo-backend
6a9516ebc6b2ded9,7,7,src/fetchInterceptor.ts,posx-comet-admin;posx-demo-admin;posx-eume-admin;posx-frido-admin;posx-frido-b2b-admin;posx-frido-mobility-admin;posx-mokobara-admin
4ae52944a39629f6,7,7,src/hooks/use-combobox-data.tsx,posx-comet-admin;posx-demo-admin;posx-eume-admin;posx-frido-admin;posx-frido-b2b-admin;posx-frido-mobility-admin;posx-mokobara-admin
1f62059dcff86ded,7,7,src/hooks/use-combined-refs.tsx,posx-comet-admin;posx-demo-admin;posx-eume-admin;posx-frido-admin;posx-frido-b2b-admin;posx-frido-mobility-admin;posx-mokobara-admin
d9b3aeaa1bbfe92e,7,7,src/hooks/use-date.tsx,posx-comet-admin;posx-demo-admin;posx-eume-admin;posx-frido-admin;posx-frido-b2b-admin;posx-frido-mobility-admin;posx-mokobara-admin
65cdf4861ba17f88,7,7,src/hooks/use-handle-table-scroll.tsx,posx-comet-admin;posx-demo-admin;posx-eume-admin;posx-frido-admin;posx-frido-b2b-admin;posx-frido-mobility-admin;posx-mokobara-admin
f6a92752de3e47e8,7,7,src/lib/query-key-factory.ts,posx-comet-admin;posx-demo-admin;posx-eume-admin;posx-frido-admin;posx-frido-b2b-admin;posx-frido-mobility-admin;posx-mokobara-admin
89a7c8a038361460,7,7,src/routes/home/home.tsx,posx-comet-admin;posx-demo-admin;posx-eume-admin;posx-frido-admin;posx-frido-mobility-admin;posx-mokobara-admin;posx-ugaoo-admin
e275891edb18affc,7,7,src/routes/no-match/no-match.tsx,posx-comet-admin;posx-demo-admin;posx-eume-admin;posx-frido-admin;posx-frido-b2b-admin;posx-frido-mobility-admin;posx-mokobara-admin
478ea55d28fca561,7,7,src/routes/footfall/types.ts,posx-comet-admin;posx-demo-admin;posx-eume-admin;posx-frido-admin;posx-frido-mobility-admin;posx-mokobara-admin;posx-ugaoo-admin
b8a6c20f2d5a04bd,7,7,src/routes/global-config/types.ts,posx-comet-admin;posx-demo-admin;posx-eume-admin;posx-frido-admin;posx-frido-b2b-admin;posx-frido-mobility-admin;posx-mokobara-admin
d1f9b7bf7e39014f,7,7,src/routes/employees/employee-detail/breadcrumb.tsx,posx-comet-admin;posx-demo-admin;posx-eume-admin;posx-frido-admin;posx-frido-b2b-admin;posx-frido-mobility-admin;posx-mokobara-admin
865076940d086709,7,7,src/routes/employees/employee-create/employee-create.tsx,posx-comet-admin;posx-demo-admin;posx-eume-admin;posx-frido-admin;posx-frido-b2b-admin;posx-frido-mobility-admin;posx-ugaoo-admin
5d6fc60857961e15,7,7,src/routes/store/store-add-currencies/components/add-currencies-form/add-currencies-form.tsx,posx-comet-admin;posx-demo-admin;posx-eume-admin;posx-frido-admin;posx-frido-b2b-admin;posx-frido-mobility-admin;posx-mokobara-admin
f6a3154771b282fe,7,7,src/routes/categories/category-organize/components/organize-category-form/organize-category-form.tsx,posx-comet-admin;posx-demo-admin;posx-eume-admin;posx-frido-admin;posx-frido-b2b-admin;posx-frido-mobility-admin;posx-mokobara-admin
286d3f978bf5a32b,7,7,src/routes/orders/order-detail/constants.ts,posx-comet-admin;posx-demo-admin;posx-eume-admin;posx-frido-admin;posx-frido-b2b-admin;posx-frido-mobility-admin;posx-mokobara-admin
ec1f751da28cc6cb,7,7,src/routes/orders/order-detail/order-detail.tsx,posx-comet-admin;posx-demo-admin;posx-eume-admin;posx-frido-admin;posx-frido-b2b-admin;posx-frido-mobility-admin;posx-mokobara-admin
91315ec111684690,7,7,src/routes/orders/order-detail/components/order-fulfillment-section/order-fulfillment-section.tsx,posx-comet-admin;posx-demo-admin;posx-eume-admin;posx-frido-admin;posx-frido-b2b-admin;posx-frido-mobility-admin;posx-mokobara-admin
1a3190084cd734e0,7,7,src/routes/orders/order-detail/components/order-active-edit-section/order-active-edit-section.tsx,posx-comet-admin;posx-demo-admin;posx-eume-admin;posx-frido-admin;posx-frido-b2b-admin;posx-frido-mobility-admin;posx-mokobara-admin
2852c97a1f15d24d,7,7,src/routes/orders/order-detail/components/order-summary-section/order-summary-section.tsx,posx-comet-admin;posx-demo-admin;posx-eume-admin;posx-frido-admin;posx-frido-b2b-admin;posx-frido-mobility-admin;posx-mokobara-admin
6ae1abc10a810b37,7,7,src/routes/orders/order-detail/components/order-activity-section/order-activity-section.tsx,posx-comet-admin;posx-demo-admin;posx-eume-admin;posx-frido-admin;posx-frido-b2b-admin;posx-frido-mobility-admin;posx-mokobara-admin
a29478dae57d7d08,7,7,src/routes/orders/order-create-exchange/components/add-exchange-outbound-items-table/add-exchange-outbound-items-table.tsx,posx-comet-admin;posx-demo-admin;posx-eume-admin;posx-frido-admin;posx-frido-b2b-admin;posx-frido-mobility-admin;posx-mokobara-admin
fc55c3d6cc486af5,7,7,src/routes/orders/order-create-exchange/components/exchange-create-form/exchange-outbound-section.tsx,posx-comet-admin;posx-demo-admin;posx-eume-admin;posx-frido-admin;posx-frido-b2b-admin;posx-frido-mobility-admin;posx-mokobara-admin
9f1fb4f40eb96e85,7,7,src/routes/orders/order-create-exchange/components/exchange-create-form/exchange-create-form.tsx,posx-comet-admin;posx-demo-admin;posx-eume-admin;posx-frido-admin;posx-frido-b2b-admin;posx-frido-mobility-admin;posx-mokobara-admin
24229643049ad36c,7,7,src/routes/orders/order-create-exchange/components/exchange-create-form/exchange-inbound-item.tsx,posx-comet-admin;posx-demo-admin;posx-eume-admin;posx-frido-admin;posx-frido-b2b-admin;posx-frido-mobility-admin;posx-mokobara-admin
4a0294792405acfb,7,7,src/routes/orders/order-create-exchange/components/exchange-create-form/exchange-outbound-item.tsx,posx-comet-admin;posx-demo-admin;posx-eume-admin;posx-frido-admin;posx-frido-b2b-admin;posx-frido-mobility-admin;posx-mokobara-admin
36cc18314d0e28c0,7,7,src/routes/orders/order-create-exchange/components/exchange-create-form/exchange-inbound-section.tsx,posx-comet-admin;posx-demo-admin;posx-eume-admin;posx-frido-admin;posx-frido-b2b-admin;posx-frido-mobility-admin;posx-mokobara-admin
31b864cb38b4e8cf,7,7,src/routes/orders/order-allocate-items/components/order-create-fulfillment-form/order-allocate-items-form.tsx,posx-comet-admin;posx-demo-admin;posx-eume-admin;posx-frido-admin;posx-frido-b2b-admin;posx-frido-mobility-admin;posx-mokobara-admin
bb412f7872f8d9fb,7,7,src/routes/orders/order-create-fulfillment/components/order-create-fulfillment-form/order-create-fulfillment-form.tsx,posx-comet-admin;posx-demo-admin;posx-eume-admin;posx-frido-admin;posx-frido-b2b-admin;posx-frido-mobility-admin;posx-mokobara-admin
253eab0b56bf12ae,7,7,src/routes/orders/order-create-claim/components/claim-create-form/claim-create-form.tsx,posx-comet-admin;posx-demo-admin;posx-eume-admin;posx-frido-admin;posx-frido-b2b-admin;posx-frido-mobility-admin;posx-mokobara-admin
416b566ee76ca4cd,7,7,src/routes/orders/order-create-claim/components/add-claim-outbound-items-table/add-claim-outbound-items-table.tsx,posx-comet-admin;posx-demo-admin;posx-eume-admin;posx-frido-admin;posx-frido-b2b-admin;posx-frido-mobility-admin;posx-mokobara-admin
89570dff4ca22a18,7,7,src/routes/orders/order-create-shipment/components/order-create-shipment-form/constants.ts,posx-comet-admin;posx-demo-admin;posx-eume-admin;posx-frido-admin;posx-frido-b2b-admin;posx-frido-mobility-admin;posx-mokobara-admin
81b1929c71ebde8b,7,7,src/routes/orders/order-create-edit/components/add-order-edit-items-table/add-order-edit-items-table.tsx,posx-comet-admin;posx-demo-admin;posx-eume-admin;posx-frido-admin;posx-frido-b2b-admin;posx-frido-mobility-admin;posx-mokobara-admin
2bda2e1d902ac3ea,7,7,src/routes/orders/order-create-edit/components/order-edit-create-form/order-edit-create-form.tsx,posx-comet-admin;posx-demo-admin;posx-eume-admin;posx-frido-admin;posx-frido-b2b-admin;posx-frido-mobility-admin;posx-mokobara-admin
963db4905c42413c,7,7,src/routes/orders/order-create-edit/components/order-edit-create-form/order-edit-item.tsx,posx-comet-admin;posx-demo-admin;posx-eume-admin;posx-frido-admin;posx-frido-b2b-admin;posx-frido-mobility-admin;posx-mokobara-admin
90da4feaebee9831,7,7,src/routes/orders/order-create-return/components/return-create-form/schema.ts,posx-comet-admin;posx-demo-admin;posx-eume-admin;posx-frido-admin;posx-frido-b2b-admin;posx-frido-mobility-admin;posx-mokobara-admin
c1d82a2613e8dcd5,7,7,src/routes/orders/order-create-return/components/return-create-form/return-item.tsx,posx-comet-admin;posx-demo-admin;posx-eume-admin;posx-frido-admin;posx-frido-b2b-admin;posx-frido-mobility-admin;posx-mokobara-admin
505d95f7e6140c9a,7,7,src/routes/orders/order-create-return/components/return-create-form/return-create-form.tsx,posx-comet-admin;posx-demo-admin;posx-eume-admin;posx-frido-admin;posx-frido-b2b-admin;posx-frido-mobility-admin;posx-mokobara-admin
a09bce6e6c2ddd83,7,9,src/routes/campaign-coupons/coupon-create/components/product-selection/index.ts;src/routes/freebies/common/components/product-selection/index.ts;src/routes/store-coupons/coupon-create/components/product-selection/index.ts,posx-comet-admin;posx-demo-admin;posx-eume-admin;posx-frido-admin;posx-frido-b2b-admin;posx-frido-mobility-admin;posx-mokobara-admin
96ed9e7d5c491676,7,7,src/routes/inventory/inventory-detail/components/manage-locations/components/manage-locations-form.tsx,posx-comet-admin;posx-demo-admin;posx-eume-admin;posx-frido-admin;posx-frido-b2b-admin;posx-frido-mobility-admin;posx-mokobara-admin
ae5821d4befe6827,7,7,src/routes/inventory/inventory-create/components/inventory-create-form/inventory-create-form.tsx,posx-comet-admin;posx-demo-admin;posx-eume-admin;posx-frido-admin;posx-frido-b2b-admin;posx-frido-mobility-admin;posx-mokobara-admin
84f22f9c4c0f5253,7,7,src/routes/inventory/inventory-stock/components/inventory-stock-form/inventory-stock-form.tsx,posx-comet-admin;posx-demo-admin;posx-eume-admin;posx-frido-admin;posx-frido-b2b-admin;posx-frido-mobility-admin;posx-mokobara-admin
3370043d3a3bc96e,7,7,src/routes/locations/common/schema.ts,posx-comet-admin;posx-demo-admin;posx-eume-admin;posx-frido-admin;posx-frido-b2b-admin;posx-frido-mobility-admin;posx-mokobara-admin
17d5e3540c8e64a8,7,7,src/routes/locations/common/components/conditional-price-form/conditional-price-form.tsx,posx-comet-admin;posx-demo-admin;posx-eume-admin;posx-frido-admin;posx-frido-b2b-admin;posx-frido-mobility-admin;posx-mokobara-admin
0b8a2e0b364ae731,7,7,src/routes/locations/common/components/shipping-option-price-cell/shipping-option-price-cell.tsx,posx-comet-admin;posx-demo-admin;posx-eume-admin;posx-frido-admin;posx-frido-b2b-admin;posx-frido-mobility-admin;posx-mokobara-admin
2ea7c64785b09a2f,7,7,src/routes/locations/location-service-zone-shipping-option-edit/components/edit-region-form/edit-shipping-option-form.tsx,posx-comet-admin;posx-demo-admin;posx-eume-admin;posx-frido-admin;posx-frido-b2b-admin;posx-frido-mobility-admin;posx-mokobara-admin
8a5799de6a7f15cb,7,7,src/routes/profile/profile-edit/components/edit-profile-form/edit-profile-form.tsx,posx-comet-admin;posx-demo-admin;posx-eume-admin;posx-frido-admin;posx-frido-b2b-admin;posx-frido-mobility-admin;posx-ugaoo-admin
bffad1ed91e61427,7,7,src/routes/promotions/promotion-create/components/create-promotion-form/create-promotion-form.tsx,posx-comet-admin;posx-demo-admin;posx-eume-admin;posx-frido-admin;posx-frido-b2b-admin;posx-frido-mobility-admin;posx-mokobara-admin
ec87063584c5fad9,7,7,src/routes/cms/cms-list/index.ts,posx-comet-admin;posx-demo-admin;posx-eume-admin;posx-frido-admin;posx-frido-mobility-admin;posx-mokobara-admin;posx-ugaoo-admin
8294d0b8be4670b1,7,7,src/routes/global-config/global-config-create/global-config-create.tsx,posx-comet-admin;posx-demo-admin;posx-eume-admin;posx-frido-admin;posx-frido-b2b-admin;posx-frido-mobility-admin;posx-ugaoo-admin
c95d858cb229d2a6,7,7,src/routes/global-config/global-config-create/constants.ts,posx-comet-admin;posx-demo-admin;posx-frido-admin;posx-frido-b2b-admin;posx-frido-mobility-admin;posx-mokobara-admin;posx-ugaoo-admin
c74edbce7fbd35d4,7,7,src/routes/global-config/global-config-list/components/global-config-list-table/global-config-list-table.tsx,posx-comet-admin;posx-demo-admin;posx-eume-admin;posx-frido-admin;posx-frido-b2b-admin;posx-frido-mobility-admin;posx-ugaoo-admin
9a87e957386d41e6,7,7,src/routes/global-config/global-config-create/components/global-config-create-form/global-config-create-form.tsx,posx-comet-admin;posx-demo-admin;posx-eume-admin;posx-frido-admin;posx-frido-b2b-admin;posx-frido-mobility-admin;posx-ugaoo-admin
a157cc6612153cef,7,7,src/routes/global-config/global-config-create/components/global-config-info-create-form/basic-info-create-form.tsx,posx-comet-admin;posx-demo-admin;posx-eume-admin;posx-frido-admin;posx-frido-b2b-admin;posx-frido-mobility-admin;posx-ugaoo-admin
dcd1322d14bf5f59,7,7,src/routes/store-details/store-detail/breadcrumb.tsx,posx-comet-admin;posx-demo-admin;posx-eume-admin;posx-frido-admin;posx-frido-b2b-admin;posx-frido-mobility-admin;posx-ugaoo-admin
02f1c5d5c3f3c44f,7,7,src/routes/store-details/store-detail/store-detail.tsx,posx-comet-admin;posx-demo-admin;posx-eume-admin;posx-frido-b2b-admin;posx-frido-mobility-admin;posx-mokobara-admin;posx-ugaoo-admin
597261c615088465,7,7,src/routes/store-details/store-list/components/use-store-details-table-query.tsx,posx-comet-admin;posx-demo-admin;posx-eume-admin;posx-frido-admin;posx-frido-b2b-admin;posx-frido-mobility-admin;posx-mokobara-admin
995a749824889465,7,7,src/routes/product-variants/product-variant-edit/loader.ts,posx-comet-admin;posx-demo-admin;posx-eume-admin;posx-frido-admin;posx-frido-mobility-admin;posx-mokobara-admin;posx-ugaoo-admin
0d675d88073e3a66,7,7,src/routes/product-variants/product-variant-edit/product-variant-edit.tsx,posx-comet-admin;posx-demo-admin;posx-eume-admin;posx-frido-admin;posx-frido-mobility-admin;posx-mokobara-admin;posx-ugaoo-admin
e6ba57c781d2138b,7,7,src/routes/product-variants/product-variant-detail/components/variant-general-section/variant-general-section.tsx,posx-comet-admin;posx-demo-admin;posx-eume-admin;posx-frido-admin;posx-frido-b2b-admin;posx-frido-mobility-admin;posx-ugaoo-admin
3efc3d3f9a8422cb,7,7,src/routes/product-variants/product-variant-detail/components/variant-prices-section/variant-prices-section.tsx,posx-comet-admin;posx-demo-admin;posx-eume-admin;posx-frido-admin;posx-frido-b2b-admin;posx-frido-mobility-admin;posx-ugaoo-admin
05ed913643244f2d,7,7,src/routes/footfall/footfall-list/footfall-list.tsx,posx-comet-admin;posx-demo-admin;posx-eume-admin;posx-frido-admin;posx-frido-mobility-admin;posx-mokobara-admin;posx-ugaoo-admin
0636b4267c714f63,7,7,src/routes/footfall/footfall-list/index.ts,posx-comet-admin;posx-demo-admin;posx-eume-admin;posx-frido-admin;posx-frido-mobility-admin;posx-mokobara-admin;posx-ugaoo-admin
8abd7e15b11c2784,7,7,src/routes/api-key-management/api-key-management-create/components/api-key-create-form/api-key-create-form.tsx,posx-comet-admin;posx-demo-admin;posx-eume-admin;posx-frido-admin;posx-frido-b2b-admin;posx-frido-mobility-admin;posx-mokobara-admin
9ad36605b15ba9c3,7,7,src/routes/reservations/reservation-detail/reservation-detail.tsx,posx-comet-admin;posx-demo-admin;posx-eume-admin;posx-frido-admin;posx-frido-b2b-admin;posx-frido-mobility-admin;posx-mokobara-admin
4434b21dd808c838,7,7,src/routes/order-details/order-list/order-list.tsx,posx-comet-admin;posx-demo-admin;posx-eume-admin;posx-frido-admin;posx-frido-b2b-admin;posx-frido-mobility-admin;posx-mokobara-admin
2fb8c90f2f468b75,7,7,src/routes/products/product-import/product-import.tsx,posx-comet-admin;posx-demo-admin;posx-eume-admin;posx-frido-admin;posx-frido-mobility-admin;posx-mokobara-admin;posx-ugaoo-admin
40b722b68c006df7,7,7,src/routes/products/product-export/index.ts,posx-comet-admin;posx-demo-admin;posx-eume-admin;posx-frido-admin;posx-frido-mobility-admin;posx-mokobara-admin;posx-ugaoo-admin
1c9d73c40a967de7,7,7,src/routes/products/product-detail/components/product-general-section/product-general-section.tsx,posx-comet-admin;posx-demo-admin;posx-eume-admin;posx-frido-admin;posx-frido-b2b-admin;posx-frido-mobility-admin;posx-ugaoo-admin
2581403cc782593f,7,7,src/routes/products/product-detail/components/product-variant-section/product-variant-section.tsx,posx-comet-admin;posx-demo-admin;posx-eume-admin;posx-frido-admin;posx-frido-b2b-admin;posx-frido-mobility-admin;posx-ugaoo-admin
a4ce22b628094b6d,7,7,src/routes/products/product-detail/components/product-shopify-section/product-shopify-section.tsx,posx-comet-admin;posx-demo-admin;posx-eume-admin;posx-frido-admin;posx-frido-b2b-admin;posx-frido-mobility-admin;posx-ugaoo-admin
b2c30d6ed9717e9c,7,7,src/routes/products/product-detail/components/product-sales-channel-section/product-sales-channel-section.tsx,posx-comet-admin;posx-demo-admin;posx-eume-admin;posx-frido-admin;posx-frido-b2b-admin;posx-frido-mobility-admin;posx-mokobara-admin
472e7164567d0d84,7,7,src/routes/products/product-detail/components/product-option-section/product-option-section.tsx,posx-comet-admin;posx-demo-admin;posx-eume-admin;posx-frido-admin;posx-frido-b2b-admin;posx-frido-mobility-admin;posx-ugaoo-admin
7350ac49b1f52055,7,7,src/routes/regions/common/hooks/use-countries.tsx,posx-comet-admin;posx-demo-admin;posx-eume-admin;posx-frido-admin;posx-frido-b2b-admin;posx-frido-mobility-admin;posx-mokobara-admin
a7c8cf0060566edf,7,7,src/lib/client/client.ts,posx-comet-admin;posx-demo-admin;posx-eume-admin;posx-frido-admin;posx-frido-b2b-admin;posx-frido-mobility-admin;posx-mokobara-admin
a177730294d71243,7,7,src/hooks/api/global-config.tsx,posx-comet-admin;posx-demo-admin;posx-eume-admin;posx-frido-admin;posx-frido-b2b-admin;posx-frido-mobility-admin;posx-mokobara-admin
a046ba201096cf9b,7,7,src/hooks/api/promotions.tsx,posx-comet-admin;posx-demo-admin;posx-eume-admin;posx-frido-admin;posx-frido-b2b-admin;posx-frido-mobility-admin;posx-mokobara-admin
a8dfd6073326e0f5,7,7,src/hooks/api/users.tsx,posx-comet-admin;posx-demo-admin;posx-eume-admin;posx-frido-admin;posx-frido-b2b-admin;posx-frido-mobility-admin;posx-mokobara-admin
095ed5313ad879c8,7,7,src/hooks/api/tax-regions.tsx,posx-comet-admin;posx-demo-admin;posx-eume-admin;posx-frido-admin;posx-frido-b2b-admin;posx-frido-mobility-admin;posx-mokobara-admin
85fa367087d3d02f,7,7,src/hooks/api/fulfillment-sets.tsx,posx-comet-admin;posx-demo-admin;posx-eume-admin;posx-frido-admin;posx-frido-b2b-admin;posx-frido-mobility-admin;posx-mokobara-admin
a7447451a8b32ba2,7,7,src/hooks/table/columns/use-order-table-columns.tsx,posx-comet-admin;posx-demo-admin;posx-eume-admin;posx-frido-admin;posx-frido-b2b-admin;posx-frido-mobility-admin;posx-mokobara-admin
0765c9771bccd51a,7,7,src/components/filters/text-filter-with-operator.tsx,posx-comet-admin;posx-demo-admin;posx-eume-admin;posx-frido-admin;posx-frido-b2b-admin;posx-frido-mobility-admin;posx-mokobara-admin
f881ef0b9b6d52a6,7,7,src/components/modals/index.ts,posx-comet-admin;posx-demo-admin;posx-eume-admin;posx-frido-admin;posx-frido-b2b-admin;posx-frido-mobility-admin;posx-ugaoo-admin
6d2b5437a799aea5,7,7,src/components/search/use-search-results.tsx,posx-comet-admin;posx-demo-admin;posx-eume-admin;posx-frido-admin;posx-frido-b2b-admin;posx-frido-mobility-admin;posx-mokobara-admin
cd8d5cdc4d4586e2,7,7,src/components/custom-filter/types.ts,posx-comet-admin;posx-demo-admin;posx-eume-admin;posx-frido-admin;posx-frido-b2b-admin;posx-frido-mobility-admin;posx-mokobara-admin
daba5ab23e50e225,7,7,src/components/data-grid/context/data-grid-context.tsx,posx-comet-admin;posx-demo-admin;posx-eume-admin;posx-frido-admin;posx-frido-b2b-admin;posx-frido-mobility-admin;posx-mokobara-admin
3e5002fa0caaa411,7,7,src/components/data-grid/models/data-grid-matrix.ts,posx-comet-admin;posx-demo-admin;posx-eume-admin;posx-frido-admin;posx-frido-b2b-admin;posx-frido-mobility-admin;posx-mokobara-admin
fd9845faf3e5fedd,7,7,src/components/data-grid/components/data-grid-number-cell.tsx,posx-comet-admin;posx-demo-admin;posx-eume-admin;posx-frido-admin;posx-frido-b2b-admin;posx-frido-mobility-admin;posx-mokobara-admin
3ca96fe695e05cf5,7,7,src/components/data-grid/components/data-grid-root.tsx,posx-comet-admin;posx-demo-admin;posx-eume-admin;posx-frido-admin;posx-frido-b2b-admin;posx-frido-mobility-admin;posx-mokobara-admin
c41b6568269b3975,7,7,src/components/data-grid/components/data-grid-text-cell.tsx,posx-comet-admin;posx-demo-admin;posx-eume-admin;posx-frido-admin;posx-frido-b2b-admin;posx-frido-mobility-admin;posx-mokobara-admin
66e2328201fdea8f,7,7,src/components/data-grid/components/data-grid-currency-cell.tsx,posx-comet-admin;posx-demo-admin;posx-eume-admin;posx-frido-admin;posx-frido-b2b-admin;posx-frido-mobility-admin;posx-mokobara-admin
c89181600414dfe1,7,7,src/components/data-grid/hooks/use-data-grid-navigation.tsx,posx-comet-admin;posx-demo-admin;posx-eume-admin;posx-frido-admin;posx-frido-b2b-admin;posx-frido-mobility-admin;posx-mokobara-admin
49a630f9766596ca,7,7,src/components/data-grid/hooks/use-data-grid-cell-handlers.tsx,posx-comet-admin;posx-demo-admin;posx-eume-admin;posx-frido-admin;posx-frido-b2b-admin;posx-frido-mobility-admin;posx-mokobara-admin
587681aa47ac5883,7,7,src/components/data-grid/hooks/use-data-grid-cell.tsx,posx-comet-admin;posx-demo-admin;posx-eume-admin;posx-frido-admin;posx-frido-b2b-admin;posx-frido-mobility-admin;posx-mokobara-admin
fe7c56eaf8399c8e,7,7,src/components/data-grid/hooks/use-data-grid-cell-error.tsx,posx-comet-admin;posx-demo-admin;posx-eume-admin;posx-frido-admin;posx-frido-b2b-admin;posx-frido-mobility-admin;posx-mokobara-admin
3d0817d74c3ec570,7,7,src/components/data-grid/hooks/use-data-grid-keydown-event.tsx,posx-comet-admin;posx-demo-admin;posx-eume-admin;posx-frido-admin;posx-frido-b2b-admin;posx-frido-mobility-admin;posx-mokobara-admin
d3d6f18c77d1a194,7,7,src/components/data-grid/hooks/use-data-grid-error-highlighting.tsx,posx-comet-admin;posx-demo-admin;posx-eume-admin;posx-frido-admin;posx-frido-b2b-admin;posx-frido-mobility-admin;posx-mokobara-admin
59ce0ea52f40b2c4,7,7,src/components/inputs/country-select/country-select.tsx,posx-comet-admin;posx-demo-admin;posx-eume-admin;posx-frido-admin;posx-frido-b2b-admin;posx-frido-mobility-admin;posx-mokobara-admin
d01021ef2e103d3c,7,7,src/components/inputs/province-select/province-select.tsx,posx-comet-admin;posx-demo-admin;posx-eume-admin;posx-frido-admin;posx-frido-b2b-admin;posx-frido-mobility-admin;posx-mokobara-admin
5ed67412bc61cd62,7,7,src/components/table/data-table/data-table.tsx,posx-comet-admin;posx-demo-admin;posx-eume-admin;posx-frido-admin;posx-frido-b2b-admin;posx-frido-mobility-admin;posx-mokobara-admin
9427869f8b61268c,7,7,src/components/table/data-table/data-table-order-by/data-table-order-by.tsx,posx-comet-admin;posx-demo-admin;posx-eume-admin;posx-frido-admin;posx-frido-b2b-admin;posx-frido-mobility-admin;posx-ugaoo-admin
af7c6c4794920ce4,7,7,src/components/table/data-table/data-table-filter/date-filter.tsx,posx-comet-admin;posx-demo-admin;posx-eume-admin;posx-frido-admin;posx-frido-b2b-admin;posx-frido-mobility-admin;posx-ugaoo-admin
30cf4577d9be7840,7,7,src/components/table/table-cells/product/product-status-cell/product-status-cell.tsx,posx-comet-admin;posx-demo-admin;posx-eume-admin;posx-frido-admin;posx-frido-b2b-admin;posx-frido-mobility-admin;posx-mokobara-admin
ec6d1d0a069cdadf,7,7,src/components/table/table-cells/product/product-cell/product-cell.tsx,posx-comet-admin;posx-demo-admin;posx-eume-admin;posx-frido-admin;posx-frido-b2b-admin;posx-frido-mobility-admin;posx-mokobara-admin
5f05783ad5d029b7,7,7,src/components/table/table-cells/order/fulfillment-status-cell/fulfillment-status-cell.tsx,posx-comet-admin;posx-demo-admin;posx-eume-admin;posx-frido-admin;posx-frido-b2b-admin;posx-frido-mobility-admin;posx-mokobara-admin
cd1021f08bad9b8b,7,7,src/components/common/skeleton/skeleton.tsx,posx-comet-admin;posx-demo-admin;posx-eume-admin;posx-frido-admin;posx-frido-b2b-admin;posx-frido-mobility-admin;posx-mokobara-admin
2d8a7212958164f2,7,7,src/components/common/infinite-list/infinite-list.tsx,posx-comet-admin;posx-demo-admin;posx-eume-admin;posx-frido-admin;posx-frido-b2b-admin;posx-frido-mobility-admin;posx-mokobara-admin
6a30361bbe65c763,7,7,src/components/modals/route-focus-modal/route-focus-modal.tsx,posx-comet-admin;posx-demo-admin;posx-eume-admin;posx-frido-admin;posx-frido-b2b-admin;posx-frido-mobility-admin;posx-mokobara-admin
704300f53757e34f,7,7,src/components/layout/notifications/notifications.tsx,posx-comet-admin;posx-demo-admin;posx-eume-admin;posx-frido-admin;posx-frido-b2b-admin;posx-frido-mobility-admin;posx-mokobara-admin
276f9447f77222c4,7,7,src/components/layout/pages/single-column-page/single-column-page.tsx,posx-comet-admin;posx-demo-admin;posx-eume-admin;posx-frido-admin;posx-frido-b2b-admin;posx-frido-mobility-admin;posx-mokobara-admin
726a3a81b2ce78db,7,7,src/components/layout/pages/two-column-page/two-column-page.tsx,posx-comet-admin;posx-demo-admin;posx-eume-admin;posx-frido-admin;posx-frido-b2b-admin;posx-frido-mobility-admin;posx-mokobara-admin
a80c52d97d7c474b,7,7,src/extensions/dashboard-extension-manager/dashboard-extension-manager.tsx,posx-comet-admin;posx-demo-admin;posx-eume-admin;posx-frido-admin;posx-frido-b2b-admin;posx-frido-mobility-admin;posx-mokobara-admin
942f4d0be0f4c057,7,7,src/providers/theme-provider/theme-provider.tsx,posx-comet-admin;posx-demo-admin;posx-eume-admin;posx-frido-admin;posx-frido-b2b-admin;posx-frido-mobility-admin;posx-mokobara-admin
b47eb65bf9f35c90,7,7,src/providers/sidebar-provider/sidebar-provider.tsx,posx-comet-admin;posx-demo-admin;posx-eume-admin;posx-frido-admin;posx-frido-b2b-admin;posx-frido-mobility-admin;posx-mokobara-admin
b4881af7951edd8e,7,7,instrumentation.ts,posx-comet-backend;posx-demo-backend;posx-eume-backend;posx-frido-backend;posx-frido-mobility-backend;posx-mokobara-backend;posx-mokobara-clearance-backend
f5e8ee359e20cc07,7,7,src/lib/shopify-sdk.ts,posx-comet-backend;posx-demo-backend;posx-eume-backend;posx-frido-b2b-backend;posx-frido-backend;posx-frido-mobility-backend;posx-ugaoo-backend
dc1dc477c15591fb,7,7,src/lib/api-response.ts,posx-comet-backend;posx-demo-backend;posx-frido-b2b-backend;posx-frido-backend;posx-frido-mobility-backend;posx-mokobara-backend;posx-mokobara-clearance-backend
6c30c80ac2923e22,7,7,src/lib/sdk.ts,posx-comet-backend;posx-demo-backend;posx-eume-backend;posx-frido-b2b-backend;posx-frido-backend;posx-frido-mobility-backend;posx-ugaoo-backend
959bb879f957fae2,7,7,src/modules/cms/service.ts,posx-comet-backend;posx-demo-backend;posx-eume-backend;posx-frido-b2b-backend;posx-frido-backend;posx-frido-mobility-backend;posx-mokobara-backend
e6d463df1dfc7261,7,7,src/modules/shopify-product/service.ts,posx-comet-backend;posx-demo-backend;posx-eume-backend;posx-frido-backend;posx-frido-mobility-backend;posx-mokobara-backend;posx-ugaoo-backend
2f14dc176b41085a,7,7,src/modules/pos-inventory/migrations/.snapshot-medusa-pos-backend-v9.json;src/modules/pos-inventory/migrations/.snapshot-pos-inventory.json;src/modules/pos-inventory/migrations/.snapshot-posx_frido_b2b_dev.json,posx-comet-backend;posx-demo-backend;posx-frido-b2b-backend;posx-frido-backend;posx-frido-mobility-backend;posx-mokobara-backend;posx-mokobara-clearance-backend
d76b8ba56194f1df,7,7,src/modules/pos-inventory/models/inventory-tracking.ts,posx-comet-backend;posx-demo-backend;posx-eume-backend;posx-frido-backend;posx-frido-mobility-backend;posx-mokobara-backend;posx-mokobara-clearance-backend
d6be17553b36f1cc,7,7,src/modules/footfall/models/footfall.ts,posx-comet-backend;posx-demo-backend;posx-eume-backend;posx-frido-b2b-backend;posx-frido-backend;posx-frido-mobility-backend;posx-ugaoo-backend
662a402828bd0f20,7,7,src/api/admin/payment-details/route.ts,posx-comet-backend;posx-demo-backend;posx-eume-backend;posx-frido-b2b-backend;posx-frido-backend;posx-frido-mobility-backend;posx-mokobara-clearance-backend
737c07cf89e102ed,7,7,src/api/admin/global-config/[key]/route.ts,posx-comet-backend;posx-demo-backend;posx-frido-b2b-backend;posx-frido-backend;posx-frido-mobility-backend;posx-mokobara-clearance-backend;posx-ugaoo-backend
dd3dbc1b7fb885af,7,7,src/lib/helpers/validate-min-product-quantity.ts,posx-comet-backend;posx-demo-backend;posx-frido-b2b-backend;posx-frido-backend;posx-frido-mobility-backend;posx-mokobara-clearance-backend;posx-ugaoo-backend
421b7c6d24cc6727,7,7,src/workflows/system-config/workflows/generate-code.ts,posx-comet-backend;posx-demo-backend;posx-eume-backend;posx-frido-backend;posx-frido-mobility-backend;posx-mokobara-backend;posx-mokobara-clearance-backend
2bc0386f234fd1f0,7,7,src/workflows/order-detail/workflows/update-gatepass-details.ts,posx-comet-backend;posx-demo-backend;posx-eume-backend;posx-frido-b2b-backend;posx-frido-backend;posx-frido-mobility-backend;posx-ugaoo-backend
252269f4d6cb8b2f,7,7,src/workflows/order-detail/workflows/check-if-item-code-is-already-sold.ts,posx-comet-backend;posx-demo-backend;posx-eume-backend;posx-frido-mobility-backend;posx-mokobara-backend;posx-mokobara-clearance-backend;posx-ugaoo-backend
0b435715a1eeb13d,7,7,src/workflows/order-detail/workflows/generate-order-report.ts,posx-comet-backend;posx-demo-backend;posx-eume-backend;posx-frido-backend;posx-frido-mobility-backend;posx-mokobara-clearance-backend;posx-ugaoo-backend
cb155a5c991515f4,7,7,src/workflows/order-detail/workflows/generate-and-send-file.ts,posx-comet-backend;posx-demo-backend;posx-frido-b2b-backend;posx-frido-backend;posx-frido-mobility-backend;posx-mokobara-backend;posx-mokobara-clearance-backend
37441c31ae599375,7,7,src/workflows/payment-detail/workflows/resend-payment-detail.ts,posx-comet-backend;posx-demo-backend;posx-eume-backend;posx-frido-backend;posx-frido-mobility-backend;posx-mokobara-clearance-backend;posx-ugaoo-backend
ba78f8a392ca3756,7,7,src/workflows/payment-detail/workflows/verify-refund-payment.ts,posx-comet-backend;posx-demo-backend;posx-eume-backend;posx-frido-b2b-backend;posx-frido-backend;posx-frido-mobility-backend;posx-ugaoo-backend
f7a12c09c3f80ef9,7,7,src/workflows/shopify-customer/workflows/update-customer.ts,posx-comet-backend;posx-demo-backend;posx-eume-backend;posx-frido-b2b-backend;posx-frido-backend;posx-frido-mobility-backend;posx-ugaoo-backend
389e327210d90194,7,7,src/workflows/store-details/workflows/update-store-details.ts,posx-comet-backend;posx-demo-backend;posx-eume-backend;posx-frido-b2b-backend;posx-frido-mobility-backend;posx-mokobara-clearance-backend;posx-ugaoo-backend
6191315d018a44e3,7,7,src/workflows/order-return-and-exchange/workflows/check-order-returnable.ts,posx-comet-backend;posx-demo-backend;posx-eume-backend;posx-frido-backend;posx-frido-mobility-backend;posx-mokobara-backend;posx-ugaoo-backend
f58f99e291fbb196,7,7,src/workflows/unicommerce/workflows/get-product-from-item-code.ts,posx-comet-backend;posx-demo-backend;posx-eume-backend;posx-frido-b2b-backend;posx-frido-backend;posx-frido-mobility-backend;posx-ugaoo-backend
b31a14389e80f871,7,7,src/providers/index.tsx,posx-comet-store;posx-demo-store;posx-eume-store;posx-frido-b2b-store;posx-frido-mobility-store;posx-frido-store;posx-ugaoo-store
25fb15dd21a7a369,7,7,src/components/image-viewer.tsx,posx-comet-store;posx-demo-store;posx-eume-store;posx-frido-b2b-store;posx-frido-mobility-store;posx-frido-store;posx-mokobara-store
9b68de2e10797862,7,7,src/pages/home.tsx,posx-comet-store;posx-demo-store;posx-eume-store;posx-frido-b2b-store;posx-frido-mobility-store;posx-frido-store;posx-mokobara-store
2b575f6b7951a9f8,7,7,src/store/apis/featured-collection.request.ts,posx-comet-store;posx-demo-store;posx-eume-store;posx-frido-b2b-store;posx-frido-mobility-store;posx-frido-store;posx-ugaoo-store
c0b74e6f682b5604,7,7,src/store/middlewares/featured-collection.middleware.ts,posx-comet-store;posx-demo-store;posx-eume-store;posx-frido-b2b-store;posx-frido-mobility-store;posx-frido-store;posx-ugaoo-store
0da8f317ea506005,7,7,src/store/actions/featured-collection.action.ts,posx-comet-store;posx-demo-store;posx-eume-store;posx-frido-b2b-store;posx-frido-mobility-store;posx-frido-store;posx-ugaoo-store
c932955d6cfa3a47,7,7,src/store/actions/store.action.ts,posx-comet-store;posx-demo-store;posx-eume-store;posx-frido-mobility-store;posx-frido-store;posx-mokobara-store;posx-ugaoo-store
adcb51df1c3ce09c,7,7,src/store/reducers/store.reducer.ts,posx-comet-store;posx-demo-store;posx-eume-store;posx-frido-mobility-store;posx-frido-store;posx-mokobara-store;posx-ugaoo-store
d170ce2076feefeb,7,7,src/store/reducers/featured-collection.reducer.ts,posx-comet-store;posx-demo-store;posx-eume-store;posx-frido-b2b-store;posx-frido-mobility-store;posx-frido-store;posx-ugaoo-store
d912f1fdcb015fc4,7,7,src/store/reducers/footfall.reducer.ts,posx-comet-store;posx-demo-store;posx-eume-store;posx-frido-b2b-store;posx-frido-mobility-store;posx-frido-store;posx-ugaoo-store
0176486218d0970c,7,7,src/components/primitives/pagination.tsx,posx-comet-store;posx-demo-store;posx-eume-store;posx-frido-b2b-store;posx-frido-mobility-store;posx-frido-store;posx-ugaoo-store
7eda108a1f530626,7,7,src/components/primitives/tabs.tsx,posx-comet-store;posx-demo-store;posx-eume-store;posx-frido-b2b-store;posx-frido-mobility-store;posx-frido-store;posx-ugaoo-store
0366087fc5e3a7b0,7,7,src/components/primitives/toaster.tsx,posx-comet-store;posx-demo-store;posx-eume-store;posx-frido-b2b-store;posx-frido-mobility-store;posx-frido-store;posx-ugaoo-store
104b98db5da1d502,7,7,src/components/primitives/tags-input.tsx,posx-comet-store;posx-demo-store;posx-eume-store;posx-frido-b2b-store;posx-frido-mobility-store;posx-frido-store;posx-mokobara-store
d8a5204c8d3a61e4,7,7,src/components/app/orders/orders-sort.tsx,posx-comet-store;posx-demo-store;posx-eume-store;posx-frido-b2b-store;posx-frido-mobility-store;posx-frido-store;posx-ugaoo-store
4798a029171b1235,7,7,src/components/app/employees/employees-filter.tsx,posx-comet-store;posx-demo-store;posx-eume-store;posx-frido-b2b-store;posx-frido-mobility-store;posx-frido-store;posx-ugaoo-store
3fd372679570be75,7,7,src/components/app/home/barcode-scanner/schema.ts,posx-comet-store;posx-demo-store;posx-eume-store;posx-frido-b2b-store;posx-frido-mobility-store;posx-frido-store;posx-mokobara-store
6abdbde4305dbc16,7,7,src/lib/query-client.ts,posx-demo-admin;posx-eume-admin;posx-frido-admin;posx-frido-b2b-admin;posx-frido-mobility-admin;posx-mokobara-admin;posx-ugaoo-admin
84d8f433c646b992,7,7,src/routes/employees/employee-edit/employee-edit.tsx,posx-demo-admin;posx-eume-admin;posx-frido-admin;posx-frido-b2b-admin;posx-frido-mobility-admin;posx-mokobara-admin;posx-ugaoo-admin
1b4611a998d9c78d,7,7,src/components/layout/shell/shell.tsx,posx-demo-admin;posx-eume-admin;posx-frido-admin;posx-frido-b2b-admin;posx-frido-mobility-admin;posx-mokobara-admin;posx-ugaoo-admin
201c6fa34e08efcd,7,7,src/extensions/routes/utils.ts,posx-demo-admin;posx-eume-admin;posx-frido-admin;posx-frido-b2b-admin;posx-frido-mobility-admin;posx-mokobara-admin;posx-ugaoo-admin
155aacb2d01957fb,7,7,src/modules/employee/service.ts,posx-demo-backend;posx-eume-backend;posx-frido-b2b-backend;posx-frido-mobility-backend;posx-mokobara-backend;posx-mokobara-clearance-backend;posx-ugaoo-backend
5f6c28e48dc4b980,7,7,src/modules/snapmint/index.ts,posx-demo-backend;posx-eume-backend;posx-frido-b2b-backend;posx-frido-backend;posx-frido-mobility-backend;posx-mokobara-backend;posx-ugaoo-backend
4c3964dbb0e72722,7,7,src/modules/payment-details/service.ts,posx-demo-backend;posx-frido-b2b-backend;posx-frido-backend;posx-frido-mobility-backend;posx-mokobara-backend;posx-mokobara-clearance-backend;posx-ugaoo-backend
5fcbb20fb4ec268b,7,7,src/api/store/custom/route.ts,posx-demo-backend;posx-eume-backend;posx-frido-b2b-backend;posx-frido-backend;posx-frido-mobility-backend;posx-mokobara-clearance-backend;posx-ugaoo-backend
7b05fbe1c6c23b17,7,7,src/api/admin/upload-s3/route.ts,posx-demo-backend;posx-eume-backend;posx-frido-b2b-backend;posx-frido-backend;posx-frido-mobility-backend;posx-mokobara-clearance-backend;posx-ugaoo-backend
f69a679ae9eda1e6,7,7,src/api/admin/pincode/[pincode]/route.ts,posx-demo-backend;posx-eume-backend;posx-frido-b2b-backend;posx-frido-backend;posx-frido-mobility-backend;posx-mokobara-clearance-backend;posx-ugaoo-backend
d05026f2b4821cb5,7,7,src/api/admin/shopify-collection/[id]/route.ts,posx-demo-backend;posx-eume-backend;posx-frido-b2b-backend;posx-frido-backend;posx-frido-mobility-backend;posx-mokobara-clearance-backend;posx-ugaoo-backend
435aedcf60708f24,7,7,src/workflows/shopify-product/update-shopify-product.ts,posx-demo-backend;posx-eume-backend;posx-frido-b2b-backend;posx-frido-mobility-backend;posx-mokobara-backend;posx-mokobara-clearance-backend;posx-ugaoo-backend
b389b96d4631ad89,7,7,src/workflows/featured-collections/steps/get-all-featured-collections-step.ts,posx-demo-backend;posx-eume-backend;posx-frido-b2b-backend;posx-frido-backend;posx-frido-mobility-backend;posx-mokobara-backend;posx-ugaoo-backend
231643e97c6f9a5f,7,7,src/workflows/system-config/steps/delete-system-config-step.ts,posx-demo-backend;posx-eume-backend;posx-frido-b2b-backend;posx-frido-backend;posx-frido-mobility-backend;posx-mokobara-clearance-backend;posx-ugaoo-backend
21e10ed2bc31aec5,7,7,src/workflows/system-config/steps/create-system-config-step.ts,posx-demo-backend;posx-eume-backend;posx-frido-b2b-backend;posx-frido-backend;posx-frido-mobility-backend;posx-mokobara-clearance-backend;posx-ugaoo-backend
176b214f0b901324,7,7,src/workflows/system-config/steps/update-system-config-step.ts,posx-demo-backend;posx-eume-backend;posx-frido-b2b-backend;posx-frido-backend;posx-frido-mobility-backend;posx-mokobara-clearance-backend;posx-ugaoo-backend
de928ec59e04ce3d,7,7,src/workflows/pos-inventory/steps/validate-item-codes-step.ts,posx-demo-backend;posx-eume-backend;posx-frido-b2b-backend;posx-frido-backend;posx-frido-mobility-backend;posx-mokobara-backend;posx-mokobara-clearance-backend
28e48a9e821f3fe1,7,7,src/workflows/payment-detail/workflows/create-payment-detail.ts,posx-demo-backend;posx-eume-backend;posx-frido-b2b-backend;posx-frido-backend;posx-frido-mobility-backend;posx-mokobara-clearance-backend;posx-ugaoo-backend
aa033e1b8613ed50,7,7,src/workflows/global-config/steps/create-global-config-step.ts,posx-demo-backend;posx-eume-backend;posx-frido-b2b-backend;posx-frido-backend;posx-frido-mobility-backend;posx-mokobara-clearance-backend;posx-ugaoo-backend
38161ae863d0d200,7,7,src/workflows/global-config/steps/update-global-config-step.ts,posx-demo-backend;posx-eume-backend;posx-frido-b2b-backend;posx-frido-backend;posx-frido-mobility-backend;posx-mokobara-clearance-backend;posx-ugaoo-backend
a5e1ccdf8a2ab232,7,7,src/workflows/global-config/steps/delete-global-config-step.ts,posx-demo-backend;posx-eume-backend;posx-frido-b2b-backend;posx-frido-backend;posx-frido-mobility-backend;posx-mokobara-clearance-backend;posx-ugaoo-backend
2455205cee171f4a,7,7,src/workflows/s3-services/steps/store-file-to-s3-step.ts,posx-demo-backend;posx-eume-backend;posx-frido-b2b-backend;posx-frido-backend;posx-frido-mobility-backend;posx-mokobara-clearance-backend;posx-ugaoo-backend
a8eb7435348088d8,7,7,src/workflows/shopify-customer/steps/transform-address-response-step.ts,posx-demo-backend;posx-eume-backend;posx-frido-b2b-backend;posx-frido-backend;posx-frido-mobility-backend;posx-mokobara-backend;posx-mokobara-clearance-backend
1b5ceebbf1cf571c,7,7,src/workflows/shopify-customer/steps/update-customer-address-step.ts,posx-demo-backend;posx-eume-backend;posx-frido-b2b-backend;posx-frido-backend;posx-frido-mobility-backend;posx-mokobara-backend;posx-mokobara-clearance-backend
1ee8bd5ca6cc815c,7,7,src/workflows/store-details/steps/delete-store-details-step.ts,posx-demo-backend;posx-eume-backend;posx-frido-b2b-backend;posx-frido-backend;posx-frido-mobility-backend;posx-mokobara-clearance-backend;posx-ugaoo-backend
9c869aa060c58268,7,7,src/workflows/footfall/steps/create-footfall-step.ts,posx-demo-backend;posx-eume-backend;posx-frido-b2b-backend;posx-frido-backend;posx-frido-mobility-backend;posx-mokobara-clearance-backend;posx-ugaoo-backend
ffa21c405a78dc99,7,7,src/workflows/online-order/workflows/check-if-item-is-sold.ts;src/workflows/payment-detail/workflows/check-if-item-is-sold.ts,posx-demo-backend;posx-eume-backend;posx-frido-b2b-backend;posx-frido-backend;posx-frido-mobility-backend;posx-mokobara-backend;posx-ugaoo-backend
7c7c593bac8ec935,7,7,src/workflows/shopify-collection/steps/delete-collection-steps.ts,posx-demo-backend;posx-eume-backend;posx-frido-b2b-backend;posx-frido-backend;posx-frido-mobility-backend;posx-mokobara-clearance-backend;posx-ugaoo-backend
14382bf6befcd0a8,7,7,src/types/validators/snapmint.ts,posx-demo-backend;posx-eume-backend;posx-frido-b2b-backend;posx-frido-backend;posx-frido-mobility-backend;posx-mokobara-backend;posx-ugaoo-backend
f5fafbac33c69b07,7,7,src/components/offset-pagination.tsx,posx-demo-store;posx-eume-store;posx-frido-b2b-store;posx-frido-mobility-store;posx-frido-store;posx-mokobara-store;posx-ugaoo-store
796040dec08e621d,7,7,src/store/actions/transaction.action.ts,posx-demo-store;posx-eume-store;posx-frido-b2b-store;posx-frido-mobility-store;posx-frido-store;posx-mokobara-store;posx-ugaoo-store
8a76c823f92d00ae,7,7,src/store/reducers/transaction.reducer.ts,posx-demo-store;posx-eume-store;posx-frido-b2b-store;posx-frido-mobility-store;posx-frido-store;posx-mokobara-store;posx-ugaoo-store
170357c063ce9479,7,7,src/components/layouts/app/container.tsx,posx-demo-store;posx-eume-store;posx-frido-b2b-store;posx-frido-mobility-store;posx-frido-store;posx-mokobara-store;posx-ugaoo-store
c3de8ba4d4fd0651,7,7,src/components/app/cms/cms-sort.tsx,posx-demo-store;posx-eume-store;posx-frido-b2b-store;posx-frido-mobility-store;posx-frido-store;posx-mokobara-store;posx-ugaoo-store
0dce26ef6ec25f47,7,7,src/components/app/inventory/inbound-inventory/schema.ts,posx-demo-store;posx-eume-store;posx-frido-b2b-store;posx-frido-mobility-store;posx-frido-store;posx-mokobara-store;posx-ugaoo-store
5645d6c72aa76f09,6,6,src/hooks/use-query-params.tsx,posx-comet-admin;posx-demo-admin;posx-eume-admin;posx-frido-admin;posx-frido-mobility-admin;posx-mokobara-admin
0ab7d47423e61806,6,6,src/routes/employees/employee-detail/loader.ts,posx-comet-admin;posx-demo-admin;posx-eume-admin;posx-frido-admin;posx-frido-b2b-admin;posx-frido-mobility-admin
7ea6d217e84851e7,6,6,src/routes/cms/cms-list/cms-list.tsx,posx-comet-admin;posx-demo-admin;posx-eume-admin;posx-frido-admin;posx-frido-mobility-admin;posx-mokobara-admin
e60d93c8f6935832,6,6,src/routes/store-details/store-detail/components/store-codes-section.tsx,posx-comet-admin;posx-demo-admin;posx-frido-admin;posx-frido-b2b-admin;posx-frido-mobility-admin;posx-mokobara-admin
30af237d34339300,6,6,src/routes/store-details/store-detail/components/basic-info-section.tsx,posx-comet-admin;posx-demo-admin;posx-eume-admin;posx-frido-b2b-admin;posx-frido-mobility-admin;posx-mokobara-admin
800fab50ad7847ce,6,6,src/routes/store-details/store-list/components/store-list-table/store-list-table.tsx,posx-comet-admin;posx-demo-admin;posx-eume-admin;posx-frido-admin;posx-frido-b2b-admin;posx-frido-mobility-admin
10baaf1b5431f256,6,6,src/routes/product-variants/product-variant-detail/product-variant-detail.tsx,posx-comet-admin;posx-demo-admin;posx-eume-admin;posx-frido-admin;posx-frido-b2b-admin;posx-frido-mobility-admin
2a76ad567e81dc73,6,6,src/routes/product-variants/product-variant-edit/components/product-edit-variant-form/product-edit-variant-form.tsx,posx-comet-admin;posx-demo-admin;posx-eume-admin;posx-frido-admin;posx-frido-mobility-admin;posx-ugaoo-admin
b75ad12f3826c1fc,6,6,src/routes/footfall/footfall-list/components/footfall-table-query.tsx,posx-comet-admin;posx-demo-admin;posx-eume-admin;posx-frido-admin;posx-frido-mobility-admin;posx-mokobara-admin
c11aca501bc65413,6,6,src/routes/order-details/order-detail/components/gatepass-info-section.tsx,posx-comet-admin;posx-demo-admin;posx-eume-admin;posx-frido-admin;posx-frido-b2b-admin;posx-frido-mobility-admin
769ee70c65ec3be7,6,6,src/routes/order-details/order-list/components/use-order-report-query.tsx,posx-comet-admin;posx-demo-admin;posx-eume-admin;posx-frido-admin;posx-frido-b2b-admin;posx-frido-mobility-admin
0e970cd78e665102,6,6,src/routes/products/product-detail/product-detail.tsx,posx-comet-admin;posx-demo-admin;posx-eume-admin;posx-frido-admin;posx-frido-b2b-admin;posx-frido-mobility-admin
d5e19a08b65d9706,6,6,src/routes/products/product-export/product-export.tsx,posx-comet-admin;posx-demo-admin;posx-eume-admin;posx-frido-admin;posx-frido-mobility-admin;posx-mokobara-admin
6ac3f6719d3dbadd,6,6,src/routes/products/product-list/components/product-list-table/product-list-table.tsx,posx-comet-admin;posx-demo-admin;posx-eume-admin;posx-frido-admin;posx-frido-mobility-admin;posx-mokobara-admin
0ee91c55ed46fc82,6,6,src/hooks/api/products.tsx,posx-comet-admin;posx-demo-admin;posx-eume-admin;posx-frido-admin;posx-frido-mobility-admin;posx-mokobara-admin
b54406dc7dea9a40,6,6,src/hooks/api/footfall.tsx,posx-comet-admin;posx-demo-admin;posx-eume-admin;posx-frido-admin;posx-frido-mobility-admin;posx-mokobara-admin
373c2de04b9eb08f,6,6,src/hooks/table/query/use-product-table-query.tsx,posx-comet-admin;posx-demo-admin;posx-eume-admin;posx-frido-admin;posx-frido-mobility-admin;posx-ugaoo-admin
0c276ef227f10501,6,6,src/components/custom-search/types.ts,posx-comet-admin;posx-demo-admin;posx-frido-admin;posx-frido-mobility-admin;posx-mokobara-admin;posx-ugaoo-admin
d794c2962910a2a5,6,6,.yarnrc.yml,posx-comet-backend;posx-demo-backend;posx-eume-backend;posx-frido-b2b-backend;posx-frido-backend;posx-ugaoo-backend
2ba24c2850e6ce21,6,6,jest.config.js,posx-comet-backend;posx-demo-backend;posx-frido-b2b-backend;posx-frido-backend;posx-frido-mobility-backend;posx-mokobara-clearance-backend
7575a9bac56ce6de,6,6,tsconfig.json,posx-comet-backend;posx-demo-backend;posx-eume-backend;posx-frido-b2b-backend;posx-frido-backend;posx-frido-mobility-backend
0a077cea0589de20,6,6,integration-tests/setup.js,posx-comet-backend;posx-demo-backend;posx-eume-backend;posx-frido-backend;posx-frido-mobility-backend;posx-ugaoo-backend
496051c94e2ec549,6,6,src/modules/order-detail/models/order-detail-address.ts,posx-comet-backend;posx-demo-backend;posx-eume-backend;posx-mokobara-backend;posx-mokobara-clearance-backend;posx-ugaoo-backend
5005269f82f41ec4,6,9,src/modules/footfall/migrations/.snapshot-comet-pos.json;src/modules/footfall/migrations/.snapshot-footfall.json;src/modules/footfall/migrations/.snapshot-medusa-pos-backend.json;src/modules/footfall/migrations/.snapshot-posx_frido_b2b_dev.json,posx-comet-backend;posx-demo-backend;posx-eume-backend;posx-frido-b2b-backend;posx-frido-backend;posx-frido-mobility-backend
9afe49970de41510,6,6,src/api/admin/online-order/route.ts,posx-comet-backend;posx-demo-backend;posx-eume-backend;posx-frido-b2b-backend;posx-frido-backend;posx-frido-mobility-backend
d32148664c398007,6,6,src/api/admin/payment-details/verify/route.ts,posx-comet-backend;posx-demo-backend;posx-eume-backend;posx-frido-b2b-backend;posx-frido-mobility-backend;posx-mokobara-clearance-backend
a9c5aa3bc1e0545d,6,6,src/api/admin/payment-details/resend/route.ts,posx-comet-backend;posx-demo-backend;posx-eume-backend;posx-frido-backend;posx-frido-mobility-backend;posx-mokobara-clearance-backend
6a0ada12b188c518,6,6,src/api/admin/payment-details/refund/verify/route.ts,posx-comet-backend;posx-demo-backend;posx-eume-backend;posx-frido-b2b-backend;posx-frido-backend;posx-frido-mobility-backend
4e4f6d248bfe7ac6,6,6,src/api/admin/order-detail/[id]/update-gatepass/route.ts,posx-comet-backend;posx-demo-backend;posx-eume-backend;posx-frido-b2b-backend;posx-frido-backend;posx-frido-mobility-backend
e573be9c2aca8ed9,6,6,src/lib/helpers/get-applicable-items.ts,posx-comet-backend;posx-demo-backend;posx-eume-backend;posx-frido-b2b-backend;posx-frido-backend;posx-frido-mobility-backend
336b354e17d004c8,6,6,src/workflows/pos-inventory/steps/generate-inventory-export-csv-step.ts,posx-comet-backend;posx-demo-backend;posx-frido-backend;posx-frido-mobility-backend;posx-mokobara-backend;posx-mokobara-clearance-backend
b5cb5c153a6dcb72,6,6,src/workflows/payment-detail/workflows/create-refund-payment.ts,posx-comet-backend;posx-demo-backend;posx-eume-backend;posx-frido-backend;posx-frido-mobility-backend;posx-ugaoo-backend
e6cd0ad674b32184,6,6,src/workflows/cms/workflows/export-cms-csv.ts,posx-comet-backend;posx-demo-backend;posx-eume-backend;posx-frido-backend;posx-frido-mobility-backend;posx-mokobara-backend
fe4a808bc9c771e8,6,6,src/workflows/online-order/workflows/create-order-address.ts,posx-comet-backend;posx-demo-backend;posx-eume-backend;posx-frido-b2b-backend;posx-frido-backend;posx-frido-mobility-backend
214de9095ba99cc9,6,6,src/workflows/shopify-collection/workflows/update-shopify-collection.ts,posx-comet-backend;posx-demo-backend;posx-eume-backend;posx-frido-b2b-backend;posx-frido-mobility-backend;posx-ugaoo-backend
c7465dab6b49fb59,6,6,src/types/online-order.ts,posx-comet-store;posx-demo-store;posx-eume-store;posx-frido-b2b-store;posx-frido-mobility-store;posx-frido-store
a1cd2ac473f2e60b,6,6,src/providers/authority-gaurd.tsx,posx-comet-store;posx-demo-store;posx-eume-store;posx-frido-mobility-store;posx-frido-store;posx-mokobara-store
b485570ba4f25097,6,6,src/components/page-size-selector.tsx,posx-comet-store;posx-demo-store;posx-eume-store;posx-frido-b2b-store;posx-frido-mobility-store;posx-frido-store
57fb66d94f67b1eb,6,6,src/components/cursor-pagination.tsx,posx-comet-store;posx-demo-store;posx-eume-store;posx-frido-b2b-store;posx-frido-mobility-store;posx-frido-store
86384b3976ec79f3,6,6,src/hooks/usePaidAmount.ts,posx-comet-store;posx-demo-store;posx-eume-store;posx-frido-b2b-store;posx-frido-mobility-store;posx-frido-store
93139be6ba23420d,6,6,src/store/apis/store.request.ts,posx-comet-store;posx-demo-store;posx-eume-store;posx-frido-mobility-store;posx-frido-store;posx-ugaoo-store
49936a5c0b4de2b6,6,6,src/store/apis/employee.request.ts,posx-comet-store;posx-demo-store;posx-eume-store;posx-frido-b2b-store;posx-frido-mobility-store;posx-ugaoo-store
77d03ef2ca9d3d84,6,6,src/store/actions/inventory.action.ts,posx-comet-store;posx-demo-store;posx-eume-store;posx-frido-b2b-store;posx-frido-mobility-store;posx-frido-store
b9d06e1115fc65d7,6,6,src/store/reducers/employee.reducer.ts,posx-comet-store;posx-demo-store;posx-eume-store;posx-frido-b2b-store;posx-frido-mobility-store;posx-frido-store
4074742bbf805b99,6,6,src/providers/providers.tsx,posx-demo-admin;posx-eume-admin;posx-frido-admin;posx-frido-b2b-admin;posx-frido-mobility-admin;posx-ugaoo-admin
4c7977b3af94062c,6,6,src/services/order-export.ts,posx-demo-admin;posx-eume-admin;posx-frido-admin;posx-frido-b2b-admin;posx-frido-mobility-admin;posx-mokobara-admin
4fa197a908bd1529,6,6,src/routes/employees/employee-detail/employee-detail.tsx,posx-demo-admin;posx-eume-admin;posx-frido-admin;posx-frido-b2b-admin;posx-frido-mobility-admin;posx-mokobara-admin
2e15605f2c82d9f6,6,6,src/routes/orders/order-receive-return/components/order-receive-return-form/order-receive-return-form.tsx,posx-demo-admin;posx-frido-admin;posx-frido-b2b-admin;posx-frido-mobility-admin;posx-mokobara-admin;posx-ugaoo-admin
3f66ddd4cfa12ac6,6,6,src/components/custom-sort/custom-sort.tsx,posx-demo-admin;posx-eume-admin;posx-frido-admin;posx-frido-b2b-admin;posx-frido-mobility-admin;posx-mokobara-admin
63debdb6b744e398,6,6,src/components/utilities/error-boundary/error-boundary.tsx,posx-demo-admin;posx-eume-admin;posx-frido-admin;posx-frido-b2b-admin;posx-frido-mobility-admin;posx-ugaoo-admin
0957523b06bff519,6,6,src/providers/router-provider/route-extensions.tsx,posx-demo-admin;posx-eume-admin;posx-frido-admin;posx-frido-b2b-admin;posx-frido-mobility-admin;posx-mokobara-admin
738f449984ef2345,6,6,src/scripts/fill-pincode.ts,posx-demo-backend;posx-eume-backend;posx-frido-b2b-backend;posx-frido-backend;posx-frido-mobility-backend;posx-ugaoo-backend
8696127406c2360e,6,6,src/api/admin/footfall/route.ts,posx-demo-backend;posx-eume-backend;posx-frido-backend;posx-frido-mobility-backend;posx-mokobara-clearance-backend;posx-ugaoo-backend
ec067d96a241dae9,6,6,src/api/admin/store-details/route.ts,posx-demo-backend;posx-eume-backend;posx-frido-b2b-backend;posx-frido-backend;posx-frido-mobility-backend;posx-mokobara-clearance-backend
b95e79c24116999b,6,6,src/api/admin/discard-gatepass/route.ts,posx-demo-backend;posx-eume-backend;posx-frido-b2b-backend;posx-frido-backend;posx-frido-mobility-backend;posx-ugaoo-backend
11cb6d1db8404a37,6,6,src/api/admin/shopify-product/route.ts,posx-demo-backend;posx-eume-backend;posx-frido-b2b-backend;posx-frido-backend;posx-frido-mobility-backend;posx-ugaoo-backend
b91decad25963549,6,6,src/api/admin/custom/route.ts,posx-demo-backend;posx-eume-backend;posx-frido-b2b-backend;posx-frido-backend;posx-frido-mobility-backend;posx-ugaoo-backend
2770ab45d0195e2b,6,6,src/api/admin/payment-details/cancel/route.ts,posx-demo-backend;posx-eume-backend;posx-frido-b2b-backend;posx-frido-backend;posx-frido-mobility-backend;posx-mokobara-clearance-backend
b3e64b682be5649a,6,6,src/api/admin/payment-details/[transactionId]/route.ts,posx-demo-backend;posx-eume-backend;posx-frido-b2b-backend;posx-frido-backend;posx-frido-mobility-backend;posx-mokobara-clearance-backend
032906fecf13c815,6,6,src/api/admin/order-detail/past-orders/route.ts,posx-demo-backend;posx-eume-backend;posx-frido-b2b-backend;posx-frido-backend;posx-frido-mobility-backend;posx-mokobara-clearance-backend
c4623c8d41b6dcc4,6,6,src/api/admin/order-detail/[id]/receipt/route.ts,posx-demo-backend;posx-eume-backend;posx-frido-b2b-backend;posx-frido-backend;posx-frido-mobility-backend;posx-mokobara-clearance-backend
b1fd17041efc881d,6,6,src/api/admin/get-product/[itemCode]/[storeId]/route.ts,posx-demo-backend;posx-eume-backend;posx-frido-b2b-backend;posx-frido-backend;posx-frido-mobility-backend;posx-ugaoo-backend
be62e144695cb565,6,6,src/workflows/pos-inventory/steps/create-item-codes-step.ts,posx-demo-backend;posx-eume-backend;posx-frido-b2b-backend;posx-frido-backend;posx-frido-mobility-backend;posx-mokobara-clearance-backend
0749231fdbf6dfb0,6,6,src/workflows/employee/workflows/update-employee.ts,posx-demo-backend;posx-eume-backend;posx-frido-b2b-backend;posx-frido-mobility-backend;posx-mokobara-clearance-backend;posx-ugaoo-backend
59e16fe3eff038b2,6,6,src/workflows/order-detail/steps/delete-order-detail-step.ts,posx-demo-backend;posx-eume-backend;posx-frido-b2b-backend;posx-frido-backend;posx-frido-mobility-backend;posx-mokobara-clearance-backend
1408ae881f7b09ba,6,6,src/workflows/payment-detail/workflows/verify-payment-detail.ts,posx-demo-backend;posx-eume-backend;posx-frido-b2b-backend;posx-frido-mobility-backend;posx-mokobara-clearance-backend;posx-ugaoo-backend
830b9766982e6b9e,6,6,src/workflows/shopify-product/steps/delete-product-variant-steps.ts,posx-demo-backend;posx-eume-backend;posx-frido-b2b-backend;posx-frido-mobility-backend;posx-mokobara-clearance-backend;posx-ugaoo-backend
efcc400549edf042,6,6,src/workflows/shopify-product/steps/update-shopify-product-step.ts,posx-demo-backend;posx-eume-backend;posx-frido-b2b-backend;posx-frido-mobility-backend;posx-mokobara-clearance-backend;posx-ugaoo-backend
2cabe133b0761b3a,6,6,src/workflows/shopify-product/steps/delete-product-steps.ts,posx-demo-backend;posx-eume-backend;posx-frido-b2b-backend;posx-frido-backend;posx-frido-mobility-backend;posx-mokobara-clearance-backend
93e8911979038d9e,6,6,src/workflows/user/steps/deactivate-user-step.ts,posx-demo-backend;posx-eume-backend;posx-frido-b2b-backend;posx-frido-backend;posx-frido-mobility-backend;posx-ugaoo-backend
42cdc19de519f54b,6,6,src/workflows/user/workflow/send-activation-link.ts,posx-demo-backend;posx-eume-backend;posx-frido-b2b-backend;posx-frido-backend;posx-frido-mobility-backend;posx-ugaoo-backend
2e23f538cebeacbb,6,6,src/workflows/unicommerce/steps/discard-gatepass-step.ts,posx-demo-backend;posx-eume-backend;posx-frido-b2b-backend;posx-frido-backend;posx-frido-mobility-backend;posx-ugaoo-backend
225f5db91ce46ec8,6,6,src/providers/side-effect.tsx,posx-demo-store;posx-eume-store;posx-frido-b2b-store;posx-frido-mobility-store;posx-frido-store;posx-mokobara-store
36e9efa4d420baef,6,6,src/components/screen-loader.tsx,posx-demo-store;posx-eume-store;posx-frido-b2b-store;posx-frido-mobility-store;posx-frido-store;posx-ugaoo-store
b4eb2a9f8480070c,6,6,src/hooks/useIsAdmin.ts,posx-demo-store;posx-eume-store;posx-frido-b2b-store;posx-frido-mobility-store;posx-mokobara-store;posx-ugaoo-store
a8654c6b647c7d9d,6,6,src/store/apis/auth.request.ts,posx-demo-store;posx-eume-store;posx-frido-b2b-store;posx-frido-mobility-store;posx-frido-store;posx-mokobara-store
947398cac3d28b4b,6,6,src/store/apis/cms.request.ts,posx-demo-store;posx-eume-store;posx-frido-b2b-store;posx-frido-mobility-store;posx-frido-store;posx-mokobara-store
8390b7c3aa448bed,6,6,src/store/middlewares/cms.middleware.ts,posx-demo-store;posx-eume-store;posx-frido-b2b-store;posx-frido-mobility-store;posx-frido-store;posx-mokobara-store
3efcd0a24e02e98c,6,6,src/components/primitives/sheet.tsx,posx-demo-store;posx-eume-store;posx-frido-b2b-store;posx-frido-mobility-store;posx-frido-store;posx-ugaoo-store
8ad7e329f4dbe2c1,6,6,src/components/primitives/radio-group.tsx,posx-demo-store;posx-eume-store;posx-frido-b2b-store;posx-frido-mobility-store;posx-frido-store;posx-ugaoo-store
adc7b1c4df419079,6,6,src/components/primitives/command.tsx,posx-demo-store;posx-eume-store;posx-frido-b2b-store;posx-frido-mobility-store;posx-frido-store;posx-ugaoo-store
92b2365f74d60391,6,6,src/components/primitives/toast.tsx,posx-demo-store;posx-eume-store;posx-frido-b2b-store;posx-frido-mobility-store;posx-frido-store;posx-ugaoo-store
6cf61f26b5dd349a,6,6,src/components/primitives/checkbox.tsx,posx-demo-store;posx-eume-store;posx-frido-b2b-store;posx-frido-mobility-store;posx-frido-store;posx-ugaoo-store
32729140fb3be68c,6,6,src/components/primitives/form.tsx,posx-demo-store;posx-eume-store;posx-frido-b2b-store;posx-frido-mobility-store;posx-frido-store;posx-ugaoo-store
30c1ba23b6fb387f,6,6,src/components/primitives/carousel.tsx,posx-demo-store;posx-eume-store;posx-frido-b2b-store;posx-frido-mobility-store;posx-frido-store;posx-ugaoo-store
97c19fe83202c564,6,6,src/components/app/product/image-carousel.tsx,posx-demo-store;posx-eume-store;posx-frido-b2b-store;posx-frido-mobility-store;posx-frido-store;posx-ugaoo-store
22a84863abea9c2d,6,6,src/components/app/cms/add-cms/schema.ts,posx-demo-store;posx-eume-store;posx-frido-b2b-store;posx-frido-mobility-store;posx-frido-store;posx-mokobara-store
963e0f51e60f84d7,5,5,scripts/generate-currencies.js,posx-comet-admin;posx-demo-admin;posx-eume-admin;posx-mokobara-admin;posx-ugaoo-admin
958c23d8dd8f964b,5,5,src/routes/invite/invite.tsx,posx-comet-admin;posx-demo-admin;posx-eume-admin;posx-frido-admin;posx-frido-mobility-admin
bfc35fc4e80bdf95,5,5,src/routes/pos-inventory/types.ts,posx-comet-admin;posx-demo-admin;posx-eume-admin;posx-frido-admin;posx-frido-mobility-admin
ffc2d9c0df03e509,5,5,src/routes/cms/cms-list/components/cash-accumulation/cash-accumulation.tsx,posx-comet-admin;posx-demo-admin;posx-eume-admin;posx-frido-admin;posx-frido-mobility-admin
2122141e0f43c008,5,5,src/routes/store-details/store-edit/store-edit.tsx,posx-comet-admin;posx-demo-admin;posx-frido-admin;posx-frido-b2b-admin;posx-frido-mobility-admin
f8a0e2a70c0bd56c,5,5,src/hooks/api/pos-inventory.tsx,posx-comet-admin;posx-demo-admin;posx-eume-admin;posx-frido-admin;posx-frido-mobility-admin
de242503e3184861,5,5,src/links/applicable-product-product-variant.ts,posx-comet-backend;posx-frido-b2b-backend;posx-frido-backend;posx-frido-mobility-backend;posx-mokobara-backend
e9501835bfb7d28a,5,5,src/links/associated-stores-store-detail-link.ts,posx-comet-backend;posx-frido-b2b-backend;posx-frido-backend;posx-frido-mobility-backend;posx-mokobara-backend
79e48ea70db416a8,5,5,src/links/applicable-product-product.ts,posx-comet-backend;posx-frido-b2b-backend;posx-frido-backend;posx-frido-mobility-backend;posx-mokobara-backend
f088b34309f26616,5,5,src/modules/campaign-coupon/index.ts,posx-comet-backend;posx-frido-b2b-backend;posx-frido-backend;posx-frido-mobility-backend;posx-mokobara-backend
f72cb849ea637baf,5,5,src/modules/campaign-coupon/service.ts,posx-comet-backend;posx-frido-b2b-backend;posx-frido-backend;posx-frido-mobility-backend;posx-mokobara-backend
e020b3b35ae51037,5,7,src/modules/campaign-coupon/migrations/.snapshot-campaign-coupon.json;src/modules/campaign-coupon/migrations/.snapshot-comet-pos.json;src/modules/campaign-coupon/migrations/.snapshot-postgres.json;src/modules/campaign-coupon/migrations/.snapshot-posx_frido_b2b_dev.json,posx-comet-backend;posx-frido-b2b-backend;posx-frido-backend;posx-frido-mobility-backend;posx-mokobara-backend
00b48f70e36f1696,5,5,src/modules/campaign-coupon/models/applicable-product.ts,posx-comet-backend;posx-frido-b2b-backend;posx-frido-backend;posx-frido-mobility-backend;posx-mokobara-backend
6380ca665ce8b7b3,5,5,src/modules/campaign-coupon/models/campaign-coupon.ts,posx-comet-backend;posx-frido-b2b-backend;posx-frido-backend;posx-frido-mobility-backend;posx-mokobara-backend
8d10fe1947424da8,5,7,src/modules/shopify-product/migrations/.snapshot-medusa-pos-backend-v9.json;src/modules/shopify-product/migrations/.snapshot-postgres.json;src/modules/shopify-product/migrations/.snapshot-shopify-product.json,posx-comet-backend;posx-demo-backend;posx-eume-backend;posx-frido-backend;posx-frido-mobility-backend
9e9c6b8692c41698,5,5,src/api/admin/payment-details/refund/route.ts,posx-comet-backend;posx-demo-backend;posx-eume-backend;posx-frido-backend;posx-frido-mobility-backend
74d7ff54b9ff7c9b,5,5,src/workflows/campaign-coupon/workflows/update-campaign-coupon-usage.ts,posx-comet-backend;posx-frido-b2b-backend;posx-frido-backend;posx-frido-mobility-backend;posx-mokobara-backend
252d0239a348385e,5,5,src/workflows/campaign-coupon/steps/validate-coupon-step.ts,posx-comet-backend;posx-frido-b2b-backend;posx-frido-backend;posx-frido-mobility-backend;posx-mokobara-backend
f334b088e11f07da,5,5,src/workflows/order-detail/workflows/create-order-details.ts,posx-comet-backend;posx-demo-backend;posx-eume-backend;posx-frido-mobility-backend;posx-ugaoo-backend
5f19b82efc7821e1,5,5,src/workflows/cms/workflows/create-cms.ts,posx-comet-backend;posx-demo-backend;posx-eume-backend;posx-frido-mobility-backend;posx-ugaoo-backend
1852eca089aa4000,5,5,src/workflows/exports/workflows/export-coupon-workflow.ts,posx-comet-backend;posx-demo-backend;posx-eume-backend;posx-frido-mobility-backend;posx-ugaoo-backend
e30b53210f057694,5,5,vite.config.ts,posx-comet-store;posx-demo-store;posx-eume-store;posx-frido-b2b-store;posx-frido-mobility-store
2b4dd0eacfa0fa98,5,5,src/hooks/useToast.ts,posx-comet-store;posx-demo-store;posx-eume-store;posx-mokobara-store;posx-ugaoo-store
0e86e6763af00ffc,5,5,src/store/apis/s3.request.ts,posx-comet-store;posx-demo-store;posx-eume-store;posx-mokobara-store;posx-ugaoo-store
4143199fe0d2753b,5,5,src/store/apis/pincode.request.ts,posx-comet-store;posx-demo-store;posx-eume-store;posx-frido-mobility-store;posx-ugaoo-store
b8708cfc89210c8a,5,5,src/store/middlewares/pincode.middleware.ts,posx-comet-store;posx-demo-store;posx-eume-store;posx-frido-mobility-store;posx-ugaoo-store
5bac655ef148bfa2,5,5,src/store/middlewares/campaign-coupon.middleware.ts,posx-comet-store;posx-frido-b2b-store;posx-frido-mobility-store;posx-frido-store;posx-mokobara-store
8bae2ca7d6e9f0a5,5,5,src/store/middlewares/store.middleware.ts,posx-comet-store;posx-demo-store;posx-frido-mobility-store;posx-frido-store;posx-mokobara-store
1d92d55b852b4ce1,5,5,src/store/actions/campaign-coupon.action.ts,posx-comet-store;posx-frido-b2b-store;posx-frido-mobility-store;posx-frido-store;posx-mokobara-store
d4d872b292a45696,5,5,src/store/actions/footfall.action.ts,posx-comet-store;posx-frido-b2b-store;posx-frido-mobility-store;posx-frido-store;posx-ugaoo-store
d97d316c05d6574c,5,5,src/components/layouts/auth/index.tsx,posx-comet-store;posx-frido-b2b-store;posx-frido-mobility-store;posx-frido-store;posx-mokobara-store
9d489397663e5a75,5,5,src/components/app/order/delete-order-confirmation.tsx,posx-comet-store;posx-demo-store;posx-frido-b2b-store;posx-frido-mobility-store;posx-frido-store
043467614241544e,5,5,src/components/app/home/campaign-coupon/schema.ts,posx-comet-store;posx-frido-b2b-store;posx-frido-mobility-store;posx-frido-store;posx-mokobara-store
cd5388d5cb8143ed,5,5,src/components/app/home/promotional-coupon/schema.ts,posx-comet-store;posx-frido-b2b-store;posx-frido-mobility-store;posx-frido-store;posx-mokobara-store
d379c04074102a00,5,5,src/components/app/order/steps/payment-details/cash-form/schema.ts,posx-comet-store;posx-demo-store;posx-eume-store;posx-frido-mobility-store;posx-frido-store
202894dfd9bfed33,5,5,src/routes/pos-inventory/inventory-list/components/export-pos-inventory-button.tsx,posx-demo-admin;posx-eume-admin;posx-frido-admin;posx-frido-mobility-admin;posx-ugaoo-admin
a77ac2357a6e165f,5,5,src/routes/store-details/store-details-create/components/billing-address-create-form/billing-address-create-form.tsx,posx-demo-admin;posx-eume-admin;posx-frido-admin;posx-frido-b2b-admin;posx-frido-mobility-admin
019b28fc39d26a90,5,5,src/routes/store-details/store-details-create/components/tax-create-form/tax-create-form.tsx,posx-demo-admin;posx-eume-admin;posx-frido-admin;posx-frido-b2b-admin;posx-frido-mobility-admin
e3ab68d542fc16ef,5,5,src/routes/store-details/store-details-create/components/address-create-form/address-create-form.tsx,posx-demo-admin;posx-eume-admin;posx-frido-admin;posx-frido-b2b-admin;posx-frido-mobility-admin
61fd90e732d5be63,5,5,src/components/custom-filter/custom-filter.tsx,posx-demo-admin;posx-eume-admin;posx-frido-admin;posx-frido-mobility-admin;posx-mokobara-admin
4b6a1aa349d90c21,5,5,src/components/inputs/combobox/combobox.tsx,posx-demo-admin;posx-eume-admin;posx-frido-admin;posx-frido-b2b-admin;posx-frido-mobility-admin
8eea90ff872ebb71,5,5,src/components/layout/nav-item/nav-item.tsx,posx-demo-admin;posx-eume-admin;posx-frido-admin;posx-frido-b2b-admin;posx-frido-mobility-admin
e05b8ec3567ec697,5,5,src/subscribers/reset-password.ts,posx-demo-backend;posx-eume-backend;posx-frido-b2b-backend;posx-frido-backend;posx-frido-mobility-backend
8eef321a19551b37,5,5,src/modules/razorpay-pos/index.ts,posx-demo-backend;posx-eume-backend;posx-mokobara-backend;posx-mokobara-clearance-backend;posx-ugaoo-backend
0f3d0a9cb297b10a,5,5,src/modules/direct-razorpay/index.ts,posx-demo-backend;posx-eume-backend;posx-mokobara-backend;posx-mokobara-clearance-backend;posx-ugaoo-backend
19b446885c3c8b07,5,5,src/modules/pos-inventory/service.ts,posx-demo-backend;posx-frido-backend;posx-frido-mobility-backend;posx-mokobara-backend;posx-mokobara-clearance-backend
5db1201505744ed0,5,5,src/modules/shopify-product/models/shopify-variant.ts,posx-demo-backend;posx-eume-backend;posx-frido-backend;posx-frido-mobility-backend;posx-ugaoo-backend
d9aa3594d0a98064,5,5,src/api/shopify/webhooks/product/delete/route.ts,posx-demo-backend;posx-eume-backend;posx-frido-b2b-backend;posx-frido-backend;posx-frido-mobility-backend
b8fa013db0cff8f9,5,5,src/api/shopify/webhooks/collection/update/route.ts,posx-demo-backend;posx-eume-backend;posx-frido-b2b-backend;posx-frido-backend;posx-frido-mobility-backend
7baba870854c719c,5,5,src/api/shopify/webhooks/collection/delete/route.ts,posx-demo-backend;posx-eume-backend;posx-frido-b2b-backend;posx-frido-backend;posx-frido-mobility-backend
0d4d46d7619298d6,5,5,src/api/admin/pos-inventory/item/route.ts,posx-demo-backend;posx-eume-backend;posx-frido-backend;posx-frido-mobility-backend;posx-mokobara-clearance-backend
016326dab7aa803c,5,5,src/api/admin/pos-inventory/tracking/route.ts,posx-demo-backend;posx-eume-backend;posx-frido-backend;posx-frido-mobility-backend;posx-mokobara-clearance-backend
43ce3a32ece499cc,5,5,src/api/admin/pos-inventory/tracking/[storeId]/[sku]/route.ts,posx-demo-backend;posx-eume-backend;posx-frido-backend;posx-frido-mobility-backend;posx-mokobara-clearance-backend
dd05e939f403882a,5,5,src/api/admin/pos-inventory/item/[id]/route.ts,posx-demo-backend;posx-eume-backend;posx-frido-backend;posx-frido-mobility-backend;posx-mokobara-clearance-backend
d294dae193754329,5,5,src/api/admin/cms/[id]/route.ts,posx-demo-backend;posx-eume-backend;posx-frido-backend;posx-frido-mobility-backend;posx-ugaoo-backend
7c732ad40c66e36a,5,5,src/api/admin/store-details/[id]/route.ts,posx-demo-backend;posx-frido-b2b-backend;posx-frido-backend;posx-frido-mobility-backend;posx-mokobara-clearance-backend
aef94fec2e294a29,5,5,src/api/admin/online-order/[id]/confirm/route.ts,posx-demo-backend;posx-eume-backend;posx-frido-b2b-backend;posx-frido-backend;posx-frido-mobility-backend
68586ad2c94860ee,5,5,src/api/admin/online-order/[id]/address/route.ts,posx-demo-backend;posx-eume-backend;posx-frido-b2b-backend;posx-frido-backend;posx-frido-mobility-backend
8e5bc9b9059fb641,5,5,src/lib/helpers/order-detail-errors.ts,posx-demo-backend;posx-eume-backend;posx-frido-b2b-backend;posx-frido-mobility-backend;posx-mokobara-clearance-backend
a1d343ece408b629,5,5,src/workflows/pos-inventory/steps/get-gst-rates.ts,posx-demo-backend;posx-eume-backend;posx-frido-b2b-backend;posx-frido-backend;posx-frido-mobility-backend
694f01a2836499e5,5,5,src/workflows/order-detail/steps/validate-order-status-step.ts,posx-demo-backend;posx-eume-backend;posx-frido-b2b-backend;posx-frido-backend;posx-frido-mobility-backend
6661657134f4c048,5,5,src/workflows/order-detail/steps/generate-order-report-step.ts,posx-demo-backend;posx-eume-backend;posx-frido-backend;posx-frido-mobility-backend;posx-mokobara-clearance-backend
324484dd050a1bfd,5,5,src/workflows/shopify-product/steps/check-shopify-product-existance-step.ts,posx-demo-backend;posx-frido-b2b-backend;posx-frido-mobility-backend;posx-mokobara-backend;posx-mokobara-clearance-backend
2fd7cc209e582f04,5,5,src/workflows/cart/workflows/remove-from-cart.ts,posx-demo-backend;posx-eume-backend;posx-mokobara-backend;posx-mokobara-clearance-backend;posx-ugaoo-backend
51f903e18c33f4ca,5,6,src/workflows/campaign-coupon/steps/check-applicable-variants-existance-step.ts;src/workflows/store-coupon/steps/check-applicable-variants-existance-step.ts,posx-demo-backend;posx-frido-b2b-backend;posx-frido-backend;posx-frido-mobility-backend;posx-mokobara-backend
2dad76742090c1f6,5,5,src/workflows/exports/steps/send-export-email-step.ts,posx-demo-backend;posx-frido-b2b-backend;posx-frido-backend;posx-frido-mobility-backend;posx-mokobara-clearance-backend
b6184bb2ab0a1872,5,5,src/workflows/product/workflows/get-product-from-metadata.ts,posx-demo-backend;posx-eume-backend;posx-mokobara-backend;posx-mokobara-clearance-backend;posx-ugaoo-backend
c9c7985875d89f6f,5,5,src/types/validators/shopify-customer.ts,posx-demo-backend;posx-eume-backend;posx-frido-b2b-backend;posx-frido-backend;posx-frido-mobility-backend
264c45feaf3df8ba,5,5,src/App.tsx,posx-demo-store;posx-eume-store;posx-frido-b2b-store;posx-frido-mobility-store;posx-ugaoo-store
83f2077e06e3cce8,5,5,src/components/sort.tsx,posx-demo-store;posx-eume-store;posx-frido-b2b-store;posx-frido-mobility-store;posx-frido-store
772b3f33d291c42d,5,5,src/store/middlewares/report.middleware.ts,posx-demo-store;posx-eume-store;posx-frido-mobility-store;posx-frido-store;posx-mokobara-store
afe411376d7ac172,5,5,src/store/reducers/inventory.reducer.ts,posx-demo-store;posx-eume-store;posx-frido-b2b-store;posx-frido-mobility-store;posx-frido-store
810e640fce80d6ca,5,5,src/store/reducers/report.reducer.ts,posx-demo-store;posx-frido-b2b-store;posx-frido-mobility-store;posx-frido-store;posx-mokobara-store
0d8d644d9dbb62f2,5,5,src/pages/exchanges/details/_layout.tsx,posx-demo-store;posx-eume-store;posx-frido-b2b-store;posx-frido-mobility-store;posx-ugaoo-store
4c18886fdf4e0940,5,5,src/components/primitives/popover.tsx,posx-demo-store;posx-eume-store;posx-frido-b2b-store;posx-frido-mobility-store;posx-frido-store
4d88a376a7d38cb4,5,5,src/components/primitives/switch.tsx,posx-demo-store;posx-eume-store;posx-frido-b2b-store;posx-frido-mobility-store;posx-frido-store
30fce714058f634c,5,5,src/components/app/online-orders/schema.ts,posx-demo-store;posx-eume-store;posx-frido-b2b-store;posx-frido-mobility-store;posx-frido-store
fa70e9f86ecb1516,5,5,src/components/app/return/returnable-order-card.tsx,posx-demo-store;posx-eume-store;posx-frido-b2b-store;posx-frido-mobility-store;posx-frido-store
246f013b434724f3,5,5,src/components/app/product/warning-dialog.tsx,posx-demo-store;posx-eume-store;posx-frido-b2b-store;posx-frido-mobility-store;posx-frido-store
11e479c4b80c3629,5,5,src/components/app/product/DeliveryChecker.tsx,posx-demo-store;posx-eume-store;posx-frido-b2b-store;posx-frido-mobility-store;posx-frido-store
e56c595c70cf325b,5,5,src/components/app/product/size-chart.tsx,posx-demo-store;posx-eume-store;posx-frido-b2b-store;posx-frido-mobility-store;posx-frido-store
80be82b0bd52a501,5,5,src/components/app/cms/cash-in-store-card.tsx,posx-demo-store;posx-eume-store;posx-frido-mobility-store;posx-frido-store;posx-ugaoo-store
5a295ec9a7d1a52b,5,5,src/components/app/cms/cms-filter.tsx,posx-demo-store;posx-eume-store;posx-frido-b2b-store;posx-frido-mobility-store;posx-frido-store
ca313fbcd98a8ee0,5,5,src/components/app/inventory/inbound-inventory/index.tsx,posx-demo-store;posx-eume-store;posx-frido-b2b-store;posx-frido-mobility-store;posx-frido-store
62d622f367d6d030,5,10,src/components/app/online-orders/payments/snapmint-form/schema.ts;src/components/app/order/steps/payment-details/snapmint-form/schema.ts,posx-demo-store;posx-eume-store;posx-frido-b2b-store;posx-frido-mobility-store;posx-frido-store
5a8e84aca4d4c318,5,5,src/components/app/payments/shared/verify-transaction-request.tsx,posx-demo-store;posx-eume-store;posx-frido-b2b-store;posx-frido-mobility-store;posx-frido-store
25c2050311fba27c,5,5,src/components/app/payments/shared/verify-refund-request.tsx,posx-demo-store;posx-eume-store;posx-frido-b2b-store;posx-frido-mobility-store;posx-frido-store
850d65bbb1688713,5,5,src/lib/helpers/get-hsn-code-from-shopify.ts,posx-frido-b2b-backend;posx-frido-backend;posx-frido-mobility-backend;posx-mokobara-backend;posx-mokobara-clearance-backend
cf0a23f52800141e,5,5,src/lib/helpers/get-product-swatch-image.ts,posx-frido-b2b-backend;posx-frido-backend;posx-frido-mobility-backend;posx-mokobara-backend;posx-mokobara-clearance-backend
3b1125403dce4288,5,5,src/workflows/shopify-product/steps/update-medusa-product-variant-step.ts,posx-frido-b2b-backend;posx-frido-backend;posx-frido-mobility-backend;posx-mokobara-backend;posx-mokobara-clearance-backend
ca9885b1847a07f1,5,5,src/workflows/shopify-customer/workflows/update-customer-address.ts,posx-frido-b2b-backend;posx-frido-backend;posx-frido-mobility-backend;posx-mokobara-backend;posx-mokobara-clearance-backend
eb4eeb406a04e70e,5,5,src/workflows/shopify-customer/workflows/add-customer-address.ts,posx-frido-b2b-backend;posx-frido-backend;posx-frido-mobility-backend;posx-mokobara-backend;posx-mokobara-clearance-backend
08cc6bea8e68bc72,5,5,src/workflows/shopify-customer/steps/get-customer-addresses-step.ts,posx-frido-b2b-backend;posx-frido-backend;posx-frido-mobility-backend;posx-mokobara-backend;posx-mokobara-clearance-backend
dbc2c91ffcba30ec,5,5,src/workflows/shopify-customer/steps/add-customer-address-step.ts,posx-frido-b2b-backend;posx-frido-backend;posx-frido-mobility-backend;posx-mokobara-backend;posx-mokobara-clearance-backend
aaf973f8db14429b,5,5,src/workflows/footfall/steps/generate-footfall-csv-step.ts,posx-frido-b2b-backend;posx-frido-backend;posx-frido-mobility-backend;posx-mokobara-backend;posx-mokobara-clearance-backend
12546af9e12f47f1,4,4,src/routes/cms/types.ts,posx-comet-admin;posx-demo-admin;posx-eume-admin;posx-frido-mobility-admin
70a4bf8906f67a02,4,4,src/routes/campaign-coupons/types.ts,posx-comet-admin;posx-frido-admin;posx-frido-b2b-admin;posx-frido-mobility-admin
f443db9b09c1beec,4,4,src/routes/reset-password/reset-password.tsx,posx-comet-admin;posx-demo-admin;posx-eume-admin;posx-ugaoo-admin
2599c187235735ff,4,4,src/routes/campaign-coupons/campaign-list/campaign-list.tsx,posx-comet-admin;posx-frido-admin;posx-frido-b2b-admin;posx-frido-mobility-admin
c8ce0d3e0de2caf1,4,4,src/routes/campaign-coupons/campaign-list/index.ts,posx-comet-admin;posx-frido-admin;posx-frido-b2b-admin;posx-frido-mobility-admin
a0840ac31d5f8c2c,4,4,src/routes/campaign-coupons/coupon-detail/coupon-detail.tsx,posx-comet-admin;posx-frido-admin;posx-frido-b2b-admin;posx-frido-mobility-admin
d6dfdea8cf996d8b,4,4,src/routes/campaign-coupons/coupon-detail/loader.ts,posx-comet-admin;posx-frido-admin;posx-frido-b2b-admin;posx-frido-mobility-admin
555928e4032b0584,4,4,src/routes/campaign-coupons/coupon-detail/breadcrumb.tsx,posx-comet-admin;posx-frido-admin;posx-frido-b2b-admin;posx-frido-mobility-admin
f7fdabe82a41d907,4,4,src/routes/campaign-coupons/coupon-detail/index.ts,posx-comet-admin;posx-frido-admin;posx-frido-b2b-admin;posx-frido-mobility-admin
5f31d2c911c3f614,4,4,src/routes/campaign-coupons/coupon-create/coupon-create.tsx,posx-comet-admin;posx-frido-admin;posx-frido-b2b-admin;posx-frido-mobility-admin
66847198b46dbdaf,4,4,src/routes/campaign-coupons/coupon-create/constants.ts,posx-comet-admin;posx-frido-admin;posx-frido-b2b-admin;posx-frido-mobility-admin
468d3e1fd78ab78a,4,4,src/routes/campaign-coupons/coupon-edit/coupon-edit.tsx,posx-comet-admin;posx-frido-admin;posx-frido-b2b-admin;posx-frido-mobility-admin
58a1e62e8fd29947,4,4,src/routes/campaign-coupons/coupon-edit/index.ts,posx-comet-admin;posx-frido-admin;posx-frido-b2b-admin;posx-frido-mobility-admin
97c5d6b96a7362b9,4,4,src/routes/campaign-coupons/coupon-create/components/coupon-create-form/coupon-create-form.tsx,posx-comet-admin;posx-frido-admin;posx-frido-b2b-admin;posx-frido-mobility-admin
750e3b6024e72474,4,4,src/routes/campaign-coupons/coupon-create/components/basic-info-create-form/basic-info-create-form.tsx,posx-comet-admin;posx-frido-admin;posx-frido-b2b-admin;posx-frido-mobility-admin
4a0a44c62113280f,4,4,src/routes/campaign-coupons/coupon-create/components/discount-configuration-form/discount-configuration-form.tsx,posx-comet-admin;posx-frido-admin;posx-frido-b2b-admin;posx-frido-mobility-admin
6bb12407021c7051,4,4,src/routes/campaign-coupons/coupon-create/components/store-allocation-form/store-allocation-form.tsx;src/routes/store-coupons/coupon-create/components/store-allocation-form/store-allocation-form.tsx,posx-comet-admin;posx-demo-admin;posx-frido-b2b-admin;posx-frido-mobility-admin
7412f996fb454420,4,4,src/routes/campaign-coupons/coupon-detail/components/discount-info-section.tsx,posx-comet-admin;posx-frido-admin;posx-frido-b2b-admin;posx-frido-mobility-admin
663521348238c9fe,4,4,src/routes/campaign-coupons/coupon-detail/components/usage-info-section.tsx,posx-comet-admin;posx-frido-admin;posx-frido-b2b-admin;posx-frido-mobility-admin
ae04aefb2864423e,4,4,src/routes/campaign-coupons/coupon-detail/components/validity-section.tsx,posx-comet-admin;posx-frido-admin;posx-frido-b2b-admin;posx-frido-mobility-admin
f1fc5b7b56381d04,4,4,src/routes/campaign-coupons/coupon-detail/components/basic-info-section.tsx,posx-comet-admin;posx-frido-admin;posx-frido-b2b-admin;posx-frido-mobility-admin
70fd1bb5512b1c6c,4,4,src/routes/campaign-coupons/coupon-detail/components/applicable-products-section.tsx,posx-comet-admin;posx-frido-admin;posx-frido-b2b-admin;posx-frido-mobility-admin
00d85545866d3fea,4,4,src/routes/campaign-coupons/campaign-list/components/use-campaign-coupon-table-query.tsx,posx-comet-admin;posx-frido-admin;posx-frido-b2b-admin;posx-frido-mobility-admin
591fe9344cc947f5,4,4,src/routes/campaign-coupons/campaign-list/components/campaign-coupon-list-table/index.ts,posx-comet-admin;posx-frido-admin;posx-frido-b2b-admin;posx-frido-mobility-admin
e0deba40171a0bdc,4,4,src/routes/order-details/order-detail/components/store-section.tsx,posx-comet-admin;posx-demo-admin;posx-eume-admin;posx-ugaoo-admin
e8b5775e6026efd0,4,4,src/routes/order-details/order-detail/components/payment-section.tsx,posx-comet-admin;posx-demo-admin;posx-frido-mobility-admin;posx-mokobara-admin
27d0b35ec088792a,4,4,src/hooks/api/campaign-coupons.tsx,posx-comet-admin;posx-frido-admin;posx-frido-b2b-admin;posx-frido-mobility-admin
8618ff70ae5397e9,4,4,src/hooks/api/cms.tsx,posx-comet-admin;posx-demo-admin;posx-eume-admin;posx-frido-mobility-admin
ad79c2f50097111d,4,4,src/links/shopify-collection-link-revert.ts,posx-comet-backend;posx-demo-backend;posx-eume-backend;posx-ugaoo-backend
300413eef903481d,4,4,src/links/employee-store.ts,posx-comet-backend;posx-frido-b2b-backend;posx-frido-backend;posx-frido-mobility-backend
7ab13e11adc58bbb,4,4,src/links/inventory-tracking-store-details-link.ts,posx-comet-backend;posx-frido-b2b-backend;posx-frido-backend;posx-frido-mobility-backend
70f512137d8f1e28,4,4,src/modules/razorpay-pos/index.ts,posx-comet-backend;posx-frido-b2b-backend;posx-frido-backend;posx-frido-mobility-backend
9a1c272622523b8f,4,4,src/modules/shopify-cart/index.ts,posx-comet-backend;posx-frido-b2b-backend;posx-frido-backend;posx-frido-mobility-backend
b53a36a15a9e9a47,4,4,src/modules/direct-razorpay/index.ts,posx-comet-backend;posx-frido-b2b-backend;posx-frido-backend;posx-frido-mobility-backend
b008e93eaf4be4b7,4,4,src/modules/global-config/service.ts,posx-comet-backend;posx-demo-backend;posx-eume-backend;posx-ugaoo-backend
56af7b376092a0eb,4,4,src/modules/employee/migrations/.snapshot-comet-pos.json;src/modules/employee/migrations/.snapshot-employee.json,posx-comet-backend;posx-demo-backend;posx-frido-backend;posx-frido-mobility-backend
373c6a1733cb3c82,4,4,src/modules/cms/migrations/.snapshot-cms.json;src/modules/cms/migrations/.snapshot-medusa-pos-backend.json,posx-comet-backend;posx-demo-backend;posx-eume-backend;posx-frido-mobility-backend
cee738588cf88ba5,4,4,src/modules/cms/models/cms.ts,posx-comet-backend;posx-demo-backend;posx-eume-backend;posx-frido-mobility-backend
521001681467692a,4,4,src/api/admin/cms/route.ts,posx-comet-backend;posx-demo-backend;posx-eume-backend;posx-frido-mobility-backend
39fee8678889bb7f,4,4,src/lib/helpers/get-total-amount.ts,posx-comet-backend;posx-demo-backend;posx-eume-backend;posx-ugaoo-backend
a997ec8df3586b21,4,4,src/workflows/campaign-coupon/workflows/update-campaign-coupon.ts,posx-comet-backend;posx-frido-b2b-backend;posx-frido-backend;posx-frido-mobility-backend
9f60a40c994e0dfc,4,4,src/workflows/campaign-coupon/workflows/create-campaign-coupon.ts,posx-comet-backend;posx-frido-b2b-backend;posx-frido-backend;posx-frido-mobility-backend
9efa5ffdf3fb27bf,4,4,src/workflows/campaign-coupon/workflows/delete-campaign-coupon.ts,posx-comet-backend;posx-frido-b2b-backend;posx-frido-backend;posx-frido-mobility-backend
23cd22755ac2526b,4,4,src/workflows/shopify-collection/workflows/create-shopify-collection.ts,posx-comet-backend;posx-demo-backend;posx-eume-backend;posx-ugaoo-backend
f665619afe598455,4,4,src/types/workflows/campaign-coupon.ts,posx-comet-backend;posx-frido-b2b-backend;posx-frido-backend;posx-frido-mobility-backend
cffce457bba483de,4,4,src/types/inventory.ts,posx-comet-store;posx-demo-store;posx-frido-mobility-store;posx-frido-store
9caddefbe2385499,4,4,src/types/cms.ts,posx-comet-store;posx-demo-store;posx-eume-store;posx-frido-mobility-store
e84861d4df07ad23,4,4,src/types/product-variant.ts,posx-comet-store;posx-frido-mobility-store;posx-frido-store;posx-mokobara-store
b55cd821f3a80238,4,4,src/libs/calculate-product-exchange-value.ts,posx-comet-store;posx-demo-store;posx-frido-b2b-store;posx-frido-mobility-store
69d4d4a99e3a3b6d,4,4,src/store/apis/inventory.request.ts,posx-comet-store;posx-demo-store;posx-frido-mobility-store;posx-frido-store
9794e2dde7322de2,4,4,src/store/apis/return.request.ts,posx-comet-store;posx-demo-store;posx-frido-b2b-store;posx-frido-mobility-store
483db73bf7b925e2,4,4,src/store/middlewares/order.middleware.ts,posx-comet-store;posx-demo-store;posx-frido-b2b-store;posx-frido-mobility-store
282afd082b2d495a,4,4,src/store/actions/order.action.ts,posx-comet-store;posx-demo-store;posx-frido-b2b-store;posx-frido-mobility-store
00ad609b49c4be2d,4,4,src/store/actions/product.action.ts,posx-comet-store;posx-frido-b2b-store;posx-frido-mobility-store;posx-frido-store
6c78891dea02f74b,4,4,src/store/reducers/order.reducer.ts,posx-comet-store;posx-demo-store;posx-frido-mobility-store;posx-frido-store
209a45bb854d9891,4,4,src/store/reducers/ui.reducer.ts,posx-comet-store;posx-demo-store;posx-frido-mobility-store;posx-ugaoo-store
1cdf780938985340,4,4,src/components/hamburger-menu/index.tsx 12-49-42-126.tsx,posx-comet-store;posx-demo-store;posx-eume-store;posx-mokobara-store
fa5b900af15207f7,4,4,src/components/app/configurations/configurations-table.tsx,posx-comet-store;posx-demo-store;posx-eume-store;posx-mokobara-store
9adb6641adf6c4a5,4,4,src/components/app/product/online-promotional-coupon/schema.ts,posx-comet-store;posx-frido-b2b-store;posx-frido-mobility-store;posx-frido-store
41adf7c31bfbc35f,4,4,src/components/app/product/online-campaign-coupon/schema.ts,posx-comet-store;posx-frido-b2b-store;posx-frido-mobility-store;posx-frido-store
a2d4384619cdab4e,4,6,src/components/app/online-orders/payments/pinelabs-form/schema.ts;src/components/app/order/steps/payment-details/pinelabs-form/schema.ts,posx-comet-store;posx-eume-store;posx-mokobara-store;posx-ugaoo-store
1f4e84512ca3da28,4,4,src/routes/employees/employee-list/components/use-employee-table-query.tsx,posx-demo-admin;posx-eume-admin;posx-frido-admin;posx-frido-mobility-admin
d2fd72e5a443f913,4,4,src/routes/pos-inventory/inventory-list/components/use-pos-inventory-table-query.tsx,posx-demo-admin;posx-eume-admin;posx-frido-admin;posx-frido-mobility-admin
097b494caf126ab0,4,4,src/routes/store-coupons/store-list/index.ts,posx-demo-admin;posx-eume-admin;posx-mokobara-admin;posx-ugaoo-admin
a9b17b20320b71bc,4,4,src/routes/store-coupons/coupon-detail/breadcrumb.tsx,posx-demo-admin;posx-eume-admin;posx-mokobara-admin;posx-ugaoo-admin
40704cbfdf2d12cb,4,4,src/routes/store-coupons/coupon-detail/index.ts,posx-demo-admin;posx-eume-admin;posx-mokobara-admin;posx-ugaoo-admin
b1386a04970de5b9,4,4,src/routes/store-coupons/coupon-create/coupon-create.tsx,posx-demo-admin;posx-eume-admin;posx-mokobara-admin;posx-ugaoo-admin
45ee048381ba53c4,4,4,src/routes/store-coupons/coupon-edit/index.ts,posx-demo-admin;posx-eume-admin;posx-mokobara-admin;posx-ugaoo-admin
5d7163c5b8d618dc,4,4,src/routes/store-coupons/store-list/components/store-coupon-list-table/index.ts,posx-demo-admin;posx-eume-admin;posx-mokobara-admin;posx-ugaoo-admin
51a76bf09ea103fa,4,4,src/routes/cms/cms-list/components/use-cms-table-query.tsx,posx-demo-admin;posx-eume-admin;posx-frido-mobility-admin;posx-mokobara-admin
248948de21a901b4,4,4,src/routes/global-config/global-config-edit/components/edit-global-config-form/edit-global-config-form.tsx,posx-demo-admin;posx-frido-admin;posx-frido-b2b-admin;posx-frido-mobility-admin
f54886ffb6f6f9b1,4,4,src/routes/store-details/store-details-create/components/store-code-create-form/store-code-create-form.tsx,posx-demo-admin;posx-frido-admin;posx-frido-b2b-admin;posx-frido-mobility-admin
19187dd967be96a7,4,4,src/routes/footfall/footfall-list/components/export-footfall-button.tsx,posx-demo-admin;posx-eume-admin;posx-frido-admin;posx-frido-mobility-admin
43d40c68474c5d2a,4,4,src/routes/order-details/order-list/components/use-order-details-table-query.tsx,posx-demo-admin;posx-eume-admin;posx-frido-mobility-admin;posx-mokobara-admin
f8b04a6d95fac379,4,4,src/routes/order-details/order-list/components/export-orders-button.tsx,posx-demo-admin;posx-eume-admin;posx-frido-b2b-admin;posx-frido-mobility-admin
a612cc505f52be4d,4,4,src/hooks/api/store-details.tsx,posx-demo-admin;posx-eume-admin;posx-frido-b2b-admin;posx-frido-mobility-admin
8c917e7d755513b9,4,4,src/hooks/api/invites.tsx,posx-demo-admin;posx-eume-admin;posx-frido-admin;posx-frido-mobility-admin
ddf20ceb5d963cc4,4,4,src/api/health-check/route.ts,posx-demo-backend;posx-frido-backend;posx-frido-mobility-backend;posx-mokobara-clearance-backend
96765bcbaff2ccc3,4,4,src/api/direct-razorpay/callback/route.ts,posx-demo-backend;posx-eume-backend;posx-frido-b2b-backend;posx-frido-mobility-backend
b74389d2d73939e2,4,4,src/api/admin/employee/route.ts,posx-demo-backend;posx-eume-backend;posx-frido-b2b-backend;posx-frido-mobility-backend
13d97ba02fe12697,4,4,src/api/admin/cms/accumulation/[storeId]/route.ts,posx-demo-backend;posx-eume-backend;posx-frido-backend;posx-frido-mobility-backend
5cf3cbcc3dfea663,4,4,src/api/admin/order-return-and-exchange/[id]/route.ts,posx-demo-backend;posx-eume-backend;posx-frido-backend;posx-frido-mobility-backend
4b5178dad851fdd1,4,4,src/api/admin/order-return-and-exchange/[id]/exchange/type/route.ts,posx-demo-backend;posx-eume-backend;posx-frido-backend;posx-frido-mobility-backend
63ac67f671e7e8be,4,4,src/workflows/order-detail/steps/check-order-details-existance-step.ts,posx-demo-backend;posx-frido-b2b-backend;posx-frido-backend;posx-frido-mobility-backend
6a3dbbbbd789e413,4,4,src/workflows/shopify-product/steps/create-shopify-product-variant-step.ts,posx-demo-backend;posx-eume-backend;posx-frido-mobility-backend;posx-ugaoo-backend
d7963a9dc06880d5,4,4,src/workflows/store-details/steps/update-store-details-step.ts,posx-demo-backend;posx-frido-b2b-backend;posx-frido-backend;posx-frido-mobility-backend
cc6c57acf82ec821,4,4,src/workflows/store-details/steps/create-store-details-step.ts,posx-demo-backend;posx-frido-b2b-backend;posx-frido-backend;posx-frido-mobility-backend
ff73051e8104c2db,4,4,src/workflows/order-return-and-exchange/steps/check-order-product-returnable-step.ts,posx-demo-backend;posx-eume-backend;posx-frido-mobility-backend;posx-mokobara-backend
055c22b7ee289244,4,4,src/workflows/order-return-and-exchange/steps/calculate-refund-amount-step.ts,posx-demo-backend;posx-eume-backend;posx-frido-backend;posx-frido-mobility-backend
f614f234412ca59b,4,4,src/libs/helpers.ts,posx-demo-store;posx-eume-store;posx-mokobara-store;posx-ugaoo-store
f80f815477f12c2f,4,4,src/components/download-invoice.tsx,posx-demo-store;posx-frido-b2b-store;posx-frido-mobility-store;posx-frido-store
d46a2f234ea60e1d,4,4,src/store/apis/configuration.request.ts,posx-demo-store;posx-frido-b2b-store;posx-frido-mobility-store;posx-mokobara-store
de8b8d8e3bce3f0a,4,4,src/store/apis/transaction.request.ts,posx-demo-store;posx-frido-b2b-store;posx-frido-mobility-store;posx-frido-store
61b812214bedc9dc,4,4,src/store/middlewares/transaction.middleware.ts,posx-demo-store;posx-frido-b2b-store;posx-frido-mobility-store;posx-frido-store
dd9b8d113fa7b49f,4,4,src/store/reducers/return.reducer.ts,posx-demo-store;posx-eume-store;posx-frido-b2b-store;posx-frido-mobility-store
1363b820bbdc7417,4,4,src/store/reducers/customer.reducer.ts,posx-demo-store;posx-eume-store;posx-frido-mobility-store;posx-frido-store
a27a8403ce4766e2,4,4,src/components/primitives/date-time-picker.tsx,posx-demo-store;posx-eume-store;posx-frido-mobility-store;posx-frido-store
9a96106b82167d26,4,4,src/components/primitives/table.tsx,posx-demo-store;posx-frido-b2b-store;posx-frido-mobility-store;posx-frido-store
789b1857da9f5083,4,4,src/components/primitives/select.tsx,posx-demo-store;posx-eume-store;posx-frido-b2b-store;posx-frido-mobility-store
727da0c4cf68d773,4,4,src/components/primitives/input.tsx,posx-demo-store;posx-eume-store;posx-frido-mobility-store;posx-frido-store
b1629bd8b72d0e4e,4,4,src/components/app/footfalls/footfalls-table.tsx,posx-demo-store;posx-eume-store;posx-mokobara-store;posx-ugaoo-store
adbc5d3fbe475110,4,4,src/components/app/online-orders/payments/cash-form/schema.ts,posx-demo-store;posx-eume-store;posx-frido-mobility-store;posx-frido-store
ca6bf8ef472fd14e,4,4,src/components/app/payments/shared/resend-transaction-request.tsx,posx-demo-store;posx-frido-b2b-store;posx-frido-mobility-store;posx-frido-store
3c8f15197c5aaa40,4,4,src/modules/credit-note/index.ts,posx-eume-backend;posx-mokobara-backend;posx-mokobara-clearance-backend;posx-ugaoo-backend
d7a11418ba835291,4,4,src/lib/helpers/pinelabs.ts,posx-eume-backend;posx-mokobara-backend;posx-mokobara-clearance-backend;posx-ugaoo-backend
95571f81d39a5962,4,7,src/routes/online-coupons/index.ts;src/routes/online-coupons/online-coupon-list/index.ts,posx-frido-admin;posx-frido-b2b-admin;posx-frido-mobility-admin;posx-ugaoo-admin
8daa639b284256c0,4,4,src/routes/online-coupons/online-coupon-create/index.ts,posx-frido-admin;posx-frido-b2b-admin;posx-frido-mobility-admin;posx-ugaoo-admin
059c7a9b92a83d8e,4,4,src/links/quotation-store.ts,posx-frido-b2b-backend;posx-frido-backend;posx-frido-mobility-backend;posx-mokobara-backend
c5aa4962ca6de42f,4,4,src/links/quotation-products-shopify-variant.ts,posx-frido-b2b-backend;posx-frido-backend;posx-frido-mobility-backend;posx-mokobara-backend
1ab47ee6d2a097b9,4,4,src/links/quotation-employee.ts,posx-frido-b2b-backend;posx-frido-backend;posx-frido-mobility-backend;posx-mokobara-backend
a4e6c44e764ec61f,4,4,src/modules/quotation/index.ts,posx-frido-b2b-backend;posx-frido-backend;posx-frido-mobility-backend;posx-mokobara-backend
30f936c0cf64b904,4,4,src/modules/quotation/service.ts,posx-frido-b2b-backend;posx-frido-backend;posx-frido-mobility-backend;posx-mokobara-backend
7e9ab872cc03cb32,4,4,src/modules/razorpay-pos/service.ts,posx-frido-b2b-backend;posx-frido-backend;posx-frido-mobility-backend;posx-mokobara-clearance-backend
95b2ee5e54a2b49a,4,4,src/modules/freebie/index.ts,posx-frido-b2b-backend;posx-frido-backend;posx-frido-mobility-backend;posx-mokobara-backend
b8d96bab99324684,4,4,src/modules/freebie/service.ts,posx-frido-b2b-backend;posx-frido-backend;posx-frido-mobility-backend;posx-mokobara-backend
f40e1f08083875d3,4,4,src/modules/campaign-coupon/models/associated-stores.ts,posx-frido-b2b-backend;posx-frido-backend;posx-frido-mobility-backend;posx-mokobara-backend
13adb1bbda8739d5,4,4,src/modules/freebie/migrations/.snapshot-freebie.json;src/modules/freebie/migrations/.snapshot-postgres.json;src/modules/freebie/migrations/.snapshot-posx_frido_b2b_dev.json,posx-frido-b2b-backend;posx-frido-backend;posx-frido-mobility-backend;posx-mokobara-backend
6f6bc8325077f238,4,4,src/modules/quotation/migrations/.snapshot-postgres.json;src/modules/quotation/migrations/.snapshot-posx_frido_b2b_dev.json;src/modules/quotation/migrations/.snapshot-quotation.json,posx-frido-b2b-backend;posx-frido-backend;posx-frido-mobility-backend;posx-mokobara-backend
26d9bcab0aaa4259,4,4,src/modules/quotation/models/quotation_address.ts,posx-frido-b2b-backend;posx-frido-backend;posx-frido-mobility-backend;posx-mokobara-backend
6434dcd83b4da748,4,4,src/api/fill-pincode/route.ts,posx-frido-b2b-backend;posx-frido-backend;posx-frido-mobility-backend;posx-mokobara-clearance-backend
dabb95c93b3c3891,4,4,src/api/admin/online-coupon/middlewares.ts,posx-frido-b2b-backend;posx-frido-backend;posx-frido-mobility-backend;posx-mokobara-backend
e7f7d79959c9e5d3,4,4,src/api/datachannel/footfall/route.ts,posx-frido-b2b-backend;posx-frido-backend;posx-frido-mobility-backend;posx-mokobara-clearance-backend
213bc28f0e9b1ebc,4,4,src/lib/helpers/get-gst-info-by-hsn.ts,posx-frido-b2b-backend;posx-frido-backend;posx-frido-mobility-backend;posx-mokobara-clearance-backend
38c9b2f739e5eb4d,4,4,src/lib/helpers/get-total-amount.ts,posx-frido-b2b-backend;posx-frido-backend;posx-frido-mobility-backend;posx-mokobara-clearance-backend
4740196eca01ddd6,4,4,src/lib/helpers/distribute-custom-discount.ts,posx-frido-b2b-backend;posx-frido-backend;posx-frido-mobility-backend;posx-mokobara-backend
56bc9311e26cb47b,4,4,src/workflows/employee/steps/check-employee-existance-step.ts,posx-frido-b2b-backend;posx-frido-backend;posx-mokobara-backend;posx-mokobara-clearance-backend
cca2e55c14523623,4,4,src/workflows/order-detail/workflows/update-order-details.ts,posx-frido-b2b-backend;posx-frido-backend;posx-frido-mobility-backend;posx-ugaoo-backend
b1d676e9b002d748,4,4,src/workflows/store-details/steps/check-store-existance-step.ts,posx-frido-b2b-backend;posx-frido-backend;posx-frido-mobility-backend;posx-mokobara-clearance-backend
5f99fa806a29a0ca,4,4,src/types/workflows/freebie.ts,posx-frido-b2b-backend;posx-frido-backend;posx-frido-mobility-backend;posx-mokobara-backend
3c32167eaca8bb61,4,4,src/types/workflows/online-coupon.ts,posx-frido-b2b-backend;posx-frido-backend;posx-frido-mobility-backend;posx-mokobara-backend
d5a760176f80e34e,4,4,src/types/workflows/quotation.ts,posx-frido-b2b-backend;posx-frido-backend;posx-frido-mobility-backend;posx-mokobara-backend
7af9e0b2302f9733,4,4,src/types/validators/quotation-address.ts,posx-frido-b2b-backend;posx-frido-backend;posx-frido-mobility-backend;posx-mokobara-backend
94105307c7669896,4,4,src/types/validators/freebie.ts,posx-frido-b2b-backend;posx-frido-backend;posx-frido-mobility-backend;posx-mokobara-backend
3bdc1376e9a71012,4,4,src/types/validators/online-coupon.ts,posx-frido-b2b-backend;posx-frido-backend;posx-frido-mobility-backend;posx-mokobara-backend
9b682e1d45244e3e,4,4,src/components/app/coupons/coupons-filter.tsx,posx-frido-b2b-store;posx-frido-mobility-store;posx-frido-store;posx-mokobara-store
cb11a06f1f268e0f,3,3,src/routes/login/login.tsx,posx-comet-admin;posx-demo-admin;posx-eume-admin
07fda0db1129090f,3,3,src/routes/order-details/order-detail/order-detail.tsx,posx-comet-admin;posx-demo-admin;posx-eume-admin
9cb1157e15c04bc9,3,3,src/routes/order-details/order-detail/components/customer-info-section.tsx,posx-comet-admin;posx-demo-admin;posx-mokobara-admin
df023d026476aea4,3,3,src/routes/order-details/order-detail/components/order-items-section.tsx,posx-comet-admin;posx-demo-admin;posx-eume-admin
e98749ce771f627c,3,3,src/routes/order-details/order-list/components/order-report-grid.tsx,posx-comet-admin;posx-demo-admin;posx-frido-mobility-admin
28d54f930ef0e85f,3,3,src/components/custom-search/custom-search.tsx,posx-comet-admin;posx-demo-admin;posx-mokobara-admin
1bb7096ceace026b,3,3,src/components/common/logo-box/avatar-box.tsx,posx-comet-admin;posx-frido-admin;posx-frido-mobility-admin
becfdcbc04edf0e7,3,3,src/modules/system-config/migrations/Migration20250325105542.ts,posx-comet-backend;posx-frido-backend;posx-frido-mobility-backend
54d40d59fb70caef,3,3,src/modules/campaign-coupon/migrations/.snapshot-medusatest.json,posx-comet-backend;posx-frido-backend;posx-frido-mobility-backend
af68a3866c885cc3,3,3,src/modules/campaign-coupon/migrations/.snapshot-comet-poc.json,posx-comet-backend;posx-frido-backend;posx-frido-mobility-backend
67b0fc7c88af3be2,3,3,src/modules/campaign-coupon/migrations/.snapshot-medusa-pos-backend.json,posx-comet-backend;posx-frido-backend;posx-frido-mobility-backend
a97280112f608d31,3,3,src/modules/pos-inventory/migrations/Migration20250328020605.ts,posx-comet-backend;posx-frido-backend;posx-frido-mobility-backend
ac8c060650355a4d,3,3,src/modules/pos-inventory/migrations/Migration20250331060013.ts,posx-comet-backend;posx-frido-backend;posx-frido-mobility-backend
3bb46c0eb5de0412,3,3,src/modules/pos-inventory/migrations/Migration20250330115509.ts,posx-comet-backend;posx-frido-backend;posx-frido-mobility-backend
9c908bce8c763e30,3,3,src/modules/pos-inventory/migrations/Migration20250328021228.ts,posx-comet-backend;posx-frido-backend;posx-frido-mobility-backend
224c0f79d57a67c9,3,3,src/modules/pos-inventory/migrations/Migration20250318085538.ts,posx-comet-backend;posx-frido-backend;posx-frido-mobility-backend
df867aecbea213ec,3,3,src/modules/pos-inventory/migrations/Migration20250405150108.ts,posx-comet-backend;posx-frido-backend;posx-frido-mobility-backend
e134f2b0cd15d1f7,3,3,src/modules/pos-inventory/migrations/Migration20250328015819.ts,posx-comet-backend;posx-frido-backend;posx-frido-mobility-backend
60c1b02a727eddf4,3,3,src/modules/pos-inventory/migrations/Migration20250412080236.ts,posx-comet-backend;posx-frido-backend;posx-frido-mobility-backend
09d75848274b94fd,3,3,src/modules/pos-inventory/migrations/Migration20250318122125.ts,posx-comet-backend;posx-frido-backend;posx-frido-mobility-backend
369e6d6bacea2a11,3,3,src/modules/pos-inventory/migrations/.snapshot-medusa-pos-backend.json,posx-comet-backend;posx-frido-backend;posx-frido-mobility-backend
5b24ced84d406ed3,3,3,src/modules/pos-inventory/migrations/Migration20250318110205.ts,posx-comet-backend;posx-frido-backend;posx-frido-mobility-backend
2e0f7e915ae35d0c,3,3,src/modules/pos-inventory/migrations/Migration20250325200723.ts,posx-comet-backend;posx-frido-backend;posx-frido-mobility-backend
bab649c798838d78,3,3,src/modules/pos-inventory/migrations/Migration20250328021023.ts,posx-comet-backend;posx-frido-backend;posx-frido-mobility-backend
8cdf231114969dcb,3,3,src/modules/pos-inventory/migrations/Migration20250328021235.ts,posx-comet-backend;posx-frido-backend;posx-frido-mobility-backend
a3996c609f27912a,3,3,src/modules/pos-inventory/migrations/Migration20250328021046.ts,posx-comet-backend;posx-frido-backend;posx-frido-mobility-backend
2bf0ac65779ab9d3,3,3,src/modules/employee/migrations/Migration20250325133047.ts,posx-comet-backend;posx-frido-backend;posx-frido-mobility-backend
52c527de5a0f4acd,3,3,src/modules/employee/migrations/Migration20250320054257.ts,posx-comet-backend;posx-frido-backend;posx-frido-mobility-backend
8fa473415b276aa0,3,3,src/modules/employee/migrations/Migration20250319121008.ts,posx-comet-backend;posx-frido-backend;posx-frido-mobility-backend
70580ccca0101cd7,3,3,src/modules/employee/migrations/Migration20250325122547.ts,posx-comet-backend;posx-frido-backend;posx-frido-mobility-backend
1f14a079108b850f,3,3,src/modules/employee/migrations/Migration20250325133029.ts,posx-comet-backend;posx-frido-backend;posx-frido-mobility-backend
1249b16495c34f32,3,3,src/modules/employee/migrations/Migration20250320055015.ts,posx-comet-backend;posx-frido-backend;posx-frido-mobility-backend
adf36a0926b1e6b7,3,3,src/modules/employee/migrations/Migration20250507062419.ts,posx-comet-backend;posx-frido-backend;posx-frido-mobility-backend
84c8a6200247d2ce,3,3,src/modules/employee/migrations/Migration20250507062439.ts,posx-comet-backend;posx-frido-backend;posx-frido-mobility-backend
435c58cb7f69a858,3,3,src/modules/employee/migrations/Migration20250320055027.ts,posx-comet-backend;posx-frido-backend;posx-frido-mobility-backend
c7be57ab4fb96757,3,3,src/modules/employee/migrations/Migration20250325131121.ts,posx-comet-backend;posx-frido-backend;posx-frido-mobility-backend
042121983da7e64f,3,3,src/modules/employee/migrations/.snapshot-medusa-pos-backend.json,posx-comet-backend;posx-frido-backend;posx-frido-mobility-backend
b42359db1605a3df,3,3,src/modules/employee/migrations/Migration20250325133347.ts,posx-comet-backend;posx-frido-backend;posx-frido-mobility-backend
08faa7e4fbfc79bb,3,3,src/modules/employee/migrations/Migration20250507052355.ts,posx-comet-backend;posx-frido-backend;posx-frido-mobility-backend
e6be5628a854e4f6,3,3,src/modules/shopify-product/migrations/Migration20250317113554.ts,posx-comet-backend;posx-frido-backend;posx-frido-mobility-backend
76fa860bf3d9c572,3,3,src/modules/shopify-product/migrations/Migration20250317115039.ts,posx-comet-backend;posx-frido-backend;posx-frido-mobility-backend
97ff3eca12b511bf,3,3,src/modules/shopify-product/migrations/Migration20250411080111.ts,posx-comet-backend;posx-frido-backend;posx-frido-mobility-backend
f1bd1116d1e5930f,3,3,src/modules/shopify-product/migrations/Migration20250411074118.ts,posx-comet-backend;posx-frido-backend;posx-frido-mobility-backend
761ac267e7535346,3,3,src/modules/shopify-product/migrations/Migration20250411080054.ts,posx-comet-backend;posx-frido-backend;posx-frido-mobility-backend
c6ee4d9dabefa2fa,3,3,src/modules/shopify-product/migrations/Migration20250401104545.ts,posx-comet-backend;posx-frido-backend;posx-frido-mobility-backend
e60eeac711aa3b60,3,3,src/modules/shopify-product/migrations/Migration20250313125923.ts,posx-comet-backend;posx-frido-backend;posx-frido-mobility-backend
f7825bbfa858562f,3,3,src/modules/shopify-product/migrations/Migration20250315110934.ts,posx-comet-backend;posx-frido-backend;posx-frido-mobility-backend
3249b18ee40d27fc,3,3,src/modules/shopify-product/migrations/Migration20250315050056.ts,posx-comet-backend;posx-frido-backend;posx-frido-mobility-backend
29163d62c150dbc3,3,3,src/modules/shopify-product/migrations/.snapshot-medusa-pos-backend.json,posx-comet-backend;posx-frido-backend;posx-frido-mobility-backend
53aabe08e03f8a64,3,3,src/modules/shopify-product/migrations/Migration20250315110944.ts,posx-comet-backend;posx-frido-backend;posx-frido-mobility-backend
7890f587904e5d3d,3,3,src/modules/shopify-product/migrations/Migration20250317051819.ts,posx-comet-backend;posx-frido-backend;posx-frido-mobility-backend
ef0bfcc4877b2874,3,3,src/modules/shopify-product/migrations/Migration20250315045104.ts,posx-comet-backend;posx-frido-backend;posx-frido-mobility-backend
c64438218a9e5dc3,3,3,src/modules/cms/migrations/Migration20250407075023.ts,posx-comet-backend;posx-frido-backend;posx-frido-mobility-backend
cbf2f0284cb0da85,3,3,src/modules/cms/migrations/Migration20250407091358.ts,posx-comet-backend;posx-frido-backend;posx-frido-mobility-backend
c49971428316360a,3,3,src/modules/global-config/migrations/Migration20250317052833.ts,posx-comet-backend;posx-frido-backend;posx-frido-mobility-backend
8e95ab653dcbfce2,3,3,src/modules/global-config/migrations/Migration20250313041846.ts,posx-comet-backend;posx-frido-backend;posx-frido-mobility-backend
0714c284c32c3faf,3,3,src/modules/footfall/migrations/Migration20250416051302.ts,posx-comet-backend;posx-frido-backend;posx-frido-mobility-backend
592d37b67e813dae,3,3,src/modules/footfall/migrations/Migration20250416051004.ts,posx-comet-backend;posx-frido-backend;posx-frido-mobility-backend
3f2ddfe82e5e2b7c,3,3,src/modules/footfall/migrations/Migration20250416051249.ts,posx-comet-backend;posx-frido-backend;posx-frido-mobility-backend
b58f5a521ac8f8c7,3,3,src/modules/pincode/migrations/Migration20250622163224.ts,posx-comet-backend;posx-frido-backend;posx-frido-mobility-backend
4da51ccf43cd2ddd,3,3,src/modules/shopify-collection/migrations/Migration20250331084850.ts,posx-comet-backend;posx-frido-backend;posx-frido-mobility-backend
9302bbd6e3a0bce3,3,3,src/modules/shopify-collection/migrations/Migration20250331125615.ts,posx-comet-backend;posx-frido-backend;posx-frido-mobility-backend
68cedd21f490b94a,3,3,src/api/change-returnable/route.ts,posx-comet-backend;posx-frido-b2b-backend;posx-frido-mobility-backend
dad4624ebc82be1e,3,3,src/api/admin/invite-management/query-config.ts,posx-comet-backend;posx-mokobara-backend;posx-mokobara-clearance-backend
fc7c9640857f9f68,3,3,src/api/admin/pos-inventory/job/route.ts,posx-comet-backend;posx-demo-backend;posx-eume-backend
baac368c775f2e38,3,3,src/workflows/pos-inventory/workflows/update-shopping-bag-counts.ts,posx-comet-backend;posx-frido-backend;posx-frido-mobility-backend
a5b581aabe334e42,3,3,src/workflows/cart/workflows/remove-campaign-coupon.ts,posx-comet-backend;posx-frido-backend;posx-frido-mobility-backend
78952eed75b06e5b,3,3,src/workflows/cart/workflows/remove-promotional-coupon.ts,posx-comet-backend;posx-frido-backend;posx-frido-mobility-backend
c170fb1211707d33,3,3,src/workflows/exports/workflows/export-order-details-workflow.ts,posx-comet-backend;posx-demo-backend;posx-frido-mobility-backend
5ea107dd9f80ff36,3,3,.github/workflows/deploy.yml,posx-comet-backend;posx-frido-backend;posx-frido-mobility-backend
3629348b5114bce3,3,3,src/components/infinite-scroll-select.tsx,posx-comet-store;posx-demo-store;posx-eume-store
b55c0190ca6d3c89,3,3,src/store/apis/online-order.request.ts,posx-comet-store;posx-demo-store;posx-eume-store
c0abdd3289c46d1d,3,3,src/store/middlewares/inventory.middleware.ts,posx-comet-store;posx-demo-store;posx-eume-store
c61a8b61d9233312,3,3,src/components/hamburger-menu/overlay.tsx,posx-comet-store;posx-demo-store;posx-eume-store
7f31f564f39e3aeb,3,3,src/components/app/stores/stores-table.tsx,posx-comet-store;posx-demo-store;posx-mokobara-store
231ce5cebae6955c,3,3,src/components/app/customer/new-customer/schema.ts,posx-comet-store;posx-demo-store;posx-frido-mobility-store
e35abe8f7ccfc59f,3,3,src/routes/store-coupons/store-list/store-list.tsx,posx-demo-admin;posx-eume-admin;posx-mokobara-admin
b054460698807307,3,3,src/routes/store-coupons/coupon-detail/coupon-detail.tsx,posx-demo-admin;posx-eume-admin;posx-mokobara-admin
b39d72349663c73c,3,3,src/routes/store-coupons/coupon-edit/coupon-edit.tsx,posx-demo-admin;posx-eume-admin;posx-ugaoo-admin
f20aeb0eccd9b93c,3,3,src/routes/store-coupons/coupon-detail/components/validity-section.tsx,posx-demo-admin;posx-eume-admin;posx-mokobara-admin
5f981258dafb7855,3,3,src/routes/store-coupons/coupon-detail/components/basic-info-section.tsx,posx-demo-admin;posx-eume-admin;posx-ugaoo-admin
46bdadd86714519b,3,3,src/routes/store-coupons/coupon-detail/components/applicable-products-section.tsx,posx-demo-admin;posx-eume-admin;posx-mokobara-admin
a10c63979b1c24b7,3,3,src/routes/cms/cms-list/components/cms-list-table/cms-list-table.tsx,posx-demo-admin;posx-eume-admin;posx-frido-mobility-admin
b5ecdd9c7c692697,3,3,src/routes/footfall/footfall-list/components/footfall-list-table.tsx,posx-demo-admin;posx-eume-admin;posx-frido-mobility-admin
e4a74e0ce1aa5f97,3,3,src/hooks/api/auth.tsx,posx-demo-admin;posx-eume-admin;posx-frido-mobility-admin
84465882066ce587,3,3,src/hooks/api/index.ts,posx-demo-admin;posx-eume-admin;posx-mokobara-admin
5d32f6df10919b3c,3,3,src/components/authentication/protected-route/protected-route.tsx,posx-demo-admin;posx-eume-admin;posx-ugaoo-admin
25a34dc9b3760c1c,3,3,src/links/cms-store.ts,posx-demo-backend;posx-eume-backend;posx-ugaoo-backend
7e1092de826fe7be,3,3,src/links/employee-store.ts,posx-demo-backend;posx-eume-backend;posx-ugaoo-backend
fe6c82213104988b,3,3,src/links/inventory-tracking-store-details-link.ts,posx-demo-backend;posx-eume-backend;posx-ugaoo-backend
ed2d364f375e64e5,3,3,src/links/cms-employee.ts,posx-demo-backend;posx-eume-backend;posx-ugaoo-backend
e49b59b11a397551,3,3,src/links/associated-stores-store-detail-link.ts,posx-demo-backend;posx-eume-backend;posx-ugaoo-backend
c5559b7dafb16c83,3,3,src/subscribers/inventory-product-item-created.ts,posx-demo-backend;posx-eume-backend;posx-ugaoo-backend
72ecd943693f90d6,3,3,src/jobs/store-coupon-status-updates.ts,posx-demo-backend;posx-eume-backend;posx-ugaoo-backend
5e9c148995fc3553,3,3,src/modules/razorpay-pos/service.ts,posx-demo-backend;posx-eume-backend;posx-ugaoo-backend
2f70a6cfe79d43fa,3,3,src/modules/store-coupon/index.ts,posx-demo-backend;posx-eume-backend;posx-ugaoo-backend
ae071ff2c59c7272,3,3,src/modules/store-coupon/models/associated-stores.ts,posx-demo-backend;posx-eume-backend;posx-ugaoo-backend
ecb52a27ab2d1396,3,3,src/api/change-returnable/route.ts,posx-demo-backend;posx-eume-backend;posx-ugaoo-backend
37778dd3b9ca926e,3,3,src/api/fill-gst/route.ts,posx-demo-backend;posx-eume-backend;posx-ugaoo-backend
6d6a88967747e605,3,3,src/api/fill-pincode/route.ts,posx-demo-backend;posx-eume-backend;posx-ugaoo-backend
c71657f548aacd9f,3,3,src/api/admin/pos-inventory/export/route.ts,posx-demo-backend;posx-frido-backend;posx-frido-mobility-backend
84639611358a5b09,3,3,src/api/admin/employee/[id]/route.ts,posx-demo-backend;posx-eume-backend;posx-frido-mobility-backend
48e17a0a27df5fb0,3,3,src/api/admin/order-detail/report/route.ts,posx-demo-backend;posx-frido-mobility-backend;posx-mokobara-clearance-backend
598470aaf50ef1ba,3,3,src/api/admin/order-detail/[id]/invoice/route.ts,posx-demo-backend;posx-eume-backend;posx-mokobara-clearance-backend
3f7db04bd244e679,3,3,src/api/admin/cms/export/route.ts,posx-demo-backend;posx-eume-backend;posx-frido-mobility-backend
7df4886247e6faa6,3,3,src/api/admin/product/[handle]/route.ts,posx-demo-backend;posx-eume-backend;posx-ugaoo-backend
01676ac277abccb7,3,3,src/api/admin/footfall/export/route.ts,posx-demo-backend;posx-eume-backend;posx-ugaoo-backend
dccdc781948bb550,3,3,src/lib/helpers/get-hsn-code-from-shopify.ts,posx-demo-backend;posx-eume-backend;posx-ugaoo-backend
12489c6f0d0e83d1,3,3,src/workflows/shopify-product/create-shopify-product.ts,posx-demo-backend;posx-eume-backend;posx-ugaoo-backend
61362602220e015c,3,3,src/workflows/employee/steps/check-employee-existance-step.ts,posx-demo-backend;posx-eume-backend;posx-frido-mobility-backend
4b2fa90344a703ae,3,3,src/workflows/employee/steps/update-employee-step.ts,posx-demo-backend;posx-eume-backend;posx-frido-mobility-backend
246999523859e6b3,3,3,src/workflows/employee/steps/delete-employee-step.ts,posx-demo-backend;posx-frido-mobility-backend;posx-mokobara-clearance-backend
cc3b9a22a3805998,3,3,src/workflows/order-detail/workflows/confirm-order-details.ts,posx-demo-backend;posx-frido-mobility-backend;posx-ugaoo-backend
a5f9970db62c091c,3,3,src/workflows/order-detail/workflows/update-order-details.ts,posx-demo-backend;posx-eume-backend;posx-mokobara-clearance-backend
3ec5b6d54f99f712,3,3,src/workflows/order-detail/steps/generate-coupon-usage-csv-step.ts,posx-demo-backend;posx-eume-backend;posx-frido-mobility-backend
41b0f798dba381ac,3,3,src/workflows/payment-detail/steps/exchange-payment-adjustment-step.ts,posx-demo-backend;posx-frido-backend;posx-frido-mobility-backend
b47b2c477acafd7f,3,3,src/workflows/payment-detail/steps/verify-refund-payment-step.ts,posx-demo-backend;posx-frido-b2b-backend;posx-frido-mobility-backend
0f69b8807fc8f45a,3,3,src/workflows/shopify-product/steps/update-medusa-product-step.ts,posx-demo-backend;posx-frido-b2b-backend;posx-frido-mobility-backend
66d2770e2f26607e,3,3,src/workflows/shopify-product/steps/update-medusa-product-variant-step.ts,posx-demo-backend;posx-eume-backend;posx-ugaoo-backend
0b97705045b3a650,3,3,src/workflows/cart/workflows/bulk-add-to-cart.ts,posx-demo-backend;posx-eume-backend;posx-ugaoo-backend
fc1091c5102d5e32,3,3,src/workflows/cart/workflows/remove-store-coupon.ts,posx-demo-backend;posx-eume-backend;posx-ugaoo-backend
445bf3e941711b74,3,3,src/workflows/cart/workflows/remove-online-coupon.ts,posx-demo-backend;posx-eume-backend;posx-ugaoo-backend
edd69a9e4e88ddb5,3,3,src/workflows/cart/workflows/remove-custom-discount.ts,posx-demo-backend;posx-eume-backend;posx-ugaoo-backend
737ef20641c80cb8,3,3,src/workflows/cart/workflows/add-personalization.ts,posx-demo-backend;posx-eume-backend;posx-ugaoo-backend
b4e980f0d8f11d02,3,3,src/workflows/cms/steps/generate-cms-csv-step.ts,posx-demo-backend;posx-eume-backend;posx-frido-mobility-backend
6007f26501e75751,3,3,src/workflows/cms/steps/create-cms-step.ts,posx-demo-backend;posx-eume-backend;posx-frido-mobility-backend
e9592ab089f77494,3,3,src/workflows/store-coupon/workflows/delete-store-coupon.ts,posx-demo-backend;posx-eume-backend;posx-ugaoo-backend
1462f7e0a7e17f87,3,3,src/workflows/store-coupon/workflows/update-store-coupon-usage.ts,posx-demo-backend;posx-mokobara-backend;posx-ugaoo-backend
ec4b4f90c629797a,3,3,src/workflows/store-coupon/steps/delete-store-coupon-step.ts,posx-demo-backend;posx-eume-backend;posx-ugaoo-backend
68944c1b80e7b124,3,3,src/workflows/shopify-customer/workflows/update-customer-address.ts,posx-demo-backend;posx-eume-backend;posx-ugaoo-backend
b344038f95866db5,3,3,src/workflows/shopify-customer/workflows/add-customer-address.ts,posx-demo-backend;posx-eume-backend;posx-ugaoo-backend
b72aa5cc0e2fcc2d,3,3,src/workflows/shopify-customer/steps/update-customer-step.ts,posx-demo-backend;posx-eume-backend;posx-ugaoo-backend
45b2480cfe11e7bb,3,3,src/workflows/order-return-and-exchange/steps/return-order-product-step.ts,posx-demo-backend;posx-eume-backend;posx-frido-mobility-backend
f411bcd31db4fb1a,3,3,src/workflows/footfall/steps/generate-footfall-csv-step.ts,posx-demo-backend;posx-eume-backend;posx-ugaoo-backend
0477759bc9a4d4a2,3,3,src/types/workflows/online-order.ts;src/types/workflows/store-coupon-for-order.ts,posx-demo-backend;posx-eume-backend;posx-ugaoo-backend
be1b795e98f00a8a,3,3,src/types/validators/gst.ts,posx-demo-backend;posx-eume-backend;posx-ugaoo-backend
43cc3dc8a8eabe1f,3,3,src/types/validators/order-return-exchange.ts,posx-demo-backend;posx-frido-b2b-backend;posx-frido-mobility-backend
10d9441e4a793558,3,3,src/types/validators/cms.ts,posx-demo-backend;posx-eume-backend;posx-frido-mobility-backend
1dff7a35016272b2,3,3,src/types/validators/pos-inventory.ts,posx-demo-backend;posx-frido-backend;posx-frido-mobility-backend
7e6b421977af5905,3,3,src/types/gst.ts,posx-demo-store;posx-eume-store;posx-ugaoo-store
550d8b4e2fc6a2c6,3,3,src/types/product-variant.ts,posx-demo-store;posx-eume-store;posx-ugaoo-store
412743c6655d8c71,3,3,src/libs/env.ts,posx-demo-store;posx-eume-store;posx-frido-mobility-store
43ebf537c33e3436,3,3,src/pages/not-found.tsx,posx-demo-store;posx-eume-store;posx-ugaoo-store
90b262da88a10bbf,3,3,src/store/apis/report.request.ts,posx-demo-store;posx-eume-store;posx-ugaoo-store
a9a03748ad8e50f5,3,3,src/store/middlewares/return.middleware.ts,posx-demo-store;posx-frido-b2b-store;posx-frido-mobility-store
174a42ab2bb528a2,3,3,src/store/actions/return.action.ts,posx-demo-store;posx-frido-b2b-store;posx-frido-mobility-store
878bb864c0ff8ca2,3,3,src/store/actions/cms.action.ts,posx-demo-store;posx-eume-store;posx-mokobara-store
2b3c6a0503a71174,3,3,src/store/actions/customer.action.ts,posx-demo-store;posx-eume-store;posx-ugaoo-store
a99db4e885758c48,3,3,src/store/actions/retail-coupon.action.ts,posx-demo-store;posx-eume-store;posx-ugaoo-store
8d796649c8f03012,3,3,src/store/actions/product.action.ts,posx-demo-store;posx-eume-store;posx-ugaoo-store
c768f39e5c59f25a,3,3,src/store/actions/footfall.action.ts,posx-demo-store;posx-eume-store;posx-mokobara-store
1463f2ee5859bed7,3,3,src/store/reducers/retail-coupon.reducer.ts,posx-demo-store;posx-eume-store;posx-ugaoo-store
44e8b1cbd5628e63,3,3,src/pages/configurations/index.tsx,posx-demo-store;posx-eume-store;posx-ugaoo-store
b5be6717be2fbb5c,3,3,src/pages/inventory/inbound.tsx,posx-demo-store;posx-eume-store;posx-ugaoo-store
aa19ac42151c5792,3,3,src/pages/customer/orders/past-orders/index.tsx,posx-demo-store;posx-eume-store;posx-ugaoo-store
9add2b244a080054,3,3,src/components/shimmers/chip-shimmer-component.tsx,posx-demo-store;posx-eume-store;posx-mokobara-store
6f114ccf0eb2b192,3,3,src/components/primitives/alert-dialog.tsx,posx-demo-store;posx-eume-store;posx-ugaoo-store
43f1865160fec8c0,3,3,src/components/primitives/date-range-picker.tsx,posx-demo-store;posx-eume-store;posx-frido-mobility-store
f50b0a981d76c5bb,3,3,src/components/app/coupons/coupons-filter.tsx,posx-demo-store;posx-eume-store;posx-ugaoo-store
46f73c2774b0addf,3,3,src/components/app/employees/employees-table.tsx,posx-demo-store;posx-eume-store;posx-mokobara-store
6f994d373e354e72,3,3,src/components/app/product/online-retail-coupon/schema.ts,posx-demo-store;posx-eume-store;posx-ugaoo-store
67e9edbc01e4cc62,3,3,src/components/app/product/online-coupon-product/schema.ts,posx-demo-store;posx-eume-store;posx-ugaoo-store
5e9955b968740790,3,3,src/jobs/expire-credit-notes.ts,posx-eume-backend;posx-mokobara-clearance-backend;posx-ugaoo-backend
93fce6a85d99a958,3,3,src/modules/order-detail/models/exchanged-order.ts,posx-eume-backend;posx-mokobara-backend;posx-ugaoo-backend
d7294d1dadfd2974,3,3,src/modules/credit-note/models/credit-note-transaction.ts,posx-eume-backend;posx-mokobara-clearance-backend;posx-ugaoo-backend
3fc2072ead26b300,3,3,src/api/admin/credit-note/balance/route.ts,posx-eume-backend;posx-mokobara-clearance-backend;posx-ugaoo-backend
5955eb85fe505733,3,3,src/api/admin/credit-note/[id]/route.ts,posx-eume-backend;posx-mokobara-clearance-backend;posx-ugaoo-backend
49ece82fedd26f0c,3,3,src/workflows/order-detail/workflows/cancel-order-detail-workflow.ts,posx-eume-backend;posx-mokobara-backend;posx-mokobara-clearance-backend
8050c8b19af0b381,3,3,src/workflows/order-detail/steps/check-order-details-existance-step.ts,posx-eume-backend;posx-mokobara-backend;posx-mokobara-clearance-backend
1bd2fb687d456fca,3,3,src/types/validators/credit-note.ts,posx-eume-backend;posx-mokobara-clearance-backend;posx-ugaoo-backend
65bc50ec003e77a2,3,3,src/components/app/customer/credit-balance-card/index.tsx,posx-eume-store;posx-mokobara-store;posx-ugaoo-store
0fba3d49b22cefc5,3,3,src/components/app/order/steps/payment-details/credit-note-form/schema.ts,posx-eume-store;posx-mokobara-store;posx-ugaoo-store
cae73a60eb164c48,3,3,scripts/generate-currencies.js,posx-frido-admin;posx-frido-b2b-admin;posx-frido-mobility-admin
3e5340252eb4f6a2,3,3,src/lib/s3.ts,posx-frido-admin;posx-frido-b2b-admin;posx-mokobara-admin
597fbb138326f9b8,3,3,src/routes/online-coupons/types.ts,posx-frido-admin;posx-frido-b2b-admin;posx-frido-mobility-admin
21a0798752f087ba,3,3,src/routes/reset-password/reset-password.tsx,posx-frido-admin;posx-frido-b2b-admin;posx-frido-mobility-admin
7eb0b500e24fe1df,3,3,src/routes/campaign-coupons/coupon-edit/components/edit-coupon-form.tsx,posx-frido-admin;posx-frido-b2b-admin;posx-frido-mobility-admin
3365dbe2438f9f1c,3,3,src/routes/campaign-coupons/coupon-create/components/product-selection/product-selection.tsx,posx-frido-admin;posx-frido-b2b-admin;posx-frido-mobility-admin
69a61acd1f6e2fb0,3,3,src/routes/campaign-coupons/campaign-list/components/campaign-coupon-list-table/campaign-coupon-list-table.tsx,posx-frido-admin;posx-frido-b2b-admin;posx-frido-mobility-admin
3afcae5a3d93ac22,3,3,src/routes/online-coupons/online-coupon-create/constants.ts,posx-frido-admin;posx-frido-b2b-admin;posx-frido-mobility-admin
e4cb6fa7f5f123ff,3,3,src/routes/online-coupons/online-coupon-create/online-coupon-create.tsx,posx-frido-admin;posx-frido-b2b-admin;posx-frido-mobility-admin
b54ee1fe4fb41036,3,3,src/routes/online-coupons/online-coupon-edit/online-coupon-edit.tsx,posx-frido-admin;posx-frido-b2b-admin;posx-frido-mobility-admin
cb69cb5add359a88,3,3,src/routes/online-coupons/online-coupon-edit/index.ts,posx-frido-admin;posx-frido-b2b-admin;posx-frido-mobility-admin
f07ede51060bb738,3,3,src/routes/online-coupons/online-coupon-list/online-coupon-list.tsx,posx-frido-admin;posx-frido-b2b-admin;posx-frido-mobility-admin
2f06cb559628f028,3,3,src/routes/online-coupons/online-coupon-detail/online-coupon-detail.tsx,posx-frido-admin;posx-frido-b2b-admin;posx-frido-mobility-admin
47a418eb1d7cc80e,3,3,src/routes/online-coupons/online-coupon-detail/loader.ts,posx-frido-admin;posx-frido-b2b-admin;posx-frido-mobility-admin
665d3da29cd0b4ac,3,3,src/routes/online-coupons/online-coupon-detail/breadcrumb.tsx,posx-frido-admin;posx-frido-b2b-admin;posx-frido-mobility-admin
f1cd660a6632c56e,3,3,src/routes/online-coupons/online-coupon-detail/index.ts,posx-frido-admin;posx-frido-b2b-admin;posx-frido-mobility-admin
0a7ba651da4c84d2,3,3,src/routes/online-coupons/online-coupon-detail/components/online-coupon-info-section.tsx,posx-frido-admin;posx-frido-b2b-admin;posx-frido-mobility-admin
33d8fa116647f28c,3,3,src/routes/online-coupons/online-coupon-list/components/use-online-coupon-table-query.tsx,posx-frido-admin;posx-frido-b2b-admin;posx-frido-mobility-admin
ea0e44165298ac91,3,3,src/routes/online-coupons/online-coupon-list/components/online-coupon-list-table/index.ts,posx-frido-admin;posx-frido-b2b-admin;posx-frido-mobility-admin
2eb3a38e239c0915,3,3,src/routes/online-coupons/online-coupon-list/components/online-coupon-list-table/online-coupon-list-table.tsx,posx-frido-admin;posx-frido-b2b-admin;posx-frido-mobility-admin
8bda156164c0d5f8,3,3,src/routes/online-coupons/online-coupon-edit/components/edit-online-coupon-form/edit-online-coupon-form.tsx,posx-frido-admin;posx-frido-b2b-admin;posx-frido-mobility-admin
045afb7aa9aa1682,3,3,src/routes/online-coupons/online-coupon-edit/components/edit-online-coupon-form/index.ts,posx-frido-admin;posx-frido-b2b-admin;posx-frido-mobility-admin
c39160cb75f7913b,3,3,src/routes/online-coupons/online-coupon-create/components/online-coupon-info-create-form/basic-info-create-form.tsx,posx-frido-admin;posx-frido-b2b-admin;posx-frido-mobility-admin
1910dae0ad469f46,3,3,src/routes/online-coupons/online-coupon-create/components/online-coupon-create-form/online-coupon-create-form.tsx,posx-frido-admin;posx-frido-b2b-admin;posx-frido-mobility-admin
f125089d174e4f99,3,3,src/routes/order-details/order-detail/order-detail.tsx,posx-frido-admin;posx-frido-b2b-admin;posx-frido-mobility-admin
ae03822e3d13272c,3,3,src/routes/order-details/order-detail/components/store-section.tsx,posx-frido-admin;posx-frido-b2b-admin;posx-frido-mobility-admin
50eee80759a7909b,3,3,src/routes/order-details/order-detail/components/customer-info-section.tsx,posx-frido-admin;posx-frido-b2b-admin;posx-frido-mobility-admin
3f8988a493b7f685,3,3,src/routes/order-details/order-detail/components/address-section.tsx,posx-frido-admin;posx-frido-b2b-admin;posx-frido-mobility-admin
e65442888d2dfac1,3,3,src/routes/order-details/order-detail/components/order-items-section.tsx,posx-frido-admin;posx-frido-b2b-admin;posx-frido-mobility-admin
8820369cbc10e700,3,3,src/hooks/api/online-coupons.tsx,posx-frido-admin;posx-frido-b2b-admin;posx-frido-mobility-admin
540abec3972468d9,3,3,src/components/common/file-input/index.ts,posx-frido-admin;posx-frido-b2b-admin;posx-mokobara-admin
6c2083f458ec211e,3,3,eslint.config.js,posx-frido-b2b-backend;posx-frido-backend;posx-frido-mobility-backend
89189581154fb40f,3,3,src/links/cms-store.ts,posx-frido-b2b-backend;posx-frido-backend;posx-mokobara-backend
242f9f4ebffe86a4,3,3,src/links/cms-employee.ts,posx-frido-b2b-backend;posx-frido-backend;posx-mokobara-backend
6f6412987bf52961,3,3,src/lib/constant.ts,posx-frido-b2b-backend;posx-frido-backend;posx-frido-mobility-backend
c1c27bf7bf55655b,3,3,src/subscribers/inventory-product-item-created.ts,posx-frido-b2b-backend;posx-frido-backend;posx-frido-mobility-backend
1fa88e5a0b7a0464,3,3,src/jobs/daily-order-errors-report.ts,posx-frido-b2b-backend;posx-frido-backend;posx-frido-mobility-backend
4937d56cb727de7c,3,3,src/jobs/campaign-coupon-status-updates.ts,posx-frido-b2b-backend;posx-frido-backend;posx-frido-mobility-backend
f721c318904b03b1,3,3,src/modules/s3-client/service.ts,posx-frido-b2b-backend;posx-frido-backend;posx-frido-mobility-backend
72cb3a052afa5004,3,3,src/modules/shopify-cart/service.ts,posx-frido-b2b-backend;posx-frido-backend;posx-frido-mobility-backend
1032e3d73582744d,3,3,src/modules/global-config/service.ts,posx-frido-b2b-backend;posx-frido-backend;posx-frido-mobility-backend
5f2875fa8c466d23,3,3,src/modules/online-coupon/index.ts,posx-frido-b2b-backend;posx-frido-backend;posx-frido-mobility-backend
5f998d1692d511c3,3,3,src/modules/online-coupon/service.ts,posx-frido-b2b-backend;posx-frido-backend;posx-frido-mobility-backend
0693acab1b17bbec,3,3,src/modules/analytics/index.ts,posx-frido-b2b-backend;posx-frido-backend;posx-mokobara-backend
c4270c6338656ce1,3,3,src/modules/analytics/models/analytics.ts,posx-frido-b2b-backend;posx-frido-backend;posx-mokobara-backend
2f6398c91f28ed12,3,3,src/modules/order-detail/models/order-detail-address.ts,posx-frido-b2b-backend;posx-frido-backend;posx-frido-mobility-backend
2759530a79e4f34b,3,3,src/modules/online-coupon/migrations/.snapshot-postgres.json;src/modules/online-coupon/migrations/.snapshot-posx_frido_b2b_dev.json,posx-frido-b2b-backend;posx-frido-backend;posx-frido-mobility-backend
527c8f2707a27a58,3,3,src/modules/online-coupon/models/online-coupon.ts,posx-frido-b2b-backend;posx-frido-backend;posx-frido-mobility-backend
299d39494b7e097a,3,3,src/modules/cms/models/cms.ts,posx-frido-b2b-backend;posx-frido-backend;posx-mokobara-backend
7b3cc71501e21627,3,3,src/modules/freebie/models/freebie.ts,posx-frido-b2b-backend;posx-frido-backend;posx-frido-mobility-backend
ae72e41961fdd311,3,3,src/modules/quotation/models/quotation.ts,posx-frido-b2b-backend;posx-frido-backend;posx-frido-mobility-backend
b75a5ce74515e8c1,3,3,src/modules/quotation/models/quotation_product.ts,posx-frido-b2b-backend;posx-frido-backend;posx-frido-mobility-backend
d36893271363b3c8,3,3,src/api/shopify/webhooks/collection/create/route.ts,posx-frido-b2b-backend;posx-frido-backend;posx-frido-mobility-backend
20804a8494102c67,3,3,src/api/admin/online-coupon/route.ts,posx-frido-b2b-backend;posx-frido-backend;posx-frido-mobility-backend
82a9b63732d44f25,3,3,src/api/admin/featured-collections/route.ts,posx-frido-b2b-backend;posx-frido-backend;posx-frido-mobility-backend
41d6ecd16e6d1726,3,3,src/api/admin/order-detail/confirm/route.ts,posx-frido-b2b-backend;posx-frido-backend;posx-frido-mobility-backend
ed9a53242e2688b3,3,3,src/api/admin/order-detail/[id]/invoice/route.ts,posx-frido-b2b-backend;posx-frido-backend;posx-frido-mobility-backend
eff4a6bcf4322e10,3,3,src/api/admin/online-coupon/[id]/route.ts,posx-frido-b2b-backend;posx-frido-backend;posx-frido-mobility-backend
26b370b76b4c17da,3,3,src/api/admin/online-coupon/[coupon_id]/reorder/route.ts,posx-frido-b2b-backend;posx-frido-backend;posx-frido-mobility-backend
02ee9e410500f5d7,3,3,src/api/admin/shopify-customer/address/route.ts,posx-frido-b2b-backend;posx-frido-backend;posx-frido-mobility-backend
a49a06df6651012d,3,3,src/api/admin/online-order/[id]/route.ts,posx-frido-b2b-backend;posx-frido-backend;posx-frido-mobility-backend
1d3779be7830b592,3,3,src/lib/helpers/limechat-integration.ts,posx-frido-b2b-backend;posx-frido-backend;posx-frido-mobility-backend
eb865e43c7bce467,3,3,src/lib/helpers/get-order-total-amount.ts,posx-frido-b2b-backend;posx-frido-backend;posx-frido-mobility-backend
a9f5ae9d737f7da0,3,3,src/workflows/shopify-product/create-shopify-product.ts,posx-frido-b2b-backend;posx-frido-backend;posx-frido-mobility-backend
796989101fdd8ddf,3,3,src/workflows/campaign-coupon/workflows/calculate-coupon-discount.ts,posx-frido-b2b-backend;posx-frido-backend;posx-frido-mobility-backend
51a7c3cd28875c46,3,3,src/workflows/campaign-coupon/steps/delete-campaign-coupon-step.ts,posx-frido-b2b-backend;posx-frido-backend;posx-frido-mobility-backend
5d076c9c69fb77ce,3,3,src/workflows/campaign-coupon/steps/update-campaign-coupon-usage-count-step.ts,posx-frido-b2b-backend;posx-frido-backend;posx-frido-mobility-backend
fea569c4e3404528,3,3,src/workflows/campaign-coupon/steps/update-campaign-coupon-step.ts,posx-frido-b2b-backend;posx-frido-backend;posx-frido-mobility-backend
a4669f3079b169e1,3,3,src/workflows/campaign-coupon/steps/create-campaign-coupon-step.ts,posx-frido-b2b-backend;posx-frido-backend;posx-frido-mobility-backend
7532ceb2aeeac305,3,3,src/workflows/helper/workflows/stress.ts,posx-frido-b2b-backend;posx-frido-backend;posx-frido-mobility-backend
de5f457c43997501,3,3,src/workflows/helper/steps/logger-step.ts,posx-frido-b2b-backend;posx-frido-backend;posx-frido-mobility-backend
9c179ea774771ec5,3,3,src/workflows/order-detail/steps/generate-receipt-step.ts,posx-frido-b2b-backend;posx-frido-backend;posx-frido-mobility-backend
d8be9c657676b13f,3,3,src/workflows/order-detail/steps/update-gatepass-details-step.ts,posx-frido-b2b-backend;posx-frido-backend;posx-frido-mobility-backend
5fb8bdc25cafa783,3,3,src/workflows/payment-detail/steps/get-all-payment-by-orderid-step.ts,posx-frido-b2b-backend;posx-frido-backend;posx-frido-mobility-backend
94580b44e6de129f,3,3,src/workflows/shopify-product/steps/create-shopify-product-step.ts,posx-frido-b2b-backend;posx-frido-backend;posx-frido-mobility-backend
67df118a3bb6dd1d,3,3,src/workflows/shopify-product/steps/create-medusa-product-variant-step.ts,posx-frido-b2b-backend;posx-frido-backend;posx-frido-mobility-backend
0f4b76c2089181dc,3,3,src/workflows/online-coupon/workflows/reorder-priorities.ts,posx-frido-b2b-backend;posx-frido-backend;posx-frido-mobility-backend
cf719d9a8e715e49,3,3,src/workflows/online-coupon/workflows/update-online-coupon.ts,posx-frido-b2b-backend;posx-frido-backend;posx-frido-mobility-backend
19a9bc17fcb3f650,3,3,src/workflows/online-coupon/workflows/create-online-coupon.ts,posx-frido-b2b-backend;posx-frido-backend;posx-frido-mobility-backend
6f596b85f20a9a9a,3,3,src/workflows/online-coupon/workflows/delete-online-coupon.ts,posx-frido-b2b-backend;posx-frido-backend;posx-frido-mobility-backend
d00d53e663ecb78b,3,3,src/workflows/online-coupon/steps/update-online-coupon-step.ts,posx-frido-b2b-backend;posx-frido-backend;posx-frido-mobility-backend
e7f77788e2de1e06,3,3,src/workflows/online-coupon/steps/create-online-coupon-step.ts,posx-frido-b2b-backend;posx-frido-backend;posx-frido-mobility-backend
330820445910cd3e,3,3,src/workflows/online-coupon/steps/delete-online-coupon-step.ts,posx-frido-b2b-backend;posx-frido-backend;posx-frido-mobility-backend
ac37b1186119c1b4,3,3,src/workflows/online-coupon/steps/reorder-priorities-step.ts,posx-frido-b2b-backend;posx-frido-backend;posx-frido-mobility-backend
ccef3699f20d0c49,3,3,src/workflows/shopify-customer/steps/update-customer-step.ts,posx-frido-b2b-backend;posx-frido-backend;posx-frido-mobility-backend
dcc93717d6db60b1,3,3,src/workflows/user/steps/send-activation-link-step.ts,posx-frido-b2b-backend;posx-frido-backend;posx-frido-mobility-backend
095e7a557b653692,3,3,src/workflows/order-return-and-exchange/workflows/confirm-exchange-order.ts,posx-frido-b2b-backend;posx-frido-mobility-backend;posx-mokobara-backend
29d5ebedf8630168,3,3,src/workflows/online-order/workflows/update-online-order.ts,posx-frido-b2b-backend;posx-frido-backend;posx-frido-mobility-backend
871d3ee9b97906fe,3,3,src/workflows/online-order/steps/create-online-order-address-step.ts,posx-frido-b2b-backend;posx-frido-backend;posx-frido-mobility-backend
698d4082ab05aefa,3,3,src/workflows/online-order/steps/check-if-product-is-sold.ts,posx-frido-b2b-backend;posx-frido-backend;posx-frido-mobility-backend
13c53b4cbb90eed7,3,3,src/workflows/shopify-collection/workflows/create-shopify-collection.ts,posx-frido-b2b-backend;posx-frido-backend;posx-frido-mobility-backend
70d03e728ab7f62f,3,3,src/workflows/shopify-collection/steps/throw-error-if-collection-do-not-exists-step.ts,posx-frido-b2b-backend;posx-frido-mobility-backend;posx-ugaoo-backend
273186c292af7e17,3,3,src/types/validators/analytics.ts,posx-frido-b2b-backend;posx-mokobara-backend;posx-mokobara-clearance-backend
25df4611fd9597e5,3,3,src/types/validators/campaign-coupon.ts,posx-frido-b2b-backend;posx-frido-backend;posx-frido-mobility-backend
e9fb541d259351e5,3,3,src/types/validators/quotation.ts,posx-frido-b2b-backend;posx-frido-mobility-backend;posx-mokobara-backend
2d23125cb1ed23a2,3,3,src/types/exchange.ts,posx-frido-b2b-store;posx-frido-mobility-store;posx-frido-store
a193be796a2c2d3d,3,3,src/types/coupon.ts,posx-frido-b2b-store;posx-frido-mobility-store;posx-frido-store
26e9349e9f536361,3,3,src/libs/error-handler.ts,posx-frido-b2b-store;posx-frido-mobility-store;posx-frido-store
5a6f255c0afdd4c5,3,3,src/libs/filter.ts,posx-frido-b2b-store;posx-frido-mobility-store;posx-frido-store
9cdda0f2451e9d02,3,3,src/libs/axios.ts,posx-frido-b2b-store;posx-frido-mobility-store;posx-frido-store
6fdfba250ffb3af5,3,3,src/libs/logger.ts,posx-frido-b2b-store;posx-frido-mobility-store;posx-frido-store
a29514fdb7e765ee,3,3,src/components/print-button.tsx,posx-frido-b2b-store;posx-frido-mobility-store;posx-frido-store
8223f4c7454b1cd2,3,3,src/components/infinite-scroll-select.tsx,posx-frido-b2b-store;posx-frido-mobility-store;posx-frido-store
130bbffbd2073ed0,3,3,src/components/print-button-v2.tsx,posx-frido-b2b-store;posx-frido-mobility-store;posx-frido-store
863afa584f6083f6,3,3,src/hooks/useToast.ts,posx-frido-b2b-store;posx-frido-mobility-store;posx-frido-store
aaa32ce22bf377f9,3,3,src/hooks/useAddToCart.ts,posx-frido-b2b-store;posx-frido-mobility-store;posx-frido-store
9e815c260d165139,3,3,src/hooks/useFreebieConfetti.ts,posx-frido-b2b-store;posx-frido-mobility-store;posx-frido-store
12ff2432d353ce30,3,3,src/pages/not-found.tsx,posx-frido-b2b-store;posx-frido-mobility-store;posx-frido-store
627d2690045b1fea,3,3,src/store/apis/s3.request.ts,posx-frido-b2b-store;posx-frido-mobility-store;posx-frido-store
0db1fff658bef7ae,3,3,src/store/apis/online-order.request.ts,posx-frido-b2b-store;posx-frido-mobility-store;posx-frido-store
f974b089f1fb452e,3,3,src/store/apis/campaign-coupon.request.ts,posx-frido-b2b-store;posx-frido-mobility-store;posx-frido-store
06e35e341827e81c,3,3,src/store/middlewares/inventory.middleware.ts,posx-frido-b2b-store;posx-frido-mobility-store;posx-frido-store
a1798cab76774b0b,3,3,src/store/middlewares/cart.middleware.ts,posx-frido-b2b-store;posx-frido-mobility-store;posx-frido-store
3968fe48f4caca66,3,3,src/store/actions/cms.action.ts,posx-frido-b2b-store;posx-frido-mobility-store;posx-frido-store
a118d00af568ce55,3,3,src/store/actions/cart.action.ts,posx-frido-b2b-store;posx-frido-mobility-store;posx-frido-store
2951b78cad481863,3,3,src/store/actions/customer.action.ts,posx-frido-b2b-store;posx-frido-mobility-store;posx-frido-store
a864ba462c59e57f,3,3,src/store/actions/online-order.action.ts,posx-frido-b2b-store;posx-frido-mobility-store;posx-frido-store
df756ab7055f72da,3,3,src/store/actions/online-cart.action.ts,posx-frido-b2b-store;posx-frido-mobility-store;posx-frido-store
f7de385d0b64728e,3,3,src/store/reducers/auth.reducer.ts,posx-frido-b2b-store;posx-frido-mobility-store;posx-frido-store
c21cc6d7c18e0263,3,3,src/store/reducers/product.reducer.ts,posx-frido-b2b-store;posx-frido-mobility-store;posx-frido-store
2021b870e9fb790e,3,3,src/store/reducers/init.reducer.ts,posx-frido-b2b-store;posx-frido-mobility-store;posx-frido-store
2cf760a69ee45885,3,3,src/store/reducers/campaign-coupon.reducer.ts,posx-frido-b2b-store;posx-frido-mobility-store;posx-frido-store
f8ad68b8d243e5ad,3,3,src/store/reducers/exchange.reducer.ts,posx-frido-b2b-store;posx-frido-mobility-store;posx-frido-store
779b5a425497353a,3,3,src/pages/configurations/index.tsx,posx-frido-b2b-store;posx-frido-mobility-store;posx-frido-store
e8f6846db0dcb573,3,3,src/pages/footfalls/index.tsx,posx-frido-b2b-store;posx-frido-mobility-store;posx-frido-store
7dc0145991d8bda8,3,3,src/pages/auth/reset-password.tsx,posx-frido-b2b-store;posx-frido-mobility-store;posx-frido-store
73276a513ca53f41,3,3,src/pages/auth/forgot-password.tsx,posx-frido-b2b-store;posx-frido-mobility-store;posx-frido-store
19a2a8646ab9ca00,3,3,src/pages/coupons/index.tsx,posx-frido-b2b-store;posx-frido-mobility-store;posx-frido-store
68dc8b6258054d56,3,3,src/pages/inventory/inbound.tsx,posx-frido-b2b-store;posx-frido-mobility-store;posx-frido-store
5dc722e0b201264e,3,3,src/pages/customer/orders/index.tsx,posx-frido-b2b-store;posx-frido-mobility-store;posx-frido-store
a683887b870563c7,3,3,src/pages/customer/orders/past-orders/index.tsx,posx-frido-b2b-store;posx-frido-mobility-store;posx-frido-store
1ad2e91825feee5f,3,3,src/pages/customer/orders/past-orders/details.tsx,posx-frido-b2b-store;posx-frido-mobility-store;posx-frido-store
bead3b42fdb843d2,3,3,src/pages/orders/details/exchange-payment-details.tsx,posx-frido-b2b-store;posx-frido-mobility-store;posx-frido-store
de812355c4b6352a,3,3,src/pages/online-orders/details/review-order.tsx,posx-frido-b2b-store;posx-frido-mobility-store;posx-frido-store
a1e2d4c8d0afe633,3,3,src/components/exchange/ExchangeOrderDetails.tsx,posx-frido-b2b-store;posx-frido-mobility-store;posx-frido-store
bb2a724cc0d12f14,3,4,src/components/hamburger-menu/index.tsx;src/components/hamburger-menu/index.tsx 12-49-42-126.tsx,posx-frido-b2b-store;posx-frido-mobility-store;posx-frido-store
72d821ac40441e50,3,3,src/components/primitives/chip.tsx,posx-frido-b2b-store;posx-frido-mobility-store;posx-frido-store
65691771d996d532,3,3,src/components/primitives/button.tsx,posx-frido-b2b-store;posx-frido-mobility-store;posx-frido-store
842ae655f1633bd0,3,3,src/components/layouts/app/user-nav.tsx,posx-frido-b2b-store;posx-frido-mobility-store;posx-frido-store
69e39ed156b891dd,3,3,src/components/auth/reset-password-form/index.tsx,posx-frido-b2b-store;posx-frido-mobility-store;posx-frido-store
9348253cd8a7290d,3,3,src/components/auth/forgot-password-form/index.tsx,posx-frido-b2b-store;posx-frido-mobility-store;posx-frido-store
aa355aa8fa2017a3,3,3,src/components/auth/sign-in-form/index.tsx,posx-frido-b2b-store;posx-frido-mobility-store;posx-frido-store
f55884302c2f2973,3,3,src/components/app/configurations/configurations-table.tsx,posx-frido-b2b-store;posx-frido-mobility-store;posx-frido-store
301e3dd6fb10e18b,3,3,src/components/app/order/exchange-order-summary.tsx,posx-frido-b2b-store;posx-frido-mobility-store;posx-frido-store
7c930f671f956657,3,3,src/components/app/order/order-details.tsx,posx-frido-b2b-store;posx-frido-mobility-store;posx-frido-store
f501324a54d12cd3,3,3,src/components/app/online-orders/address-details.tsx,posx-frido-b2b-store;posx-frido-mobility-store;posx-frido-store
371b923166733330,3,3,src/components/app/footfalls/footfalls-table.tsx,posx-frido-b2b-store;posx-frido-mobility-store;posx-frido-store
0cd5ca980b94d110,3,3,src/components/app/footfall/footfall-entry.tsx,posx-frido-b2b-store;posx-frido-mobility-store;posx-frido-store
7e5bb83a3ef38481,3,3,src/components/app/return/return-status.tsx,posx-frido-b2b-store;posx-frido-mobility-store;posx-frido-store
6cb387d2e8be04d2,3,3,src/components/app/product/cart-price-summary.tsx,posx-frido-b2b-store;posx-frido-mobility-store;posx-frido-store
369de886d7ea573b,3,3,src/components/app/product/product-card.tsx,posx-frido-b2b-store;posx-frido-mobility-store;posx-frido-store
7bdb4cf2af0dd94a,3,3,src/components/app/product/business-type-switcher.tsx,posx-frido-b2b-store;posx-frido-mobility-store;posx-frido-store
90439717a87bf002,3,3,src/components/app/product/breadcrumb.tsx,posx-frido-b2b-store;posx-frido-mobility-store;posx-frido-store
b787d7ca7dfa9d53,3,3,src/components/app/coupons/coupons-table.tsx,posx-frido-b2b-store;posx-frido-mobility-store;posx-frido-store
3618dff8e538a1d6,3,3,src/components/app/employees/employees-table.tsx,posx-frido-b2b-store;posx-frido-mobility-store;posx-frido-store
7bf051f3f8c54a16,3,3,src/components/app/payments/shared/cancel-transaction-request.tsx,posx-frido-b2b-store;posx-frido-mobility-store;posx-frido-store
58fb2c419abab167,3,3,src/components/app/home/shopping-bag-input/index.tsx,posx-frido-b2b-store;posx-frido-mobility-store;posx-frido-store
4f1348391d5af690,3,3,src/components/app/order/steps/payment-details/exchange-payment-details.tsx,posx-frido-b2b-store;posx-frido-mobility-store;posx-frido-store
7c3c33c9acf58d02,3,3,src/components/app/order/steps/customer-details/index.tsx,posx-frido-b2b-store;posx-frido-mobility-store;posx-frido-store
9f9240f6b793bc43,3,3,src/components/app/order/steps/payment-details/razorpay-form/index.tsx,posx-frido-b2b-store;posx-frido-mobility-store;posx-frido-store
de394f20e1b19219,3,3,src/components/app/order/steps/payment-details/snapmint-form/index.tsx,posx-frido-b2b-store;posx-frido-mobility-store;posx-frido-store
c4132068ee02117e,3,3,src/components/app/order/steps/payment-details/razorpay-pos-form/index.tsx,posx-frido-b2b-store;posx-frido-mobility-store;posx-frido-store
1adfa985d99ff758,3,3,src/api/admin/quotation/middlewares.ts,posx-frido-backend;posx-frido-mobility-backend;posx-mokobara-backend
dec60699f90ed0ce,3,3,src/api/admin/pos-inventory/route.ts,posx-frido-backend;posx-frido-mobility-backend;posx-mokobara-clearance-backend
218c2c8784659846,3,3,src/api/admin/footfall/export/route.ts,posx-frido-backend;posx-frido-mobility-backend;posx-mokobara-clearance-backend
07e3ffcf97a39e65,3,3,src/lib/helpers/get-order-product-discount-amount.ts,posx-frido-backend;posx-frido-mobility-backend;posx-mokobara-backend
78f8cfcd45b1f0d0,3,3,src/workflows/cart/workflows/apply-freebie.ts,posx-frido-backend;posx-frido-mobility-backend;posx-mokobara-backend
54880065a5ff0be9,3,3,src/workflows/quotation/workflows/convert-quotation-to-order.ts,posx-frido-backend;posx-frido-mobility-backend;posx-mokobara-backend
43313bec31d5fefe,3,3,src/workflows/quotation/workflows/generate-and-send-quotation.ts,posx-frido-backend;posx-frido-mobility-backend;posx-mokobara-backend
3da778a1d60b10d6,3,3,src/workflows/quotation/steps/map-quotation-to-order-step.ts,posx-frido-backend;posx-frido-mobility-backend;posx-mokobara-backend
af3d565096ec84a0,3,3,src/workflows/quotation/steps/validate-quotation-products-step.ts,posx-frido-backend;posx-frido-mobility-backend;posx-mokobara-backend
fc184ca8648fb759,3,3,src/workflows/quotation/steps/validate-quotation-status-step.ts,posx-frido-backend;posx-frido-mobility-backend;posx-mokobara-backend
35ab1461b9cf9ddd,3,3,src/workflows/quotation/steps/get-quotation-by-id-step.ts,posx-frido-backend;posx-frido-mobility-backend;posx-mokobara-backend
e0ef8c8181fbb472,3,3,src/store/apis/report.request.ts,posx-frido-mobility-store;posx-frido-store;posx-mokobara-store
24ea42724f60a067,2,2,package.json,posx-comet-admin;posx-demo-admin
fe3a8c03259e41ff,2,2,src/hooks/use-access-control.tsx,posx-comet-admin;posx-mokobara-admin
7af5a05e955d4b52,2,2,src/lib/access-control.ts,posx-comet-admin;posx-mokobara-admin
4eb0cd8e65eb49ca,2,2,src/routes/permissions/constants.ts,posx-comet-admin;posx-mokobara-admin
47766f0296e9ef3b,2,2,src/routes/permissions/permission-edit/permission-edit.tsx,posx-comet-admin;posx-mokobara-admin
f54ae3b52fd2b037,2,2,src/routes/permissions/permission-edit/index.ts,posx-comet-admin;posx-mokobara-admin
12d7d114d177d903,2,2,src/routes/permissions/permission-list/permission-list.tsx,posx-comet-admin;posx-mokobara-admin
41ff8cb185788200,2,2,src/routes/permissions/permission-list/index.ts,posx-comet-admin;posx-mokobara-admin
b5b55964df18859f,2,2,src/routes/permissions/permission-create/permission-create.tsx,posx-comet-admin;posx-mokobara-admin
7e9ce84d01b91301,2,2,src/routes/permissions/permission-create/index.ts,posx-comet-admin;posx-mokobara-admin
498b185a860ddc84,2,2,src/routes/permissions/permission-detail/permission-detail.tsx,posx-comet-admin;posx-mokobara-admin
05af087544554778,2,2,src/routes/permissions/permission-detail/index.ts,posx-comet-admin;posx-mokobara-admin
6f248e84b8783941,2,2,src/routes/permissions/permission-detail/components/permission-general-section/index.ts,posx-comet-admin;posx-mokobara-admin
180c214a04617547,2,2,src/routes/permissions/permission-create/components/permission-create-form/index.ts,posx-comet-admin;posx-mokobara-admin
187739c38fe8baf5,2,2,src/routes/permissions/permission-list/components/use-permission-table-query.tsx,posx-comet-admin;posx-mokobara-admin
6c3277073b8e769c,2,2,src/routes/permissions/permission-list/components/permission-list-table/index.ts,posx-comet-admin;posx-mokobara-admin
b7c04eb49463ab34,2,2,src/routes/permissions/permission-edit/components/edit-permission-form/index.ts,posx-comet-admin;posx-mokobara-admin
e719f6d400bfcf5d,2,2,src/routes/roles/role-list/index.ts,posx-comet-admin;posx-mokobara-admin
ffefbd2bd3f8c2b3,2,2,src/routes/roles/role-list/role-list.tsx,posx-comet-admin;posx-mokobara-admin
d010d32e30e7acd3,2,2,src/routes/roles/role-edit/role-edit.tsx,posx-comet-admin;posx-mokobara-admin
0153135db4bb08e3,2,2,src/routes/roles/role-edit/index.ts,posx-comet-admin;posx-mokobara-admin
ab0643978ab81225,2,2,src/routes/roles/role-assign-permission/index.ts,posx-comet-admin;posx-mokobara-admin
dafc1d357c9d8efb,2,2,src/routes/roles/role-create/role-create.tsx,posx-comet-admin;posx-mokobara-admin
e5f7d8606e162dd6,2,2,src/routes/roles/role-create/index.ts,posx-comet-admin;posx-mokobara-admin
a8bac97596f264a8,2,2,src/routes/roles/role-detail/index.ts,posx-comet-admin;posx-mokobara-admin
545d62dd490a58ef,2,2,src/routes/roles/role-detail/components/role-general-section/index.ts,posx-comet-admin;posx-mokobara-admin
1a5f8d0b94c62e28,2,2,src/routes/roles/role-detail/components/role-permissions-section/role-permissions-section.tsx,posx-comet-admin;posx-mokobara-admin
23b3ac8d57012f51,2,2,src/routes/roles/role-detail/components/role-permissions-section/index.ts,posx-comet-admin;posx-mokobara-admin
6131d1ea4445f3f4,2,2,src/routes/roles/role-detail/components/role-permissions-section/components/role-permissions-list/index.ts,posx-comet-admin;posx-mokobara-admin
c6d411e85b5c4781,2,2,src/routes/roles/role-create/components/role-create-form/index.ts,posx-comet-admin;posx-mokobara-admin
63d2ff38463e0d54,2,2,src/routes/roles/role-assign-permission/components/assign-permission-form/index.ts,posx-comet-admin;posx-mokobara-admin
a3d07d3a0112217e,2,2,src/routes/roles/role-edit/components/edit-role-form/edit-role-form.tsx,posx-comet-admin;posx-mokobara-admin
7301964e6b5e37ba,2,2,src/routes/roles/role-edit/components/edit-role-form/index.ts,posx-comet-admin;posx-mokobara-admin
a0ae65919c96d3b3,2,2,src/routes/roles/role-list/components/role-list-table/index.ts,posx-comet-admin;posx-mokobara-admin
baebbd42ad8f1567,2,2,src/routes/store-details/store-details-create/components/tax-create-form/tax-create-form.tsx,posx-comet-admin;posx-ugaoo-admin
694463394bd5e4fd,2,2,src/hooks/api/permissions.tsx,posx-comet-admin;posx-mokobara-admin
4c91f10d0639c430,2,2,src/hooks/api/rbac.tsx,posx-comet-admin;posx-mokobara-admin
718e91e5012c516a,2,2,src/providers/access-control-provider/index.ts,posx-comet-admin;posx-mokobara-admin
c5707add5e54dd7f,2,2,src/links/cms-store.ts,posx-comet-backend;posx-frido-mobility-backend
e41150682339072a,2,2,src/links/cms-employee.ts,posx-comet-backend;posx-frido-mobility-backend
4f1dacc4fecc920f,2,2,src/modules/rbac/index.ts,posx-comet-backend;posx-mokobara-backend
eb6b6e0df8cfc862,2,3,src/modules/payment-details/migrations/.snapshot-comet-poc.json;src/modules/payment-details/migrations/.snapshot-medusa-pos-backend-v9.json;src/modules/payment-details/migrations/.snapshot-payment-detail.json,posx-comet-backend;posx-demo-backend
868d1d57d7f57c41,2,2,src/modules/cms/migrations/.snapshot-comet-poc.json,posx-comet-backend;posx-frido-mobility-backend
5762dc52a7baba67,2,2,src/modules/rbac/migrations/.snapshot-devx-comet.json;src/modules/rbac/migrations/.snapshot-rbac.json,posx-comet-backend;posx-mokobara-backend
6150a02dd38bd320,2,2,src/modules/rbac/models/user-role.ts,posx-comet-backend;posx-mokobara-backend
5b616debcf87f11a,2,2,src/modules/rbac/models/permission.ts,posx-comet-backend;posx-mokobara-backend
56c4e99b4242ef8f,2,2,src/modules/rbac/models/role-permission.ts,posx-comet-backend;posx-mokobara-backend
dffb508be2b4f844,2,2,src/api/admin/rbac/query-config.ts,posx-comet-backend;posx-mokobara-backend
8c16588be5454f9b,2,2,src/api/admin/rbac/validators.ts,posx-comet-backend;posx-mokobara-backend
1fbbb94d0ce59ae3,2,2,src/lib/helpers/get-gst-bifurcation.ts,posx-comet-backend;posx-demo-backend
cbb349c862519481,2,2,src/workflows/rbac-management/index.ts,posx-comet-backend;posx-mokobara-backend
32612a24f2fc0063,2,2,src/workflows/shopify-product/steps/create-shopify-product-step.ts,posx-comet-backend;posx-demo-backend
ddeeabae71c3d05a,2,2,src/workflows/rbac-management/workflows/index.ts,posx-comet-backend;posx-mokobara-backend
1c4a93e264160f65,2,2,src/workflows/rbac-management/steps/index.ts,posx-comet-backend;posx-mokobara-backend
e0638893e9cddba5,2,2,src/types/enums/rbac.ts,posx-comet-backend;posx-mokobara-backend
f39087838c03c889,2,2,.github/workflows/deploy-uat.yml,posx-comet-backend;posx-frido-backend
3140e7b79ffffa0a,2,2,.github/workflows/deploy-prod.yml,posx-comet-backend;posx-frido-backend
c52927b91ecac7ba,2,2,src/App.tsx,posx-comet-store;posx-mokobara-store
c4c0cc405b676250,2,2,src/types/permission.ts,posx-comet-store;posx-mokobara-store
012b6a8e0823c1bf,2,2,src/libs/permission.ts,posx-comet-store;posx-mokobara-store
35342be718b8acd3,2,2,src/components/primitives/tooltip.tsx,posx-comet-store;posx-mokobara-store
4295bb33f42eb8e2,2,2,src/components/primitives/chip.tsx,posx-comet-store;posx-mokobara-store
eb85243eabf11fba,2,2,src/components/primitives/radio-group.tsx,posx-comet-store;posx-mokobara-store
7da74fa79e811956,2,2,src/components/primitives/checkbox.tsx,posx-comet-store;posx-mokobara-store
b7cc81b8c677ceb4,2,2,src/components/primitives/carousel.tsx,posx-comet-store;posx-mokobara-store
15e4b241ef82cffa,2,2,src/components/app/orders/orders-filter.tsx,posx-comet-store;posx-demo-store
f54da9220e3e00c0,2,2,src/routes/employees/types.ts,posx-demo-admin;posx-frido-mobility-admin
ccec227609365c1c,2,2,src/routes/employees/employee-create/constants.ts,posx-demo-admin;posx-frido-mobility-admin
6b8f0d0e5af41e24,2,2,src/routes/employees/employee-create/components/basic-info-create-form/basic-info-create-form.tsx,posx-demo-admin;posx-frido-mobility-admin
fa2367e351c08f81,2,2,src/routes/employees/employee-create/components/employee-create-form/employee-create-form.tsx,posx-demo-admin;posx-frido-mobility-admin
24ef19fb95576979,2,2,src/routes/employees/employee-detail/components/employee-info-section.tsx,posx-demo-admin;posx-frido-mobility-admin
4b35150bd533490f,2,2,src/routes/employees/employee-list/components/employee-list-table/employee-list-table.tsx,posx-demo-admin;posx-frido-mobility-admin
b4256c9c31368823,2,2,src/routes/employees/employee-edit/components/edit-employee-form/edit-employee-form.tsx,posx-demo-admin;posx-frido-mobility-admin
28304d325cd4e194,2,2,src/routes/pos-inventory/inventory-list/components/inventory-list-table/inventory-list-table.tsx,posx-demo-admin;posx-frido-mobility-admin
1410e609e2c2d596,2,2,src/routes/store-coupons/coupon-detail/loader.ts,posx-demo-admin;posx-eume-admin
57a76c7aedb57316,2,2,src/routes/store-coupons/coupon-create/components/basic-info-create-form/basic-info-create-form.tsx,posx-demo-admin;posx-eume-admin
1fab0c6e67659f9e,2,2,src/routes/store-coupons/coupon-detail/components/usage-info-section.tsx,posx-demo-admin;posx-eume-admin
79174cc71019f555,2,2,src/routes/store-coupons/store-list/components/use-store-coupon-table-query.tsx,posx-demo-admin;posx-eume-admin
e3359f9a45804899,2,2,src/routes/store-coupons/store-list/components/store-coupon-list-table/store-coupon-list-table.tsx,posx-demo-admin;posx-eume-admin
3e13c101e961ca78,2,2,src/routes/order-details/order-detail/components/basic-info-section.tsx,posx-demo-admin;posx-eume-admin
0f31ca0ad230e507,2,2,src/routes/order-details/order-list/components/order-list-table/order-list-table.tsx,posx-demo-admin;posx-frido-mobility-admin
59463f622415c5f6,2,2,src/hooks/api/employee.tsx,posx-demo-admin;posx-frido-mobility-admin
9ef02752d40b450c,2,2,src/hooks/api/order-details.tsx,posx-demo-admin;posx-frido-mobility-admin
b4a4e3641f397eae,2,2,src/links/applicable-product-product-variant.ts,posx-demo-backend;posx-eume-backend
425cf5445050ac2e,2,2,src/links/applicable-product-product.ts,posx-demo-backend;posx-eume-backend
7d96082701682529,2,2,src/subscribers/update-cms-accumulation.ts,posx-demo-backend;posx-eume-backend
ecb49b31417f4141,2,2,src/modules/s3-client/service.ts,posx-demo-backend;posx-eume-backend
68ead3278b406f1a,2,2,src/modules/store-coupon/service.ts,posx-demo-backend;posx-mokobara-backend
0770bbe18dd23f2d,2,2,src/modules/direct-razorpay/service.ts,posx-demo-backend;posx-eume-backend
7db90473972201b4,2,2,src/modules/payment-details/migrations/Migration20250821120229.ts,posx-demo-backend;posx-eume-backend
ebf84c001263e4c1,2,2,src/modules/system-config/migrations/Migration20250821120350.ts,posx-demo-backend;posx-eume-backend
e30efd48a41a3516,2,2,src/modules/pos-inventory/migrations/Migration20250821120248.ts,posx-demo-backend;posx-eume-backend
ad7c1642f436046d,2,2,src/modules/employee/models/employee.ts,posx-demo-backend;posx-frido-mobility-backend
432174f86d9a97fd,2,2,src/modules/order-detail/migrations/Migration20250904091121.ts,posx-demo-backend;posx-eume-backend
3e682166474b54a3,2,2,src/modules/order-detail/migrations/Migration20250905063946.ts,posx-demo-backend;posx-eume-backend
7ad5e2c4d2eb011c,2,2,src/modules/order-detail/migrations/Migration20250821120214.ts,posx-demo-backend;posx-eume-backend
c2cdbd17772eb6d9,2,2,src/modules/shopify-product/migrations/Migration20250821120315.ts,posx-demo-backend;posx-eume-backend
85b06ee823650b4c,2,2,src/modules/cms/migrations/Migration20250821120120.ts,posx-demo-backend;posx-eume-backend
ab37d61a13326f8c,2,2,src/modules/global-config/migrations/Migration20250821120158.ts,posx-demo-backend;posx-eume-backend
4a1aaeb909a76fb8,2,2,src/modules/store-coupon/migrations/Migration20250821120323.ts,posx-demo-backend;posx-eume-backend
d6424d08120c2d93,2,2,src/modules/store-coupon/models/applicable-product.ts,posx-demo-backend;posx-eume-backend
a17f942992d7a49f,2,2,src/modules/store-details/migrations/Migration20250821120338.ts,posx-demo-backend;posx-eume-backend
b794bb224f8c1cb1,2,2,src/modules/footfall/migrations/Migration20250821120149.ts,posx-demo-backend;posx-eume-backend
efba05e32caa13a6,2,2,src/modules/pincode/migrations/Migration20250821120237.ts,posx-demo-backend;posx-eume-backend
c0ff2399e51eafc8,2,2,src/modules/shopify-collection/migrations/Migration20250821120304.ts,posx-demo-backend;posx-eume-backend
1c0067168ce852a0,2,2,src/api/shopify/webhooks/product/create/route.ts,posx-demo-backend;posx-eume-backend
1b5132d53bc1d768,2,2,src/api/shopify/webhooks/collection/create/route.ts,posx-demo-backend;posx-eume-backend
8f88d8e6018274f9,2,2,src/api/admin/order-return-and-exchange/route.ts,posx-demo-backend;posx-eume-backend
8da667935d84f5b6,2,2,src/api/admin/store-coupon/route.ts,posx-demo-backend;posx-eume-backend
d0a1db5cccffea8e,2,2,src/api/admin/pos-inventory/route.ts,posx-demo-backend;posx-eume-backend
29509b2127b57a47,2,2,src/api/admin/featured-collections/route.ts,posx-demo-backend;posx-eume-backend
88a4b610140434ff,2,2,src/api/admin/order-detail/confirm/route.ts,posx-demo-backend;posx-eume-backend
0da72b8ba6f98f39,2,2,src/api/admin/store-coupon/export/route.ts,posx-demo-backend;posx-eume-backend
f6c7c56cf1400cfa,2,2,src/api/admin/store-coupon/[id]/route.ts,posx-demo-backend;posx-eume-backend
d7ab1f26d9571715,2,2,src/api/admin/shopify-customer/address/route.ts,posx-demo-backend;posx-eume-backend
5b3848d64e5873eb,2,2,src/api/admin/order-return-and-exchange/[id]/return/route.ts,posx-demo-backend;posx-frido-mobility-backend
0764776be22ccbaa,2,2,src/api/admin/gst/[gst]/route.ts,posx-demo-backend;posx-eume-backend
c9427e368f4842ec,2,2,src/api/admin/online-order/[id]/route.ts,posx-demo-backend;posx-eume-backend
08225378f6bda6eb,2,2,src/lib/helpers/calculate-online-coupon-discount.ts,posx-demo-backend;posx-eume-backend
400a2ff30231dbe3,2,2,src/lib/helpers/get-gst-info-by-hsn.ts,posx-demo-backend;posx-eume-backend
486ba03f94300b4e,2,2,src/lib/helpers/handle-employee-updation.ts,posx-demo-backend;posx-frido-mobility-backend
cf16f7c9f69e4c1b,2,2,src/lib/helpers/recalculate-store-coupon-discount.ts,posx-demo-backend;posx-eume-backend
8d1a8632a1ac4bca,2,2,src/workflows/system-config/steps/generate-code-step.ts,posx-demo-backend;posx-frido-mobility-backend
15cf07b897221231,2,2,src/workflows/employee/steps/create-employee-step.ts,posx-demo-backend;posx-frido-mobility-backend
5fdef22ed3c7c441,2,2,src/workflows/order-detail/steps/check-if-item-codes-is-sold.ts,posx-demo-backend;posx-eume-backend
f8265c0b0cb90676,2,2,src/workflows/order-detail/steps/update-gatepass-details-step.ts,posx-demo-backend;posx-eume-backend
fa6ca9a7c65f12e0,2,2,src/workflows/order-detail/steps/validate-order-products-step.ts,posx-demo-backend;posx-eume-backend
8f9c5d47f2ec0201,2,2,src/workflows/order-detail/steps/create-exchange-order-detail-step.ts,posx-demo-backend;posx-eume-backend
84481c61ee1fc3e6,2,2,src/workflows/payment-detail/steps/get-all-payment-by-orderid-step.ts,posx-demo-backend;posx-eume-backend
bc384bf034dace56,2,2,src/workflows/cart/steps/distribute-custom-discount-step.ts,posx-demo-backend;posx-eume-backend
63099c8600e868b7,2,2,src/workflows/cart/steps/distribute-store-coupon-discount-step.ts,posx-demo-backend;posx-eume-backend
8a22a470509d354b,2,2,src/workflows/cart/steps/distribute-online-coupon-discount-step.ts,posx-demo-backend;posx-eume-backend
a8cbc3a6352228ab,2,2,src/workflows/store-coupon/workflows/create-store-coupon.ts,posx-demo-backend;posx-eume-backend
7702b5e75ea84835,2,2,src/workflows/store-coupon/workflows/update-store-coupon.ts,posx-demo-backend;posx-eume-backend
2f3302b1d6b92a4e,2,2,src/workflows/store-coupon/steps/update-store-coupon-step.ts,posx-demo-backend;posx-eume-backend
cb149336fda1775b,2,2,src/workflows/store-coupon/steps/update-store-coupon-usage-count-step.ts,posx-demo-backend;posx-ugaoo-backend
28016a43a10e9aee,2,2,src/workflows/shopify-customer/steps/get-customer-address-step.ts,posx-demo-backend;posx-eume-backend
e04d6b10e6720693,2,2,src/workflows/shopify-customer/steps/add-customer-address-step.ts,posx-demo-backend;posx-eume-backend
fc17f0a1ad281d8b,2,2,src/workflows/order-return-and-exchange/workflows/confirm-return-order.ts,posx-demo-backend;posx-frido-mobility-backend
4fae486bdc863f6c,2,2,src/workflows/order-return-and-exchange/workflows/exchange-order-payment.ts,posx-demo-backend;posx-frido-mobility-backend
857124bd0902d7eb,2,2,src/workflows/order-return-and-exchange/steps/check-exchange-amount-value-step.ts,posx-demo-backend;posx-eume-backend
f1137892acba8683,2,2,src/workflows/order-return-and-exchange/steps/associate-exchanged-and-parent-order.ts,posx-demo-backend;posx-frido-mobility-backend
a5ee6840d1fb6374,2,2,src/workflows/online-order/workflows/create-online-order.ts,posx-demo-backend;posx-eume-backend
9b1f608565b5d633,2,2,src/workflows/online-order/workflows/update-online-order.ts,posx-demo-backend;posx-eume-backend
ac4bee9ba7885616,2,2,src/workflows/online-order/steps/create-online-order-address-step.ts,posx-demo-backend;posx-eume-backend
b32e40c372bd2fa0,2,2,src/workflows/shopify-collection/steps/update-shopify-collection.ts,posx-demo-backend;posx-eume-backend
e1d39944e92d209d,2,2,src/workflows/shopify-collection/steps/throw-error-if-collection-do-not-exists-step.ts,posx-demo-backend;posx-eume-backend
58acff6edfc07ffe,2,2,src/workflows/shopify-collection/steps/update-product-association-with-collection-step.ts,posx-demo-backend;posx-eume-backend
c25aee2498d46de4,2,2,src/workflows/shopify-collection/steps/create-shopify-collection.ts,posx-demo-backend;posx-eume-backend
aaa0e38e5fb9f59c,2,2,src/types/workflows/employee.ts,posx-demo-backend;posx-frido-mobility-backend
4606fdc930028645,2,2,src/types/validators/employee.ts,posx-demo-backend;posx-frido-mobility-backend
da383ffdf9555a1e,2,2,src/types/customer.ts,posx-demo-store;posx-frido-mobility-store
db460ef1d2c15460,2,2,src/types/auth.ts,posx-demo-store;posx-frido-mobility-store
fc5b467f16112528,2,2,src/libs/filter.ts,posx-demo-store;posx-eume-store
04b35d2cbdae5a39,2,2,src/libs/axios.ts,posx-demo-store;posx-eume-store
720fd9fb319a7518,2,2,src/libs/logger.ts,posx-demo-store;posx-eume-store
1bf7228f413baa55,2,2,src/components/file-input.tsx,posx-demo-store;posx-eume-store
266ad13c4e26d596,2,2,src/components/print-button-v2.tsx,posx-demo-store;posx-eume-store
ed9817b3660915ea,2,2,src/store/apis/order.request.ts,posx-demo-store;posx-frido-mobility-store
055c5627d6573d7c,2,2,src/store/apis/product.request.ts,posx-demo-store;posx-eume-store
3fd77de5c37c8199,2,2,src/store/apis/gst.request.ts,posx-demo-store;posx-eume-store
a8aead442fa7095e,2,2,src/store/middlewares/gst.middleware.ts,posx-demo-store;posx-ugaoo-store
a52d2f502b992710,2,2,src/store/middlewares/product.middleware.ts,posx-demo-store;posx-eume-store
70345400ccae3eed,2,2,src/store/actions/online-order.action.ts,posx-demo-store;posx-eume-store
c03a28e30522bae5,2,2,src/store/actions/gst.action.ts,posx-demo-store;posx-eume-store
98571d02a26507d9,2,2,src/store/reducers/auth.reducer.ts,posx-demo-store;posx-eume-store
3242a232604ab733,2,2,src/store/reducers/product.reducer.ts,posx-demo-store;posx-eume-store
12079c70a9ebfa62,2,2,src/store/reducers/exchange.reducer.ts,posx-demo-store;posx-eume-store
e59911b1648609b5,2,2,src/store/reducers/cms.reducer.ts,posx-demo-store;posx-eume-store
316b6589507ecf96,2,2,src/pages/footfalls/index.tsx,posx-demo-store;posx-eume-store
f0f33b02d386c278,2,2,src/pages/auth/reset-password.tsx,posx-demo-store;posx-eume-store
cd1d8035cb46cd33,2,2,src/pages/auth/forgot-password.tsx,posx-demo-store;posx-eume-store
9056ee9abcc86e7c,2,2,src/pages/stores/index.tsx,posx-demo-store;posx-eume-store
50b5d3edf82abadb,2,2,src/pages/returns/index.tsx,posx-demo-store;posx-eume-store
ce617162e12b88de,2,2,src/pages/customer/orders/index.tsx,posx-demo-store;posx-eume-store
3de47382cb499ab8,2,2,src/pages/customer/orders/past-orders/details.tsx,posx-demo-store;posx-eume-store
e28ccf2ecdfa432e,2,2,src/pages/orders/details/_layout.tsx,posx-demo-store;posx-eume-store
3aed6fd7ce2f54d9,2,2,src/pages/online-orders/details/_layout.tsx,posx-demo-store;posx-frido-mobility-store
bdee7023eb7e3759,2,2,src/components/shimmers/product-card-shimmer-component.tsx,posx-demo-store;posx-eume-store
f91581fd3ac5bc04,2,2,src/components/primitives/tooltip.tsx,posx-demo-store;posx-eume-store
0dcdd87aaa2a7fc5,2,2,src/components/primitives/chip.tsx,posx-demo-store;posx-eume-store
3f2d4fe415ffcbcd,2,2,src/components/primitives/dialog.tsx,posx-demo-store;posx-eume-store
54f57f789f7f25e1,2,2,src/components/primitives/button.tsx,posx-demo-store;posx-eume-store
bf29a838e3801764,2,2,src/components/primitives/stepper.tsx,posx-demo-store;posx-eume-store
4db5e3e3102f27db,2,2,src/components/layouts/app/user-nav.tsx,posx-demo-store;posx-eume-store
20f2ba7fa79bf7e2,2,2,src/components/layouts/auth/container.tsx,posx-demo-store;posx-eume-store
e3ae37c44883dadf,2,2,src/components/auth/reset-password-form/index.tsx,posx-demo-store;posx-eume-store
283a8526f26ce7f7,2,2,src/components/auth/forgot-password-form/index.tsx,posx-demo-store;posx-eume-store
1810b83e39ed0782,2,2,src/components/auth/sign-in-form/index.tsx,posx-demo-store;posx-eume-store
4c6709f165194ed9,2,2,src/components/app/home/employee-selector-v1.tsx,posx-demo-store;posx-frido-mobility-store
b0871be7274ea042,2,2,src/components/app/online-orders/address-details.tsx,posx-demo-store;posx-eume-store
c8a22d18e00f4f66,2,2,src/components/app/footfall/footfall-entry.tsx,posx-demo-store;posx-eume-store
c2635f087f6947aa,2,2,src/components/app/product/cart-price-summary.tsx,posx-demo-store;posx-eume-store
fd10c24d64c097c2,2,2,src/components/app/product/product-swatch.tsx,posx-demo-store;posx-eume-store
f4202135ae421eb2,2,2,src/components/app/product/breadcrumb.tsx,posx-demo-store;posx-eume-store
99a641eae1cc70b5,2,2,src/components/app/transactions/transations-table.tsx,posx-demo-store;posx-frido-mobility-store
c58ee5d510121a38,2,2,src/components/app/cms/cms-table.tsx,posx-demo-store;posx-eume-store
af271c55be1e590d,2,2,src/components/app/cms/add-cms/index.tsx,posx-demo-store;posx-eume-store
5155cf8f245eb219,2,2,src/components/app/online-orders/payments/razorpay-form/index.tsx,posx-demo-store;posx-eume-store
97a02b9988dc644a,2,2,src/components/app/online-orders/payments/snapmint-form/index.tsx,posx-demo-store;posx-eume-store
7b424e3867f9475e,2,2,src/components/app/online-orders/payments/razorpay-pos-form/index.tsx,posx-demo-store;posx-eume-store
c52f26d356d87939,2,2,src/components/app/payments/shared/cancel-transaction-request.tsx,posx-demo-store;posx-eume-store
8f849c2fd42152d1,2,2,src/components/app/home/shopping-bag-input/index.tsx,posx-demo-store;posx-eume-store
aef28e3ba4fa8f34,2,2,src/components/app/home/retail-coupon/schema.ts,posx-demo-store;posx-eume-store
d31e770bb6aa4b3f,2,2,src/components/app/home/online-coupon/schema.ts,posx-demo-store;posx-eume-store
705582c848b9d324,2,2,src/routes/inventory-movements/types.ts,posx-eume-admin;posx-ugaoo-admin
84290b4cccae4ab4,2,2,src/routes/inventory-movements/inventory-movements-list/inventory-movements-list.tsx,posx-eume-admin;posx-ugaoo-admin
5969e05dd6a8aec5,2,2,src/routes/inventory-movements/inventory-movements-list/index.ts,posx-eume-admin;posx-ugaoo-admin
75efcb98bf6f5943,2,2,src/routes/inventory-movements/inventory-movements-list/components/inventory-movements-list-table/index.ts,posx-eume-admin;posx-ugaoo-admin
7b4ee5899858fed9,2,2,src/routes/inventory-movements/inventory-movements-list/components/inventory-movements-list-table/inventory-movements-list-table.tsx,posx-eume-admin;posx-ugaoo-admin
a0b06e3ed6d3eb86,2,2,src/hooks/table/filters/use-inventory-movement-table-filters.tsx,posx-eume-admin;posx-ugaoo-admin
1f631f4955103133,2,2,src/hooks/table/columns/use-inventory-movement-table-columns.tsx,posx-eume-admin;posx-ugaoo-admin
0d683ae1b050e374,2,2,src/hooks/table/query/use-inventory-movement-table-query.tsx,posx-eume-admin;posx-ugaoo-admin
c7d73301870969dc,2,2,src/links/grn-store.ts,posx-eume-backend;posx-ugaoo-backend
143a5b8bb1d981ab,2,2,src/links/stn-employee-link.ts,posx-eume-backend;posx-ugaoo-backend
004186d3acf95901,2,2,src/links/grn-employee.ts,posx-eume-backend;posx-ugaoo-backend
1b0717ae6afcaae4,2,2,src/links/stn-store-link.ts,posx-eume-backend;posx-ugaoo-backend
025b8c5863499b2d,2,2,src/jobs/change-returnable-status-of-order.ts,posx-eume-backend;posx-ugaoo-backend
ed4a3b81dde84fad,2,2,src/jobs/daily-order-errors-report.ts,posx-eume-backend;posx-ugaoo-backend
0dfac4fe51fe0928,2,2,src/modules/credit-note/service.ts,posx-eume-backend;posx-ugaoo-backend
9bd6f47bb3a95091,2,2,src/modules/discount-approval/types.ts,posx-eume-backend;posx-mokobara-backend
bca6f0c26f6e89c2,2,2,src/modules/discount-approval/index.ts,posx-eume-backend;posx-mokobara-backend
700085563c3d0286,2,2,src/modules/pinelabs/index.ts,posx-eume-backend;posx-ugaoo-backend
8b9a3ad561f86541,2,2,src/modules/pos-inventory/models/inventory-movement.ts,posx-eume-backend;posx-ugaoo-backend
38fb4db79b583c60,2,2,src/modules/pos-inventory/models/grn.ts,posx-eume-backend;posx-ugaoo-backend
a13796a5dcbd66da,2,2,src/modules/pos-inventory/models/stn.ts,posx-eume-backend;posx-ugaoo-backend
a2e920b06913b2f4,2,2,src/modules/credit-note/migrations/.snapshot-credit-note.json,posx-eume-backend;posx-mokobara-clearance-backend
81e5608bed141833,2,2,src/modules/credit-note/models/credit-note.ts,posx-eume-backend;posx-ugaoo-backend
696cf9c656e0bd82,2,2,src/modules/notification/slack/index.ts,posx-eume-backend;posx-ugaoo-backend
295abbd3579d6f9e,2,2,src/api/health-check/route.ts,posx-eume-backend;posx-ugaoo-backend
6c232650db926c34,2,2,src/api/admin/monthly-store-list/route.ts,posx-eume-backend;posx-ugaoo-backend
c31ae5b5cbb554c5,2,2,src/api/admin/inventory-movement/route.ts,posx-eume-backend;posx-ugaoo-backend
b3609c0843934102,2,2,src/api/admin/credit-note/route.ts,posx-eume-backend;posx-ugaoo-backend
a727c6bc71c82a44,2,2,src/api/admin/grn/route.ts,posx-eume-backend;posx-ugaoo-backend
5c2c35d0bd397df5,2,2,src/api/admin/store/[storeId]/parent-warehouse/route.ts,posx-eume-backend;posx-ugaoo-backend
e8eb1057e8d47544,2,2,src/api/admin/grn/[id]/route.ts,posx-eume-backend;posx-ugaoo-backend
bfb01c8df541a889,2,2,src/api/admin/grn/[id]/complete/route.ts,posx-eume-backend;posx-ugaoo-backend
c4861a13cc70fb43,2,2,src/api/admin/grn/[id]/item/[itemId]/route.ts,posx-eume-backend;posx-ugaoo-backend
3c4421b00afd080a,2,2,src/api/admin/credit-note/history/route.ts,posx-eume-backend;posx-ugaoo-backend
380c7adcc950268e,2,2,src/workflows/stn/workflows/cancel-stn-workflow.ts,posx-eume-backend;posx-ugaoo-backend
b782a840150814ab,2,2,src/workflows/stn/workflows/reject-stn-workflow.ts,posx-eume-backend;posx-ugaoo-backend
ddfd798dde842373,2,2,src/workflows/order-detail/workflows/generate-and-send-file.ts,posx-eume-backend;posx-ugaoo-backend
41bf7ea3b3ae5ae8,2,2,src/workflows/order-detail/steps/cancel-order-detail-step.ts,posx-eume-backend;posx-mokobara-clearance-backend
4de033f797e19a9f,2,2,src/workflows/grn/workflows/complete-grn-workflow.ts,posx-eume-backend;posx-ugaoo-backend
3dd5e6540388cf24,2,2,src/workflows/grn/workflows/create-grn-workflow.ts,posx-eume-backend;posx-ugaoo-backend
d6af1ac4e47c4008,2,2,src/workflows/payment-detail/steps/calculate-proportional-refund-step.ts,posx-eume-backend;posx-ugaoo-backend
cee85461db5c7787,2,2,src/workflows/payment-detail/steps/resend-payment-details-step.ts,posx-eume-backend;posx-frido-mobility-backend
14439e037d84367a,2,2,src/workflows/shopify-product/steps/throw-error-if-product-do-not-exists-step.ts,posx-eume-backend;posx-ugaoo-backend
9440f01e9ad5e2aa,2,2,src/workflows/shopify-product/steps/update-product-variant-steps.ts,posx-eume-backend;posx-ugaoo-backend
6e6e524ea88a4ebc,2,2,src/workflows/shopify-product/steps/update-medusa-product-step.ts,posx-eume-backend;posx-ugaoo-backend
cef8d5fd848932b6,2,2,src/workflows/shopify-product/steps/create-shopify-product-step.ts,posx-eume-backend;posx-ugaoo-backend
cb3f6114edee482d,2,2,src/workflows/shopify-product/steps/create-medusa-product-step.ts,posx-eume-backend;posx-ugaoo-backend
1b7a8397b7bc6a35,2,2,src/workflows/shopify-product/steps/create-medusa-product-variant-step.ts,posx-eume-backend;posx-ugaoo-backend
3d459b46671201e8,2,2,src/workflows/cart/workflows/change-quantity.ts,posx-eume-backend;posx-ugaoo-backend
446dc536d95fae3b,2,2,src/workflows/cart/workflows/apply-store-coupon.ts,posx-eume-backend;posx-ugaoo-backend
7d51779d4c1b7e83,2,2,src/workflows/cart/workflows/verify-pin.ts,posx-eume-backend;posx-ugaoo-backend
988e5cdc80470b63,2,2,src/workflows/cart/workflows/apply-online-coupon.ts,posx-eume-backend;posx-ugaoo-backend
04d13b4b7459d952,2,2,src/workflows/exports/steps/send-export-email-step.ts,posx-eume-backend;posx-mokobara-backend
7e2d413c9d473748,2,2,src/workflows/store-details/steps/check-store-existance-step.ts,posx-eume-backend;posx-ugaoo-backend
bf3d5358e115e761,2,2,src/workflows/online-cart/steps/add-to-online-cart-step.ts,posx-eume-backend;posx-ugaoo-backend
33b595490b27380c,2,2,src/workflows/order-return-and-exchange/workflows/exchange-order-payment.ts,posx-eume-backend;posx-ugaoo-backend
028f03b75e1cde33,2,2,src/workflows/order-return-and-exchange/steps/unicommerce-reverse-flow-step.ts,posx-eume-backend;posx-ugaoo-backend
2bbc34bcf406209f,2,2,src/types/validators/pos-inventory.ts,posx-eume-backend;posx-ugaoo-backend
d1aeda85a72c5545,2,2,.github/workflows/deploy-uat.yml,posx-eume-backend;posx-frido-mobility-backend
546fd8667cffde90,2,2,src/types/customer.ts,posx-eume-store;posx-ugaoo-store
87dad454be30e95f,2,2,src/types/auth.ts,posx-eume-store;posx-ugaoo-store
e89f3c90eb9d8950,2,2,src/hooks/useCountdown.ts,posx-eume-store;posx-mokobara-store
ba0c6435a0c4d6e1,2,2,src/store/apis/retail-coupon.request.ts,posx-eume-store;posx-ugaoo-store
9cc61290f02aa727,2,2,src/store/apis/transaction.request.ts,posx-eume-store;posx-ugaoo-store
ff07904c7e7d4ae0,2,2,src/store/apis/return.request.ts,posx-eume-store;posx-ugaoo-store
c0c691fd412c54ea,2,2,src/store/apis/grn.request.ts,posx-eume-store;posx-ugaoo-store
54cf311ae8a5cfc7,2,2,src/store/middlewares/grn.middleware.ts,posx-eume-store;posx-ugaoo-store
0cf8c8972cb05ed4,2,2,src/store/middlewares/store.middleware.ts,posx-eume-store;posx-ugaoo-store
5cd5d8f0c7cd28ec,2,2,src/store/middlewares/retail-coupon.middleware.ts,posx-eume-store;posx-ugaoo-store
508b84c8fe111025,2,2,src/components/app/home/employee-selector-v1.tsx,posx-eume-store;posx-frido-store
0e49c5f8bdbfa0ae,2,2,src/components/app/inventory/sku-request/schema.ts,posx-eume-store;posx-ugaoo-store
df8af939c39293a5,2,4,src/components/app/online-orders/payments/qr-payment-form/schema.ts;src/components/app/order/steps/payment-details/qr-payment-form/schema.ts,posx-eume-store;posx-frido-mobility-store
545240fc8e3930aa,2,3,src/components/app/online-orders/payments/district-by-zomato-form/schema.ts;src/components/app/order/steps/payment-details/district-by-zomato-form/schema.ts,posx-eume-store;posx-ugaoo-store
61ea08334dbc3219,2,3,src/components/app/online-orders/payments/pinelabs-offline-form/schema.ts;src/components/app/order/steps/payment-details/pinelabs-offline-form/schema.ts,posx-eume-store;posx-ugaoo-store
607d79bee2168c5f,2,2,src/routes/quotations/types.ts,posx-frido-admin;posx-frido-mobility-admin
4bd79b0184120d6d,2,2,src/routes/login/login.tsx,posx-frido-admin;posx-frido-mobility-admin
cab06c9166eb0d8e,2,2,src/routes/analytics/index.ts,posx-frido-admin;posx-frido-b2b-admin
df0f9c0ed3926bdc,2,2,src/routes/analytics/analytics-list/analytics-list.tsx,posx-frido-admin;posx-frido-b2b-admin
8bc00b572d004dc3,2,2,src/routes/analytics/analytics-list/index.ts,posx-frido-admin;posx-frido-b2b-admin
99d7a8b385a0867d,2,2,src/routes/analytics/analytics-list/components/index.ts,posx-frido-admin;posx-frido-b2b-admin
90f2b21c48d3a075,2,2,src/routes/quotations/quotation-detail/loader.ts,posx-frido-admin;posx-frido-mobility-admin
aebf7263ef610737,2,2,src/routes/quotations/quotation-detail/quotation-detail.tsx,posx-frido-admin;posx-frido-mobility-admin
1014f7c1b18768b7,2,2,src/routes/quotations/quotation-detail/breadcrumb.tsx,posx-frido-admin;posx-frido-mobility-admin
10af37a3751ca3de,2,2,src/routes/quotations/quotation-detail/index.ts,posx-frido-admin;posx-frido-mobility-admin
c058695e60d7d597,2,2,src/routes/quotations/quotation-list/quotation-list.tsx,posx-frido-admin;posx-frido-mobility-admin
0a27731eb2c242c9,2,2,src/routes/quotations/quotation-list/index.ts,posx-frido-admin;posx-frido-mobility-admin
a4c27e1f19411834,2,2,src/routes/quotations/quotation-list/components/use-quotation-table-query.tsx,posx-frido-admin;posx-frido-mobility-admin
0dcec6f146aead32,2,2,src/routes/quotations/quotation-list/components/quotation-list-table/quotation-list-table.tsx,posx-frido-admin;posx-frido-mobility-admin
b69bd98e2665bdf2,2,2,src/routes/quotations/quotation-list/components/quotation-list-table/index.ts,posx-frido-admin;posx-frido-mobility-admin
be6b38987519779a,2,2,src/routes/quotations/quotation-detail/sections/items-section.tsx,posx-frido-admin;posx-frido-mobility-admin
5f9692ec94462f64,2,2,src/routes/quotations/quotation-detail/sections/store-section.tsx,posx-frido-admin;posx-frido-mobility-admin
ec2ccbe7e1cddc57,2,2,src/routes/quotations/quotation-detail/sections/customer-info-section.tsx,posx-frido-admin;posx-frido-mobility-admin
cb14591f4e6ec2f4,2,2,src/routes/quotations/quotation-detail/sections/basic-info-section.tsx,posx-frido-admin;posx-frido-mobility-admin
57f24c2d795d2613,2,2,src/routes/quotations/quotation-detail/sections/address-section.tsx,posx-frido-admin;posx-frido-mobility-admin
df1f4ea9fc0dc0a9,2,2,src/routes/cms/cms-create/constants.ts,posx-frido-admin;posx-mokobara-admin
2b26c2e470c6fad6,2,2,src/routes/cms/cms-create/index.ts,posx-frido-admin;posx-mokobara-admin
fb16dabf1cf5aa03,2,2,src/routes/cms/cms-create/cms-create.tsx,posx-frido-admin;posx-mokobara-admin
696cf7b7730eb782,2,2,src/routes/freebies/freebies-list/freebies-list.tsx,posx-frido-admin;posx-frido-mobility-admin
664df0ab6c635aa6,2,2,src/routes/freebies/freebies-list/index.ts,posx-frido-admin;posx-frido-mobility-admin
f7d9fe60f1e6ef8f,2,2,src/routes/freebies/freebies-edit/freebies-edit.tsx,posx-frido-admin;posx-frido-mobility-admin
1dabeb28ed6ecc8e,2,2,src/routes/freebies/freebies-edit/index.ts,posx-frido-admin;posx-frido-mobility-admin
d06e4333dd1054c1,2,2,src/routes/freebies/common/constants.ts,posx-frido-admin;posx-frido-mobility-admin
da539c68bf6d5ed3,2,2,src/routes/freebies/freebies-detail/index.ts,posx-frido-admin;posx-frido-mobility-admin
1c6275fce8ed17da,2,2,src/routes/freebies/freebies-create/freebies-create.tsx,posx-frido-admin;posx-frido-mobility-admin
c33d911119cbae60,2,2,src/routes/freebies/freebies-create/index.ts,posx-frido-admin;posx-frido-mobility-admin
07b0f9ea820fb48a,2,2,src/routes/freebies/freebies-create/components/create-freebies-form/create-freebies-form.tsx,posx-frido-admin;posx-frido-mobility-admin
b8a981189a5e389a,2,2,src/routes/freebies/freebies-create/components/create-freebies-form/index.ts,posx-frido-admin;posx-frido-mobility-admin
6a6908a4683ad0c8,2,2,src/routes/freebies/common/components/create-freebies-form-fields/index.ts,posx-frido-admin;posx-frido-mobility-admin
f8d7ae5d1bf355d7,2,2,src/routes/freebies/freebies-edit/components/edit-freebies-form/index.ts,posx-frido-admin;posx-frido-mobility-admin
8d435859dbc82e89,2,2,src/routes/freebies/freebies-list/components/freebies-list-table.tsx,posx-frido-admin;posx-frido-mobility-admin
b0263bf97b39e3ec,2,2,src/routes/freebies/freebies-list/components/index.ts,posx-frido-admin;posx-frido-mobility-admin
33d7166433751bec,2,2,src/hooks/api/freebies.ts,posx-frido-admin;posx-frido-mobility-admin
20d45e3695230d37,2,2,src/hooks/api/cms.tsx,posx-frido-admin;posx-mokobara-admin
a782855e187466b2,2,2,src/hooks/api/index.ts,posx-frido-admin;posx-frido-mobility-admin
ec6bdddb8a41d6cf,2,2,src/hooks/api/quotations.tsx,posx-frido-admin;posx-frido-mobility-admin
202a7deeaa60bd06,2,2,src/components/custom-search/custom-search.tsx,posx-frido-admin;posx-frido-mobility-admin
75a455d51c6032e2,2,2,src/components/authentication/protected-route/protected-route.tsx,posx-frido-admin;posx-frido-mobility-admin
67ea69682e6bde07,2,2,src/components/common/file-input/file-input.tsx,posx-frido-admin;posx-frido-b2b-admin
358117266d0ab6c5,2,2,src/routes/store-details/store-details-create/components/basic-info-create-form/basic-info-create-form.tsx,posx-frido-b2b-admin;posx-frido-mobility-admin
264a24f176570473,2,2,src/routes/store-details/store-detail/components/payment-integration-section.tsx,posx-frido-b2b-admin;posx-frido-mobility-admin
38ab3199e3d490d8,2,2,package.json,posx-frido-b2b-backend;posx-frido-mobility-backend
0301c8e5ced7edc7,2,2,src/lib/csv-validation.ts,posx-frido-b2b-backend;posx-ugaoo-backend
97ca12f0bf74e6fe,2,2,src/subscribers/return-order-confirmed.ts,posx-frido-b2b-backend;posx-frido-mobility-backend
42163651ce1de752,2,2,src/subscribers/exchange-order-post-effects.ts,posx-frido-b2b-backend;posx-frido-mobility-backend
41f5bfd7cd973c46,2,2,src/subscribers/order-gcp-sync.ts,posx-frido-b2b-backend;posx-frido-backend
967940c8e5d022f1,2,2,src/jobs/change-returnable-status-of-order.ts,posx-frido-b2b-backend;posx-frido-mobility-backend
deb4297324de637c,2,2,src/modules/snapmint/service.ts,posx-frido-b2b-backend;posx-frido-mobility-backend
1d2377dc27ac8386,2,2,src/modules/analytics/migrations/.snapshot-analytics.json;src/modules/analytics/migrations/.snapshot-posx_frido_b2b_dev.json,posx-frido-b2b-backend;posx-mokobara-backend
ee78c084ebd774eb,2,10,src/modules/direct-razorpay/migrations/.snapshot-posx_frido_b2b_dev.json;src/modules/pdf-client/migrations/.snapshot-posx_frido_b2b_dev.json;src/modules/pinelabs/migrations/.snapshot-pinelabs.json;src/modules/razorpay-pos/migrations/.snapshot-posx_frido_b2b_dev.json;src/modules/razorpay-pos/migratio,posx-frido-b2b-backend;posx-mokobara-backend
0ca2b1122c9c0792,2,2,src/modules/cms/migrations/.snapshot-cms.json;src/modules/cms/migrations/.snapshot-posx_frido_b2b_dev.json,posx-frido-b2b-backend;posx-mokobara-backend
e14a0ac581626f53,2,2,src/api/admin/shopify-customer/route.ts,posx-frido-b2b-backend;posx-frido-backend
2e322a2fe94101cc,2,2,src/api/admin/order-return-and-exchange/[id]/exchange/route.ts,posx-frido-b2b-backend;posx-frido-mobility-backend
7ae88692777a4886,2,2,src/api/datachannel/order-payment/route.ts,posx-frido-b2b-backend;posx-frido-mobility-backend
1c7ebecefcea806a,2,2,src/api/datachannel/order-product/route.ts,posx-frido-b2b-backend;posx-frido-backend
ebfff66e1e9390de,2,2,src/lib/helpers/transform-shopify-options.ts,posx-frido-b2b-backend;posx-frido-backend
2e6f107bebdcc50a,2,2,src/lib/helpers/calculate-custom-discount.ts,posx-frido-b2b-backend;posx-frido-mobility-backend
d6583763c8bd5276,2,2,src/lib/helpers/get-product-metafields.ts,posx-frido-b2b-backend;posx-frido-backend
6c31324d5e89b005,2,2,src/workflows/order-detail/steps/generate-and-send-file-step.ts,posx-frido-b2b-backend;posx-frido-mobility-backend
8e0e7b861271a5e0,2,2,src/workflows/order-detail/steps/create-exchange-order-detail-step.ts,posx-frido-b2b-backend;posx-frido-mobility-backend
7333bfd4be2f922e,2,2,src/workflows/shopify-product/steps/throw-error-if-product-do-not-exists-step.ts,posx-frido-b2b-backend;posx-frido-mobility-backend
bd4db60127927035,2,2,src/workflows/shopify-product/steps/validate-product-for-pos-system-step.ts,posx-frido-b2b-backend;posx-frido-backend
5dd7230c84afcd8a,2,2,src/workflows/shopify-product/steps/create-medusa-product-step.ts,posx-frido-b2b-backend;posx-frido-mobility-backend
3637241a07e1060d,2,2,src/workflows/unicommerce/steps/get-product-from-item-code-step.ts,posx-frido-b2b-backend;posx-frido-mobility-backend
fba8b6a73ed11844,2,2,src/workflows/online-order/workflows/confirm-online-order.ts,posx-frido-b2b-backend;posx-frido-backend
7e68edf1ba66b213,2,2,src/workflows/shopify-collection/steps/update-shopify-collection.ts,posx-frido-b2b-backend;posx-frido-mobility-backend
d62f6a0599fb2946,2,2,src/workflows/shopify-collection/steps/update-product-association-with-collection-step.ts,posx-frido-b2b-backend;posx-frido-mobility-backend
992da7a8a3c2b706,2,2,src/workflows/shopify-collection/steps/create-shopify-collection.ts,posx-frido-b2b-backend;posx-frido-mobility-backend
616fccb099f0aeb9,2,2,src/types/workflows/store-details.ts,posx-frido-b2b-backend;posx-frido-backend
2c957b9d4aa203cd,2,2,src/types/validators/order-enums.ts,posx-frido-b2b-backend;posx-frido-backend
69f56d3daa279df2,2,2,src/types/customer.ts,posx-frido-b2b-store;posx-frido-store
ed66fc53768c3001,2,2,src/types/analytics.ts,posx-frido-b2b-store;posx-frido-store
d8684e9866da2590,2,2,src/types/cms.ts,posx-frido-b2b-store;posx-frido-store
8a86b2305a806c70,2,2,src/libs/helpers.ts,posx-frido-b2b-store;posx-frido-mobility-store
2c1fb2af853c6779,2,2,src/libs/print.ts,posx-frido-b2b-store;posx-frido-store
e239f14ec02ac5fd,2,2,src/libs/calculate-product-discount.ts,posx-frido-b2b-store;posx-frido-mobility-store
a0fe1822ec5fe095,2,2,src/libs/env.ts,posx-frido-b2b-store;posx-frido-store
38a8cb0f6f9c3c3b,2,2,src/store/apis/product.request.ts,posx-frido-b2b-store;posx-frido-mobility-store
a5ddffd4b6485dde,2,2,src/store/apis/analytics.request.ts,posx-frido-b2b-store;posx-frido-store
d97758f06c1e31d7,2,2,src/store/apis/pincode.request.ts,posx-frido-b2b-store;posx-frido-store
ef7ec06d19b8a0e5,2,2,src/store/apis/cart.request.ts,posx-frido-b2b-store;posx-frido-mobility-store
f5edef511889365d,2,2,src/store/apis/customer.request.ts,posx-frido-b2b-store;posx-frido-store
45930f950cc19f86,2,2,src/store/apis/exchange.request.ts,posx-frido-b2b-store;posx-frido-mobility-store
6bef1eb925a24beb,2,2,src/store/middlewares/pincode.middleware.ts,posx-frido-b2b-store;posx-frido-store
dcfe4293d9be1ee3,2,2,src/store/middlewares/customer.middleware.ts,posx-frido-b2b-store;posx-frido-store
2bb1f6507c3404a9,2,2,src/store/middlewares/exchange.middleware.ts,posx-frido-b2b-store;posx-frido-mobility-store
16ba01812753f783,2,2,src/store/middlewares/analytics.middleware.ts,posx-frido-b2b-store;posx-frido-store
c6cfcce0ca6d0132,2,2,src/store/actions/analytics.action.ts,posx-frido-b2b-store;posx-frido-store
4967d2e702e0a4d4,2,2,src/store/actions/exchange.actions.ts,posx-frido-b2b-store;posx-frido-mobility-store
245647b47d520c1d,2,2,src/store/reducers/analytics.reducer.ts,posx-frido-b2b-store;posx-frido-store
9ff5e48b6385a777,2,2,src/store/reducers/cart.reducer.ts,posx-frido-b2b-store;posx-frido-mobility-store
e2565defda511263,2,2,src/store/reducers/cms.reducer.ts,posx-frido-b2b-store;posx-frido-mobility-store
acb6f052fb5c6a2b,2,2,src/pages/exchanges/details.tsx,posx-frido-b2b-store;posx-frido-mobility-store
753c58a6c02befb0,2,2,src/pages/cms/index.tsx,posx-frido-b2b-store;posx-frido-mobility-store
e8427060c9c08218,2,2,src/pages/return-and-exchange/index.tsx,posx-frido-b2b-store;posx-frido-mobility-store
69f8e521b7f45577,2,2,src/pages/returns/index.tsx,posx-frido-b2b-store;posx-frido-mobility-store
9b524a5a4d5e2790,2,2,src/pages/returns/details.tsx,posx-frido-b2b-store;posx-frido-mobility-store
f79afcc3a2b383ec,2,2,src/pages/employees/index.tsx,posx-frido-b2b-store;posx-frido-store
ab8f7301cc59ec0d,2,2,src/pages/customer/orders/details.tsx,posx-frido-b2b-store;posx-frido-mobility-store
7674efd369092f46,2,2,src/pages/orders/details/payment-details.tsx,posx-frido-b2b-store;posx-frido-mobility-store
35fd4f98f3983775,2,2,src/pages/online-orders/details/confirm-order.tsx,posx-frido-b2b-store;posx-frido-mobility-store
f4ab1e5fa9ae4d80,2,2,src/components/exchange/OrderProductCard.tsx,posx-frido-b2b-store;posx-frido-mobility-store
4f14228545d9e2db,2,2,src/components/primitives/date-range-picker.tsx,posx-frido-b2b-store;posx-frido-store
062aebc9979150ef,2,2,src/components/primitives/tooltip.tsx,posx-frido-b2b-store;posx-frido-mobility-store
52eb06730a22e4ba,2,2,src/components/confetti/index.tsx,posx-frido-b2b-store;posx-frido-mobility-store
5113e69dcfcb74a2,2,2,src/components/app/order/order-card.tsx,posx-frido-b2b-store;posx-frido-mobility-store
4fb549698bbecd6b,2,2,src/components/app/order/frido-connect-modal.tsx,posx-frido-b2b-store;posx-frido-mobility-store
98862282abaa8610,2,2,src/components/app/home/cart-card.tsx,posx-frido-b2b-store;posx-frido-mobility-store
a41b118bb71344de,2,2,src/components/app/product/online-card.tsx,posx-frido-b2b-store;posx-frido-mobility-store
1e4f9e2b6a8fdd8b,2,2,src/components/app/product/adjust-price-modal-cart.tsx,posx-frido-b2b-store;posx-frido-mobility-store
2733ae70af75bfe3,2,2,src/components/app/product/freebie-modal.tsx,posx-frido-b2b-store;posx-frido-mobility-store
3b08b205cc0c3311,2,2,src/components/app/product/adjust-price-modal.tsx,posx-frido-b2b-store;posx-frido-mobility-store
a7fa3319053001cd,2,2,src/components/app/coupons/coupons-listing.tsx,posx-frido-b2b-store;posx-frido-mobility-store
fa31f1e83eefc5dd,2,2,src/components/app/analytics/analytics-search.tsx,posx-frido-b2b-store;posx-frido-store
28bc5049189d29ee,2,2,src/components/app/cms/add-cms/index.tsx,posx-frido-b2b-store;posx-frido-store
52557981aaea8ff0,2,2,src/components/app/product/online-promotional-coupon/index.tsx,posx-frido-b2b-store;posx-frido-mobility-store
e94c166108530466,2,2,src/components/app/product/online-campaign-coupon/index.tsx,posx-frido-b2b-store;posx-frido-mobility-store
c5a9933c4b902388,2,2,src/components/app/home/barcode-scanner/index.tsx,posx-frido-b2b-store;posx-frido-mobility-store
2755430e4472721d,2,2,src/components/app/home/custom-discount/index.tsx,posx-frido-b2b-store;posx-frido-mobility-store
7207a24d8f2b6d9d,2,2,src/components/app/home/campaign-coupon/index.tsx,posx-frido-b2b-store;posx-frido-mobility-store
9ddc3fcd004a1058,2,2,src/components/app/home/promotional-coupon/index.tsx,posx-frido-b2b-store;posx-frido-mobility-store
3147fcfa36ccc0a6,2,2,src/components/app/order/steps/customer-details/schema.ts,posx-frido-b2b-store;posx-frido-mobility-store
394a953582d193a2,2,2,src/modules/direct-razorpay/service.ts,posx-frido-backend;posx-frido-mobility-backend
64e101c8a814510f,2,3,src/modules/payment-details/migrations/.snapshot-frido.json;src/modules/payment-details/migrations/.snapshot-multitenant.json,posx-frido-backend;posx-frido-mobility-backend
b1914e6aaf0c8077,2,2,src/modules/payment-details/migrations/Migration20250812103420.ts,posx-frido-backend;posx-frido-mobility-backend
05fce8c2cf7cda4d,2,2,src/modules/payment-details/migrations/Migration20251008062239.ts,posx-frido-backend;posx-frido-mobility-backend
cf904579e13db1e7,2,2,src/modules/payment-details/migrations/Migration20251010115429.ts,posx-frido-backend;posx-frido-mobility-backend
375f0d784429b88b,2,2,src/modules/payment-details/migrations/Migration20251008062151.ts,posx-frido-backend;posx-frido-mobility-backend
3347c1b00af3e702,2,2,src/modules/campaign-coupon/migrations/Migration20250801114531.ts,posx-frido-backend;posx-frido-mobility-backend
15f23f7f4e43acca,2,2,src/modules/order-detail/migrations/Migration20251002080748.ts,posx-frido-backend;posx-frido-mobility-backend
4133c1150c11aa8a,2,2,src/modules/order-detail/migrations/Migration20250811122017.ts,posx-frido-backend;posx-frido-mobility-backend
3dec88ba984efa63,2,2,src/modules/order-detail/migrations/Migration20251011125319.ts,posx-frido-backend;posx-frido-mobility-backend
3ec583c75d234d13,2,2,src/modules/order-detail/migrations/Migration20251009183615.ts,posx-frido-backend;posx-frido-mobility-backend
5bcc49c5b83a97bf,2,2,src/modules/shopify-product/migrations/Migration20250716092701.ts,posx-frido-backend;posx-frido-mobility-backend
11e4736aba61d9af,2,2,src/modules/shopify-product/migrations/Migration20250808095439.ts,posx-frido-backend;posx-frido-mobility-backend
2cc1705670592092,2,2,src/modules/online-coupon/migrations/Migration20250812115502.ts,posx-frido-backend;posx-frido-mobility-backend
4cfa9038c8e83ee8,2,2,src/modules/store-details/migrations/Migration20251010194032.ts,posx-frido-backend;posx-frido-mobility-backend
a0da2e05865c1e87,2,2,src/modules/store-details/migrations/Migration20250120120000.ts,posx-frido-backend;posx-frido-mobility-backend
b71208479d938c09,2,2,src/modules/store-details/migrations/Migration20250929054843.ts,posx-frido-backend;posx-frido-mobility-backend
a72574d358f06ebd,2,2,src/modules/store-details/migrations/Migration20250818091939.ts,posx-frido-backend;posx-frido-mobility-backend
2060a599eb3fc7f9,2,2,src/modules/freebie/migrations/Migration20251004070958.ts,posx-frido-backend;posx-frido-mobility-backend
8e92fa0fc85a7f8d,2,2,src/modules/freebie/migrations/Migration20251002071445.ts,posx-frido-backend;posx-frido-mobility-backend
bb2d96510932f383,2,2,src/modules/quotation/migrations/Migration20250805061634.ts,posx-frido-backend;posx-frido-mobility-backend
bf779cb0f2736864,2,2,src/modules/quotation/migrations/Migration20250811113458.ts,posx-frido-backend;posx-frido-mobility-backend
8674cdb2a0705674,2,2,src/modules/quotation/migrations/Migration20250807093427.ts,posx-frido-backend;posx-frido-mobility-backend
f99b2d9f1e566563,2,2,src/modules/quotation/migrations/Migration20251009182914.ts,posx-frido-backend;posx-frido-mobility-backend
c1c19567a3a80542,2,2,src/modules/quotation/migrations/Migration20250808040908.ts,posx-frido-backend;posx-frido-mobility-backend
8015bff1cf601a97,2,2,src/modules/quotation/migrations/Migration20250811061446.ts,posx-frido-backend;posx-frido-mobility-backend
9f23583acbfcefbb,2,2,src/modules/quotation/migrations/Migration20250807212821.ts,posx-frido-backend;posx-frido-mobility-backend
ee6b05fcabf2f871,2,2,src/modules/quotation/migrations/Migration20250805125304.ts,posx-frido-backend;posx-frido-mobility-backend
3f62f6a867e4895f,2,2,src/api/shopify/webhooks/middlewares.ts,posx-frido-backend;posx-frido-mobility-backend
1aebc92dc6b6ed35,2,2,src/api/shopify/webhooks/product/create/route.ts,posx-frido-backend;posx-frido-mobility-backend
8e7ba28f24db62c6,2,2,src/api/admin/freebie/route.ts,posx-frido-backend;posx-frido-mobility-backend
85980a04774b947f,2,2,src/api/admin/campaign-coupon/route.ts,posx-frido-backend;posx-frido-mobility-backend
e4050a2a776aeaf9,2,2,src/api/admin/campaign-coupon/export/route.ts,posx-frido-backend;posx-frido-mobility-backend
48960ec244cef0d3,2,2,src/api/admin/campaign-coupon/[id]/route.ts,posx-frido-backend;posx-frido-mobility-backend
358cfa4de81ccf92,2,2,src/api/admin/pos-inventory/job/route.ts,posx-frido-backend;posx-frido-mobility-backend
09a6be6a629db7f7,2,2,src/api/admin/freebie/check-applicable/route.ts,posx-frido-backend;posx-frido-mobility-backend
3e257e3d5ce43ab7,2,2,src/api/admin/quotation/[id]/route.ts,posx-frido-backend;posx-frido-mobility-backend
31447b14b19946a9,2,2,src/api/admin/quotation/[id]/address/route.ts,posx-frido-backend;posx-frido-mobility-backend
7bfd20b27f6e2cfa,2,2,src/api/admin/quotation/[id]/convert/route.ts,posx-frido-backend;posx-frido-mobility-backend
813930f671734d54,2,2,src/api/datachannel/cms/route.ts,posx-frido-backend;posx-frido-mobility-backend
0293a3ff2aafe78d,2,2,src/lib/helpers/calculate-promotional-discount-helper.ts,posx-frido-backend;posx-frido-mobility-backend
f3aff7461961002d,2,2,src/lib/helpers/calculate-promotional-discount.ts,posx-frido-backend;posx-frido-mobility-backend
bda8cfd389a0f1e0,2,2,src/workflows/campaign-coupon/steps/calculate-coupon-discount-step.ts,posx-frido-backend;posx-frido-mobility-backend
efc7145c70aeb1bc,2,2,src/workflows/helper/workflows/remove-discount.ts,posx-frido-backend;posx-frido-mobility-backend
2b8bdb47f344798a,2,2,src/workflows/helper/steps/remove-discount-step.ts,posx-frido-backend;posx-frido-mobility-backend
86bf7b8d80f1eda7,2,2,src/workflows/pos-inventory/steps/update-shopping-bag-count-step.ts,posx-frido-backend;posx-frido-mobility-backend
bc39a4a51e330c9c,2,2,src/workflows/order-detail/steps/update-order-detail-step.ts,posx-frido-backend;posx-frido-mobility-backend
a2315530321c3cdc,2,2,src/workflows/cart/workflows/apply-promotional-coupon.ts,posx-frido-backend;posx-frido-mobility-backend
eabc078d16ecd9d0,2,2,src/workflows/cart/workflows/apply-custom-coupon.ts,posx-frido-backend;posx-frido-mobility-backend
f8faff556c30119e,2,2,src/workflows/cart/workflows/add-to-cart.ts,posx-frido-backend;posx-frido-mobility-backend
8ca2d88a93d0daed,2,2,src/workflows/cart/workflows/validate-and-add-freebies.ts,posx-frido-backend;posx-frido-mobility-backend
46a89dedc3000736,2,2,src/workflows/cart/workflows/remove-from-cart.ts,posx-frido-backend;posx-frido-mobility-backend
7c7eedc47257ef6d,2,2,src/workflows/cart/workflows/apply-campaign-coupon.ts,posx-frido-backend;posx-frido-mobility-backend
05bcbc0920a7706f,2,2,src/workflows/cart/workflows/change-cart-variant-quantity.ts,posx-frido-backend;posx-frido-mobility-backend
996b16d6367bc1b2,2,2,src/workflows/cart/workflows/add-freebies.ts,posx-frido-backend;posx-frido-mobility-backend
cd4c048507452f3c,2,2,src/workflows/cart/steps/apply-custom-coupon-step.ts,posx-frido-backend;posx-frido-mobility-backend
34458edd21cbd4c8,2,2,src/workflows/cart/steps/get-medusa-product-variant-step.ts,posx-frido-backend;posx-frido-mobility-backend
36f1bac49845af88,2,2,src/workflows/cart/steps/remove-promotional-coupon-step.ts,posx-frido-backend;posx-frido-mobility-backend
7242e5b831ed46fc,2,2,src/workflows/cart/steps/remove-freebie-from-cart-step.ts,posx-frido-backend;posx-frido-mobility-backend
a218caaf01ce6cae,2,2,src/workflows/cart/steps/change-cart-variant-quantity-step.ts,posx-frido-backend;posx-frido-mobility-backend
03ec5d0ca45dd76f,2,2,src/workflows/cart/steps/remove-item-from-shopify-cart-step.ts,posx-frido-backend;posx-frido-mobility-backend
92b765c57f6e188b,2,2,src/workflows/cart/steps/remove-campaign-coupon-step.ts,posx-frido-backend;posx-frido-mobility-backend
676f80f36396fddd,2,2,src/workflows/cart/steps/get-sku-from-unicommerce-step.ts,posx-frido-backend;posx-frido-mobility-backend
2c2d9fec8de13c63,2,2,src/workflows/cart/steps/apply-promotional-coupon-step.ts,posx-frido-backend;posx-frido-mobility-backend
835349549b75534d,2,2,src/workflows/online-cart/workflows/change-business-type.ts,posx-frido-backend;posx-frido-mobility-backend
5332e5217015c4a5,2,2,src/workflows/online-cart/steps/change-business-step.ts,posx-frido-backend;posx-frido-mobility-backend
3017d9afafad86e9,2,2,src/workflows/online-cart/steps/adjust-cart-item-price-step.ts,posx-frido-backend;posx-frido-mobility-backend
bd32f9a7a6fe4bae,2,2,src/workflows/online-cart/steps/add-to-online-cart-step.ts,posx-frido-backend;posx-frido-mobility-backend
0361abc8e0076047,2,2,src/workflows/online-cart/steps/change-business-type.ts,posx-frido-backend;posx-frido-mobility-backend
41c494db4445f01f,2,2,src/workflows/order-return-and-exchange/steps/adjust-returned-order-as-per-order-product-step.ts,posx-frido-backend;posx-frido-mobility-backend
bede4bfa841d1d4a,2,2,src/workflows/order-return-and-exchange/steps/check-exchange-amount-value-step.ts,posx-frido-backend;posx-frido-mobility-backend
a12ab80ef9322888,2,2,src/workflows/freebie/workflows/update-freebie.ts,posx-frido-backend;posx-frido-mobility-backend
8293c2696aae1bf8,2,2,src/workflows/freebie/workflows/create-freebie.ts,posx-frido-backend;posx-frido-mobility-backend
62a95dd621c331b8,2,2,src/workflows/freebie/steps/create-freebie-step.ts,posx-frido-backend;posx-frido-mobility-backend
e3dad7aab987f3f2,2,2,src/workflows/freebie/steps/update-freebie-step.ts,posx-frido-backend;posx-frido-mobility-backend
f28828bbb54ea5c9,2,2,src/workflows/online-order/workflows/create-online-order.ts,posx-frido-backend;posx-frido-mobility-backend
21c8174111930a33,2,2,src/workflows/online-order/steps/validate-order-product.ts,posx-frido-backend;posx-frido-mobility-backend
ca18152b14cff7cc,2,2,src/workflows/online-order/steps/update-online-order-details-step.ts,posx-frido-backend;posx-frido-mobility-backend
d84dd08756e061b4,2,2,src/workflows/quotation/workflows/create-quotation.ts,posx-frido-backend;posx-frido-mobility-backend
da49eb182cc162dd,2,2,src/workflows/quotation/workflows/create-quotation-address.ts,posx-frido-backend;posx-frido-mobility-backend
4d120a7789ee8d24,2,2,src/workflows/quotation/workflows/update-quotation.ts,posx-frido-backend;posx-frido-mobility-backend
91914060bed0fb9e,2,2,src/workflows/quotation/steps/create-quotation-address-step.ts,posx-frido-backend;posx-frido-mobility-backend
0610d3f976e24cb0,2,2,src/workflows/quotation/steps/update-quotation-step.ts,posx-frido-backend;posx-frido-mobility-backend
6b67dae9c25f2a0c,2,2,src/workflows/quotation/steps/create-order-from-quotation-step.ts,posx-frido-backend;posx-frido-mobility-backend
3262470e513d4072,2,2,src/workflows/quotation/steps/update-quotation-status-step.ts,posx-frido-backend;posx-frido-mobility-backend
f01b961b805d48dd,2,2,src/types/validators/cms.ts,posx-frido-backend;posx-mokobara-clearance-backend
473e6def86fc0363,2,2,.yarnrc.yaml;.yarnrc.yml,posx-frido-mobility-backend;posx-ugaoo-admin
e1c3a03b6faf809e,2,2,src/store/apis/quotation.request.ts,posx-frido-mobility-store;posx-frido-store
afd9fb94e1f42db6,2,2,src/store/middlewares/product.middleware.ts,posx-frido-mobility-store;posx-frido-store
7ee7b9cd72830d15,2,2,src/store/middlewares/online-cart.middleware.ts,posx-frido-mobility-store;posx-frido-store
3a4b896c07c3abf4,2,2,src/store/middlewares/init.middleware.ts,posx-frido-mobility-store;posx-frido-store
37c9c1b7fb8806fc,2,2,src/store/actions/quotation.action.ts,posx-frido-mobility-store;posx-frido-store
e6511d0f84eccfe2,2,2,src/store/reducers/online-order.reducer.ts,posx-frido-mobility-store;posx-frido-store
fc4041f006f01359,2,2,src/store/reducers/quotation.reducer.ts,posx-frido-mobility-store;posx-frido-store
1f10b9f954f2a0be,2,2,src/pages/inventory/index.tsx,posx-frido-mobility-store;posx-frido-store
9e7ef540113f4fd4,2,2,src/pages/quotations/index.tsx,posx-frido-mobility-store;posx-frido-store
ebb7d7a37f4c9b94,2,2,src/pages/customer/quotations/index.tsx,posx-frido-mobility-store;posx-frido-store
a0d930b55c74d793,2,2,src/components/hamburger-menu/overlay.tsx,posx-frido-mobility-store;posx-frido-store
7ee28ff3630cefb0,2,2,src/components/primitives/alert-dialog.tsx,posx-frido-mobility-store;posx-frido-store
9d323a3e04c14a74,2,2,src/components/primitives/dialog.tsx,posx-frido-mobility-store;posx-frido-store
5ed29acdb071aec0,2,2,src/components/primitives/stepper.tsx,posx-frido-mobility-store;posx-frido-store
0bf0c7e10d9b27a0,2,2,src/components/layouts/app/store-selector.tsx,posx-frido-mobility-store;posx-frido-store
57524449d42dc18b,2,2,src/components/layouts/auth/container.tsx,posx-frido-mobility-store;posx-frido-store
7e263e26cac2c08b,2,2,src/components/app/order/order-summary.tsx,posx-frido-mobility-store;posx-frido-store
5cd731d8bfc425ad,2,2,src/components/app/stores/stores-table.tsx,posx-frido-mobility-store;posx-frido-store
8f07041ecac996a2,2,2,src/components/app/inventory/inventory-table.tsx,posx-frido-mobility-store;posx-frido-store
7e97e449d05356c3,2,2,src/components/app/inventory/inventory-filters.tsx,posx-frido-mobility-store;posx-frido-store
8b2cedc0b58b020b,2,2,src/components/app/quotations/quotations-table.tsx,posx-frido-mobility-store;posx-frido-store
64743a089a50b8ff,2,2,src/components/app/quotations/quotations-sort.tsx,posx-frido-mobility-store;posx-frido-store
4f164cdc485f7f9e,2,2,src/components/app/quotations/quotations-filter.tsx,posx-frido-mobility-store;posx-frido-store
da9eaa2eca1c270b,2,2,src/components/app/online-orders/payments/razorpay-form/index.tsx,posx-frido-mobility-store;posx-frido-store
346c7b9229ddc7d7,2,2,src/components/app/online-orders/payments/cash-form/index.tsx,posx-frido-mobility-store;posx-frido-store
74a01b4ec8a9868b,2,2,src/components/app/online-orders/payments/snapmint-form/index.tsx,posx-frido-mobility-store;posx-frido-store
567c19175884c80c,2,2,src/components/app/online-orders/payments/razorpay-pos-form/index.tsx,posx-frido-mobility-store;posx-frido-store
e621c18a8352ac35,2,2,src/components/app/order/steps/payment-details/cash-form/index.tsx,posx-frido-mobility-store;posx-frido-store
292c72b74fd46d53,2,2,src/hooks/api/invites.tsx,posx-mokobara-admin;posx-ugaoo-admin
f996967772e5783a,2,2,tsconfig.json,posx-mokobara-backend;posx-mokobara-clearance-backend
5345aea2617e530d,2,2,integration-tests/setup.js,posx-mokobara-backend;posx-mokobara-clearance-backend
db877082b1eac936,2,2,src/types/offer.ts,posx-mokobara-backend;posx-mokobara-clearance-backend
dd072b78e8ec077c,2,2,src/links/inventory-event-log-store-details-link.ts,posx-mokobara-backend;posx-mokobara-clearance-backend
243cef442a8c9fac,2,2,src/links/employee-store.ts,posx-mokobara-backend;posx-mokobara-clearance-backend
5e49bc1745cf4658,2,2,src/links/inventory-tracking-store-details-link.ts,posx-mokobara-backend;posx-mokobara-clearance-backend
7e6041bb2f56ff49,2,2,src/links/store-sku-inventory-store-details-link.ts,posx-mokobara-backend;posx-mokobara-clearance-backend
5a107a88e8a70797,2,2,src/links/inventory-event-log-employee-link.ts,posx-mokobara-backend;posx-mokobara-clearance-backend
2868eec254441077,2,2,src/scripts/create-shopping-bag-products.ts,posx-mokobara-backend;posx-mokobara-clearance-backend
52a6ceace0c417cc,2,2,src/lib/shopify-sdk.ts,posx-mokobara-backend;posx-mokobara-clearance-backend
44def458be0ea30b,2,2,src/lib/sdk.ts,posx-mokobara-backend;posx-mokobara-clearance-backend
b4cfdc5a3d97d374,2,2,src/modules/store-inventory/index.ts,posx-mokobara-backend;posx-mokobara-clearance-backend
361d1f728004b223,2,2,src/modules/custom-cart/index.ts,posx-mokobara-backend;posx-mokobara-clearance-backend
6f8ddecba83e67e7,2,2,src/modules/global-config/service.ts,posx-mokobara-backend;posx-mokobara-clearance-backend
894896a3d0089bc3,2,2,src/modules/sales-report/index.ts,posx-mokobara-backend;posx-mokobara-clearance-backend
004b2d97e3e85e53,2,2,src/modules/pinelabs/index.ts,posx-mokobara-backend;posx-mokobara-clearance-backend
b50b6c3fecc05fe9,2,2,src/modules/inventory-event-log/index.ts,posx-mokobara-backend;posx-mokobara-clearance-backend
28ba519f861c6594,2,2,src/modules/inventory-event-log/service.ts,posx-mokobara-backend;posx-mokobara-clearance-backend
2b608b6ac485d613,2,2,src/modules/sales-report/migrations/.snapshot-sales-report.json,posx-mokobara-backend;posx-mokobara-clearance-backend
10b8b0332e7b9171,2,2,src/modules/shopify-product/models/shopify-variant.ts,posx-mokobara-backend;posx-mokobara-clearance-backend
61c95275ee77a3ce,2,2,src/modules/footfall/migrations/.snapshot-footfall.json,posx-mokobara-backend;posx-mokobara-clearance-backend
b3e0135d51c9ce5f,2,2,src/modules/footfall/models/footfall.ts,posx-mokobara-backend;posx-mokobara-clearance-backend
87c59086514f97d7,2,2,src/modules/notification/slack/index.ts,posx-mokobara-backend;posx-mokobara-clearance-backend
27b27741e94c3761,2,2,src/api/admin/invite-management/validators.ts,posx-mokobara-backend;posx-mokobara-clearance-backend
7f6abaeb874b91b6,2,2,src/api/admin/invite-management/accept/middlewares.ts,posx-mokobara-backend;posx-mokobara-clearance-backend
cd3ddd9f4efcd204,2,2,src/lib/shopify/webhook-validator.ts,posx-mokobara-backend;posx-mokobara-clearance-backend
dab570e1798314b6,2,2,src/lib/helpers/get-product-metafields.ts,posx-mokobara-backend;posx-mokobara-clearance-backend
6c6bf7d2623eeaff,2,2,src/lib/helpers/shopify-errors.ts,posx-mokobara-backend;posx-mokobara-clearance-backend
5a92ba8d06503b8a,2,2,src/workflows/pos-inventory/steps/get-gst-rates.ts,posx-mokobara-backend;posx-mokobara-clearance-backend
fc61d49e43e86155,2,2,src/workflows/sales-report/workflows/import-sales-targets.ts,posx-mokobara-backend;posx-mokobara-clearance-backend
ccbf3fb04f20e60e,2,2,src/workflows/sales-report/workflows/delete-sales-target.ts,posx-mokobara-backend;posx-mokobara-clearance-backend
2ed195ecc83e37d2,2,2,src/workflows/sales-report/workflows/get-category-sales.ts,posx-mokobara-backend;posx-mokobara-clearance-backend
9941379d3ce09d2c,2,2,src/workflows/sales-report/workflows/get-sales-report.ts,posx-mokobara-backend;posx-mokobara-clearance-backend
b9a3fb96a3e802e4,2,2,src/workflows/sales-report/steps/parse-sales-target-csv-step.ts,posx-mokobara-backend;posx-mokobara-clearance-backend
ada0af45fb64b85c,2,2,src/workflows/order-detail/workflows/calculate-cash-change-workflow.ts,posx-mokobara-backend;posx-mokobara-clearance-backend
172152758d01ff63,2,2,src/workflows/payment-detail/steps/get-all-payment-by-orderid-step.ts,posx-mokobara-backend;posx-mokobara-clearance-backend
b9d6201e0e383787,2,2,src/workflows/shopify-product/steps/validate-product-for-pos-system-step.ts,posx-mokobara-backend;posx-mokobara-clearance-backend
74c7cdf07273cbd5,2,2,src/workflows/shopify-product/steps/update-medusa-product-step.ts,posx-mokobara-backend;posx-mokobara-clearance-backend
e28593ba0641918b,2,2,src/workflows/shopify-product/steps/create-medusa-product-step.ts,posx-mokobara-backend;posx-mokobara-clearance-backend
6b83d7910a66c55c,2,2,src/workflows/shopify-product/steps/create-medusa-product-variant-step.ts,posx-mokobara-backend;posx-mokobara-clearance-backend
960034c10474cc13,2,2,src/workflows/inventory/steps/lookup-employee-name-step.ts,posx-mokobara-backend;posx-mokobara-clearance-backend
5bbd5fe9c73d4da8,2,2,src/workflows/inventory/steps/lookup-store-sku-inventory-step.ts,posx-mokobara-backend;posx-mokobara-clearance-backend
fd22d48cf1306eaa,2,2,src/workflows/inventory/steps/lookup-inventory-snapshot-step.ts,posx-mokobara-backend;posx-mokobara-clearance-backend
6861a8f0b325052e,2,2,src/workflows/exports/workflows/export-credit-note-workflow.ts,posx-mokobara-backend;posx-mokobara-clearance-backend
9ce89470e94787eb,2,2,src/workflows/exports/workflows/export-inventory-csv-workflow.ts,posx-mokobara-backend;posx-mokobara-clearance-backend
321fa163a0cb15aa,2,2,src/workflows/exports/workflows/export-payment-report-workflow.ts,posx-mokobara-backend;posx-mokobara-clearance-backend
118e1050f9b613d3,2,2,src/workflows/exports/workflows/export-stock-adjustment-workflow.ts,posx-mokobara-backend;posx-mokobara-clearance-backend
76de8d62e6c23a7b,2,2,src/workflows/exports/workflows/export-inventory-snapshot-workflow.ts,posx-mokobara-backend;posx-mokobara-clearance-backend
8481ec01c9ad9509,2,2,src/workflows/exports/workflows/export-inventory-logs-workflow.ts,posx-mokobara-backend;posx-mokobara-clearance-backend
68c858b314de64a1,2,2,src/workflows/exports/steps/generate-stock-adjustment-csv-step.ts,posx-mokobara-backend;posx-mokobara-clearance-backend
32505b6a838edd92,2,2,src/workflows/exports/steps/generate-inventory-logs-csv-step.ts,posx-mokobara-backend;posx-mokobara-clearance-backend
d9e0f55f5a582d0d,2,2,src/workflows/product/workflows/get-product-metafields.ts,posx-mokobara-backend;posx-mokobara-clearance-backend
a3c771abb2e2b2d6,2,2,src/workflows/shopify-customer/workflows/delete-customer-address-workflow.ts,posx-mokobara-backend;posx-mokobara-clearance-backend
52d5197f95e74d30,2,2,src/workflows/shopify-customer/steps/delete-customer-address-step.ts,posx-mokobara-backend;posx-mokobara-clearance-backend
1e77f8be6102178b,2,2,src/workflows/user/workflow/send-activation-link.ts,posx-mokobara-backend;posx-mokobara-clearance-backend
4480ab05ca1a4897,2,2,src/workflows/shopify-collection/workflows/update-shopify-collection.ts,posx-mokobara-backend;posx-mokobara-clearance-backend
cb3729346555e06a,2,2,src/workflows/shopify-collection/workflows/create-shopify-collection.ts,posx-mokobara-backend;posx-mokobara-clearance-backend
b91d2cc3525ea115,2,2,src/workflows/shopify-collection/steps/throw-error-if-collection-do-not-exists-step.ts,posx-mokobara-backend;posx-mokobara-clearance-backend
9aeb8d59b4d483ca,2,2,src/admin/i18n/index.ts,posx-mokobara-backend;posx-mokobara-clearance-backend
fcd05f3ccbf34818,2,2,src/types/workflows/inventory-receipt.ts,posx-mokobara-backend;posx-mokobara-clearance-backend
3a472e05c40153ed,2,2,src/types/workflows/inventory-request.ts,posx-mokobara-backend;posx-mokobara-clearance-backend
148f5f18ceb0e261,2,2,src/types/validators/product.ts,posx-mokobara-backend;posx-mokobara-clearance-backend
5f69ae4d60f146b7,2,2,src/types/validators/inventory-internal-stock-transfer.ts,posx-mokobara-backend;posx-mokobara-clearance-backend
d088ad0865217bc9,2,2,src/types/validators/inventory-event-log.ts,posx-mokobara-backend;posx-mokobara-clearance-backend
7cb862d512a85b7f,2,2,src/types/validators/inventory-snapshot.ts,posx-mokobara-backend;posx-mokobara-clearance-backend
74bb64b1928ed9e8,2,2,src/api/admin/employee/[id]/resend-invite/route.ts,posx-mokobara-clearance-backend;posx-ugaoo-backend
590cd15df6c35b33,2,2,src/workflows/invite-management/steps/validate-token.ts,posx-mokobara-clearance-backend;posx-ugaoo-backend
30e9fdf6380df4fc,2,2,src/components/app/order/steps/payment-details/use-sync-payment-amount.ts,posx-mokobara-store;posx-ugaoo-store
